solid OpenSCAD_Model
  facet normal 0 -0.321433 0.946932
    outer loop
      vertex 44.2 47.4536 5.55985
      vertex 46.2 47.1935 5.47156
      vertex 46.2 47.4536 5.55985
    endloop
  endfacet
  facet normal 0 -0.321433 0.946932
    outer loop
      vertex 46.2 47.1935 5.47156
      vertex 44.2 47.4536 5.55985
      vertex 44.2 47.1935 5.47156
    endloop
  endfacet
  facet normal 0 0.0654196 -0.997858
    outer loop
      vertex 44.2 46.3759 9.58203
      vertex 46.2 46.65 9.6
      vertex 46.2 46.3759 9.58203
    endloop
  endfacet
  facet normal 0 0.0654196 -0.997858
    outer loop
      vertex 46.2 46.65 9.6
      vertex 44.2 46.3759 9.58203
      vertex 44.2 46.65 9.6
    endloop
  endfacet
  facet normal 0 -0.0653833 0.99786
    outer loop
      vertex 44.2 46.9241 5.41796
      vertex 46.2 46.65 5.4
      vertex 46.2 46.9241 5.41796
    endloop
  endfacet
  facet normal 0 -0.0653833 0.99786
    outer loop
      vertex 46.2 46.65 5.4
      vertex 44.2 46.9241 5.41796
      vertex 44.2 46.65 5.4
    endloop
  endfacet
  facet normal -0 0.195136 0.980776
    outer loop
      vertex 44.2 46.3759 5.41796
      vertex 46.2 46.1065 5.47156
      vertex 46.2 46.3759 5.41796
    endloop
  endfacet
  facet normal 0 0.195136 0.980776
    outer loop
      vertex 46.2 46.1065 5.47156
      vertex 44.2 46.3759 5.41796
      vertex 44.2 46.1065 5.47156
    endloop
  endfacet
  facet normal 0 -0.831322 0.555792
    outer loop
      vertex 44.2 48.316 6.2216
      vertex 46.2 48.4687 6.45
      vertex 44.2 48.4687 6.45
    endloop
  endfacet
  facet normal 0 -0.831322 0.555792
    outer loop
      vertex 46.2 48.4687 6.45
      vertex 44.2 48.316 6.2216
      vertex 46.2 48.316 6.2216
    endloop
  endfacet
  facet normal 0 -0.897005 0.442021
    outer loop
      vertex 44.2 48.4687 6.45
      vertex 46.2 48.5901 6.69636
      vertex 44.2 48.5901 6.69636
    endloop
  endfacet
  facet normal 0 -0.897005 0.442021
    outer loop
      vertex 46.2 48.5901 6.69636
      vertex 44.2 48.4687 6.45
      vertex 46.2 48.4687 6.45
    endloop
  endfacet
  facet normal 0 0.946929 0.321443
    outer loop
      vertex 46.2 44.7099 6.69636
      vertex 44.2 44.6216 6.95648
      vertex 46.2 44.6216 6.95648
    endloop
  endfacet
  facet normal 0 0.946929 0.321443
    outer loop
      vertex 44.2 44.6216 6.95648
      vertex 46.2 44.7099 6.69636
      vertex 44.2 44.7099 6.69636
    endloop
  endfacet
  facet normal 0 0.897012 -0.442007
    outer loop
      vertex 46.2 44.7099 8.30363
      vertex 44.2 44.8313 8.55
      vertex 46.2 44.8313 8.55
    endloop
  endfacet
  facet normal 0 0.897012 -0.442007
    outer loop
      vertex 44.2 44.8313 8.55
      vertex 46.2 44.7099 8.30363
      vertex 44.2 44.7099 8.30363
    endloop
  endfacet
  facet normal 0 -0.442256 0.896889
    outer loop
      vertex 44.2 47.7 5.68135
      vertex 46.2 47.4536 5.55985
      vertex 46.2 47.7 5.68135
    endloop
  endfacet
  facet normal 0 -0.442256 0.896889
    outer loop
      vertex 46.2 47.4536 5.55985
      vertex 44.2 47.7 5.68135
      vertex 44.2 47.4536 5.55985
    endloop
  endfacet
  facet normal 0 -0.751864 -0.659319
    outer loop
      vertex 44.2 48.316 8.7784
      vertex 46.2 48.1349 8.98492
      vertex 44.2 48.1349 8.98492
    endloop
  endfacet
  facet normal 0 -0.751864 -0.659319
    outer loop
      vertex 46.2 48.1349 8.98492
      vertex 44.2 48.316 8.7784
      vertex 46.2 48.316 8.7784
    endloop
  endfacet
  facet normal 0 -0.980778 0.195129
    outer loop
      vertex 44.2 48.6784 6.95648
      vertex 46.2 48.732 7.22589
      vertex 44.2 48.732 7.22589
    endloop
  endfacet
  facet normal 0 -0.980778 0.195129
    outer loop
      vertex 46.2 48.732 7.22589
      vertex 44.2 48.6784 6.95648
      vertex 46.2 48.6784 6.95648
    endloop
  endfacet
  facet normal -0 0.555565 0.831473
    outer loop
      vertex 44.2 45.6 5.68135
      vertex 46.2 45.3716 5.83396
      vertex 46.2 45.6 5.68135
    endloop
  endfacet
  facet normal 0 0.555565 0.831473
    outer loop
      vertex 46.2 45.3716 5.83396
      vertex 44.2 45.6 5.68135
      vertex 44.2 45.3716 5.83396
    endloop
  endfacet
  facet normal -0 0.321433 0.946932
    outer loop
      vertex 44.2 46.1065 5.47156
      vertex 46.2 45.8464 5.55985
      vertex 46.2 46.1065 5.47156
    endloop
  endfacet
  facet normal 0 0.321433 0.946932
    outer loop
      vertex 46.2 45.8464 5.55985
      vertex 44.2 46.1065 5.47156
      vertex 44.2 45.8464 5.55985
    endloop
  endfacet
  facet normal 0 0.555565 -0.831473
    outer loop
      vertex 44.2 45.3716 9.16604
      vertex 46.2 45.6 9.31865
      vertex 46.2 45.3716 9.16604
    endloop
  endfacet
  facet normal 0 0.555565 -0.831473
    outer loop
      vertex 46.2 45.6 9.31865
      vertex 44.2 45.3716 9.16604
      vertex 44.2 45.6 9.31865
    endloop
  endfacet
  facet normal 0 -0.751864 0.659319
    outer loop
      vertex 44.2 48.1349 6.01508
      vertex 46.2 48.316 6.2216
      vertex 44.2 48.316 6.2216
    endloop
  endfacet
  facet normal 0 -0.751864 0.659319
    outer loop
      vertex 46.2 48.316 6.2216
      vertex 44.2 48.1349 6.01508
      vertex 46.2 48.1349 6.01508
    endloop
  endfacet
  facet normal 0 0.831322 -0.555792
    outer loop
      vertex 46.2 44.8313 8.55
      vertex 44.2 44.984 8.7784
      vertex 46.2 44.984 8.7784
    endloop
  endfacet
  facet normal 0 0.831322 -0.555792
    outer loop
      vertex 44.2 44.984 8.7784
      vertex 46.2 44.8313 8.55
      vertex 44.2 44.8313 8.55
    endloop
  endfacet
  facet normal 0 -0.555565 0.831473
    outer loop
      vertex 44.2 47.9284 5.83396
      vertex 46.2 47.7 5.68135
      vertex 46.2 47.9284 5.83396
    endloop
  endfacet
  facet normal 0 -0.555565 0.831473
    outer loop
      vertex 46.2 47.7 5.68135
      vertex 44.2 47.9284 5.83396
      vertex 44.2 47.7 5.68135
    endloop
  endfacet
  facet normal 0 0.831322 0.555792
    outer loop
      vertex 46.2 44.984 6.2216
      vertex 44.2 44.8313 6.45
      vertex 46.2 44.8313 6.45
    endloop
  endfacet
  facet normal 0 0.831322 0.555792
    outer loop
      vertex 44.2 44.8313 6.45
      vertex 46.2 44.984 6.2216
      vertex 44.2 44.984 6.2216
    endloop
  endfacet
  facet normal 0 -0.946929 0.321443
    outer loop
      vertex 44.2 48.5901 6.69636
      vertex 46.2 48.6784 6.95648
      vertex 44.2 48.6784 6.95648
    endloop
  endfacet
  facet normal 0 -0.946929 0.321443
    outer loop
      vertex 46.2 48.6784 6.95648
      vertex 44.2 48.5901 6.69636
      vertex 46.2 48.5901 6.69636
    endloop
  endfacet
  facet normal 0 0.195101 -0.980783
    outer loop
      vertex 44.2 46.1065 9.52844
      vertex 46.2 46.3759 9.58203
      vertex 46.2 46.1065 9.52844
    endloop
  endfacet
  facet normal 0 0.195101 -0.980783
    outer loop
      vertex 46.2 46.3759 9.58203
      vertex 44.2 46.1065 9.52844
      vertex 44.2 46.3759 9.58203
    endloop
  endfacet
  facet normal -0 0.0653833 0.99786
    outer loop
      vertex 44.2 46.65 5.4
      vertex 46.2 46.3759 5.41796
      vertex 46.2 46.65 5.4
    endloop
  endfacet
  facet normal 0 0.0653833 0.99786
    outer loop
      vertex 46.2 46.3759 5.41796
      vertex 44.2 46.65 5.4
      vertex 44.2 46.3759 5.41796
    endloop
  endfacet
  facet normal 0 0.997851 0.0655259
    outer loop
      vertex 46.2 44.568 7.22589
      vertex 44.2 44.55 7.5
      vertex 46.2 44.55 7.5
    endloop
  endfacet
  facet normal 0 0.997851 0.0655259
    outer loop
      vertex 44.2 44.55 7.5
      vertex 46.2 44.568 7.22589
      vertex 44.2 44.568 7.22589
    endloop
  endfacet
  facet normal 0 0.321433 -0.946932
    outer loop
      vertex 44.2 45.8464 9.44015
      vertex 46.2 46.1065 9.52844
      vertex 46.2 45.8464 9.44015
    endloop
  endfacet
  facet normal 0 0.321433 -0.946932
    outer loop
      vertex 46.2 46.1065 9.52844
      vertex 44.2 45.8464 9.44015
      vertex 44.2 46.1065 9.52844
    endloop
  endfacet
  facet normal 0 -0.831322 -0.555792
    outer loop
      vertex 44.2 48.4687 8.55
      vertex 46.2 48.316 8.7784
      vertex 44.2 48.316 8.7784
    endloop
  endfacet
  facet normal 0 -0.831322 -0.555792
    outer loop
      vertex 46.2 48.316 8.7784
      vertex 44.2 48.4687 8.55
      vertex 46.2 48.4687 8.55
    endloop
  endfacet
  facet normal 0 -0.195136 0.980776
    outer loop
      vertex 44.2 47.1935 5.47156
      vertex 46.2 46.9241 5.41796
      vertex 46.2 47.1935 5.47156
    endloop
  endfacet
  facet normal 0 -0.195136 0.980776
    outer loop
      vertex 46.2 46.9241 5.41796
      vertex 44.2 47.1935 5.47156
      vertex 44.2 46.9241 5.41796
    endloop
  endfacet
  facet normal 0 -0.997851 -0.0655283
    outer loop
      vertex 44.2 48.75 7.5
      vertex 46.2 48.732 7.7741
      vertex 44.2 48.732 7.7741
    endloop
  endfacet
  facet normal 0 -0.997851 -0.0655283
    outer loop
      vertex 46.2 48.732 7.7741
      vertex 44.2 48.75 7.5
      vertex 46.2 48.75 7.5
    endloop
  endfacet
  facet normal 0 -0.946925 -0.321454
    outer loop
      vertex 44.2 48.6784 8.04352
      vertex 46.2 48.5901 8.30363
      vertex 44.2 48.5901 8.30363
    endloop
  endfacet
  facet normal 0 -0.946925 -0.321454
    outer loop
      vertex 46.2 48.5901 8.30363
      vertex 44.2 48.6784 8.04352
      vertex 46.2 48.6784 8.04352
    endloop
  endfacet
  facet normal 0 -0.659396 0.751796
    outer loop
      vertex 44.2 48.1349 6.01508
      vertex 46.2 47.9284 5.83396
      vertex 46.2 48.1349 6.01508
    endloop
  endfacet
  facet normal 0 -0.659396 0.751796
    outer loop
      vertex 46.2 47.9284 5.83396
      vertex 44.2 48.1349 6.01508
      vertex 44.2 47.9284 5.83396
    endloop
  endfacet
  facet normal 0 0.980778 0.195129
    outer loop
      vertex 46.2 44.6216 6.95648
      vertex 44.2 44.568 7.22589
      vertex 46.2 44.568 7.22589
    endloop
  endfacet
  facet normal 0 0.980778 0.195129
    outer loop
      vertex 44.2 44.568 7.22589
      vertex 46.2 44.6216 6.95648
      vertex 44.2 44.6216 6.95648
    endloop
  endfacet
  facet normal 0 0.442256 -0.896889
    outer loop
      vertex 44.2 45.6 9.31865
      vertex 46.2 45.8464 9.44015
      vertex 46.2 45.6 9.31865
    endloop
  endfacet
  facet normal 0 0.442256 -0.896889
    outer loop
      vertex 46.2 45.8464 9.44015
      vertex 44.2 45.6 9.31865
      vertex 44.2 45.8464 9.44015
    endloop
  endfacet
  facet normal 0 -0.0654196 -0.997858
    outer loop
      vertex 44.2 46.65 9.6
      vertex 46.2 46.9241 9.58203
      vertex 46.2 46.65 9.6
    endloop
  endfacet
  facet normal -0 -0.0654196 -0.997858
    outer loop
      vertex 46.2 46.9241 9.58203
      vertex 44.2 46.65 9.6
      vertex 44.2 46.9241 9.58203
    endloop
  endfacet
  facet normal 0 0.997851 -0.0655283
    outer loop
      vertex 46.2 44.55 7.5
      vertex 44.2 44.568 7.7741
      vertex 46.2 44.568 7.7741
    endloop
  endfacet
  facet normal 0 0.997851 -0.0655283
    outer loop
      vertex 44.2 44.568 7.7741
      vertex 46.2 44.55 7.5
      vertex 44.2 44.55 7.5
    endloop
  endfacet
  facet normal -0 0.442256 0.896889
    outer loop
      vertex 44.2 45.8464 5.55985
      vertex 46.2 45.6 5.68135
      vertex 46.2 45.8464 5.55985
    endloop
  endfacet
  facet normal 0 0.442256 0.896889
    outer loop
      vertex 46.2 45.6 5.68135
      vertex 44.2 45.8464 5.55985
      vertex 44.2 45.6 5.68135
    endloop
  endfacet
  facet normal 0 -0.897012 -0.442007
    outer loop
      vertex 44.2 48.5901 8.30363
      vertex 46.2 48.4687 8.55
      vertex 44.2 48.4687 8.55
    endloop
  endfacet
  facet normal 0 -0.897012 -0.442007
    outer loop
      vertex 46.2 48.4687 8.55
      vertex 44.2 48.5901 8.30363
      vertex 46.2 48.5901 8.30363
    endloop
  endfacet
  facet normal 0 -0.659396 -0.751796
    outer loop
      vertex 44.2 47.9284 9.16604
      vertex 46.2 48.1349 8.98492
      vertex 46.2 47.9284 9.16604
    endloop
  endfacet
  facet normal -0 -0.659396 -0.751796
    outer loop
      vertex 46.2 48.1349 8.98492
      vertex 44.2 47.9284 9.16604
      vertex 44.2 48.1349 8.98492
    endloop
  endfacet
  facet normal 0 0.751864 -0.659319
    outer loop
      vertex 46.2 44.984 8.7784
      vertex 44.2 45.1651 8.98492
      vertex 46.2 45.1651 8.98492
    endloop
  endfacet
  facet normal 0 0.751864 -0.659319
    outer loop
      vertex 44.2 45.1651 8.98492
      vertex 46.2 44.984 8.7784
      vertex 44.2 44.984 8.7784
    endloop
  endfacet
  facet normal 0 0.946925 -0.321454
    outer loop
      vertex 46.2 44.6216 8.04352
      vertex 44.2 44.7099 8.30363
      vertex 46.2 44.7099 8.30363
    endloop
  endfacet
  facet normal 0 0.946925 -0.321454
    outer loop
      vertex 44.2 44.7099 8.30363
      vertex 46.2 44.6216 8.04352
      vertex 44.2 44.6216 8.04352
    endloop
  endfacet
  facet normal 0 -0.997851 0.0655259
    outer loop
      vertex 44.2 48.732 7.22589
      vertex 46.2 48.75 7.5
      vertex 44.2 48.75 7.5
    endloop
  endfacet
  facet normal 0 -0.997851 0.0655259
    outer loop
      vertex 46.2 48.75 7.5
      vertex 44.2 48.732 7.22589
      vertex 46.2 48.732 7.22589
    endloop
  endfacet
  facet normal 0 0.897005 0.442021
    outer loop
      vertex 46.2 44.8313 6.45
      vertex 44.2 44.7099 6.69636
      vertex 46.2 44.7099 6.69636
    endloop
  endfacet
  facet normal 0 0.897005 0.442021
    outer loop
      vertex 44.2 44.7099 6.69636
      vertex 46.2 44.8313 6.45
      vertex 44.2 44.8313 6.45
    endloop
  endfacet
  facet normal 0 0.980779 -0.195122
    outer loop
      vertex 46.2 44.568 7.7741
      vertex 44.2 44.6216 8.04352
      vertex 46.2 44.6216 8.04352
    endloop
  endfacet
  facet normal 0 0.980779 -0.195122
    outer loop
      vertex 44.2 44.6216 8.04352
      vertex 46.2 44.568 7.7741
      vertex 44.2 44.568 7.7741
    endloop
  endfacet
  facet normal 0 -0.980779 -0.195122
    outer loop
      vertex 44.2 48.732 7.7741
      vertex 46.2 48.6784 8.04352
      vertex 44.2 48.6784 8.04352
    endloop
  endfacet
  facet normal 0 -0.980779 -0.195122
    outer loop
      vertex 46.2 48.6784 8.04352
      vertex 44.2 48.732 7.7741
      vertex 46.2 48.732 7.7741
    endloop
  endfacet
  facet normal 0 -0.195101 -0.980783
    outer loop
      vertex 44.2 46.9241 9.58203
      vertex 46.2 47.1935 9.52844
      vertex 46.2 46.9241 9.58203
    endloop
  endfacet
  facet normal -0 -0.195101 -0.980783
    outer loop
      vertex 46.2 47.1935 9.52844
      vertex 44.2 46.9241 9.58203
      vertex 44.2 47.1935 9.52844
    endloop
  endfacet
  facet normal 0 -0.321433 -0.946932
    outer loop
      vertex 44.2 47.1935 9.52844
      vertex 46.2 47.4536 9.44015
      vertex 46.2 47.1935 9.52844
    endloop
  endfacet
  facet normal -0 -0.321433 -0.946932
    outer loop
      vertex 46.2 47.4536 9.44015
      vertex 44.2 47.1935 9.52844
      vertex 44.2 47.4536 9.44015
    endloop
  endfacet
  facet normal 0 0.659396 -0.751796
    outer loop
      vertex 44.2 45.1651 8.98492
      vertex 46.2 45.3716 9.16604
      vertex 46.2 45.1651 8.98492
    endloop
  endfacet
  facet normal 0 0.659396 -0.751796
    outer loop
      vertex 46.2 45.3716 9.16604
      vertex 44.2 45.1651 8.98492
      vertex 44.2 45.3716 9.16604
    endloop
  endfacet
  facet normal 0 -0.555565 -0.831473
    outer loop
      vertex 44.2 47.7 9.31865
      vertex 46.2 47.9284 9.16604
      vertex 46.2 47.7 9.31865
    endloop
  endfacet
  facet normal -0 -0.555565 -0.831473
    outer loop
      vertex 46.2 47.9284 9.16604
      vertex 44.2 47.7 9.31865
      vertex 44.2 47.9284 9.16604
    endloop
  endfacet
  facet normal 0 -0.442256 -0.896889
    outer loop
      vertex 44.2 47.4536 9.44015
      vertex 46.2 47.7 9.31865
      vertex 46.2 47.4536 9.44015
    endloop
  endfacet
  facet normal -0 -0.442256 -0.896889
    outer loop
      vertex 46.2 47.7 9.31865
      vertex 44.2 47.4536 9.44015
      vertex 44.2 47.7 9.31865
    endloop
  endfacet
  facet normal 0 0.751864 0.659319
    outer loop
      vertex 46.2 45.1651 6.01508
      vertex 44.2 44.984 6.2216
      vertex 46.2 44.984 6.2216
    endloop
  endfacet
  facet normal 0 0.751864 0.659319
    outer loop
      vertex 44.2 44.984 6.2216
      vertex 46.2 45.1651 6.01508
      vertex 44.2 45.1651 6.01508
    endloop
  endfacet
  facet normal -0 0.659396 0.751796
    outer loop
      vertex 44.2 45.3716 5.83396
      vertex 46.2 45.1651 6.01508
      vertex 46.2 45.3716 5.83396
    endloop
  endfacet
  facet normal 0 0.659396 0.751796
    outer loop
      vertex 46.2 45.1651 6.01508
      vertex 44.2 45.3716 5.83396
      vertex 44.2 45.1651 6.01508
    endloop
  endfacet
  facet normal 0 -0.321433 0.946932
    outer loop
      vertex 44.2 36.6536 5.55985
      vertex 46.2 36.3935 5.47156
      vertex 46.2 36.6536 5.55985
    endloop
  endfacet
  facet normal 0 -0.321433 0.946932
    outer loop
      vertex 46.2 36.3935 5.47156
      vertex 44.2 36.6536 5.55985
      vertex 44.2 36.3935 5.47156
    endloop
  endfacet
  facet normal 0 -0.555565 0.831473
    outer loop
      vertex 44.2 37.1284 5.83396
      vertex 46.2 36.9 5.68135
      vertex 46.2 37.1284 5.83396
    endloop
  endfacet
  facet normal 0 -0.555565 0.831473
    outer loop
      vertex 46.2 36.9 5.68135
      vertex 44.2 37.1284 5.83396
      vertex 44.2 36.9 5.68135
    endloop
  endfacet
  facet normal -0 0.321433 0.946932
    outer loop
      vertex 44.2 35.3065 5.47156
      vertex 46.2 35.0464 5.55985
      vertex 46.2 35.3065 5.47156
    endloop
  endfacet
  facet normal 0 0.321433 0.946932
    outer loop
      vertex 46.2 35.0464 5.55985
      vertex 44.2 35.3065 5.47156
      vertex 44.2 35.0464 5.55985
    endloop
  endfacet
  facet normal 0 -0.195101 -0.980783
    outer loop
      vertex 44.2 36.1241 9.58203
      vertex 46.2 36.3935 9.52844
      vertex 46.2 36.1241 9.58203
    endloop
  endfacet
  facet normal -0 -0.195101 -0.980783
    outer loop
      vertex 46.2 36.3935 9.52844
      vertex 44.2 36.1241 9.58203
      vertex 44.2 36.3935 9.52844
    endloop
  endfacet
  facet normal 0 -0.321433 -0.946932
    outer loop
      vertex 44.2 36.3935 9.52844
      vertex 46.2 36.6536 9.44015
      vertex 46.2 36.3935 9.52844
    endloop
  endfacet
  facet normal -0 -0.321433 -0.946932
    outer loop
      vertex 46.2 36.6536 9.44015
      vertex 44.2 36.3935 9.52844
      vertex 44.2 36.6536 9.44015
    endloop
  endfacet
  facet normal 0 -0.946929 0.321443
    outer loop
      vertex 44.2 37.7901 6.69636
      vertex 46.2 37.8784 6.95648
      vertex 44.2 37.8784 6.95648
    endloop
  endfacet
  facet normal 0 -0.946929 0.321443
    outer loop
      vertex 46.2 37.8784 6.95648
      vertex 44.2 37.7901 6.69636
      vertex 46.2 37.7901 6.69636
    endloop
  endfacet
  facet normal -0 0.0653833 0.99786
    outer loop
      vertex 44.2 35.85 5.4
      vertex 46.2 35.5759 5.41796
      vertex 46.2 35.85 5.4
    endloop
  endfacet
  facet normal 0 0.0653833 0.99786
    outer loop
      vertex 46.2 35.5759 5.41796
      vertex 44.2 35.85 5.4
      vertex 44.2 35.5759 5.41796
    endloop
  endfacet
  facet normal 0 -0.442256 0.896889
    outer loop
      vertex 44.2 36.9 5.68135
      vertex 46.2 36.6536 5.55985
      vertex 46.2 36.9 5.68135
    endloop
  endfacet
  facet normal 0 -0.442256 0.896889
    outer loop
      vertex 46.2 36.6536 5.55985
      vertex 44.2 36.9 5.68135
      vertex 44.2 36.6536 5.55985
    endloop
  endfacet
  facet normal 0 -0.0653833 0.99786
    outer loop
      vertex 44.2 36.1241 5.41796
      vertex 46.2 35.85 5.4
      vertex 46.2 36.1241 5.41796
    endloop
  endfacet
  facet normal 0 -0.0653833 0.99786
    outer loop
      vertex 46.2 35.85 5.4
      vertex 44.2 36.1241 5.41796
      vertex 44.2 35.85 5.4
    endloop
  endfacet
  facet normal 0 0.321433 -0.946932
    outer loop
      vertex 44.2 35.0464 9.44015
      vertex 46.2 35.3065 9.52844
      vertex 46.2 35.0464 9.44015
    endloop
  endfacet
  facet normal 0 0.321433 -0.946932
    outer loop
      vertex 46.2 35.3065 9.52844
      vertex 44.2 35.0464 9.44015
      vertex 44.2 35.3065 9.52844
    endloop
  endfacet
  facet normal 0 0.442256 -0.896889
    outer loop
      vertex 44.2 34.8 9.31865
      vertex 46.2 35.0464 9.44015
      vertex 46.2 34.8 9.31865
    endloop
  endfacet
  facet normal 0 0.442256 -0.896889
    outer loop
      vertex 46.2 35.0464 9.44015
      vertex 44.2 34.8 9.31865
      vertex 44.2 35.0464 9.44015
    endloop
  endfacet
  facet normal 0 0.751864 0.659319
    outer loop
      vertex 46.2 34.3651 6.01508
      vertex 44.2 34.184 6.2216
      vertex 46.2 34.184 6.2216
    endloop
  endfacet
  facet normal 0 0.751864 0.659319
    outer loop
      vertex 44.2 34.184 6.2216
      vertex 46.2 34.3651 6.01508
      vertex 44.2 34.3651 6.01508
    endloop
  endfacet
  facet normal 0 0.195101 -0.980783
    outer loop
      vertex 44.2 35.3065 9.52844
      vertex 46.2 35.5759 9.58203
      vertex 46.2 35.3065 9.52844
    endloop
  endfacet
  facet normal 0 0.195101 -0.980783
    outer loop
      vertex 46.2 35.5759 9.58203
      vertex 44.2 35.3065 9.52844
      vertex 44.2 35.5759 9.58203
    endloop
  endfacet
  facet normal 0 -0.897005 0.442021
    outer loop
      vertex 44.2 37.6687 6.45
      vertex 46.2 37.7901 6.69636
      vertex 44.2 37.7901 6.69636
    endloop
  endfacet
  facet normal 0 -0.897005 0.442021
    outer loop
      vertex 46.2 37.7901 6.69636
      vertex 44.2 37.6687 6.45
      vertex 46.2 37.6687 6.45
    endloop
  endfacet
  facet normal 0 -0.751864 -0.659319
    outer loop
      vertex 44.2 37.516 8.7784
      vertex 46.2 37.3349 8.98492
      vertex 44.2 37.3349 8.98492
    endloop
  endfacet
  facet normal 0 -0.751864 -0.659319
    outer loop
      vertex 46.2 37.3349 8.98492
      vertex 44.2 37.516 8.7784
      vertex 46.2 37.516 8.7784
    endloop
  endfacet
  facet normal -0 0.195136 0.980776
    outer loop
      vertex 44.2 35.5759 5.41796
      vertex 46.2 35.3065 5.47156
      vertex 46.2 35.5759 5.41796
    endloop
  endfacet
  facet normal 0 0.195136 0.980776
    outer loop
      vertex 46.2 35.3065 5.47156
      vertex 44.2 35.5759 5.41796
      vertex 44.2 35.3065 5.47156
    endloop
  endfacet
  facet normal -0 0.555565 0.831473
    outer loop
      vertex 44.2 34.8 5.68135
      vertex 46.2 34.5716 5.83396
      vertex 46.2 34.8 5.68135
    endloop
  endfacet
  facet normal 0 0.555565 0.831473
    outer loop
      vertex 46.2 34.5716 5.83396
      vertex 44.2 34.8 5.68135
      vertex 44.2 34.5716 5.83396
    endloop
  endfacet
  facet normal 0 0.980778 0.195129
    outer loop
      vertex 46.2 33.8216 6.95648
      vertex 44.2 33.768 7.22589
      vertex 46.2 33.768 7.22589
    endloop
  endfacet
  facet normal 0 0.980778 0.195129
    outer loop
      vertex 44.2 33.768 7.22589
      vertex 46.2 33.8216 6.95648
      vertex 44.2 33.8216 6.95648
    endloop
  endfacet
  facet normal 0 -0.946925 -0.321454
    outer loop
      vertex 44.2 37.8784 8.04352
      vertex 46.2 37.7901 8.30363
      vertex 44.2 37.7901 8.30363
    endloop
  endfacet
  facet normal 0 -0.946925 -0.321454
    outer loop
      vertex 46.2 37.7901 8.30363
      vertex 44.2 37.8784 8.04352
      vertex 46.2 37.8784 8.04352
    endloop
  endfacet
  facet normal 0 -0.831322 0.555792
    outer loop
      vertex 44.2 37.516 6.2216
      vertex 46.2 37.6687 6.45
      vertex 44.2 37.6687 6.45
    endloop
  endfacet
  facet normal 0 -0.831322 0.555792
    outer loop
      vertex 46.2 37.6687 6.45
      vertex 44.2 37.516 6.2216
      vertex 46.2 37.516 6.2216
    endloop
  endfacet
  facet normal 0 0.831322 -0.555792
    outer loop
      vertex 46.2 34.0313 8.55
      vertex 44.2 34.184 8.7784
      vertex 46.2 34.184 8.7784
    endloop
  endfacet
  facet normal 0 0.831322 -0.555792
    outer loop
      vertex 44.2 34.184 8.7784
      vertex 46.2 34.0313 8.55
      vertex 44.2 34.0313 8.55
    endloop
  endfacet
  facet normal 0 -0.659396 -0.751796
    outer loop
      vertex 44.2 37.1284 9.16604
      vertex 46.2 37.3349 8.98492
      vertex 46.2 37.1284 9.16604
    endloop
  endfacet
  facet normal -0 -0.659396 -0.751796
    outer loop
      vertex 46.2 37.3349 8.98492
      vertex 44.2 37.1284 9.16604
      vertex 44.2 37.3349 8.98492
    endloop
  endfacet
  facet normal 0 -0.997851 0.0655259
    outer loop
      vertex 44.2 37.932 7.22589
      vertex 46.2 37.95 7.5
      vertex 44.2 37.95 7.5
    endloop
  endfacet
  facet normal 0 -0.997851 0.0655259
    outer loop
      vertex 46.2 37.95 7.5
      vertex 44.2 37.932 7.22589
      vertex 46.2 37.932 7.22589
    endloop
  endfacet
  facet normal 0 0.997851 -0.0655283
    outer loop
      vertex 46.2 33.75 7.5
      vertex 44.2 33.768 7.7741
      vertex 46.2 33.768 7.7741
    endloop
  endfacet
  facet normal 0 0.997851 -0.0655283
    outer loop
      vertex 44.2 33.768 7.7741
      vertex 46.2 33.75 7.5
      vertex 44.2 33.75 7.5
    endloop
  endfacet
  facet normal 0 -0.751864 0.659319
    outer loop
      vertex 44.2 37.3349 6.01508
      vertex 46.2 37.516 6.2216
      vertex 44.2 37.516 6.2216
    endloop
  endfacet
  facet normal 0 -0.751864 0.659319
    outer loop
      vertex 46.2 37.516 6.2216
      vertex 44.2 37.3349 6.01508
      vertex 46.2 37.3349 6.01508
    endloop
  endfacet
  facet normal 0 -0.195136 0.980776
    outer loop
      vertex 44.2 36.3935 5.47156
      vertex 46.2 36.1241 5.41796
      vertex 46.2 36.3935 5.47156
    endloop
  endfacet
  facet normal 0 -0.195136 0.980776
    outer loop
      vertex 46.2 36.1241 5.41796
      vertex 44.2 36.3935 5.47156
      vertex 44.2 36.1241 5.41796
    endloop
  endfacet
  facet normal 0 0.946929 0.321443
    outer loop
      vertex 46.2 33.9099 6.69636
      vertex 44.2 33.8216 6.95648
      vertex 46.2 33.8216 6.95648
    endloop
  endfacet
  facet normal 0 0.946929 0.321443
    outer loop
      vertex 44.2 33.8216 6.95648
      vertex 46.2 33.9099 6.69636
      vertex 44.2 33.9099 6.69636
    endloop
  endfacet
  facet normal 0 0.980779 -0.195122
    outer loop
      vertex 46.2 33.768 7.7741
      vertex 44.2 33.8216 8.04352
      vertex 46.2 33.8216 8.04352
    endloop
  endfacet
  facet normal 0 0.980779 -0.195122
    outer loop
      vertex 44.2 33.8216 8.04352
      vertex 46.2 33.768 7.7741
      vertex 44.2 33.768 7.7741
    endloop
  endfacet
  facet normal 0 0.897005 0.442021
    outer loop
      vertex 46.2 34.0313 6.45
      vertex 44.2 33.9099 6.69636
      vertex 46.2 33.9099 6.69636
    endloop
  endfacet
  facet normal 0 0.897005 0.442021
    outer loop
      vertex 44.2 33.9099 6.69636
      vertex 46.2 34.0313 6.45
      vertex 44.2 34.0313 6.45
    endloop
  endfacet
  facet normal 0 0.897012 -0.442007
    outer loop
      vertex 46.2 33.9099 8.30363
      vertex 44.2 34.0313 8.55
      vertex 46.2 34.0313 8.55
    endloop
  endfacet
  facet normal 0 0.897012 -0.442007
    outer loop
      vertex 44.2 34.0313 8.55
      vertex 46.2 33.9099 8.30363
      vertex 44.2 33.9099 8.30363
    endloop
  endfacet
  facet normal 0 -0.0654196 -0.997858
    outer loop
      vertex 44.2 35.85 9.6
      vertex 46.2 36.1241 9.58203
      vertex 46.2 35.85 9.6
    endloop
  endfacet
  facet normal -0 -0.0654196 -0.997858
    outer loop
      vertex 46.2 36.1241 9.58203
      vertex 44.2 35.85 9.6
      vertex 44.2 36.1241 9.58203
    endloop
  endfacet
  facet normal 0 -0.555565 -0.831473
    outer loop
      vertex 44.2 36.9 9.31865
      vertex 46.2 37.1284 9.16604
      vertex 46.2 36.9 9.31865
    endloop
  endfacet
  facet normal -0 -0.555565 -0.831473
    outer loop
      vertex 46.2 37.1284 9.16604
      vertex 44.2 36.9 9.31865
      vertex 44.2 37.1284 9.16604
    endloop
  endfacet
  facet normal 0 -0.442256 -0.896889
    outer loop
      vertex 44.2 36.6536 9.44015
      vertex 46.2 36.9 9.31865
      vertex 46.2 36.6536 9.44015
    endloop
  endfacet
  facet normal -0 -0.442256 -0.896889
    outer loop
      vertex 46.2 36.9 9.31865
      vertex 44.2 36.6536 9.44015
      vertex 44.2 36.9 9.31865
    endloop
  endfacet
  facet normal 0 0.751864 -0.659319
    outer loop
      vertex 46.2 34.184 8.7784
      vertex 44.2 34.3651 8.98492
      vertex 46.2 34.3651 8.98492
    endloop
  endfacet
  facet normal 0 0.751864 -0.659319
    outer loop
      vertex 44.2 34.3651 8.98492
      vertex 46.2 34.184 8.7784
      vertex 44.2 34.184 8.7784
    endloop
  endfacet
  facet normal -0 0.442256 0.896889
    outer loop
      vertex 44.2 35.0464 5.55985
      vertex 46.2 34.8 5.68135
      vertex 46.2 35.0464 5.55985
    endloop
  endfacet
  facet normal 0 0.442256 0.896889
    outer loop
      vertex 46.2 34.8 5.68135
      vertex 44.2 35.0464 5.55985
      vertex 44.2 34.8 5.68135
    endloop
  endfacet
  facet normal 0 -0.997851 -0.0655283
    outer loop
      vertex 44.2 37.95 7.5
      vertex 46.2 37.932 7.7741
      vertex 44.2 37.932 7.7741
    endloop
  endfacet
  facet normal 0 -0.997851 -0.0655283
    outer loop
      vertex 46.2 37.932 7.7741
      vertex 44.2 37.95 7.5
      vertex 46.2 37.95 7.5
    endloop
  endfacet
  facet normal 0 -0.980779 -0.195122
    outer loop
      vertex 44.2 37.932 7.7741
      vertex 46.2 37.8784 8.04352
      vertex 44.2 37.8784 8.04352
    endloop
  endfacet
  facet normal 0 -0.980779 -0.195122
    outer loop
      vertex 46.2 37.8784 8.04352
      vertex 44.2 37.932 7.7741
      vertex 46.2 37.932 7.7741
    endloop
  endfacet
  facet normal 0 -0.980778 0.195129
    outer loop
      vertex 44.2 37.8784 6.95648
      vertex 46.2 37.932 7.22589
      vertex 44.2 37.932 7.22589
    endloop
  endfacet
  facet normal 0 -0.980778 0.195129
    outer loop
      vertex 46.2 37.932 7.22589
      vertex 44.2 37.8784 6.95648
      vertex 46.2 37.8784 6.95648
    endloop
  endfacet
  facet normal 0 -0.659396 0.751796
    outer loop
      vertex 44.2 37.3349 6.01508
      vertex 46.2 37.1284 5.83396
      vertex 46.2 37.3349 6.01508
    endloop
  endfacet
  facet normal 0 -0.659396 0.751796
    outer loop
      vertex 46.2 37.1284 5.83396
      vertex 44.2 37.3349 6.01508
      vertex 44.2 37.1284 5.83396
    endloop
  endfacet
  facet normal 0 0.555565 -0.831473
    outer loop
      vertex 44.2 34.5716 9.16604
      vertex 46.2 34.8 9.31865
      vertex 46.2 34.5716 9.16604
    endloop
  endfacet
  facet normal 0 0.555565 -0.831473
    outer loop
      vertex 46.2 34.8 9.31865
      vertex 44.2 34.5716 9.16604
      vertex 44.2 34.8 9.31865
    endloop
  endfacet
  facet normal 0 0.997851 0.0655259
    outer loop
      vertex 46.2 33.768 7.22589
      vertex 44.2 33.75 7.5
      vertex 46.2 33.75 7.5
    endloop
  endfacet
  facet normal 0 0.997851 0.0655259
    outer loop
      vertex 44.2 33.75 7.5
      vertex 46.2 33.768 7.22589
      vertex 44.2 33.768 7.22589
    endloop
  endfacet
  facet normal 0 0.831322 0.555792
    outer loop
      vertex 46.2 34.184 6.2216
      vertex 44.2 34.0313 6.45
      vertex 46.2 34.0313 6.45
    endloop
  endfacet
  facet normal 0 0.831322 0.555792
    outer loop
      vertex 44.2 34.0313 6.45
      vertex 46.2 34.184 6.2216
      vertex 44.2 34.184 6.2216
    endloop
  endfacet
  facet normal 0 -0.831322 -0.555792
    outer loop
      vertex 44.2 37.6687 8.55
      vertex 46.2 37.516 8.7784
      vertex 44.2 37.516 8.7784
    endloop
  endfacet
  facet normal 0 -0.831322 -0.555792
    outer loop
      vertex 46.2 37.516 8.7784
      vertex 44.2 37.6687 8.55
      vertex 46.2 37.6687 8.55
    endloop
  endfacet
  facet normal -0 0.659396 0.751796
    outer loop
      vertex 44.2 34.5716 5.83396
      vertex 46.2 34.3651 6.01508
      vertex 46.2 34.5716 5.83396
    endloop
  endfacet
  facet normal 0 0.659396 0.751796
    outer loop
      vertex 46.2 34.3651 6.01508
      vertex 44.2 34.5716 5.83396
      vertex 44.2 34.3651 6.01508
    endloop
  endfacet
  facet normal 0 0.946925 -0.321454
    outer loop
      vertex 46.2 33.8216 8.04352
      vertex 44.2 33.9099 8.30363
      vertex 46.2 33.9099 8.30363
    endloop
  endfacet
  facet normal 0 0.946925 -0.321454
    outer loop
      vertex 44.2 33.9099 8.30363
      vertex 46.2 33.8216 8.04352
      vertex 44.2 33.8216 8.04352
    endloop
  endfacet
  facet normal 0 -0.897012 -0.442007
    outer loop
      vertex 44.2 37.7901 8.30363
      vertex 46.2 37.6687 8.55
      vertex 44.2 37.6687 8.55
    endloop
  endfacet
  facet normal 0 -0.897012 -0.442007
    outer loop
      vertex 46.2 37.6687 8.55
      vertex 44.2 37.7901 8.30363
      vertex 46.2 37.7901 8.30363
    endloop
  endfacet
  facet normal 0 0.659396 -0.751796
    outer loop
      vertex 44.2 34.3651 8.98492
      vertex 46.2 34.5716 9.16604
      vertex 46.2 34.3651 8.98492
    endloop
  endfacet
  facet normal 0 0.659396 -0.751796
    outer loop
      vertex 46.2 34.5716 9.16604
      vertex 44.2 34.3651 8.98492
      vertex 44.2 34.5716 9.16604
    endloop
  endfacet
  facet normal 0 0.0654196 -0.997858
    outer loop
      vertex 44.2 35.5759 9.58203
      vertex 46.2 35.85 9.6
      vertex 46.2 35.5759 9.58203
    endloop
  endfacet
  facet normal 0 0.0654196 -0.997858
    outer loop
      vertex 46.2 35.85 9.6
      vertex 44.2 35.5759 9.58203
      vertex 44.2 35.85 9.6
    endloop
  endfacet
  facet normal -1 0 0
    outer loop
      vertex 16.134 -1.3 24.1
      vertex 16.134 0 26
      vertex 16.134 0 24.1
    endloop
  endfacet
  facet normal -1 -0 0
    outer loop
      vertex 16.134 0 26
      vertex 16.134 -1.3 24.1
      vertex 16.134 -1.3 26
    endloop
  endfacet
  facet normal 0 0 -1
    outer loop
      vertex 7.734 -1.3 26
      vertex 16.134 0 26
      vertex 16.134 -1.3 26
    endloop
  endfacet
  facet normal -0 0 -1
    outer loop
      vertex 16.134 0 26
      vertex 7.734 -1.3 26
      vertex 7.734 0 26
    endloop
  endfacet
  facet normal -0 0 1
    outer loop
      vertex 7.734 0 24.1
      vertex 16.134 -1.3 24.1
      vertex 16.134 0 24.1
    endloop
  endfacet
  facet normal 0 0 1
    outer loop
      vertex 16.134 -1.3 24.1
      vertex 7.734 0 24.1
      vertex 7.734 -1.3 24.1
    endloop
  endfacet
  facet normal 1 -0 0
    outer loop
      vertex 7.734 -1.3 26
      vertex 7.734 0 24.1
      vertex 7.734 0 26
    endloop
  endfacet
  facet normal 1 0 0
    outer loop
      vertex 7.734 0 24.1
      vertex 7.734 -1.3 26
      vertex 7.734 -1.3 24.1
    endloop
  endfacet
  facet normal 0 1 -0
    outer loop
      vertex 16.134 -1.3 24.1
      vertex 7.734 -1.3 26
      vertex 16.134 -1.3 26
    endloop
  endfacet
  facet normal 0 1 0
    outer loop
      vertex 7.734 -1.3 26
      vertex 16.134 -1.3 24.1
      vertex 7.734 -1.3 24.1
    endloop
  endfacet
  facet normal -1 0 0
    outer loop
      vertex 36.466 -1.3 24.1
      vertex 36.466 0 26
      vertex 36.466 0 24.1
    endloop
  endfacet
  facet normal -1 -0 0
    outer loop
      vertex 36.466 0 26
      vertex 36.466 -1.3 24.1
      vertex 36.466 -1.3 26
    endloop
  endfacet
  facet normal 0 0 -1
    outer loop
      vertex 28.066 -1.3 26
      vertex 36.466 0 26
      vertex 36.466 -1.3 26
    endloop
  endfacet
  facet normal -0 0 -1
    outer loop
      vertex 36.466 0 26
      vertex 28.066 -1.3 26
      vertex 28.066 0 26
    endloop
  endfacet
  facet normal -0 0 1
    outer loop
      vertex 28.066 0 24.1
      vertex 36.466 -1.3 24.1
      vertex 36.466 0 24.1
    endloop
  endfacet
  facet normal 0 0 1
    outer loop
      vertex 36.466 -1.3 24.1
      vertex 28.066 0 24.1
      vertex 28.066 -1.3 24.1
    endloop
  endfacet
  facet normal 1 -0 0
    outer loop
      vertex 28.066 -1.3 26
      vertex 28.066 0 24.1
      vertex 28.066 0 26
    endloop
  endfacet
  facet normal 1 0 0
    outer loop
      vertex 28.066 0 24.1
      vertex 28.066 -1.3 26
      vertex 28.066 -1.3 24.1
    endloop
  endfacet
  facet normal 0 1 -0
    outer loop
      vertex 36.466 -1.3 24.1
      vertex 28.066 -1.3 26
      vertex 36.466 -1.3 26
    endloop
  endfacet
  facet normal 0 1 0
    outer loop
      vertex 28.066 -1.3 26
      vertex 36.466 -1.3 24.1
      vertex 28.066 -1.3 24.1
    endloop
  endfacet
  facet normal -0.0653289 0.997864 0
    outer loop
      vertex 4.14358 54.4094 0
      vertex 4 54.4 2.5
      vertex 4.14358 54.4094 2.5
    endloop
  endfacet
  facet normal -0.0653289 0.997864 0
    outer loop
      vertex 4.14358 54.4094 0
      vertex 4 54.4 0
      vertex 4 54.4 2.5
    endloop
  endfacet
  facet normal -0.0653289 0.997864 0
    outer loop
      vertex 4.14358 54.4094 -1.2
      vertex 4 54.4 0
      vertex 4.14358 54.4094 0
    endloop
  endfacet
  facet normal -0.0653289 0.997864 0
    outer loop
      vertex 4 54.4 0
      vertex 4.14358 54.4094 -1.2
      vertex 4 54.4 -1.2
    endloop
  endfacet
  facet normal -0.980781 -0.195113 0
    outer loop
      vertex 5.09059 55.6436 0
      vertex 5.06252 55.7847 0
      vertex 5.06252 55.7847 -1.2
    endloop
  endfacet
  facet normal -0.980781 -0.195113 -0
    outer loop
      vertex 5.09059 55.6436 0
      vertex 5.06252 55.7847 -1.2
      vertex 5.09059 55.6436 -1.2
    endloop
  endfacet
  facet normal -0.980781 -0.195113 0
    outer loop
      vertex 5.06252 55.7847 0
      vertex 5.09059 55.6436 0
      vertex 5.06252 55.7847 2.5
    endloop
  endfacet
  facet normal -0.980781 -0.195113 0
    outer loop
      vertex 5.06252 55.7847 2.5
      vertex 5.09059 55.6436 0
      vertex 5.09059 55.6436 2.5
    endloop
  endfacet
  facet normal -0.99786 -0.065389 0
    outer loop
      vertex 5.1 55.5 0
      vertex 5.09059 55.6436 0
      vertex 5.09059 55.6436 -1.2
    endloop
  endfacet
  facet normal -0.99786 -0.065389 -0
    outer loop
      vertex 5.1 55.5 0
      vertex 5.09059 55.6436 -1.2
      vertex 5.1 55.5 -1.2
    endloop
  endfacet
  facet normal -0.99786 -0.065389 0
    outer loop
      vertex 5.09059 55.6436 0
      vertex 5.1 55.5 0
      vertex 5.09059 55.6436 2.5
    endloop
  endfacet
  facet normal -0.99786 -0.065389 0
    outer loop
      vertex 5.09059 55.6436 2.5
      vertex 5.1 55.5 0
      vertex 5.1 55.5 2.5
    endloop
  endfacet
  facet normal -0.980781 0.195113 0
    outer loop
      vertex 5.06252 55.2153 0
      vertex 5.09059 55.3564 0
      vertex 5.09059 55.3564 -1.2
    endloop
  endfacet
  facet normal -0.980781 0.195113 0
    outer loop
      vertex 5.06252 55.2153 0
      vertex 5.09059 55.3564 -1.2
      vertex 5.06252 55.2153 -1.2
    endloop
  endfacet
  facet normal -0.980781 0.195113 0
    outer loop
      vertex 5.09059 55.3564 0
      vertex 5.06252 55.2153 0
      vertex 5.09059 55.3564 2.5
    endloop
  endfacet
  facet normal -0.980781 0.195113 0
    outer loop
      vertex 5.09059 55.3564 2.5
      vertex 5.06252 55.2153 0
      vertex 5.06252 55.2153 2.5
    endloop
  endfacet
  facet normal -0.195287 -0.980746 0
    outer loop
      vertex 4.14358 56.5906 0
      vertex 4.2847 56.5625 2.5
      vertex 4.14358 56.5906 2.5
    endloop
  endfacet
  facet normal -0.195287 -0.980746 0
    outer loop
      vertex 4.14358 56.5906 0
      vertex 4.2847 56.5625 0
      vertex 4.2847 56.5625 2.5
    endloop
  endfacet
  facet normal -0.195287 -0.980746 0
    outer loop
      vertex 4.14358 56.5906 -1.2
      vertex 4.2847 56.5625 0
      vertex 4.14358 56.5906 0
    endloop
  endfacet
  facet normal -0.195287 -0.980746 -0
    outer loop
      vertex 4.2847 56.5625 0
      vertex 4.14358 56.5906 -1.2
      vertex 4.2847 56.5625 -1.2
    endloop
  endfacet
  facet normal -0.946967 0.32133 0
    outer loop
      vertex 5.01627 55.079 0
      vertex 5.06252 55.2153 0
      vertex 5.06252 55.2153 -1.2
    endloop
  endfacet
  facet normal -0.946967 0.32133 0
    outer loop
      vertex 5.01627 55.079 0
      vertex 5.06252 55.2153 -1.2
      vertex 5.01627 55.079 -1.2
    endloop
  endfacet
  facet normal -0.946967 0.32133 0
    outer loop
      vertex 5.06252 55.2153 0
      vertex 5.01627 55.079 0
      vertex 5.06252 55.2153 2.5
    endloop
  endfacet
  facet normal -0.946967 0.32133 0
    outer loop
      vertex 5.06252 55.2153 2.5
      vertex 5.01627 55.079 0
      vertex 5.01627 55.079 2.5
    endloop
  endfacet
  facet normal -0.0653289 -0.997864 0
    outer loop
      vertex 4 56.6 0
      vertex 4.14358 56.5906 2.5
      vertex 4 56.6 2.5
    endloop
  endfacet
  facet normal -0.0653289 -0.997864 0
    outer loop
      vertex 4 56.6 0
      vertex 4.14358 56.5906 0
      vertex 4.14358 56.5906 2.5
    endloop
  endfacet
  facet normal -0.0653289 -0.997864 0
    outer loop
      vertex 4 56.6 -1.2
      vertex 4.14358 56.5906 0
      vertex 4 56.6 0
    endloop
  endfacet
  facet normal -0.0653289 -0.997864 -0
    outer loop
      vertex 4.14358 56.5906 0
      vertex 4 56.6 -1.2
      vertex 4.14358 56.5906 -1.2
    endloop
  endfacet
  facet normal 0.195287 0.980746 -0
    outer loop
      vertex 3.85642 54.4094 0
      vertex 3.7153 54.4375 2.5
      vertex 3.85642 54.4094 2.5
    endloop
  endfacet
  facet normal 0.195287 0.980746 0
    outer loop
      vertex 3.85642 54.4094 0
      vertex 3.7153 54.4375 0
      vertex 3.7153 54.4375 2.5
    endloop
  endfacet
  facet normal 0.195287 0.980746 -0
    outer loop
      vertex 3.85642 54.4094 -1.2
      vertex 3.7153 54.4375 0
      vertex 3.85642 54.4094 0
    endloop
  endfacet
  facet normal 0.195287 0.980746 0
    outer loop
      vertex 3.7153 54.4375 0
      vertex 3.85642 54.4094 -1.2
      vertex 3.7153 54.4375 -1.2
    endloop
  endfacet
  facet normal 0.321124 -0.947037 0
    outer loop
      vertex 3.57905 56.5163 0
      vertex 3.7153 56.5625 2.5
      vertex 3.57905 56.5163 2.5
    endloop
  endfacet
  facet normal 0.321124 -0.947037 0
    outer loop
      vertex 3.57905 56.5163 0
      vertex 3.7153 56.5625 0
      vertex 3.7153 56.5625 2.5
    endloop
  endfacet
  facet normal 0.321124 -0.947037 0
    outer loop
      vertex 3.57905 56.5163 -1.2
      vertex 3.7153 56.5625 0
      vertex 3.57905 56.5163 0
    endloop
  endfacet
  facet normal 0.321124 -0.947037 0
    outer loop
      vertex 3.7153 56.5625 0
      vertex 3.57905 56.5163 -1.2
      vertex 3.7153 56.5625 -1.2
    endloop
  endfacet
  facet normal -0.659458 0.751741 0
    outer loop
      vertex 4.77782 54.7222 0
      vertex 4.66964 54.6273 2.5
      vertex 4.77782 54.7222 2.5
    endloop
  endfacet
  facet normal -0.659458 0.751741 0
    outer loop
      vertex 4.77782 54.7222 0
      vertex 4.66964 54.6273 0
      vertex 4.66964 54.6273 2.5
    endloop
  endfacet
  facet normal -0.659458 0.751741 0
    outer loop
      vertex 4.77782 54.7222 -1.2
      vertex 4.66964 54.6273 0
      vertex 4.77782 54.7222 0
    endloop
  endfacet
  facet normal -0.659458 0.751741 0
    outer loop
      vertex 4.66964 54.6273 0
      vertex 4.77782 54.7222 -1.2
      vertex 4.66964 54.6273 -1.2
    endloop
  endfacet
  facet normal 0.659458 -0.751741 0
    outer loop
      vertex 3.22218 56.2778 0
      vertex 3.33036 56.3727 2.5
      vertex 3.22218 56.2778 2.5
    endloop
  endfacet
  facet normal 0.659458 -0.751741 0
    outer loop
      vertex 3.22218 56.2778 0
      vertex 3.33036 56.3727 0
      vertex 3.33036 56.3727 2.5
    endloop
  endfacet
  facet normal 0.659458 -0.751741 0
    outer loop
      vertex 3.22218 56.2778 -1.2
      vertex 3.33036 56.3727 0
      vertex 3.22218 56.2778 0
    endloop
  endfacet
  facet normal 0.659458 -0.751741 0
    outer loop
      vertex 3.33036 56.3727 0
      vertex 3.22218 56.2778 -1.2
      vertex 3.33036 56.3727 -1.2
    endloop
  endfacet
  facet normal 0.555374 -0.831601 0
    outer loop
      vertex 3.33036 56.3727 0
      vertex 3.45 56.4526 2.5
      vertex 3.33036 56.3727 2.5
    endloop
  endfacet
  facet normal 0.555374 -0.831601 0
    outer loop
      vertex 3.33036 56.3727 0
      vertex 3.45 56.4526 0
      vertex 3.45 56.4526 2.5
    endloop
  endfacet
  facet normal 0.555374 -0.831601 0
    outer loop
      vertex 3.33036 56.3727 -1.2
      vertex 3.45 56.4526 0
      vertex 3.33036 56.3727 0
    endloop
  endfacet
  facet normal 0.555374 -0.831601 0
    outer loop
      vertex 3.45 56.4526 0
      vertex 3.33036 56.3727 -1.2
      vertex 3.45 56.4526 -1.2
    endloop
  endfacet
  facet normal -0.896806 -0.442424 0
    outer loop
      vertex 5.01627 55.921 0
      vertex 4.95263 56.05 0
      vertex 4.95263 56.05 -1.2
    endloop
  endfacet
  facet normal -0.896806 -0.442424 -0
    outer loop
      vertex 5.01627 55.921 0
      vertex 4.95263 56.05 -1.2
      vertex 5.01627 55.921 -1.2
    endloop
  endfacet
  facet normal -0.896806 -0.442424 0
    outer loop
      vertex 4.95263 56.05 0
      vertex 5.01627 55.921 0
      vertex 4.95263 56.05 2.5
    endloop
  endfacet
  facet normal -0.896806 -0.442424 0
    outer loop
      vertex 4.95263 56.05 2.5
      vertex 5.01627 55.921 0
      vertex 5.01627 55.921 2.5
    endloop
  endfacet
  facet normal -0.195287 0.980746 0
    outer loop
      vertex 4.2847 54.4375 0
      vertex 4.14358 54.4094 2.5
      vertex 4.2847 54.4375 2.5
    endloop
  endfacet
  facet normal -0.195287 0.980746 0
    outer loop
      vertex 4.2847 54.4375 0
      vertex 4.14358 54.4094 0
      vertex 4.14358 54.4094 2.5
    endloop
  endfacet
  facet normal -0.195287 0.980746 0
    outer loop
      vertex 4.2847 54.4375 -1.2
      vertex 4.14358 54.4094 0
      vertex 4.2847 54.4375 0
    endloop
  endfacet
  facet normal -0.195287 0.980746 0
    outer loop
      vertex 4.14358 54.4094 0
      vertex 4.2847 54.4375 -1.2
      vertex 4.14358 54.4094 -1.2
    endloop
  endfacet
  facet normal -0.442622 0.896708 0
    outer loop
      vertex 4.55 54.5474 0
      vertex 4.42095 54.4837 2.5
      vertex 4.55 54.5474 2.5
    endloop
  endfacet
  facet normal -0.442622 0.896708 0
    outer loop
      vertex 4.55 54.5474 0
      vertex 4.42095 54.4837 0
      vertex 4.42095 54.4837 2.5
    endloop
  endfacet
  facet normal -0.442622 0.896708 0
    outer loop
      vertex 4.55 54.5474 -1.2
      vertex 4.42095 54.4837 0
      vertex 4.55 54.5474 0
    endloop
  endfacet
  facet normal -0.442622 0.896708 0
    outer loop
      vertex 4.42095 54.4837 0
      vertex 4.55 54.5474 -1.2
      vertex 4.42095 54.4837 -1.2
    endloop
  endfacet
  facet normal -0.321124 0.947037 0
    outer loop
      vertex 4.42095 54.4837 0
      vertex 4.2847 54.4375 2.5
      vertex 4.42095 54.4837 2.5
    endloop
  endfacet
  facet normal -0.321124 0.947037 0
    outer loop
      vertex 4.42095 54.4837 0
      vertex 4.2847 54.4375 0
      vertex 4.2847 54.4375 2.5
    endloop
  endfacet
  facet normal -0.321124 0.947037 0
    outer loop
      vertex 4.42095 54.4837 -1.2
      vertex 4.2847 54.4375 0
      vertex 4.42095 54.4837 0
    endloop
  endfacet
  facet normal -0.321124 0.947037 0
    outer loop
      vertex 4.2847 54.4375 0
      vertex 4.42095 54.4837 -1.2
      vertex 4.2847 54.4375 -1.2
    endloop
  endfacet
  facet normal 0.99786 0.065389 0
    outer loop
      vertex 2.90941 55.3564 0
      vertex 2.9 55.5 0
      vertex 2.9 55.5 2.5
    endloop
  endfacet
  facet normal 0.99786 0.065389 -0
    outer loop
      vertex 2.90941 55.3564 0
      vertex 2.9 55.5 2.5
      vertex 2.90941 55.3564 2.5
    endloop
  endfacet
  facet normal 0.99786 0.065389 0
    outer loop
      vertex 2.9 55.5 0
      vertex 2.90941 55.3564 0
      vertex 2.9 55.5 -1.2
    endloop
  endfacet
  facet normal 0.99786 0.065389 0
    outer loop
      vertex 2.9 55.5 -1.2
      vertex 2.90941 55.3564 0
      vertex 2.90941 55.3564 -1.2
    endloop
  endfacet
  facet normal -0.555374 0.831601 0
    outer loop
      vertex 4.66964 54.6273 0
      vertex 4.55 54.5474 2.5
      vertex 4.66964 54.6273 2.5
    endloop
  endfacet
  facet normal -0.555374 0.831601 0
    outer loop
      vertex 4.66964 54.6273 0
      vertex 4.55 54.5474 0
      vertex 4.55 54.5474 2.5
    endloop
  endfacet
  facet normal -0.555374 0.831601 0
    outer loop
      vertex 4.66964 54.6273 -1.2
      vertex 4.55 54.5474 0
      vertex 4.66964 54.6273 0
    endloop
  endfacet
  facet normal -0.555374 0.831601 0
    outer loop
      vertex 4.55 54.5474 0
      vertex 4.66964 54.6273 -1.2
      vertex 4.55 54.5474 -1.2
    endloop
  endfacet
  facet normal 0.659458 0.751741 -0
    outer loop
      vertex 3.33036 54.6273 0
      vertex 3.22218 54.7222 2.5
      vertex 3.33036 54.6273 2.5
    endloop
  endfacet
  facet normal 0.659458 0.751741 0
    outer loop
      vertex 3.33036 54.6273 0
      vertex 3.22218 54.7222 0
      vertex 3.22218 54.7222 2.5
    endloop
  endfacet
  facet normal 0.659458 0.751741 -0
    outer loop
      vertex 3.33036 54.6273 -1.2
      vertex 3.22218 54.7222 0
      vertex 3.33036 54.6273 0
    endloop
  endfacet
  facet normal 0.659458 0.751741 0
    outer loop
      vertex 3.22218 54.7222 0
      vertex 3.33036 54.6273 -1.2
      vertex 3.22218 54.7222 -1.2
    endloop
  endfacet
  facet normal 0.751905 0.659272 0
    outer loop
      vertex 3.22218 54.7222 0
      vertex 3.12731 54.8304 0
      vertex 3.12731 54.8304 2.5
    endloop
  endfacet
  facet normal 0.751905 0.659272 -0
    outer loop
      vertex 3.22218 54.7222 0
      vertex 3.12731 54.8304 2.5
      vertex 3.22218 54.7222 2.5
    endloop
  endfacet
  facet normal 0.751905 0.659272 0
    outer loop
      vertex 3.12731 54.8304 0
      vertex 3.22218 54.7222 0
      vertex 3.12731 54.8304 -1.2
    endloop
  endfacet
  facet normal 0.751905 0.659272 0
    outer loop
      vertex 3.12731 54.8304 -1.2
      vertex 3.22218 54.7222 0
      vertex 3.22218 54.7222 -1.2
    endloop
  endfacet
  facet normal 0.980781 -0.195113 0
    outer loop
      vertex 2.90941 55.6436 0
      vertex 2.93748 55.7847 0
      vertex 2.93748 55.7847 2.5
    endloop
  endfacet
  facet normal 0.980781 -0.195113 0
    outer loop
      vertex 2.90941 55.6436 0
      vertex 2.93748 55.7847 2.5
      vertex 2.90941 55.6436 2.5
    endloop
  endfacet
  facet normal 0.980781 -0.195113 0
    outer loop
      vertex 2.93748 55.7847 0
      vertex 2.90941 55.6436 0
      vertex 2.93748 55.7847 -1.2
    endloop
  endfacet
  facet normal 0.980781 -0.195113 0
    outer loop
      vertex 2.93748 55.7847 -1.2
      vertex 2.90941 55.6436 0
      vertex 2.90941 55.6436 -1.2
    endloop
  endfacet
  facet normal -0.831387 -0.555694 0
    outer loop
      vertex 4.95263 56.05 0
      vertex 4.87269 56.1696 0
      vertex 4.87269 56.1696 -1.2
    endloop
  endfacet
  facet normal -0.831387 -0.555694 -0
    outer loop
      vertex 4.95263 56.05 0
      vertex 4.87269 56.1696 -1.2
      vertex 4.95263 56.05 -1.2
    endloop
  endfacet
  facet normal -0.831387 -0.555694 0
    outer loop
      vertex 4.87269 56.1696 0
      vertex 4.95263 56.05 0
      vertex 4.87269 56.1696 2.5
    endloop
  endfacet
  facet normal -0.831387 -0.555694 0
    outer loop
      vertex 4.87269 56.1696 2.5
      vertex 4.95263 56.05 0
      vertex 4.95263 56.05 2.5
    endloop
  endfacet
  facet normal 0.946967 0.32133 0
    outer loop
      vertex 2.98373 55.079 0
      vertex 2.93748 55.2153 0
      vertex 2.93748 55.2153 2.5
    endloop
  endfacet
  facet normal 0.946967 0.32133 -0
    outer loop
      vertex 2.98373 55.079 0
      vertex 2.93748 55.2153 2.5
      vertex 2.98373 55.079 2.5
    endloop
  endfacet
  facet normal 0.946967 0.32133 0
    outer loop
      vertex 2.93748 55.2153 0
      vertex 2.98373 55.079 0
      vertex 2.93748 55.2153 -1.2
    endloop
  endfacet
  facet normal 0.946967 0.32133 0
    outer loop
      vertex 2.93748 55.2153 -1.2
      vertex 2.98373 55.079 0
      vertex 2.98373 55.079 -1.2
    endloop
  endfacet
  facet normal -0.99786 0.065389 0
    outer loop
      vertex 5.09059 55.3564 0
      vertex 5.1 55.5 0
      vertex 5.1 55.5 -1.2
    endloop
  endfacet
  facet normal -0.99786 0.065389 0
    outer loop
      vertex 5.09059 55.3564 0
      vertex 5.1 55.5 -1.2
      vertex 5.09059 55.3564 -1.2
    endloop
  endfacet
  facet normal -0.99786 0.065389 0
    outer loop
      vertex 5.1 55.5 0
      vertex 5.09059 55.3564 0
      vertex 5.1 55.5 2.5
    endloop
  endfacet
  facet normal -0.99786 0.065389 0
    outer loop
      vertex 5.1 55.5 2.5
      vertex 5.09059 55.3564 0
      vertex 5.09059 55.3564 2.5
    endloop
  endfacet
  facet normal -0.442622 -0.896708 0
    outer loop
      vertex 4.42095 56.5163 0
      vertex 4.55 56.4526 2.5
      vertex 4.42095 56.5163 2.5
    endloop
  endfacet
  facet normal -0.442622 -0.896708 0
    outer loop
      vertex 4.42095 56.5163 0
      vertex 4.55 56.4526 0
      vertex 4.55 56.4526 2.5
    endloop
  endfacet
  facet normal -0.442622 -0.896708 0
    outer loop
      vertex 4.42095 56.5163 -1.2
      vertex 4.55 56.4526 0
      vertex 4.42095 56.5163 0
    endloop
  endfacet
  facet normal -0.442622 -0.896708 -0
    outer loop
      vertex 4.55 56.4526 0
      vertex 4.42095 56.5163 -1.2
      vertex 4.55 56.4526 -1.2
    endloop
  endfacet
  facet normal -0.751905 0.659272 0
    outer loop
      vertex 4.77782 54.7222 0
      vertex 4.87269 54.8304 0
      vertex 4.87269 54.8304 -1.2
    endloop
  endfacet
  facet normal -0.751905 0.659272 0
    outer loop
      vertex 4.77782 54.7222 0
      vertex 4.87269 54.8304 -1.2
      vertex 4.77782 54.7222 -1.2
    endloop
  endfacet
  facet normal -0.751905 0.659272 0
    outer loop
      vertex 4.87269 54.8304 0
      vertex 4.77782 54.7222 0
      vertex 4.87269 54.8304 2.5
    endloop
  endfacet
  facet normal -0.751905 0.659272 0
    outer loop
      vertex 4.87269 54.8304 2.5
      vertex 4.77782 54.7222 0
      vertex 4.77782 54.7222 2.5
    endloop
  endfacet
  facet normal -0.751905 -0.659272 0
    outer loop
      vertex 4.87269 56.1696 0
      vertex 4.77782 56.2778 0
      vertex 4.77782 56.2778 -1.2
    endloop
  endfacet
  facet normal -0.751905 -0.659272 -0
    outer loop
      vertex 4.87269 56.1696 0
      vertex 4.77782 56.2778 -1.2
      vertex 4.87269 56.1696 -1.2
    endloop
  endfacet
  facet normal -0.751905 -0.659272 0
    outer loop
      vertex 4.77782 56.2778 0
      vertex 4.87269 56.1696 0
      vertex 4.77782 56.2778 2.5
    endloop
  endfacet
  facet normal -0.751905 -0.659272 0
    outer loop
      vertex 4.77782 56.2778 2.5
      vertex 4.87269 56.1696 0
      vertex 4.87269 56.1696 2.5
    endloop
  endfacet
  facet normal -0.555374 -0.831601 0
    outer loop
      vertex 4.55 56.4526 0
      vertex 4.66964 56.3727 2.5
      vertex 4.55 56.4526 2.5
    endloop
  endfacet
  facet normal -0.555374 -0.831601 0
    outer loop
      vertex 4.55 56.4526 0
      vertex 4.66964 56.3727 0
      vertex 4.66964 56.3727 2.5
    endloop
  endfacet
  facet normal -0.555374 -0.831601 0
    outer loop
      vertex 4.55 56.4526 -1.2
      vertex 4.66964 56.3727 0
      vertex 4.55 56.4526 0
    endloop
  endfacet
  facet normal -0.555374 -0.831601 -0
    outer loop
      vertex 4.66964 56.3727 0
      vertex 4.55 56.4526 -1.2
      vertex 4.66964 56.3727 -1.2
    endloop
  endfacet
  facet normal -0.896806 0.442424 0
    outer loop
      vertex 4.95263 54.95 0
      vertex 5.01627 55.079 0
      vertex 5.01627 55.079 -1.2
    endloop
  endfacet
  facet normal -0.896806 0.442424 0
    outer loop
      vertex 4.95263 54.95 0
      vertex 5.01627 55.079 -1.2
      vertex 4.95263 54.95 -1.2
    endloop
  endfacet
  facet normal -0.896806 0.442424 0
    outer loop
      vertex 5.01627 55.079 0
      vertex 4.95263 54.95 0
      vertex 5.01627 55.079 2.5
    endloop
  endfacet
  facet normal -0.896806 0.442424 0
    outer loop
      vertex 5.01627 55.079 2.5
      vertex 4.95263 54.95 0
      vertex 4.95263 54.95 2.5
    endloop
  endfacet
  facet normal -0.831387 0.555694 0
    outer loop
      vertex 4.87269 54.8304 0
      vertex 4.95263 54.95 0
      vertex 4.95263 54.95 -1.2
    endloop
  endfacet
  facet normal -0.831387 0.555694 0
    outer loop
      vertex 4.87269 54.8304 0
      vertex 4.95263 54.95 -1.2
      vertex 4.87269 54.8304 -1.2
    endloop
  endfacet
  facet normal -0.831387 0.555694 0
    outer loop
      vertex 4.95263 54.95 0
      vertex 4.87269 54.8304 0
      vertex 4.95263 54.95 2.5
    endloop
  endfacet
  facet normal -0.831387 0.555694 0
    outer loop
      vertex 4.95263 54.95 2.5
      vertex 4.87269 54.8304 0
      vertex 4.87269 54.8304 2.5
    endloop
  endfacet
  facet normal 0.831387 -0.555694 0
    outer loop
      vertex 3.04737 56.05 0
      vertex 3.12731 56.1696 0
      vertex 3.12731 56.1696 2.5
    endloop
  endfacet
  facet normal 0.831387 -0.555694 0
    outer loop
      vertex 3.04737 56.05 0
      vertex 3.12731 56.1696 2.5
      vertex 3.04737 56.05 2.5
    endloop
  endfacet
  facet normal 0.831387 -0.555694 0
    outer loop
      vertex 3.12731 56.1696 0
      vertex 3.04737 56.05 0
      vertex 3.12731 56.1696 -1.2
    endloop
  endfacet
  facet normal 0.831387 -0.555694 0
    outer loop
      vertex 3.12731 56.1696 -1.2
      vertex 3.04737 56.05 0
      vertex 3.04737 56.05 -1.2
    endloop
  endfacet
  facet normal 0.896806 -0.442424 0
    outer loop
      vertex 2.98373 55.921 0
      vertex 3.04737 56.05 0
      vertex 3.04737 56.05 2.5
    endloop
  endfacet
  facet normal 0.896806 -0.442424 0
    outer loop
      vertex 2.98373 55.921 0
      vertex 3.04737 56.05 2.5
      vertex 2.98373 55.921 2.5
    endloop
  endfacet
  facet normal 0.896806 -0.442424 0
    outer loop
      vertex 3.04737 56.05 0
      vertex 2.98373 55.921 0
      vertex 3.04737 56.05 -1.2
    endloop
  endfacet
  facet normal 0.896806 -0.442424 0
    outer loop
      vertex 3.04737 56.05 -1.2
      vertex 2.98373 55.921 0
      vertex 2.98373 55.921 -1.2
    endloop
  endfacet
  facet normal 0.195287 -0.980746 0
    outer loop
      vertex 3.7153 56.5625 0
      vertex 3.85642 56.5906 2.5
      vertex 3.7153 56.5625 2.5
    endloop
  endfacet
  facet normal 0.195287 -0.980746 0
    outer loop
      vertex 3.7153 56.5625 0
      vertex 3.85642 56.5906 0
      vertex 3.85642 56.5906 2.5
    endloop
  endfacet
  facet normal 0.195287 -0.980746 0
    outer loop
      vertex 3.7153 56.5625 -1.2
      vertex 3.85642 56.5906 0
      vertex 3.7153 56.5625 0
    endloop
  endfacet
  facet normal 0.195287 -0.980746 0
    outer loop
      vertex 3.85642 56.5906 0
      vertex 3.7153 56.5625 -1.2
      vertex 3.85642 56.5906 -1.2
    endloop
  endfacet
  facet normal -0.659458 -0.751741 0
    outer loop
      vertex 4.66964 56.3727 0
      vertex 4.77782 56.2778 2.5
      vertex 4.66964 56.3727 2.5
    endloop
  endfacet
  facet normal -0.659458 -0.751741 0
    outer loop
      vertex 4.66964 56.3727 0
      vertex 4.77782 56.2778 0
      vertex 4.77782 56.2778 2.5
    endloop
  endfacet
  facet normal -0.659458 -0.751741 0
    outer loop
      vertex 4.66964 56.3727 -1.2
      vertex 4.77782 56.2778 0
      vertex 4.66964 56.3727 0
    endloop
  endfacet
  facet normal -0.659458 -0.751741 -0
    outer loop
      vertex 4.77782 56.2778 0
      vertex 4.66964 56.3727 -1.2
      vertex 4.77782 56.2778 -1.2
    endloop
  endfacet
  facet normal -0.946967 -0.32133 0
    outer loop
      vertex 5.06252 55.7847 0
      vertex 5.01627 55.921 0
      vertex 5.01627 55.921 -1.2
    endloop
  endfacet
  facet normal -0.946967 -0.32133 -0
    outer loop
      vertex 5.06252 55.7847 0
      vertex 5.01627 55.921 -1.2
      vertex 5.06252 55.7847 -1.2
    endloop
  endfacet
  facet normal -0.946967 -0.32133 0
    outer loop
      vertex 5.01627 55.921 0
      vertex 5.06252 55.7847 0
      vertex 5.01627 55.921 2.5
    endloop
  endfacet
  facet normal -0.946967 -0.32133 0
    outer loop
      vertex 5.01627 55.921 2.5
      vertex 5.06252 55.7847 0
      vertex 5.06252 55.7847 2.5
    endloop
  endfacet
  facet normal 0.831387 0.555694 0
    outer loop
      vertex 3.12731 54.8304 0
      vertex 3.04737 54.95 0
      vertex 3.04737 54.95 2.5
    endloop
  endfacet
  facet normal 0.831387 0.555694 -0
    outer loop
      vertex 3.12731 54.8304 0
      vertex 3.04737 54.95 2.5
      vertex 3.12731 54.8304 2.5
    endloop
  endfacet
  facet normal 0.831387 0.555694 0
    outer loop
      vertex 3.04737 54.95 0
      vertex 3.12731 54.8304 0
      vertex 3.04737 54.95 -1.2
    endloop
  endfacet
  facet normal 0.831387 0.555694 0
    outer loop
      vertex 3.04737 54.95 -1.2
      vertex 3.12731 54.8304 0
      vertex 3.12731 54.8304 -1.2
    endloop
  endfacet
  facet normal 0.751905 -0.659272 0
    outer loop
      vertex 3.12731 56.1696 0
      vertex 3.22218 56.2778 0
      vertex 3.22218 56.2778 2.5
    endloop
  endfacet
  facet normal 0.751905 -0.659272 0
    outer loop
      vertex 3.12731 56.1696 0
      vertex 3.22218 56.2778 2.5
      vertex 3.12731 56.1696 2.5
    endloop
  endfacet
  facet normal 0.751905 -0.659272 0
    outer loop
      vertex 3.22218 56.2778 0
      vertex 3.12731 56.1696 0
      vertex 3.22218 56.2778 -1.2
    endloop
  endfacet
  facet normal 0.751905 -0.659272 0
    outer loop
      vertex 3.22218 56.2778 -1.2
      vertex 3.12731 56.1696 0
      vertex 3.12731 56.1696 -1.2
    endloop
  endfacet
  facet normal 0.0653289 -0.997864 0
    outer loop
      vertex 3.85642 56.5906 0
      vertex 4 56.6 2.5
      vertex 3.85642 56.5906 2.5
    endloop
  endfacet
  facet normal 0.0653289 -0.997864 0
    outer loop
      vertex 3.85642 56.5906 0
      vertex 4 56.6 0
      vertex 4 56.6 2.5
    endloop
  endfacet
  facet normal 0.0653289 -0.997864 0
    outer loop
      vertex 3.85642 56.5906 -1.2
      vertex 4 56.6 0
      vertex 3.85642 56.5906 0
    endloop
  endfacet
  facet normal 0.0653289 -0.997864 0
    outer loop
      vertex 4 56.6 0
      vertex 3.85642 56.5906 -1.2
      vertex 4 56.6 -1.2
    endloop
  endfacet
  facet normal 0.980781 0.195113 0
    outer loop
      vertex 2.93748 55.2153 0
      vertex 2.90941 55.3564 0
      vertex 2.90941 55.3564 2.5
    endloop
  endfacet
  facet normal 0.980781 0.195113 -0
    outer loop
      vertex 2.93748 55.2153 0
      vertex 2.90941 55.3564 2.5
      vertex 2.93748 55.2153 2.5
    endloop
  endfacet
  facet normal 0.980781 0.195113 0
    outer loop
      vertex 2.90941 55.3564 0
      vertex 2.93748 55.2153 0
      vertex 2.90941 55.3564 -1.2
    endloop
  endfacet
  facet normal 0.980781 0.195113 0
    outer loop
      vertex 2.90941 55.3564 -1.2
      vertex 2.93748 55.2153 0
      vertex 2.93748 55.2153 -1.2
    endloop
  endfacet
  facet normal 0.442622 -0.896708 0
    outer loop
      vertex 3.45 56.4526 0
      vertex 3.57905 56.5163 2.5
      vertex 3.45 56.4526 2.5
    endloop
  endfacet
  facet normal 0.442622 -0.896708 0
    outer loop
      vertex 3.45 56.4526 0
      vertex 3.57905 56.5163 0
      vertex 3.57905 56.5163 2.5
    endloop
  endfacet
  facet normal 0.442622 -0.896708 0
    outer loop
      vertex 3.45 56.4526 -1.2
      vertex 3.57905 56.5163 0
      vertex 3.45 56.4526 0
    endloop
  endfacet
  facet normal 0.442622 -0.896708 0
    outer loop
      vertex 3.57905 56.5163 0
      vertex 3.45 56.4526 -1.2
      vertex 3.57905 56.5163 -1.2
    endloop
  endfacet
  facet normal -0.321124 -0.947037 0
    outer loop
      vertex 4.2847 56.5625 0
      vertex 4.42095 56.5163 2.5
      vertex 4.2847 56.5625 2.5
    endloop
  endfacet
  facet normal -0.321124 -0.947037 0
    outer loop
      vertex 4.2847 56.5625 0
      vertex 4.42095 56.5163 0
      vertex 4.42095 56.5163 2.5
    endloop
  endfacet
  facet normal -0.321124 -0.947037 0
    outer loop
      vertex 4.2847 56.5625 -1.2
      vertex 4.42095 56.5163 0
      vertex 4.2847 56.5625 0
    endloop
  endfacet
  facet normal -0.321124 -0.947037 -0
    outer loop
      vertex 4.42095 56.5163 0
      vertex 4.2847 56.5625 -1.2
      vertex 4.42095 56.5163 -1.2
    endloop
  endfacet
  facet normal 0.99786 -0.065389 0
    outer loop
      vertex 2.9 55.5 0
      vertex 2.90941 55.6436 0
      vertex 2.90941 55.6436 2.5
    endloop
  endfacet
  facet normal 0.99786 -0.065389 0
    outer loop
      vertex 2.9 55.5 0
      vertex 2.90941 55.6436 2.5
      vertex 2.9 55.5 2.5
    endloop
  endfacet
  facet normal 0.99786 -0.065389 0
    outer loop
      vertex 2.90941 55.6436 0
      vertex 2.9 55.5 0
      vertex 2.90941 55.6436 -1.2
    endloop
  endfacet
  facet normal 0.99786 -0.065389 0
    outer loop
      vertex 2.90941 55.6436 -1.2
      vertex 2.9 55.5 0
      vertex 2.9 55.5 -1.2
    endloop
  endfacet
  facet normal 0.946967 -0.32133 0
    outer loop
      vertex 2.93748 55.7847 0
      vertex 2.98373 55.921 0
      vertex 2.98373 55.921 2.5
    endloop
  endfacet
  facet normal 0.946967 -0.32133 0
    outer loop
      vertex 2.93748 55.7847 0
      vertex 2.98373 55.921 2.5
      vertex 2.93748 55.7847 2.5
    endloop
  endfacet
  facet normal 0.946967 -0.32133 0
    outer loop
      vertex 2.98373 55.921 0
      vertex 2.93748 55.7847 0
      vertex 2.98373 55.921 -1.2
    endloop
  endfacet
  facet normal 0.946967 -0.32133 0
    outer loop
      vertex 2.98373 55.921 -1.2
      vertex 2.93748 55.7847 0
      vertex 2.93748 55.7847 -1.2
    endloop
  endfacet
  facet normal 0.321124 0.947037 -0
    outer loop
      vertex 3.7153 54.4375 0
      vertex 3.57905 54.4837 2.5
      vertex 3.7153 54.4375 2.5
    endloop
  endfacet
  facet normal 0.321124 0.947037 0
    outer loop
      vertex 3.7153 54.4375 0
      vertex 3.57905 54.4837 0
      vertex 3.57905 54.4837 2.5
    endloop
  endfacet
  facet normal 0.321124 0.947037 -0
    outer loop
      vertex 3.7153 54.4375 -1.2
      vertex 3.57905 54.4837 0
      vertex 3.7153 54.4375 0
    endloop
  endfacet
  facet normal 0.321124 0.947037 0
    outer loop
      vertex 3.57905 54.4837 0
      vertex 3.7153 54.4375 -1.2
      vertex 3.57905 54.4837 -1.2
    endloop
  endfacet
  facet normal 0.442622 0.896708 -0
    outer loop
      vertex 3.57905 54.4837 0
      vertex 3.45 54.5474 2.5
      vertex 3.57905 54.4837 2.5
    endloop
  endfacet
  facet normal 0.442622 0.896708 0
    outer loop
      vertex 3.57905 54.4837 0
      vertex 3.45 54.5474 0
      vertex 3.45 54.5474 2.5
    endloop
  endfacet
  facet normal 0.442622 0.896708 -0
    outer loop
      vertex 3.57905 54.4837 -1.2
      vertex 3.45 54.5474 0
      vertex 3.57905 54.4837 0
    endloop
  endfacet
  facet normal 0.442622 0.896708 0
    outer loop
      vertex 3.45 54.5474 0
      vertex 3.57905 54.4837 -1.2
      vertex 3.45 54.5474 -1.2
    endloop
  endfacet
  facet normal 0.555374 0.831601 -0
    outer loop
      vertex 3.45 54.5474 0
      vertex 3.33036 54.6273 2.5
      vertex 3.45 54.5474 2.5
    endloop
  endfacet
  facet normal 0.555374 0.831601 0
    outer loop
      vertex 3.45 54.5474 0
      vertex 3.33036 54.6273 0
      vertex 3.33036 54.6273 2.5
    endloop
  endfacet
  facet normal 0.555374 0.831601 -0
    outer loop
      vertex 3.45 54.5474 -1.2
      vertex 3.33036 54.6273 0
      vertex 3.45 54.5474 0
    endloop
  endfacet
  facet normal 0.555374 0.831601 0
    outer loop
      vertex 3.33036 54.6273 0
      vertex 3.45 54.5474 -1.2
      vertex 3.33036 54.6273 -1.2
    endloop
  endfacet
  facet normal 0.0653289 0.997864 -0
    outer loop
      vertex 4 54.4 0
      vertex 3.85642 54.4094 2.5
      vertex 4 54.4 2.5
    endloop
  endfacet
  facet normal 0.0653289 0.997864 0
    outer loop
      vertex 4 54.4 0
      vertex 3.85642 54.4094 0
      vertex 3.85642 54.4094 2.5
    endloop
  endfacet
  facet normal 0.0653289 0.997864 -0
    outer loop
      vertex 4 54.4 -1.2
      vertex 3.85642 54.4094 0
      vertex 4 54.4 0
    endloop
  endfacet
  facet normal 0.0653289 0.997864 0
    outer loop
      vertex 3.85642 54.4094 0
      vertex 4 54.4 -1.2
      vertex 3.85642 54.4094 -1.2
    endloop
  endfacet
  facet normal 0.896806 0.442424 0
    outer loop
      vertex 3.04737 54.95 0
      vertex 2.98373 55.079 0
      vertex 2.98373 55.079 2.5
    endloop
  endfacet
  facet normal 0.896806 0.442424 -0
    outer loop
      vertex 3.04737 54.95 0
      vertex 2.98373 55.079 2.5
      vertex 3.04737 54.95 2.5
    endloop
  endfacet
  facet normal 0.896806 0.442424 0
    outer loop
      vertex 2.98373 55.079 0
      vertex 3.04737 54.95 0
      vertex 2.98373 55.079 -1.2
    endloop
  endfacet
  facet normal 0.896806 0.442424 0
    outer loop
      vertex 2.98373 55.079 -1.2
      vertex 3.04737 54.95 0
      vertex 3.04737 54.95 -1.2
    endloop
  endfacet
  facet normal 0 0 1
    outer loop
      vertex 5.09059 55.6436 -1.2
      vertex 5.09059 55.3564 -1.2
      vertex 5.1 55.5 -1.2
    endloop
  endfacet
  facet normal 0 0 1
    outer loop
      vertex 5.06252 55.7847 -1.2
      vertex 5.09059 55.3564 -1.2
      vertex 5.09059 55.6436 -1.2
    endloop
  endfacet
  facet normal 0 0 1
    outer loop
      vertex 5.06252 55.7847 -1.2
      vertex 5.06252 55.2153 -1.2
      vertex 5.09059 55.3564 -1.2
    endloop
  endfacet
  facet normal 0 0 1
    outer loop
      vertex 5.01627 55.921 -1.2
      vertex 5.06252 55.2153 -1.2
      vertex 5.06252 55.7847 -1.2
    endloop
  endfacet
  facet normal 0 0 1
    outer loop
      vertex 5.01627 55.921 -1.2
      vertex 5.01627 55.079 -1.2
      vertex 5.06252 55.2153 -1.2
    endloop
  endfacet
  facet normal 0 0 1
    outer loop
      vertex 4.95263 56.05 -1.2
      vertex 5.01627 55.079 -1.2
      vertex 5.01627 55.921 -1.2
    endloop
  endfacet
  facet normal 0 0 1
    outer loop
      vertex 4.95263 56.05 -1.2
      vertex 4.95263 54.95 -1.2
      vertex 5.01627 55.079 -1.2
    endloop
  endfacet
  facet normal 0 0 1
    outer loop
      vertex 4.87269 56.1696 -1.2
      vertex 4.95263 54.95 -1.2
      vertex 4.95263 56.05 -1.2
    endloop
  endfacet
  facet normal 0 0 1
    outer loop
      vertex 4.87269 56.1696 -1.2
      vertex 4.87269 54.8304 -1.2
      vertex 4.95263 54.95 -1.2
    endloop
  endfacet
  facet normal 0 0 1
    outer loop
      vertex 4.77782 56.2778 -1.2
      vertex 4.87269 54.8304 -1.2
      vertex 4.87269 56.1696 -1.2
    endloop
  endfacet
  facet normal 0 0 1
    outer loop
      vertex 4.77782 56.2778 -1.2
      vertex 4.77782 54.7222 -1.2
      vertex 4.87269 54.8304 -1.2
    endloop
  endfacet
  facet normal 0 0 1
    outer loop
      vertex 4.66964 56.3727 -1.2
      vertex 4.77782 54.7222 -1.2
      vertex 4.77782 56.2778 -1.2
    endloop
  endfacet
  facet normal 0 0 1
    outer loop
      vertex 4.66964 56.3727 -1.2
      vertex 4.66964 54.6273 -1.2
      vertex 4.77782 54.7222 -1.2
    endloop
  endfacet
  facet normal 0 0 1
    outer loop
      vertex 4.55 56.4526 -1.2
      vertex 4.66964 54.6273 -1.2
      vertex 4.66964 56.3727 -1.2
    endloop
  endfacet
  facet normal 0 0 1
    outer loop
      vertex 4.55 56.4526 -1.2
      vertex 4.55 54.5474 -1.2
      vertex 4.66964 54.6273 -1.2
    endloop
  endfacet
  facet normal 0 0 1
    outer loop
      vertex 4.42095 56.5163 -1.2
      vertex 4.55 54.5474 -1.2
      vertex 4.55 56.4526 -1.2
    endloop
  endfacet
  facet normal 0 0 1
    outer loop
      vertex 4.42095 56.5163 -1.2
      vertex 4.42095 54.4837 -1.2
      vertex 4.55 54.5474 -1.2
    endloop
  endfacet
  facet normal 0 0 1
    outer loop
      vertex 4.2847 56.5625 -1.2
      vertex 4.42095 54.4837 -1.2
      vertex 4.42095 56.5163 -1.2
    endloop
  endfacet
  facet normal 0 0 1
    outer loop
      vertex 4.2847 56.5625 -1.2
      vertex 4.2847 54.4375 -1.2
      vertex 4.42095 54.4837 -1.2
    endloop
  endfacet
  facet normal 0 0 1
    outer loop
      vertex 4.14358 56.5906 -1.2
      vertex 4.2847 54.4375 -1.2
      vertex 4.2847 56.5625 -1.2
    endloop
  endfacet
  facet normal 0 0 1
    outer loop
      vertex 4.14358 56.5906 -1.2
      vertex 4.14358 54.4094 -1.2
      vertex 4.2847 54.4375 -1.2
    endloop
  endfacet
  facet normal 0 0 1
    outer loop
      vertex 4 56.6 -1.2
      vertex 4.14358 54.4094 -1.2
      vertex 4.14358 56.5906 -1.2
    endloop
  endfacet
  facet normal 0 0 1
    outer loop
      vertex 4 56.6 -1.2
      vertex 4 54.4 -1.2
      vertex 4.14358 54.4094 -1.2
    endloop
  endfacet
  facet normal -0 0 1
    outer loop
      vertex 3.85642 56.5906 -1.2
      vertex 4 54.4 -1.2
      vertex 4 56.6 -1.2
    endloop
  endfacet
  facet normal 0 0 1
    outer loop
      vertex 3.85642 56.5906 -1.2
      vertex 3.85642 54.4094 -1.2
      vertex 4 54.4 -1.2
    endloop
  endfacet
  facet normal -0 0 1
    outer loop
      vertex 3.7153 56.5625 -1.2
      vertex 3.85642 54.4094 -1.2
      vertex 3.85642 56.5906 -1.2
    endloop
  endfacet
  facet normal 0 0 1
    outer loop
      vertex 3.7153 56.5625 -1.2
      vertex 3.7153 54.4375 -1.2
      vertex 3.85642 54.4094 -1.2
    endloop
  endfacet
  facet normal -0 0 1
    outer loop
      vertex 3.57905 56.5163 -1.2
      vertex 3.7153 54.4375 -1.2
      vertex 3.7153 56.5625 -1.2
    endloop
  endfacet
  facet normal 0 0 1
    outer loop
      vertex 3.57905 56.5163 -1.2
      vertex 3.57905 54.4837 -1.2
      vertex 3.7153 54.4375 -1.2
    endloop
  endfacet
  facet normal -0 0 1
    outer loop
      vertex 3.45 56.4526 -1.2
      vertex 3.57905 54.4837 -1.2
      vertex 3.57905 56.5163 -1.2
    endloop
  endfacet
  facet normal 0 0 1
    outer loop
      vertex 3.45 56.4526 -1.2
      vertex 3.45 54.5474 -1.2
      vertex 3.57905 54.4837 -1.2
    endloop
  endfacet
  facet normal -0 0 1
    outer loop
      vertex 3.33036 56.3727 -1.2
      vertex 3.45 54.5474 -1.2
      vertex 3.45 56.4526 -1.2
    endloop
  endfacet
  facet normal 0 0 1
    outer loop
      vertex 3.33036 56.3727 -1.2
      vertex 3.33036 54.6273 -1.2
      vertex 3.45 54.5474 -1.2
    endloop
  endfacet
  facet normal -0 0 1
    outer loop
      vertex 3.22218 56.2778 -1.2
      vertex 3.33036 54.6273 -1.2
      vertex 3.33036 56.3727 -1.2
    endloop
  endfacet
  facet normal 0 0 1
    outer loop
      vertex 3.22218 56.2778 -1.2
      vertex 3.22218 54.7222 -1.2
      vertex 3.33036 54.6273 -1.2
    endloop
  endfacet
  facet normal -0 0 1
    outer loop
      vertex 3.12731 56.1696 -1.2
      vertex 3.22218 54.7222 -1.2
      vertex 3.22218 56.2778 -1.2
    endloop
  endfacet
  facet normal 0 0 1
    outer loop
      vertex 3.12731 56.1696 -1.2
      vertex 3.12731 54.8304 -1.2
      vertex 3.22218 54.7222 -1.2
    endloop
  endfacet
  facet normal -0 0 1
    outer loop
      vertex 3.04737 56.05 -1.2
      vertex 3.12731 54.8304 -1.2
      vertex 3.12731 56.1696 -1.2
    endloop
  endfacet
  facet normal 0 0 1
    outer loop
      vertex 3.04737 56.05 -1.2
      vertex 3.04737 54.95 -1.2
      vertex 3.12731 54.8304 -1.2
    endloop
  endfacet
  facet normal -0 0 1
    outer loop
      vertex 2.98373 55.921 -1.2
      vertex 3.04737 54.95 -1.2
      vertex 3.04737 56.05 -1.2
    endloop
  endfacet
  facet normal 0 0 1
    outer loop
      vertex 2.98373 55.921 -1.2
      vertex 2.98373 55.079 -1.2
      vertex 3.04737 54.95 -1.2
    endloop
  endfacet
  facet normal -0 0 1
    outer loop
      vertex 2.93748 55.7847 -1.2
      vertex 2.98373 55.079 -1.2
      vertex 2.98373 55.921 -1.2
    endloop
  endfacet
  facet normal 0 0 1
    outer loop
      vertex 2.93748 55.7847 -1.2
      vertex 2.93748 55.2153 -1.2
      vertex 2.98373 55.079 -1.2
    endloop
  endfacet
  facet normal -0 0 1
    outer loop
      vertex 2.90941 55.6436 -1.2
      vertex 2.93748 55.2153 -1.2
      vertex 2.93748 55.7847 -1.2
    endloop
  endfacet
  facet normal 0 0 1
    outer loop
      vertex 2.90941 55.6436 -1.2
      vertex 2.90941 55.3564 -1.2
      vertex 2.93748 55.2153 -1.2
    endloop
  endfacet
  facet normal 0 -0 1
    outer loop
      vertex 2.90941 55.3564 -1.2
      vertex 2.90941 55.6436 -1.2
      vertex 2.9 55.5 -1.2
    endloop
  endfacet
  facet normal 0.89664 -0.44276 0
    outer loop
      vertex 39.1837 55.921 0
      vertex 39.2474 56.05 0
      vertex 39.2474 56.05 2.5
    endloop
  endfacet
  facet normal 0.89664 -0.44276 0
    outer loop
      vertex 39.1837 55.921 0
      vertex 39.2474 56.05 2.5
      vertex 39.1837 55.921 2.5
    endloop
  endfacet
  facet normal 0.89664 -0.44276 0
    outer loop
      vertex 39.2474 56.05 0
      vertex 39.1837 55.921 0
      vertex 39.2474 56.05 -1.2
    endloop
  endfacet
  facet normal 0.89664 -0.44276 0
    outer loop
      vertex 39.2474 56.05 -1.2
      vertex 39.1837 55.921 0
      vertex 39.1837 55.921 -1.2
    endloop
  endfacet
  facet normal -0.980741 -0.195314 0
    outer loop
      vertex 41.2906 55.6436 0
      vertex 41.2625 55.7847 0
      vertex 41.2625 55.7847 -1.2
    endloop
  endfacet
  facet normal -0.980741 -0.195314 -0
    outer loop
      vertex 41.2906 55.6436 0
      vertex 41.2625 55.7847 -1.2
      vertex 41.2906 55.6436 -1.2
    endloop
  endfacet
  facet normal -0.980741 -0.195314 0
    outer loop
      vertex 41.2625 55.7847 0
      vertex 41.2906 55.6436 0
      vertex 41.2625 55.7847 2.5
    endloop
  endfacet
  facet normal -0.980741 -0.195314 0
    outer loop
      vertex 41.2625 55.7847 2.5
      vertex 41.2906 55.6436 0
      vertex 41.2906 55.6436 2.5
    endloop
  endfacet
  facet normal -0.997864 -0.0653198 0
    outer loop
      vertex 41.3 55.5 0
      vertex 41.2906 55.6436 0
      vertex 41.2906 55.6436 -1.2
    endloop
  endfacet
  facet normal -0.997864 -0.0653198 -0
    outer loop
      vertex 41.3 55.5 0
      vertex 41.2906 55.6436 -1.2
      vertex 41.3 55.5 -1.2
    endloop
  endfacet
  facet normal -0.997864 -0.0653198 0
    outer loop
      vertex 41.2906 55.6436 0
      vertex 41.3 55.5 0
      vertex 41.2906 55.6436 2.5
    endloop
  endfacet
  facet normal -0.997864 -0.0653198 0
    outer loop
      vertex 41.2906 55.6436 2.5
      vertex 41.3 55.5 0
      vertex 41.3 55.5 2.5
    endloop
  endfacet
  facet normal -0.0653198 0.997864 0
    outer loop
      vertex 40.3436 54.4094 0
      vertex 40.2 54.4 2.5
      vertex 40.3436 54.4094 2.5
    endloop
  endfacet
  facet normal -0.0653198 0.997864 0
    outer loop
      vertex 40.3436 54.4094 0
      vertex 40.2 54.4 0
      vertex 40.2 54.4 2.5
    endloop
  endfacet
  facet normal -0.0653198 0.997864 0
    outer loop
      vertex 40.3436 54.4094 -1.2
      vertex 40.2 54.4 0
      vertex 40.3436 54.4094 0
    endloop
  endfacet
  facet normal -0.0653198 0.997864 0
    outer loop
      vertex 40.2 54.4 0
      vertex 40.3436 54.4094 -1.2
      vertex 40.2 54.4 -1.2
    endloop
  endfacet
  facet normal -0.65939 0.751801 0
    outer loop
      vertex 40.9778 54.7222 0
      vertex 40.8696 54.6273 2.5
      vertex 40.9778 54.7222 2.5
    endloop
  endfacet
  facet normal -0.65939 0.751801 0
    outer loop
      vertex 40.9778 54.7222 0
      vertex 40.8696 54.6273 0
      vertex 40.8696 54.6273 2.5
    endloop
  endfacet
  facet normal -0.65939 0.751801 0
    outer loop
      vertex 40.9778 54.7222 -1.2
      vertex 40.8696 54.6273 0
      vertex 40.9778 54.7222 0
    endloop
  endfacet
  facet normal -0.65939 0.751801 0
    outer loop
      vertex 40.8696 54.6273 0
      vertex 40.9778 54.7222 -1.2
      vertex 40.8696 54.6273 -1.2
    endloop
  endfacet
  facet normal 0.831515 0.555502 0
    outer loop
      vertex 39.3273 54.8304 0
      vertex 39.2474 54.95 0
      vertex 39.2474 54.95 2.5
    endloop
  endfacet
  facet normal 0.831515 0.555502 -0
    outer loop
      vertex 39.3273 54.8304 0
      vertex 39.2474 54.95 2.5
      vertex 39.3273 54.8304 2.5
    endloop
  endfacet
  facet normal 0.831515 0.555502 0
    outer loop
      vertex 39.2474 54.95 0
      vertex 39.3273 54.8304 0
      vertex 39.2474 54.95 -1.2
    endloop
  endfacet
  facet normal 0.831515 0.555502 0
    outer loop
      vertex 39.2474 54.95 -1.2
      vertex 39.3273 54.8304 0
      vertex 39.3273 54.8304 -1.2
    endloop
  endfacet
  facet normal 0.997864 0.0653198 0
    outer loop
      vertex 39.1094 55.3564 0
      vertex 39.1 55.5 0
      vertex 39.1 55.5 2.5
    endloop
  endfacet
  facet normal 0.997864 0.0653198 -0
    outer loop
      vertex 39.1094 55.3564 0
      vertex 39.1 55.5 2.5
      vertex 39.1094 55.3564 2.5
    endloop
  endfacet
  facet normal 0.997864 0.0653198 0
    outer loop
      vertex 39.1 55.5 0
      vertex 39.1094 55.3564 0
      vertex 39.1 55.5 -1.2
    endloop
  endfacet
  facet normal 0.997864 0.0653198 0
    outer loop
      vertex 39.1 55.5 -1.2
      vertex 39.1094 55.3564 0
      vertex 39.1094 55.3564 -1.2
    endloop
  endfacet
  facet normal -0.980741 0.195314 0
    outer loop
      vertex 41.2625 55.2153 0
      vertex 41.2906 55.3564 0
      vertex 41.2906 55.3564 -1.2
    endloop
  endfacet
  facet normal -0.980741 0.195314 0
    outer loop
      vertex 41.2625 55.2153 0
      vertex 41.2906 55.3564 -1.2
      vertex 41.2625 55.2153 -1.2
    endloop
  endfacet
  facet normal -0.980741 0.195314 0
    outer loop
      vertex 41.2906 55.3564 0
      vertex 41.2625 55.2153 0
      vertex 41.2906 55.3564 2.5
    endloop
  endfacet
  facet normal -0.980741 0.195314 0
    outer loop
      vertex 41.2906 55.3564 2.5
      vertex 41.2625 55.2153 0
      vertex 41.2625 55.2153 2.5
    endloop
  endfacet
  facet normal -0.65939 -0.751801 0
    outer loop
      vertex 40.8696 56.3727 0
      vertex 40.9778 56.2778 2.5
      vertex 40.8696 56.3727 2.5
    endloop
  endfacet
  facet normal -0.65939 -0.751801 0
    outer loop
      vertex 40.8696 56.3727 0
      vertex 40.9778 56.2778 0
      vertex 40.9778 56.2778 2.5
    endloop
  endfacet
  facet normal -0.65939 -0.751801 0
    outer loop
      vertex 40.8696 56.3727 -1.2
      vertex 40.9778 56.2778 0
      vertex 40.8696 56.3727 0
    endloop
  endfacet
  facet normal -0.65939 -0.751801 -0
    outer loop
      vertex 40.9778 56.2778 0
      vertex 40.8696 56.3727 -1.2
      vertex 40.9778 56.2778 -1.2
    endloop
  endfacet
  facet normal -0.751801 0.65939 0
    outer loop
      vertex 40.9778 54.7222 0
      vertex 41.0727 54.8304 0
      vertex 41.0727 54.8304 -1.2
    endloop
  endfacet
  facet normal -0.751801 0.65939 0
    outer loop
      vertex 40.9778 54.7222 0
      vertex 41.0727 54.8304 -1.2
      vertex 40.9778 54.7222 -1.2
    endloop
  endfacet
  facet normal -0.751801 0.65939 0
    outer loop
      vertex 41.0727 54.8304 0
      vertex 40.9778 54.7222 0
      vertex 41.0727 54.8304 2.5
    endloop
  endfacet
  facet normal -0.751801 0.65939 0
    outer loop
      vertex 41.0727 54.8304 2.5
      vertex 40.9778 54.7222 0
      vertex 40.9778 54.7222 2.5
    endloop
  endfacet
  facet normal 0.65939 -0.751801 0
    outer loop
      vertex 39.4222 56.2778 0
      vertex 39.5304 56.3727 2.5
      vertex 39.4222 56.2778 2.5
    endloop
  endfacet
  facet normal 0.65939 -0.751801 0
    outer loop
      vertex 39.4222 56.2778 0
      vertex 39.5304 56.3727 0
      vertex 39.5304 56.3727 2.5
    endloop
  endfacet
  facet normal 0.65939 -0.751801 0
    outer loop
      vertex 39.4222 56.2778 -1.2
      vertex 39.5304 56.3727 0
      vertex 39.4222 56.2778 0
    endloop
  endfacet
  facet normal 0.65939 -0.751801 0
    outer loop
      vertex 39.5304 56.3727 0
      vertex 39.4222 56.2778 -1.2
      vertex 39.5304 56.3727 -1.2
    endloop
  endfacet
  facet normal -0.0653198 -0.997864 0
    outer loop
      vertex 40.2 56.6 0
      vertex 40.3436 56.5906 2.5
      vertex 40.2 56.6 2.5
    endloop
  endfacet
  facet normal -0.0653198 -0.997864 0
    outer loop
      vertex 40.2 56.6 0
      vertex 40.3436 56.5906 0
      vertex 40.3436 56.5906 2.5
    endloop
  endfacet
  facet normal -0.0653198 -0.997864 0
    outer loop
      vertex 40.2 56.6 -1.2
      vertex 40.3436 56.5906 0
      vertex 40.2 56.6 0
    endloop
  endfacet
  facet normal -0.0653198 -0.997864 -0
    outer loop
      vertex 40.3436 56.5906 0
      vertex 40.2 56.6 -1.2
      vertex 40.3436 56.5906 -1.2
    endloop
  endfacet
  facet normal 0.947073 0.321018 0
    outer loop
      vertex 39.1837 55.079 0
      vertex 39.1375 55.2153 0
      vertex 39.1375 55.2153 2.5
    endloop
  endfacet
  facet normal 0.947073 0.321018 -0
    outer loop
      vertex 39.1837 55.079 0
      vertex 39.1375 55.2153 2.5
      vertex 39.1837 55.079 2.5
    endloop
  endfacet
  facet normal 0.947073 0.321018 0
    outer loop
      vertex 39.1375 55.2153 0
      vertex 39.1837 55.079 0
      vertex 39.1375 55.2153 -1.2
    endloop
  endfacet
  facet normal 0.947073 0.321018 0
    outer loop
      vertex 39.1375 55.2153 -1.2
      vertex 39.1837 55.079 0
      vertex 39.1837 55.079 -1.2
    endloop
  endfacet
  facet normal -0.831515 0.555502 0
    outer loop
      vertex 41.0727 54.8304 0
      vertex 41.1526 54.95 0
      vertex 41.1526 54.95 -1.2
    endloop
  endfacet
  facet normal -0.831515 0.555502 0
    outer loop
      vertex 41.0727 54.8304 0
      vertex 41.1526 54.95 -1.2
      vertex 41.0727 54.8304 -1.2
    endloop
  endfacet
  facet normal -0.831515 0.555502 0
    outer loop
      vertex 41.1526 54.95 0
      vertex 41.0727 54.8304 0
      vertex 41.1526 54.95 2.5
    endloop
  endfacet
  facet normal -0.831515 0.555502 0
    outer loop
      vertex 41.1526 54.95 2.5
      vertex 41.0727 54.8304 0
      vertex 41.0727 54.8304 2.5
    endloop
  endfacet
  facet normal -0.751801 -0.65939 0
    outer loop
      vertex 41.0727 56.1696 0
      vertex 40.9778 56.2778 0
      vertex 40.9778 56.2778 -1.2
    endloop
  endfacet
  facet normal -0.751801 -0.65939 -0
    outer loop
      vertex 41.0727 56.1696 0
      vertex 40.9778 56.2778 -1.2
      vertex 41.0727 56.1696 -1.2
    endloop
  endfacet
  facet normal -0.751801 -0.65939 0
    outer loop
      vertex 40.9778 56.2778 0
      vertex 41.0727 56.1696 0
      vertex 40.9778 56.2778 2.5
    endloop
  endfacet
  facet normal -0.751801 -0.65939 0
    outer loop
      vertex 40.9778 56.2778 2.5
      vertex 41.0727 56.1696 0
      vertex 41.0727 56.1696 2.5
    endloop
  endfacet
  facet normal -0.321018 -0.947073 0
    outer loop
      vertex 40.4847 56.5625 0
      vertex 40.621 56.5163 2.5
      vertex 40.4847 56.5625 2.5
    endloop
  endfacet
  facet normal -0.321018 -0.947073 0
    outer loop
      vertex 40.4847 56.5625 0
      vertex 40.621 56.5163 0
      vertex 40.621 56.5163 2.5
    endloop
  endfacet
  facet normal -0.321018 -0.947073 0
    outer loop
      vertex 40.4847 56.5625 -1.2
      vertex 40.621 56.5163 0
      vertex 40.4847 56.5625 0
    endloop
  endfacet
  facet normal -0.321018 -0.947073 -0
    outer loop
      vertex 40.621 56.5163 0
      vertex 40.4847 56.5625 -1.2
      vertex 40.621 56.5163 -1.2
    endloop
  endfacet
  facet normal 0.0653198 0.997864 -0
    outer loop
      vertex 40.2 54.4 0
      vertex 40.0564 54.4094 2.5
      vertex 40.2 54.4 2.5
    endloop
  endfacet
  facet normal 0.0653198 0.997864 0
    outer loop
      vertex 40.2 54.4 0
      vertex 40.0564 54.4094 0
      vertex 40.0564 54.4094 2.5
    endloop
  endfacet
  facet normal 0.0653198 0.997864 -0
    outer loop
      vertex 40.2 54.4 -1.2
      vertex 40.0564 54.4094 0
      vertex 40.2 54.4 0
    endloop
  endfacet
  facet normal 0.0653198 0.997864 0
    outer loop
      vertex 40.0564 54.4094 0
      vertex 40.2 54.4 -1.2
      vertex 40.0564 54.4094 -1.2
    endloop
  endfacet
  facet normal 0.321018 -0.947073 0
    outer loop
      vertex 39.779 56.5163 0
      vertex 39.9153 56.5625 2.5
      vertex 39.779 56.5163 2.5
    endloop
  endfacet
  facet normal 0.321018 -0.947073 0
    outer loop
      vertex 39.779 56.5163 0
      vertex 39.9153 56.5625 0
      vertex 39.9153 56.5625 2.5
    endloop
  endfacet
  facet normal 0.321018 -0.947073 0
    outer loop
      vertex 39.779 56.5163 -1.2
      vertex 39.9153 56.5625 0
      vertex 39.779 56.5163 0
    endloop
  endfacet
  facet normal 0.321018 -0.947073 0
    outer loop
      vertex 39.9153 56.5625 0
      vertex 39.779 56.5163 -1.2
      vertex 39.9153 56.5625 -1.2
    endloop
  endfacet
  facet normal 0.751801 0.65939 0
    outer loop
      vertex 39.4222 54.7222 0
      vertex 39.3273 54.8304 0
      vertex 39.3273 54.8304 2.5
    endloop
  endfacet
  facet normal 0.751801 0.65939 -0
    outer loop
      vertex 39.4222 54.7222 0
      vertex 39.3273 54.8304 2.5
      vertex 39.4222 54.7222 2.5
    endloop
  endfacet
  facet normal 0.751801 0.65939 0
    outer loop
      vertex 39.3273 54.8304 0
      vertex 39.4222 54.7222 0
      vertex 39.3273 54.8304 -1.2
    endloop
  endfacet
  facet normal 0.751801 0.65939 0
    outer loop
      vertex 39.3273 54.8304 -1.2
      vertex 39.4222 54.7222 0
      vertex 39.4222 54.7222 -1.2
    endloop
  endfacet
  facet normal 0.980741 0.195314 0
    outer loop
      vertex 39.1375 55.2153 0
      vertex 39.1094 55.3564 0
      vertex 39.1094 55.3564 2.5
    endloop
  endfacet
  facet normal 0.980741 0.195314 -0
    outer loop
      vertex 39.1375 55.2153 0
      vertex 39.1094 55.3564 2.5
      vertex 39.1375 55.2153 2.5
    endloop
  endfacet
  facet normal 0.980741 0.195314 0
    outer loop
      vertex 39.1094 55.3564 0
      vertex 39.1375 55.2153 0
      vertex 39.1094 55.3564 -1.2
    endloop
  endfacet
  facet normal 0.980741 0.195314 0
    outer loop
      vertex 39.1094 55.3564 -1.2
      vertex 39.1375 55.2153 0
      vertex 39.1375 55.2153 -1.2
    endloop
  endfacet
  facet normal 0.980741 -0.195314 0
    outer loop
      vertex 39.1094 55.6436 0
      vertex 39.1375 55.7847 0
      vertex 39.1375 55.7847 2.5
    endloop
  endfacet
  facet normal 0.980741 -0.195314 0
    outer loop
      vertex 39.1094 55.6436 0
      vertex 39.1375 55.7847 2.5
      vertex 39.1094 55.6436 2.5
    endloop
  endfacet
  facet normal 0.980741 -0.195314 0
    outer loop
      vertex 39.1375 55.7847 0
      vertex 39.1094 55.6436 0
      vertex 39.1375 55.7847 -1.2
    endloop
  endfacet
  facet normal 0.980741 -0.195314 0
    outer loop
      vertex 39.1375 55.7847 -1.2
      vertex 39.1094 55.6436 0
      vertex 39.1094 55.6436 -1.2
    endloop
  endfacet
  facet normal 0.751801 -0.65939 0
    outer loop
      vertex 39.3273 56.1696 0
      vertex 39.4222 56.2778 0
      vertex 39.4222 56.2778 2.5
    endloop
  endfacet
  facet normal 0.751801 -0.65939 0
    outer loop
      vertex 39.3273 56.1696 0
      vertex 39.4222 56.2778 2.5
      vertex 39.3273 56.1696 2.5
    endloop
  endfacet
  facet normal 0.751801 -0.65939 0
    outer loop
      vertex 39.4222 56.2778 0
      vertex 39.3273 56.1696 0
      vertex 39.4222 56.2778 -1.2
    endloop
  endfacet
  facet normal 0.751801 -0.65939 0
    outer loop
      vertex 39.4222 56.2778 -1.2
      vertex 39.3273 56.1696 0
      vertex 39.3273 56.1696 -1.2
    endloop
  endfacet
  facet normal -0.831515 -0.555502 0
    outer loop
      vertex 41.1526 56.05 0
      vertex 41.0727 56.1696 0
      vertex 41.0727 56.1696 -1.2
    endloop
  endfacet
  facet normal -0.831515 -0.555502 -0
    outer loop
      vertex 41.1526 56.05 0
      vertex 41.0727 56.1696 -1.2
      vertex 41.1526 56.05 -1.2
    endloop
  endfacet
  facet normal -0.831515 -0.555502 0
    outer loop
      vertex 41.0727 56.1696 0
      vertex 41.1526 56.05 0
      vertex 41.0727 56.1696 2.5
    endloop
  endfacet
  facet normal -0.831515 -0.555502 0
    outer loop
      vertex 41.0727 56.1696 2.5
      vertex 41.1526 56.05 0
      vertex 41.1526 56.05 2.5
    endloop
  endfacet
  facet normal -0.555502 0.831515 0
    outer loop
      vertex 40.8696 54.6273 0
      vertex 40.75 54.5474 2.5
      vertex 40.8696 54.6273 2.5
    endloop
  endfacet
  facet normal -0.555502 0.831515 0
    outer loop
      vertex 40.8696 54.6273 0
      vertex 40.75 54.5474 0
      vertex 40.75 54.5474 2.5
    endloop
  endfacet
  facet normal -0.555502 0.831515 0
    outer loop
      vertex 40.8696 54.6273 -1.2
      vertex 40.75 54.5474 0
      vertex 40.8696 54.6273 0
    endloop
  endfacet
  facet normal -0.555502 0.831515 0
    outer loop
      vertex 40.75 54.5474 0
      vertex 40.8696 54.6273 -1.2
      vertex 40.75 54.5474 -1.2
    endloop
  endfacet
  facet normal -0.997864 0.0653198 0
    outer loop
      vertex 41.2906 55.3564 0
      vertex 41.3 55.5 0
      vertex 41.3 55.5 -1.2
    endloop
  endfacet
  facet normal -0.997864 0.0653198 0
    outer loop
      vertex 41.2906 55.3564 0
      vertex 41.3 55.5 -1.2
      vertex 41.2906 55.3564 -1.2
    endloop
  endfacet
  facet normal -0.997864 0.0653198 0
    outer loop
      vertex 41.3 55.5 0
      vertex 41.2906 55.3564 0
      vertex 41.3 55.5 2.5
    endloop
  endfacet
  facet normal -0.997864 0.0653198 0
    outer loop
      vertex 41.3 55.5 2.5
      vertex 41.2906 55.3564 0
      vertex 41.2906 55.3564 2.5
    endloop
  endfacet
  facet normal 0.195314 0.980741 -0
    outer loop
      vertex 40.0564 54.4094 0
      vertex 39.9153 54.4375 2.5
      vertex 40.0564 54.4094 2.5
    endloop
  endfacet
  facet normal 0.195314 0.980741 0
    outer loop
      vertex 40.0564 54.4094 0
      vertex 39.9153 54.4375 0
      vertex 39.9153 54.4375 2.5
    endloop
  endfacet
  facet normal 0.195314 0.980741 -0
    outer loop
      vertex 40.0564 54.4094 -1.2
      vertex 39.9153 54.4375 0
      vertex 40.0564 54.4094 0
    endloop
  endfacet
  facet normal 0.195314 0.980741 0
    outer loop
      vertex 39.9153 54.4375 0
      vertex 40.0564 54.4094 -1.2
      vertex 39.9153 54.4375 -1.2
    endloop
  endfacet
  facet normal -0.555502 -0.831515 0
    outer loop
      vertex 40.75 56.4526 0
      vertex 40.8696 56.3727 2.5
      vertex 40.75 56.4526 2.5
    endloop
  endfacet
  facet normal -0.555502 -0.831515 0
    outer loop
      vertex 40.75 56.4526 0
      vertex 40.8696 56.3727 0
      vertex 40.8696 56.3727 2.5
    endloop
  endfacet
  facet normal -0.555502 -0.831515 0
    outer loop
      vertex 40.75 56.4526 -1.2
      vertex 40.8696 56.3727 0
      vertex 40.75 56.4526 0
    endloop
  endfacet
  facet normal -0.555502 -0.831515 -0
    outer loop
      vertex 40.8696 56.3727 0
      vertex 40.75 56.4526 -1.2
      vertex 40.8696 56.3727 -1.2
    endloop
  endfacet
  facet normal -0.321018 0.947073 0
    outer loop
      vertex 40.621 54.4837 0
      vertex 40.4847 54.4375 2.5
      vertex 40.621 54.4837 2.5
    endloop
  endfacet
  facet normal -0.321018 0.947073 0
    outer loop
      vertex 40.621 54.4837 0
      vertex 40.4847 54.4375 0
      vertex 40.4847 54.4375 2.5
    endloop
  endfacet
  facet normal -0.321018 0.947073 0
    outer loop
      vertex 40.621 54.4837 -1.2
      vertex 40.4847 54.4375 0
      vertex 40.621 54.4837 0
    endloop
  endfacet
  facet normal -0.321018 0.947073 0
    outer loop
      vertex 40.4847 54.4375 0
      vertex 40.621 54.4837 -1.2
      vertex 40.4847 54.4375 -1.2
    endloop
  endfacet
  facet normal 0.555502 -0.831515 0
    outer loop
      vertex 39.5304 56.3727 0
      vertex 39.65 56.4526 2.5
      vertex 39.5304 56.3727 2.5
    endloop
  endfacet
  facet normal 0.555502 -0.831515 0
    outer loop
      vertex 39.5304 56.3727 0
      vertex 39.65 56.4526 0
      vertex 39.65 56.4526 2.5
    endloop
  endfacet
  facet normal 0.555502 -0.831515 0
    outer loop
      vertex 39.5304 56.3727 -1.2
      vertex 39.65 56.4526 0
      vertex 39.5304 56.3727 0
    endloop
  endfacet
  facet normal 0.555502 -0.831515 0
    outer loop
      vertex 39.65 56.4526 0
      vertex 39.5304 56.3727 -1.2
      vertex 39.65 56.4526 -1.2
    endloop
  endfacet
  facet normal -0.195314 0.980741 0
    outer loop
      vertex 40.4847 54.4375 0
      vertex 40.3436 54.4094 2.5
      vertex 40.4847 54.4375 2.5
    endloop
  endfacet
  facet normal -0.195314 0.980741 0
    outer loop
      vertex 40.4847 54.4375 0
      vertex 40.3436 54.4094 0
      vertex 40.3436 54.4094 2.5
    endloop
  endfacet
  facet normal -0.195314 0.980741 0
    outer loop
      vertex 40.4847 54.4375 -1.2
      vertex 40.3436 54.4094 0
      vertex 40.4847 54.4375 0
    endloop
  endfacet
  facet normal -0.195314 0.980741 0
    outer loop
      vertex 40.3436 54.4094 0
      vertex 40.4847 54.4375 -1.2
      vertex 40.3436 54.4094 -1.2
    endloop
  endfacet
  facet normal 0.65939 0.751801 -0
    outer loop
      vertex 39.5304 54.6273 0
      vertex 39.4222 54.7222 2.5
      vertex 39.5304 54.6273 2.5
    endloop
  endfacet
  facet normal 0.65939 0.751801 0
    outer loop
      vertex 39.5304 54.6273 0
      vertex 39.4222 54.7222 0
      vertex 39.4222 54.7222 2.5
    endloop
  endfacet
  facet normal 0.65939 0.751801 -0
    outer loop
      vertex 39.5304 54.6273 -1.2
      vertex 39.4222 54.7222 0
      vertex 39.5304 54.6273 0
    endloop
  endfacet
  facet normal 0.65939 0.751801 0
    outer loop
      vertex 39.4222 54.7222 0
      vertex 39.5304 54.6273 -1.2
      vertex 39.4222 54.7222 -1.2
    endloop
  endfacet
  facet normal -0.89664 -0.44276 0
    outer loop
      vertex 41.2163 55.921 0
      vertex 41.1526 56.05 0
      vertex 41.1526 56.05 -1.2
    endloop
  endfacet
  facet normal -0.89664 -0.44276 -0
    outer loop
      vertex 41.2163 55.921 0
      vertex 41.1526 56.05 -1.2
      vertex 41.2163 55.921 -1.2
    endloop
  endfacet
  facet normal -0.89664 -0.44276 0
    outer loop
      vertex 41.1526 56.05 0
      vertex 41.2163 55.921 0
      vertex 41.1526 56.05 2.5
    endloop
  endfacet
  facet normal -0.89664 -0.44276 0
    outer loop
      vertex 41.1526 56.05 2.5
      vertex 41.2163 55.921 0
      vertex 41.2163 55.921 2.5
    endloop
  endfacet
  facet normal -0.44276 -0.89664 0
    outer loop
      vertex 40.621 56.5163 0
      vertex 40.75 56.4526 2.5
      vertex 40.621 56.5163 2.5
    endloop
  endfacet
  facet normal -0.44276 -0.89664 0
    outer loop
      vertex 40.621 56.5163 0
      vertex 40.75 56.4526 0
      vertex 40.75 56.4526 2.5
    endloop
  endfacet
  facet normal -0.44276 -0.89664 0
    outer loop
      vertex 40.621 56.5163 -1.2
      vertex 40.75 56.4526 0
      vertex 40.621 56.5163 0
    endloop
  endfacet
  facet normal -0.44276 -0.89664 -0
    outer loop
      vertex 40.75 56.4526 0
      vertex 40.621 56.5163 -1.2
      vertex 40.75 56.4526 -1.2
    endloop
  endfacet
  facet normal -0.89664 0.44276 0
    outer loop
      vertex 41.1526 54.95 0
      vertex 41.2163 55.079 0
      vertex 41.2163 55.079 -1.2
    endloop
  endfacet
  facet normal -0.89664 0.44276 0
    outer loop
      vertex 41.1526 54.95 0
      vertex 41.2163 55.079 -1.2
      vertex 41.1526 54.95 -1.2
    endloop
  endfacet
  facet normal -0.89664 0.44276 0
    outer loop
      vertex 41.2163 55.079 0
      vertex 41.1526 54.95 0
      vertex 41.2163 55.079 2.5
    endloop
  endfacet
  facet normal -0.89664 0.44276 0
    outer loop
      vertex 41.2163 55.079 2.5
      vertex 41.1526 54.95 0
      vertex 41.1526 54.95 2.5
    endloop
  endfacet
  facet normal 0.89664 0.44276 0
    outer loop
      vertex 39.2474 54.95 0
      vertex 39.1837 55.079 0
      vertex 39.1837 55.079 2.5
    endloop
  endfacet
  facet normal 0.89664 0.44276 -0
    outer loop
      vertex 39.2474 54.95 0
      vertex 39.1837 55.079 2.5
      vertex 39.2474 54.95 2.5
    endloop
  endfacet
  facet normal 0.89664 0.44276 0
    outer loop
      vertex 39.1837 55.079 0
      vertex 39.2474 54.95 0
      vertex 39.1837 55.079 -1.2
    endloop
  endfacet
  facet normal 0.89664 0.44276 0
    outer loop
      vertex 39.1837 55.079 -1.2
      vertex 39.2474 54.95 0
      vertex 39.2474 54.95 -1.2
    endloop
  endfacet
  facet normal -0.195314 -0.980741 0
    outer loop
      vertex 40.3436 56.5906 0
      vertex 40.4847 56.5625 2.5
      vertex 40.3436 56.5906 2.5
    endloop
  endfacet
  facet normal -0.195314 -0.980741 0
    outer loop
      vertex 40.3436 56.5906 0
      vertex 40.4847 56.5625 0
      vertex 40.4847 56.5625 2.5
    endloop
  endfacet
  facet normal -0.195314 -0.980741 0
    outer loop
      vertex 40.3436 56.5906 -1.2
      vertex 40.4847 56.5625 0
      vertex 40.3436 56.5906 0
    endloop
  endfacet
  facet normal -0.195314 -0.980741 -0
    outer loop
      vertex 40.4847 56.5625 0
      vertex 40.3436 56.5906 -1.2
      vertex 40.4847 56.5625 -1.2
    endloop
  endfacet
  facet normal 0.947073 -0.321018 0
    outer loop
      vertex 39.1375 55.7847 0
      vertex 39.1837 55.921 0
      vertex 39.1837 55.921 2.5
    endloop
  endfacet
  facet normal 0.947073 -0.321018 0
    outer loop
      vertex 39.1375 55.7847 0
      vertex 39.1837 55.921 2.5
      vertex 39.1375 55.7847 2.5
    endloop
  endfacet
  facet normal 0.947073 -0.321018 0
    outer loop
      vertex 39.1837 55.921 0
      vertex 39.1375 55.7847 0
      vertex 39.1837 55.921 -1.2
    endloop
  endfacet
  facet normal 0.947073 -0.321018 0
    outer loop
      vertex 39.1837 55.921 -1.2
      vertex 39.1375 55.7847 0
      vertex 39.1375 55.7847 -1.2
    endloop
  endfacet
  facet normal 0.195314 -0.980741 0
    outer loop
      vertex 39.9153 56.5625 0
      vertex 40.0564 56.5906 2.5
      vertex 39.9153 56.5625 2.5
    endloop
  endfacet
  facet normal 0.195314 -0.980741 0
    outer loop
      vertex 39.9153 56.5625 0
      vertex 40.0564 56.5906 0
      vertex 40.0564 56.5906 2.5
    endloop
  endfacet
  facet normal 0.195314 -0.980741 0
    outer loop
      vertex 39.9153 56.5625 -1.2
      vertex 40.0564 56.5906 0
      vertex 39.9153 56.5625 0
    endloop
  endfacet
  facet normal 0.195314 -0.980741 0
    outer loop
      vertex 40.0564 56.5906 0
      vertex 39.9153 56.5625 -1.2
      vertex 40.0564 56.5906 -1.2
    endloop
  endfacet
  facet normal -0.947073 -0.321018 0
    outer loop
      vertex 41.2625 55.7847 0
      vertex 41.2163 55.921 0
      vertex 41.2163 55.921 -1.2
    endloop
  endfacet
  facet normal -0.947073 -0.321018 -0
    outer loop
      vertex 41.2625 55.7847 0
      vertex 41.2163 55.921 -1.2
      vertex 41.2625 55.7847 -1.2
    endloop
  endfacet
  facet normal -0.947073 -0.321018 0
    outer loop
      vertex 41.2163 55.921 0
      vertex 41.2625 55.7847 0
      vertex 41.2163 55.921 2.5
    endloop
  endfacet
  facet normal -0.947073 -0.321018 0
    outer loop
      vertex 41.2163 55.921 2.5
      vertex 41.2625 55.7847 0
      vertex 41.2625 55.7847 2.5
    endloop
  endfacet
  facet normal -0.44276 0.89664 0
    outer loop
      vertex 40.75 54.5474 0
      vertex 40.621 54.4837 2.5
      vertex 40.75 54.5474 2.5
    endloop
  endfacet
  facet normal -0.44276 0.89664 0
    outer loop
      vertex 40.75 54.5474 0
      vertex 40.621 54.4837 0
      vertex 40.621 54.4837 2.5
    endloop
  endfacet
  facet normal -0.44276 0.89664 0
    outer loop
      vertex 40.75 54.5474 -1.2
      vertex 40.621 54.4837 0
      vertex 40.75 54.5474 0
    endloop
  endfacet
  facet normal -0.44276 0.89664 0
    outer loop
      vertex 40.621 54.4837 0
      vertex 40.75 54.5474 -1.2
      vertex 40.621 54.4837 -1.2
    endloop
  endfacet
  facet normal -0.947073 0.321018 0
    outer loop
      vertex 41.2163 55.079 0
      vertex 41.2625 55.2153 0
      vertex 41.2625 55.2153 -1.2
    endloop
  endfacet
  facet normal -0.947073 0.321018 0
    outer loop
      vertex 41.2163 55.079 0
      vertex 41.2625 55.2153 -1.2
      vertex 41.2163 55.079 -1.2
    endloop
  endfacet
  facet normal -0.947073 0.321018 0
    outer loop
      vertex 41.2625 55.2153 0
      vertex 41.2163 55.079 0
      vertex 41.2625 55.2153 2.5
    endloop
  endfacet
  facet normal -0.947073 0.321018 0
    outer loop
      vertex 41.2625 55.2153 2.5
      vertex 41.2163 55.079 0
      vertex 41.2163 55.079 2.5
    endloop
  endfacet
  facet normal 0.997864 -0.0653198 0
    outer loop
      vertex 39.1 55.5 0
      vertex 39.1094 55.6436 0
      vertex 39.1094 55.6436 2.5
    endloop
  endfacet
  facet normal 0.997864 -0.0653198 0
    outer loop
      vertex 39.1 55.5 0
      vertex 39.1094 55.6436 2.5
      vertex 39.1 55.5 2.5
    endloop
  endfacet
  facet normal 0.997864 -0.0653198 0
    outer loop
      vertex 39.1094 55.6436 0
      vertex 39.1 55.5 0
      vertex 39.1094 55.6436 -1.2
    endloop
  endfacet
  facet normal 0.997864 -0.0653198 0
    outer loop
      vertex 39.1094 55.6436 -1.2
      vertex 39.1 55.5 0
      vertex 39.1 55.5 -1.2
    endloop
  endfacet
  facet normal 0.0653198 -0.997864 0
    outer loop
      vertex 40.0564 56.5906 0
      vertex 40.2 56.6 2.5
      vertex 40.0564 56.5906 2.5
    endloop
  endfacet
  facet normal 0.0653198 -0.997864 0
    outer loop
      vertex 40.0564 56.5906 0
      vertex 40.2 56.6 0
      vertex 40.2 56.6 2.5
    endloop
  endfacet
  facet normal 0.0653198 -0.997864 0
    outer loop
      vertex 40.0564 56.5906 -1.2
      vertex 40.2 56.6 0
      vertex 40.0564 56.5906 0
    endloop
  endfacet
  facet normal 0.0653198 -0.997864 0
    outer loop
      vertex 40.2 56.6 0
      vertex 40.0564 56.5906 -1.2
      vertex 40.2 56.6 -1.2
    endloop
  endfacet
  facet normal 0.321018 0.947073 -0
    outer loop
      vertex 39.9153 54.4375 0
      vertex 39.779 54.4837 2.5
      vertex 39.9153 54.4375 2.5
    endloop
  endfacet
  facet normal 0.321018 0.947073 0
    outer loop
      vertex 39.9153 54.4375 0
      vertex 39.779 54.4837 0
      vertex 39.779 54.4837 2.5
    endloop
  endfacet
  facet normal 0.321018 0.947073 -0
    outer loop
      vertex 39.9153 54.4375 -1.2
      vertex 39.779 54.4837 0
      vertex 39.9153 54.4375 0
    endloop
  endfacet
  facet normal 0.321018 0.947073 0
    outer loop
      vertex 39.779 54.4837 0
      vertex 39.9153 54.4375 -1.2
      vertex 39.779 54.4837 -1.2
    endloop
  endfacet
  facet normal 0.44276 -0.89664 0
    outer loop
      vertex 39.65 56.4526 0
      vertex 39.779 56.5163 2.5
      vertex 39.65 56.4526 2.5
    endloop
  endfacet
  facet normal 0.44276 -0.89664 0
    outer loop
      vertex 39.65 56.4526 0
      vertex 39.779 56.5163 0
      vertex 39.779 56.5163 2.5
    endloop
  endfacet
  facet normal 0.44276 -0.89664 0
    outer loop
      vertex 39.65 56.4526 -1.2
      vertex 39.779 56.5163 0
      vertex 39.65 56.4526 0
    endloop
  endfacet
  facet normal 0.44276 -0.89664 0
    outer loop
      vertex 39.779 56.5163 0
      vertex 39.65 56.4526 -1.2
      vertex 39.779 56.5163 -1.2
    endloop
  endfacet
  facet normal 0.831515 -0.555502 0
    outer loop
      vertex 39.2474 56.05 0
      vertex 39.3273 56.1696 0
      vertex 39.3273 56.1696 2.5
    endloop
  endfacet
  facet normal 0.831515 -0.555502 0
    outer loop
      vertex 39.2474 56.05 0
      vertex 39.3273 56.1696 2.5
      vertex 39.2474 56.05 2.5
    endloop
  endfacet
  facet normal 0.831515 -0.555502 0
    outer loop
      vertex 39.3273 56.1696 0
      vertex 39.2474 56.05 0
      vertex 39.3273 56.1696 -1.2
    endloop
  endfacet
  facet normal 0.831515 -0.555502 0
    outer loop
      vertex 39.3273 56.1696 -1.2
      vertex 39.2474 56.05 0
      vertex 39.2474 56.05 -1.2
    endloop
  endfacet
  facet normal 0.44276 0.89664 -0
    outer loop
      vertex 39.779 54.4837 0
      vertex 39.65 54.5474 2.5
      vertex 39.779 54.4837 2.5
    endloop
  endfacet
  facet normal 0.44276 0.89664 0
    outer loop
      vertex 39.779 54.4837 0
      vertex 39.65 54.5474 0
      vertex 39.65 54.5474 2.5
    endloop
  endfacet
  facet normal 0.44276 0.89664 -0
    outer loop
      vertex 39.779 54.4837 -1.2
      vertex 39.65 54.5474 0
      vertex 39.779 54.4837 0
    endloop
  endfacet
  facet normal 0.44276 0.89664 0
    outer loop
      vertex 39.65 54.5474 0
      vertex 39.779 54.4837 -1.2
      vertex 39.65 54.5474 -1.2
    endloop
  endfacet
  facet normal 0 0 1
    outer loop
      vertex 41.2906 55.6436 -1.2
      vertex 41.2906 55.3564 -1.2
      vertex 41.3 55.5 -1.2
    endloop
  endfacet
  facet normal 0 0 1
    outer loop
      vertex 41.2625 55.7847 -1.2
      vertex 41.2906 55.3564 -1.2
      vertex 41.2906 55.6436 -1.2
    endloop
  endfacet
  facet normal 0 0 1
    outer loop
      vertex 41.2625 55.7847 -1.2
      vertex 41.2625 55.2153 -1.2
      vertex 41.2906 55.3564 -1.2
    endloop
  endfacet
  facet normal 0 0 1
    outer loop
      vertex 41.2163 55.921 -1.2
      vertex 41.2625 55.2153 -1.2
      vertex 41.2625 55.7847 -1.2
    endloop
  endfacet
  facet normal 0 0 1
    outer loop
      vertex 41.2163 55.921 -1.2
      vertex 41.2163 55.079 -1.2
      vertex 41.2625 55.2153 -1.2
    endloop
  endfacet
  facet normal 0 0 1
    outer loop
      vertex 41.1526 56.05 -1.2
      vertex 41.2163 55.079 -1.2
      vertex 41.2163 55.921 -1.2
    endloop
  endfacet
  facet normal 0 0 1
    outer loop
      vertex 41.1526 56.05 -1.2
      vertex 41.1526 54.95 -1.2
      vertex 41.2163 55.079 -1.2
    endloop
  endfacet
  facet normal 0 0 1
    outer loop
      vertex 41.0727 56.1696 -1.2
      vertex 41.1526 54.95 -1.2
      vertex 41.1526 56.05 -1.2
    endloop
  endfacet
  facet normal 0 0 1
    outer loop
      vertex 41.0727 56.1696 -1.2
      vertex 41.0727 54.8304 -1.2
      vertex 41.1526 54.95 -1.2
    endloop
  endfacet
  facet normal 0 0 1
    outer loop
      vertex 40.9778 56.2778 -1.2
      vertex 41.0727 54.8304 -1.2
      vertex 41.0727 56.1696 -1.2
    endloop
  endfacet
  facet normal 0 0 1
    outer loop
      vertex 40.9778 56.2778 -1.2
      vertex 40.9778 54.7222 -1.2
      vertex 41.0727 54.8304 -1.2
    endloop
  endfacet
  facet normal 0 0 1
    outer loop
      vertex 40.8696 56.3727 -1.2
      vertex 40.9778 54.7222 -1.2
      vertex 40.9778 56.2778 -1.2
    endloop
  endfacet
  facet normal 0 0 1
    outer loop
      vertex 40.8696 56.3727 -1.2
      vertex 40.8696 54.6273 -1.2
      vertex 40.9778 54.7222 -1.2
    endloop
  endfacet
  facet normal 0 0 1
    outer loop
      vertex 40.75 56.4526 -1.2
      vertex 40.8696 54.6273 -1.2
      vertex 40.8696 56.3727 -1.2
    endloop
  endfacet
  facet normal 0 0 1
    outer loop
      vertex 40.75 56.4526 -1.2
      vertex 40.75 54.5474 -1.2
      vertex 40.8696 54.6273 -1.2
    endloop
  endfacet
  facet normal 0 0 1
    outer loop
      vertex 40.621 56.5163 -1.2
      vertex 40.75 54.5474 -1.2
      vertex 40.75 56.4526 -1.2
    endloop
  endfacet
  facet normal 0 0 1
    outer loop
      vertex 40.621 56.5163 -1.2
      vertex 40.621 54.4837 -1.2
      vertex 40.75 54.5474 -1.2
    endloop
  endfacet
  facet normal 0 0 1
    outer loop
      vertex 40.4847 56.5625 -1.2
      vertex 40.621 54.4837 -1.2
      vertex 40.621 56.5163 -1.2
    endloop
  endfacet
  facet normal 0 0 1
    outer loop
      vertex 40.4847 56.5625 -1.2
      vertex 40.4847 54.4375 -1.2
      vertex 40.621 54.4837 -1.2
    endloop
  endfacet
  facet normal 0 0 1
    outer loop
      vertex 40.3436 56.5906 -1.2
      vertex 40.4847 54.4375 -1.2
      vertex 40.4847 56.5625 -1.2
    endloop
  endfacet
  facet normal 0 0 1
    outer loop
      vertex 40.3436 56.5906 -1.2
      vertex 40.3436 54.4094 -1.2
      vertex 40.4847 54.4375 -1.2
    endloop
  endfacet
  facet normal 0 0 1
    outer loop
      vertex 40.2 56.6 -1.2
      vertex 40.3436 54.4094 -1.2
      vertex 40.3436 56.5906 -1.2
    endloop
  endfacet
  facet normal 0 0 1
    outer loop
      vertex 40.2 56.6 -1.2
      vertex 40.2 54.4 -1.2
      vertex 40.3436 54.4094 -1.2
    endloop
  endfacet
  facet normal -0 0 1
    outer loop
      vertex 40.0564 56.5906 -1.2
      vertex 40.2 54.4 -1.2
      vertex 40.2 56.6 -1.2
    endloop
  endfacet
  facet normal 0 0 1
    outer loop
      vertex 40.0564 56.5906 -1.2
      vertex 40.0564 54.4094 -1.2
      vertex 40.2 54.4 -1.2
    endloop
  endfacet
  facet normal -0 0 1
    outer loop
      vertex 39.9153 56.5625 -1.2
      vertex 40.0564 54.4094 -1.2
      vertex 40.0564 56.5906 -1.2
    endloop
  endfacet
  facet normal 0 0 1
    outer loop
      vertex 39.9153 56.5625 -1.2
      vertex 39.9153 54.4375 -1.2
      vertex 40.0564 54.4094 -1.2
    endloop
  endfacet
  facet normal -0 0 1
    outer loop
      vertex 39.779 56.5163 -1.2
      vertex 39.9153 54.4375 -1.2
      vertex 39.9153 56.5625 -1.2
    endloop
  endfacet
  facet normal 0 0 1
    outer loop
      vertex 39.779 56.5163 -1.2
      vertex 39.779 54.4837 -1.2
      vertex 39.9153 54.4375 -1.2
    endloop
  endfacet
  facet normal -0 0 1
    outer loop
      vertex 39.65 56.4526 -1.2
      vertex 39.779 54.4837 -1.2
      vertex 39.779 56.5163 -1.2
    endloop
  endfacet
  facet normal 0 0 1
    outer loop
      vertex 39.65 56.4526 -1.2
      vertex 39.65 54.5474 -1.2
      vertex 39.779 54.4837 -1.2
    endloop
  endfacet
  facet normal -0 0 1
    outer loop
      vertex 39.5304 56.3727 -1.2
      vertex 39.65 54.5474 -1.2
      vertex 39.65 56.4526 -1.2
    endloop
  endfacet
  facet normal 0 0 1
    outer loop
      vertex 39.5304 56.3727 -1.2
      vertex 39.5304 54.6273 -1.2
      vertex 39.65 54.5474 -1.2
    endloop
  endfacet
  facet normal -0 0 1
    outer loop
      vertex 39.4222 56.2778 -1.2
      vertex 39.5304 54.6273 -1.2
      vertex 39.5304 56.3727 -1.2
    endloop
  endfacet
  facet normal 0 0 1
    outer loop
      vertex 39.4222 56.2778 -1.2
      vertex 39.4222 54.7222 -1.2
      vertex 39.5304 54.6273 -1.2
    endloop
  endfacet
  facet normal -0 0 1
    outer loop
      vertex 39.3273 56.1696 -1.2
      vertex 39.4222 54.7222 -1.2
      vertex 39.4222 56.2778 -1.2
    endloop
  endfacet
  facet normal 0 0 1
    outer loop
      vertex 39.3273 56.1696 -1.2
      vertex 39.3273 54.8304 -1.2
      vertex 39.4222 54.7222 -1.2
    endloop
  endfacet
  facet normal -0 0 1
    outer loop
      vertex 39.2474 56.05 -1.2
      vertex 39.3273 54.8304 -1.2
      vertex 39.3273 56.1696 -1.2
    endloop
  endfacet
  facet normal 0 0 1
    outer loop
      vertex 39.2474 56.05 -1.2
      vertex 39.2474 54.95 -1.2
      vertex 39.3273 54.8304 -1.2
    endloop
  endfacet
  facet normal -0 0 1
    outer loop
      vertex 39.1837 55.921 -1.2
      vertex 39.2474 54.95 -1.2
      vertex 39.2474 56.05 -1.2
    endloop
  endfacet
  facet normal 0 0 1
    outer loop
      vertex 39.1837 55.921 -1.2
      vertex 39.1837 55.079 -1.2
      vertex 39.2474 54.95 -1.2
    endloop
  endfacet
  facet normal -0 0 1
    outer loop
      vertex 39.1375 55.7847 -1.2
      vertex 39.1837 55.079 -1.2
      vertex 39.1837 55.921 -1.2
    endloop
  endfacet
  facet normal 0 0 1
    outer loop
      vertex 39.1375 55.7847 -1.2
      vertex 39.1375 55.2153 -1.2
      vertex 39.1837 55.079 -1.2
    endloop
  endfacet
  facet normal -0 0 1
    outer loop
      vertex 39.1094 55.6436 -1.2
      vertex 39.1375 55.2153 -1.2
      vertex 39.1375 55.7847 -1.2
    endloop
  endfacet
  facet normal 0 0 1
    outer loop
      vertex 39.1094 55.6436 -1.2
      vertex 39.1094 55.3564 -1.2
      vertex 39.1375 55.2153 -1.2
    endloop
  endfacet
  facet normal 0 -0 1
    outer loop
      vertex 39.1094 55.3564 -1.2
      vertex 39.1094 55.6436 -1.2
      vertex 39.1 55.5 -1.2
    endloop
  endfacet
  facet normal 0.555502 0.831515 -0
    outer loop
      vertex 39.65 54.5474 0
      vertex 39.5304 54.6273 2.5
      vertex 39.65 54.5474 2.5
    endloop
  endfacet
  facet normal 0.555502 0.831515 0
    outer loop
      vertex 39.65 54.5474 0
      vertex 39.5304 54.6273 0
      vertex 39.5304 54.6273 2.5
    endloop
  endfacet
  facet normal 0.555502 0.831515 -0
    outer loop
      vertex 39.65 54.5474 -1.2
      vertex 39.5304 54.6273 0
      vertex 39.65 54.5474 0
    endloop
  endfacet
  facet normal 0.555502 0.831515 0
    outer loop
      vertex 39.5304 54.6273 0
      vertex 39.65 54.5474 -1.2
      vertex 39.5304 54.6273 -1.2
    endloop
  endfacet
  facet normal -0.659341 -0.751844 0
    outer loop
      vertex 4.26964 4.77269 0
      vertex 4.37782 4.67782 2.5
      vertex 4.26964 4.77269 2.5
    endloop
  endfacet
  facet normal -0.659341 -0.751844 0
    outer loop
      vertex 4.26964 4.77269 0
      vertex 4.37782 4.67782 0
      vertex 4.37782 4.67782 2.5
    endloop
  endfacet
  facet normal -0.659341 -0.751844 0
    outer loop
      vertex 4.26964 4.77269 -1.2
      vertex 4.37782 4.67782 0
      vertex 4.26964 4.77269 0
    endloop
  endfacet
  facet normal -0.659341 -0.751844 -0
    outer loop
      vertex 4.37782 4.67782 0
      vertex 4.26964 4.77269 -1.2
      vertex 4.37782 4.67782 -1.2
    endloop
  endfacet
  facet normal -0.321435 0.946931 0
    outer loop
      vertex 4.02095 2.88373 0
      vertex 3.8847 2.83748 2.5
      vertex 4.02095 2.88373 2.5
    endloop
  endfacet
  facet normal -0.321435 0.946931 0
    outer loop
      vertex 4.02095 2.88373 0
      vertex 3.8847 2.83748 0
      vertex 3.8847 2.83748 2.5
    endloop
  endfacet
  facet normal -0.321435 0.946931 0
    outer loop
      vertex 4.02095 2.88373 -1.2
      vertex 3.8847 2.83748 0
      vertex 4.02095 2.88373 0
    endloop
  endfacet
  facet normal -0.321435 0.946931 0
    outer loop
      vertex 3.8847 2.83748 0
      vertex 4.02095 2.88373 -1.2
      vertex 3.8847 2.83748 -1.2
    endloop
  endfacet
  facet normal -0.980786 -0.195087 0
    outer loop
      vertex 4.69059 4.04358 0
      vertex 4.66252 4.1847 0
      vertex 4.66252 4.1847 -1.2
    endloop
  endfacet
  facet normal -0.980786 -0.195087 -0
    outer loop
      vertex 4.69059 4.04358 0
      vertex 4.66252 4.1847 -1.2
      vertex 4.69059 4.04358 -1.2
    endloop
  endfacet
  facet normal -0.980786 -0.195087 0
    outer loop
      vertex 4.66252 4.1847 0
      vertex 4.69059 4.04358 0
      vertex 4.66252 4.1847 2.5
    endloop
  endfacet
  facet normal -0.980786 -0.195087 0
    outer loop
      vertex 4.66252 4.1847 2.5
      vertex 4.69059 4.04358 0
      vertex 4.69059 4.04358 2.5
    endloop
  endfacet
  facet normal -0.997859 -0.0653981 0
    outer loop
      vertex 4.7 3.9 0
      vertex 4.69059 4.04358 0
      vertex 4.69059 4.04358 -1.2
    endloop
  endfacet
  facet normal -0.997859 -0.0653981 -0
    outer loop
      vertex 4.7 3.9 0
      vertex 4.69059 4.04358 -1.2
      vertex 4.7 3.9 -1.2
    endloop
  endfacet
  facet normal -0.997859 -0.0653981 0
    outer loop
      vertex 4.69059 4.04358 0
      vertex 4.7 3.9 0
      vertex 4.69059 4.04358 2.5
    endloop
  endfacet
  facet normal -0.997859 -0.0653981 0
    outer loop
      vertex 4.69059 4.04358 2.5
      vertex 4.7 3.9 0
      vertex 4.7 3.9 2.5
    endloop
  endfacet
  facet normal -0.946931 -0.321435 0
    outer loop
      vertex 4.66252 4.1847 0
      vertex 4.61627 4.32095 0
      vertex 4.61627 4.32095 -1.2
    endloop
  endfacet
  facet normal -0.946931 -0.321435 -0
    outer loop
      vertex 4.66252 4.1847 0
      vertex 4.61627 4.32095 -1.2
      vertex 4.66252 4.1847 -1.2
    endloop
  endfacet
  facet normal -0.946931 -0.321435 0
    outer loop
      vertex 4.61627 4.32095 0
      vertex 4.66252 4.1847 0
      vertex 4.61627 4.32095 2.5
    endloop
  endfacet
  facet normal -0.946931 -0.321435 0
    outer loop
      vertex 4.61627 4.32095 2.5
      vertex 4.66252 4.1847 0
      vertex 4.66252 4.1847 2.5
    endloop
  endfacet
  facet normal 0.0653981 -0.997859 0
    outer loop
      vertex 3.45642 4.99059 0
      vertex 3.6 5 2.5
      vertex 3.45642 4.99059 2.5
    endloop
  endfacet
  facet normal 0.0653981 -0.997859 0
    outer loop
      vertex 3.45642 4.99059 0
      vertex 3.6 5 0
      vertex 3.6 5 2.5
    endloop
  endfacet
  facet normal 0.0653981 -0.997859 0
    outer loop
      vertex 3.45642 4.99059 -1.2
      vertex 3.6 5 0
      vertex 3.45642 4.99059 0
    endloop
  endfacet
  facet normal 0.0653981 -0.997859 0
    outer loop
      vertex 3.6 5 0
      vertex 3.45642 4.99059 -1.2
      vertex 3.6 5 -1.2
    endloop
  endfacet
  facet normal -0.946931 0.321435 0
    outer loop
      vertex 4.61627 3.47905 0
      vertex 4.66252 3.6153 0
      vertex 4.66252 3.6153 -1.2
    endloop
  endfacet
  facet normal -0.946931 0.321435 0
    outer loop
      vertex 4.61627 3.47905 0
      vertex 4.66252 3.6153 -1.2
      vertex 4.61627 3.47905 -1.2
    endloop
  endfacet
  facet normal -0.946931 0.321435 0
    outer loop
      vertex 4.66252 3.6153 0
      vertex 4.61627 3.47905 0
      vertex 4.66252 3.6153 2.5
    endloop
  endfacet
  facet normal -0.946931 0.321435 0
    outer loop
      vertex 4.66252 3.6153 2.5
      vertex 4.61627 3.47905 0
      vertex 4.61627 3.47905 2.5
    endloop
  endfacet
  facet normal 0.896874 0.442286 0
    outer loop
      vertex 2.64737 3.35 0
      vertex 2.58373 3.47905 0
      vertex 2.58373 3.47905 2.5
    endloop
  endfacet
  facet normal 0.896874 0.442286 -0
    outer loop
      vertex 2.64737 3.35 0
      vertex 2.58373 3.47905 2.5
      vertex 2.64737 3.35 2.5
    endloop
  endfacet
  facet normal 0.896874 0.442286 0
    outer loop
      vertex 2.58373 3.47905 0
      vertex 2.64737 3.35 0
      vertex 2.58373 3.47905 -1.2
    endloop
  endfacet
  facet normal 0.896874 0.442286 0
    outer loop
      vertex 2.58373 3.47905 -1.2
      vertex 2.64737 3.35 0
      vertex 2.64737 3.35 -1.2
    endloop
  endfacet
  facet normal -0.896874 -0.442286 0
    outer loop
      vertex 4.61627 4.32095 0
      vertex 4.55263 4.45 0
      vertex 4.55263 4.45 -1.2
    endloop
  endfacet
  facet normal -0.896874 -0.442286 -0
    outer loop
      vertex 4.61627 4.32095 0
      vertex 4.55263 4.45 -1.2
      vertex 4.61627 4.32095 -1.2
    endloop
  endfacet
  facet normal -0.896874 -0.442286 0
    outer loop
      vertex 4.55263 4.45 0
      vertex 4.61627 4.32095 0
      vertex 4.55263 4.45 2.5
    endloop
  endfacet
  facet normal -0.896874 -0.442286 0
    outer loop
      vertex 4.55263 4.45 2.5
      vertex 4.61627 4.32095 0
      vertex 4.61627 4.32095 2.5
    endloop
  endfacet
  facet normal 0.659341 0.751844 -0
    outer loop
      vertex 2.93036 3.02731 0
      vertex 2.82218 3.12218 2.5
      vertex 2.93036 3.02731 2.5
    endloop
  endfacet
  facet normal 0.659341 0.751844 0
    outer loop
      vertex 2.93036 3.02731 0
      vertex 2.82218 3.12218 0
      vertex 2.82218 3.12218 2.5
    endloop
  endfacet
  facet normal 0.659341 0.751844 -0
    outer loop
      vertex 2.93036 3.02731 -1.2
      vertex 2.82218 3.12218 0
      vertex 2.93036 3.02731 0
    endloop
  endfacet
  facet normal 0.659341 0.751844 0
    outer loop
      vertex 2.82218 3.12218 0
      vertex 2.93036 3.02731 -1.2
      vertex 2.82218 3.12218 -1.2
    endloop
  endfacet
  facet normal 0.751844 -0.659341 0
    outer loop
      vertex 2.72731 4.56964 0
      vertex 2.82218 4.67782 0
      vertex 2.82218 4.67782 2.5
    endloop
  endfacet
  facet normal 0.751844 -0.659341 0
    outer loop
      vertex 2.72731 4.56964 0
      vertex 2.82218 4.67782 2.5
      vertex 2.72731 4.56964 2.5
    endloop
  endfacet
  facet normal 0.751844 -0.659341 0
    outer loop
      vertex 2.82218 4.67782 0
      vertex 2.72731 4.56964 0
      vertex 2.82218 4.67782 -1.2
    endloop
  endfacet
  facet normal 0.751844 -0.659341 0
    outer loop
      vertex 2.82218 4.67782 -1.2
      vertex 2.72731 4.56964 0
      vertex 2.72731 4.56964 -1.2
    endloop
  endfacet
  facet normal -0.555566 -0.831472 0
    outer loop
      vertex 4.15 4.85263 0
      vertex 4.26964 4.77269 2.5
      vertex 4.15 4.85263 2.5
    endloop
  endfacet
  facet normal -0.555566 -0.831472 0
    outer loop
      vertex 4.15 4.85263 0
      vertex 4.26964 4.77269 0
      vertex 4.26964 4.77269 2.5
    endloop
  endfacet
  facet normal -0.555566 -0.831472 0
    outer loop
      vertex 4.15 4.85263 -1.2
      vertex 4.26964 4.77269 0
      vertex 4.15 4.85263 0
    endloop
  endfacet
  facet normal -0.555566 -0.831472 -0
    outer loop
      vertex 4.26964 4.77269 0
      vertex 4.15 4.85263 -1.2
      vertex 4.26964 4.77269 -1.2
    endloop
  endfacet
  facet normal 0.946931 -0.321435 0
    outer loop
      vertex 2.53748 4.1847 0
      vertex 2.58373 4.32095 0
      vertex 2.58373 4.32095 2.5
    endloop
  endfacet
  facet normal 0.946931 -0.321435 0
    outer loop
      vertex 2.53748 4.1847 0
      vertex 2.58373 4.32095 2.5
      vertex 2.53748 4.1847 2.5
    endloop
  endfacet
  facet normal 0.946931 -0.321435 0
    outer loop
      vertex 2.58373 4.32095 0
      vertex 2.53748 4.1847 0
      vertex 2.58373 4.32095 -1.2
    endloop
  endfacet
  facet normal 0.946931 -0.321435 0
    outer loop
      vertex 2.58373 4.32095 -1.2
      vertex 2.53748 4.1847 0
      vertex 2.53748 4.1847 -1.2
    endloop
  endfacet
  facet normal -0.831472 -0.555566 0
    outer loop
      vertex 4.55263 4.45 0
      vertex 4.47269 4.56964 0
      vertex 4.47269 4.56964 -1.2
    endloop
  endfacet
  facet normal -0.831472 -0.555566 -0
    outer loop
      vertex 4.55263 4.45 0
      vertex 4.47269 4.56964 -1.2
      vertex 4.55263 4.45 -1.2
    endloop
  endfacet
  facet normal -0.831472 -0.555566 0
    outer loop
      vertex 4.47269 4.56964 0
      vertex 4.55263 4.45 0
      vertex 4.47269 4.56964 2.5
    endloop
  endfacet
  facet normal -0.831472 -0.555566 0
    outer loop
      vertex 4.47269 4.56964 2.5
      vertex 4.55263 4.45 0
      vertex 4.55263 4.45 2.5
    endloop
  endfacet
  facet normal -0.997859 0.0653981 0
    outer loop
      vertex 4.69059 3.75642 0
      vertex 4.7 3.9 0
      vertex 4.7 3.9 -1.2
    endloop
  endfacet
  facet normal -0.997859 0.0653981 0
    outer loop
      vertex 4.69059 3.75642 0
      vertex 4.7 3.9 -1.2
      vertex 4.69059 3.75642 -1.2
    endloop
  endfacet
  facet normal -0.997859 0.0653981 0
    outer loop
      vertex 4.7 3.9 0
      vertex 4.69059 3.75642 0
      vertex 4.7 3.9 2.5
    endloop
  endfacet
  facet normal -0.997859 0.0653981 0
    outer loop
      vertex 4.7 3.9 2.5
      vertex 4.69059 3.75642 0
      vertex 4.69059 3.75642 2.5
    endloop
  endfacet
  facet normal -0.195087 0.980786 0
    outer loop
      vertex 3.8847 2.83748 0
      vertex 3.74358 2.80941 2.5
      vertex 3.8847 2.83748 2.5
    endloop
  endfacet
  facet normal -0.195087 0.980786 0
    outer loop
      vertex 3.8847 2.83748 0
      vertex 3.74358 2.80941 0
      vertex 3.74358 2.80941 2.5
    endloop
  endfacet
  facet normal -0.195087 0.980786 0
    outer loop
      vertex 3.8847 2.83748 -1.2
      vertex 3.74358 2.80941 0
      vertex 3.8847 2.83748 0
    endloop
  endfacet
  facet normal -0.195087 0.980786 0
    outer loop
      vertex 3.74358 2.80941 0
      vertex 3.8847 2.83748 -1.2
      vertex 3.74358 2.80941 -1.2
    endloop
  endfacet
  facet normal -0.659341 0.751844 0
    outer loop
      vertex 4.37782 3.12218 0
      vertex 4.26964 3.02731 2.5
      vertex 4.37782 3.12218 2.5
    endloop
  endfacet
  facet normal -0.659341 0.751844 0
    outer loop
      vertex 4.37782 3.12218 0
      vertex 4.26964 3.02731 0
      vertex 4.26964 3.02731 2.5
    endloop
  endfacet
  facet normal -0.659341 0.751844 0
    outer loop
      vertex 4.37782 3.12218 -1.2
      vertex 4.26964 3.02731 0
      vertex 4.37782 3.12218 0
    endloop
  endfacet
  facet normal -0.659341 0.751844 0
    outer loop
      vertex 4.26964 3.02731 0
      vertex 4.37782 3.12218 -1.2
      vertex 4.26964 3.02731 -1.2
    endloop
  endfacet
  facet normal 0.997859 -0.0653981 0
    outer loop
      vertex 2.5 3.9 0
      vertex 2.50941 4.04358 0
      vertex 2.50941 4.04358 2.5
    endloop
  endfacet
  facet normal 0.997859 -0.0653981 0
    outer loop
      vertex 2.5 3.9 0
      vertex 2.50941 4.04358 2.5
      vertex 2.5 3.9 2.5
    endloop
  endfacet
  facet normal 0.997859 -0.0653981 0
    outer loop
      vertex 2.50941 4.04358 0
      vertex 2.5 3.9 0
      vertex 2.50941 4.04358 -1.2
    endloop
  endfacet
  facet normal 0.997859 -0.0653981 0
    outer loop
      vertex 2.50941 4.04358 -1.2
      vertex 2.5 3.9 0
      vertex 2.5 3.9 -1.2
    endloop
  endfacet
  facet normal 0.751844 0.659341 0
    outer loop
      vertex 2.82218 3.12218 0
      vertex 2.72731 3.23036 0
      vertex 2.72731 3.23036 2.5
    endloop
  endfacet
  facet normal 0.751844 0.659341 -0
    outer loop
      vertex 2.82218 3.12218 0
      vertex 2.72731 3.23036 2.5
      vertex 2.82218 3.12218 2.5
    endloop
  endfacet
  facet normal 0.751844 0.659341 0
    outer loop
      vertex 2.72731 3.23036 0
      vertex 2.82218 3.12218 0
      vertex 2.72731 3.23036 -1.2
    endloop
  endfacet
  facet normal 0.751844 0.659341 0
    outer loop
      vertex 2.72731 3.23036 -1.2
      vertex 2.82218 3.12218 0
      vertex 2.82218 3.12218 -1.2
    endloop
  endfacet
  facet normal 0.442286 -0.896874 0
    outer loop
      vertex 3.05 4.85263 0
      vertex 3.17905 4.91627 2.5
      vertex 3.05 4.85263 2.5
    endloop
  endfacet
  facet normal 0.442286 -0.896874 0
    outer loop
      vertex 3.05 4.85263 0
      vertex 3.17905 4.91627 0
      vertex 3.17905 4.91627 2.5
    endloop
  endfacet
  facet normal 0.442286 -0.896874 0
    outer loop
      vertex 3.05 4.85263 -1.2
      vertex 3.17905 4.91627 0
      vertex 3.05 4.85263 0
    endloop
  endfacet
  facet normal 0.442286 -0.896874 0
    outer loop
      vertex 3.17905 4.91627 0
      vertex 3.05 4.85263 -1.2
      vertex 3.17905 4.91627 -1.2
    endloop
  endfacet
  facet normal -0.555566 0.831472 0
    outer loop
      vertex 4.26964 3.02731 0
      vertex 4.15 2.94737 2.5
      vertex 4.26964 3.02731 2.5
    endloop
  endfacet
  facet normal -0.555566 0.831472 0
    outer loop
      vertex 4.26964 3.02731 0
      vertex 4.15 2.94737 0
      vertex 4.15 2.94737 2.5
    endloop
  endfacet
  facet normal -0.555566 0.831472 0
    outer loop
      vertex 4.26964 3.02731 -1.2
      vertex 4.15 2.94737 0
      vertex 4.26964 3.02731 0
    endloop
  endfacet
  facet normal -0.555566 0.831472 0
    outer loop
      vertex 4.15 2.94737 0
      vertex 4.26964 3.02731 -1.2
      vertex 4.15 2.94737 -1.2
    endloop
  endfacet
  facet normal 0.659341 -0.751844 0
    outer loop
      vertex 2.82218 4.67782 0
      vertex 2.93036 4.77269 2.5
      vertex 2.82218 4.67782 2.5
    endloop
  endfacet
  facet normal 0.659341 -0.751844 0
    outer loop
      vertex 2.82218 4.67782 0
      vertex 2.93036 4.77269 0
      vertex 2.93036 4.77269 2.5
    endloop
  endfacet
  facet normal 0.659341 -0.751844 0
    outer loop
      vertex 2.82218 4.67782 -1.2
      vertex 2.93036 4.77269 0
      vertex 2.82218 4.67782 0
    endloop
  endfacet
  facet normal 0.659341 -0.751844 0
    outer loop
      vertex 2.93036 4.77269 0
      vertex 2.82218 4.67782 -1.2
      vertex 2.93036 4.77269 -1.2
    endloop
  endfacet
  facet normal -0.980786 0.195087 0
    outer loop
      vertex 4.66252 3.6153 0
      vertex 4.69059 3.75642 0
      vertex 4.69059 3.75642 -1.2
    endloop
  endfacet
  facet normal -0.980786 0.195087 0
    outer loop
      vertex 4.66252 3.6153 0
      vertex 4.69059 3.75642 -1.2
      vertex 4.66252 3.6153 -1.2
    endloop
  endfacet
  facet normal -0.980786 0.195087 0
    outer loop
      vertex 4.69059 3.75642 0
      vertex 4.66252 3.6153 0
      vertex 4.69059 3.75642 2.5
    endloop
  endfacet
  facet normal -0.980786 0.195087 0
    outer loop
      vertex 4.69059 3.75642 2.5
      vertex 4.66252 3.6153 0
      vertex 4.66252 3.6153 2.5
    endloop
  endfacet
  facet normal 0.442286 0.896874 -0
    outer loop
      vertex 3.17905 2.88373 0
      vertex 3.05 2.94737 2.5
      vertex 3.17905 2.88373 2.5
    endloop
  endfacet
  facet normal 0.442286 0.896874 0
    outer loop
      vertex 3.17905 2.88373 0
      vertex 3.05 2.94737 0
      vertex 3.05 2.94737 2.5
    endloop
  endfacet
  facet normal 0.442286 0.896874 -0
    outer loop
      vertex 3.17905 2.88373 -1.2
      vertex 3.05 2.94737 0
      vertex 3.17905 2.88373 0
    endloop
  endfacet
  facet normal 0.442286 0.896874 0
    outer loop
      vertex 3.05 2.94737 0
      vertex 3.17905 2.88373 -1.2
      vertex 3.05 2.94737 -1.2
    endloop
  endfacet
  facet normal -0.751844 0.659341 0
    outer loop
      vertex 4.37782 3.12218 0
      vertex 4.47269 3.23036 0
      vertex 4.47269 3.23036 -1.2
    endloop
  endfacet
  facet normal -0.751844 0.659341 0
    outer loop
      vertex 4.37782 3.12218 0
      vertex 4.47269 3.23036 -1.2
      vertex 4.37782 3.12218 -1.2
    endloop
  endfacet
  facet normal -0.751844 0.659341 0
    outer loop
      vertex 4.47269 3.23036 0
      vertex 4.37782 3.12218 0
      vertex 4.47269 3.23036 2.5
    endloop
  endfacet
  facet normal -0.751844 0.659341 0
    outer loop
      vertex 4.47269 3.23036 2.5
      vertex 4.37782 3.12218 0
      vertex 4.37782 3.12218 2.5
    endloop
  endfacet
  facet normal -0.831472 0.555566 0
    outer loop
      vertex 4.47269 3.23036 0
      vertex 4.55263 3.35 0
      vertex 4.55263 3.35 -1.2
    endloop
  endfacet
  facet normal -0.831472 0.555566 0
    outer loop
      vertex 4.47269 3.23036 0
      vertex 4.55263 3.35 -1.2
      vertex 4.47269 3.23036 -1.2
    endloop
  endfacet
  facet normal -0.831472 0.555566 0
    outer loop
      vertex 4.55263 3.35 0
      vertex 4.47269 3.23036 0
      vertex 4.55263 3.35 2.5
    endloop
  endfacet
  facet normal -0.831472 0.555566 0
    outer loop
      vertex 4.55263 3.35 2.5
      vertex 4.47269 3.23036 0
      vertex 4.47269 3.23036 2.5
    endloop
  endfacet
  facet normal 0.980786 0.195087 0
    outer loop
      vertex 2.53748 3.6153 0
      vertex 2.50941 3.75642 0
      vertex 2.50941 3.75642 2.5
    endloop
  endfacet
  facet normal 0.980786 0.195087 -0
    outer loop
      vertex 2.53748 3.6153 0
      vertex 2.50941 3.75642 2.5
      vertex 2.53748 3.6153 2.5
    endloop
  endfacet
  facet normal 0.980786 0.195087 0
    outer loop
      vertex 2.50941 3.75642 0
      vertex 2.53748 3.6153 0
      vertex 2.50941 3.75642 -1.2
    endloop
  endfacet
  facet normal 0.980786 0.195087 0
    outer loop
      vertex 2.50941 3.75642 -1.2
      vertex 2.53748 3.6153 0
      vertex 2.53748 3.6153 -1.2
    endloop
  endfacet
  facet normal 0.195087 0.980786 -0
    outer loop
      vertex 3.45642 2.80941 0
      vertex 3.3153 2.83748 2.5
      vertex 3.45642 2.80941 2.5
    endloop
  endfacet
  facet normal 0.195087 0.980786 0
    outer loop
      vertex 3.45642 2.80941 0
      vertex 3.3153 2.83748 0
      vertex 3.3153 2.83748 2.5
    endloop
  endfacet
  facet normal 0.195087 0.980786 -0
    outer loop
      vertex 3.45642 2.80941 -1.2
      vertex 3.3153 2.83748 0
      vertex 3.45642 2.80941 0
    endloop
  endfacet
  facet normal 0.195087 0.980786 0
    outer loop
      vertex 3.3153 2.83748 0
      vertex 3.45642 2.80941 -1.2
      vertex 3.3153 2.83748 -1.2
    endloop
  endfacet
  facet normal -0.442286 0.896874 0
    outer loop
      vertex 4.15 2.94737 0
      vertex 4.02095 2.88373 2.5
      vertex 4.15 2.94737 2.5
    endloop
  endfacet
  facet normal -0.442286 0.896874 0
    outer loop
      vertex 4.15 2.94737 0
      vertex 4.02095 2.88373 0
      vertex 4.02095 2.88373 2.5
    endloop
  endfacet
  facet normal -0.442286 0.896874 0
    outer loop
      vertex 4.15 2.94737 -1.2
      vertex 4.02095 2.88373 0
      vertex 4.15 2.94737 0
    endloop
  endfacet
  facet normal -0.442286 0.896874 0
    outer loop
      vertex 4.02095 2.88373 0
      vertex 4.15 2.94737 -1.2
      vertex 4.02095 2.88373 -1.2
    endloop
  endfacet
  facet normal -0.0653981 0.997859 0
    outer loop
      vertex 3.74358 2.80941 0
      vertex 3.6 2.8 2.5
      vertex 3.74358 2.80941 2.5
    endloop
  endfacet
  facet normal -0.0653981 0.997859 0
    outer loop
      vertex 3.74358 2.80941 0
      vertex 3.6 2.8 0
      vertex 3.6 2.8 2.5
    endloop
  endfacet
  facet normal -0.0653981 0.997859 0
    outer loop
      vertex 3.74358 2.80941 -1.2
      vertex 3.6 2.8 0
      vertex 3.74358 2.80941 0
    endloop
  endfacet
  facet normal -0.0653981 0.997859 0
    outer loop
      vertex 3.6 2.8 0
      vertex 3.74358 2.80941 -1.2
      vertex 3.6 2.8 -1.2
    endloop
  endfacet
  facet normal 0.0653981 0.997859 -0
    outer loop
      vertex 3.6 2.8 0
      vertex 3.45642 2.80941 2.5
      vertex 3.6 2.8 2.5
    endloop
  endfacet
  facet normal 0.0653981 0.997859 0
    outer loop
      vertex 3.6 2.8 0
      vertex 3.45642 2.80941 0
      vertex 3.45642 2.80941 2.5
    endloop
  endfacet
  facet normal 0.0653981 0.997859 -0
    outer loop
      vertex 3.6 2.8 -1.2
      vertex 3.45642 2.80941 0
      vertex 3.6 2.8 0
    endloop
  endfacet
  facet normal 0.0653981 0.997859 0
    outer loop
      vertex 3.45642 2.80941 0
      vertex 3.6 2.8 -1.2
      vertex 3.45642 2.80941 -1.2
    endloop
  endfacet
  facet normal -0.896874 0.442286 0
    outer loop
      vertex 4.55263 3.35 0
      vertex 4.61627 3.47905 0
      vertex 4.61627 3.47905 -1.2
    endloop
  endfacet
  facet normal -0.896874 0.442286 0
    outer loop
      vertex 4.55263 3.35 0
      vertex 4.61627 3.47905 -1.2
      vertex 4.55263 3.35 -1.2
    endloop
  endfacet
  facet normal -0.896874 0.442286 0
    outer loop
      vertex 4.61627 3.47905 0
      vertex 4.55263 3.35 0
      vertex 4.61627 3.47905 2.5
    endloop
  endfacet
  facet normal -0.896874 0.442286 0
    outer loop
      vertex 4.61627 3.47905 2.5
      vertex 4.55263 3.35 0
      vertex 4.55263 3.35 2.5
    endloop
  endfacet
  facet normal -0.321435 -0.946931 0
    outer loop
      vertex 3.8847 4.96252 0
      vertex 4.02095 4.91627 2.5
      vertex 3.8847 4.96252 2.5
    endloop
  endfacet
  facet normal -0.321435 -0.946931 0
    outer loop
      vertex 3.8847 4.96252 0
      vertex 4.02095 4.91627 0
      vertex 4.02095 4.91627 2.5
    endloop
  endfacet
  facet normal -0.321435 -0.946931 0
    outer loop
      vertex 3.8847 4.96252 -1.2
      vertex 4.02095 4.91627 0
      vertex 3.8847 4.96252 0
    endloop
  endfacet
  facet normal -0.321435 -0.946931 -0
    outer loop
      vertex 4.02095 4.91627 0
      vertex 3.8847 4.96252 -1.2
      vertex 4.02095 4.91627 -1.2
    endloop
  endfacet
  facet normal -0.195087 -0.980786 0
    outer loop
      vertex 3.74358 4.99059 0
      vertex 3.8847 4.96252 2.5
      vertex 3.74358 4.99059 2.5
    endloop
  endfacet
  facet normal -0.195087 -0.980786 0
    outer loop
      vertex 3.74358 4.99059 0
      vertex 3.8847 4.96252 0
      vertex 3.8847 4.96252 2.5
    endloop
  endfacet
  facet normal -0.195087 -0.980786 0
    outer loop
      vertex 3.74358 4.99059 -1.2
      vertex 3.8847 4.96252 0
      vertex 3.74358 4.99059 0
    endloop
  endfacet
  facet normal -0.195087 -0.980786 -0
    outer loop
      vertex 3.8847 4.96252 0
      vertex 3.74358 4.99059 -1.2
      vertex 3.8847 4.96252 -1.2
    endloop
  endfacet
  facet normal 0.831472 -0.555566 0
    outer loop
      vertex 2.64737 4.45 0
      vertex 2.72731 4.56964 0
      vertex 2.72731 4.56964 2.5
    endloop
  endfacet
  facet normal 0.831472 -0.555566 0
    outer loop
      vertex 2.64737 4.45 0
      vertex 2.72731 4.56964 2.5
      vertex 2.64737 4.45 2.5
    endloop
  endfacet
  facet normal 0.831472 -0.555566 0
    outer loop
      vertex 2.72731 4.56964 0
      vertex 2.64737 4.45 0
      vertex 2.72731 4.56964 -1.2
    endloop
  endfacet
  facet normal 0.831472 -0.555566 0
    outer loop
      vertex 2.72731 4.56964 -1.2
      vertex 2.64737 4.45 0
      vertex 2.64737 4.45 -1.2
    endloop
  endfacet
  facet normal 0.980786 -0.195087 0
    outer loop
      vertex 2.50941 4.04358 0
      vertex 2.53748 4.1847 0
      vertex 2.53748 4.1847 2.5
    endloop
  endfacet
  facet normal 0.980786 -0.195087 0
    outer loop
      vertex 2.50941 4.04358 0
      vertex 2.53748 4.1847 2.5
      vertex 2.50941 4.04358 2.5
    endloop
  endfacet
  facet normal 0.980786 -0.195087 0
    outer loop
      vertex 2.53748 4.1847 0
      vertex 2.50941 4.04358 0
      vertex 2.53748 4.1847 -1.2
    endloop
  endfacet
  facet normal 0.980786 -0.195087 0
    outer loop
      vertex 2.53748 4.1847 -1.2
      vertex 2.50941 4.04358 0
      vertex 2.50941 4.04358 -1.2
    endloop
  endfacet
  facet normal -0.442286 -0.896874 0
    outer loop
      vertex 4.02095 4.91627 0
      vertex 4.15 4.85263 2.5
      vertex 4.02095 4.91627 2.5
    endloop
  endfacet
  facet normal -0.442286 -0.896874 0
    outer loop
      vertex 4.02095 4.91627 0
      vertex 4.15 4.85263 0
      vertex 4.15 4.85263 2.5
    endloop
  endfacet
  facet normal -0.442286 -0.896874 0
    outer loop
      vertex 4.02095 4.91627 -1.2
      vertex 4.15 4.85263 0
      vertex 4.02095 4.91627 0
    endloop
  endfacet
  facet normal -0.442286 -0.896874 -0
    outer loop
      vertex 4.15 4.85263 0
      vertex 4.02095 4.91627 -1.2
      vertex 4.15 4.85263 -1.2
    endloop
  endfacet
  facet normal -0.751844 -0.659341 0
    outer loop
      vertex 4.47269 4.56964 0
      vertex 4.37782 4.67782 0
      vertex 4.37782 4.67782 -1.2
    endloop
  endfacet
  facet normal -0.751844 -0.659341 -0
    outer loop
      vertex 4.47269 4.56964 0
      vertex 4.37782 4.67782 -1.2
      vertex 4.47269 4.56964 -1.2
    endloop
  endfacet
  facet normal -0.751844 -0.659341 0
    outer loop
      vertex 4.37782 4.67782 0
      vertex 4.47269 4.56964 0
      vertex 4.37782 4.67782 2.5
    endloop
  endfacet
  facet normal -0.751844 -0.659341 0
    outer loop
      vertex 4.37782 4.67782 2.5
      vertex 4.47269 4.56964 0
      vertex 4.47269 4.56964 2.5
    endloop
  endfacet
  facet normal 0.997859 0.0653981 0
    outer loop
      vertex 2.50941 3.75642 0
      vertex 2.5 3.9 0
      vertex 2.5 3.9 2.5
    endloop
  endfacet
  facet normal 0.997859 0.0653981 -0
    outer loop
      vertex 2.50941 3.75642 0
      vertex 2.5 3.9 2.5
      vertex 2.50941 3.75642 2.5
    endloop
  endfacet
  facet normal 0.997859 0.0653981 0
    outer loop
      vertex 2.5 3.9 0
      vertex 2.50941 3.75642 0
      vertex 2.5 3.9 -1.2
    endloop
  endfacet
  facet normal 0.997859 0.0653981 0
    outer loop
      vertex 2.5 3.9 -1.2
      vertex 2.50941 3.75642 0
      vertex 2.50941 3.75642 -1.2
    endloop
  endfacet
  facet normal 0.321435 -0.946931 0
    outer loop
      vertex 3.17905 4.91627 0
      vertex 3.3153 4.96252 2.5
      vertex 3.17905 4.91627 2.5
    endloop
  endfacet
  facet normal 0.321435 -0.946931 0
    outer loop
      vertex 3.17905 4.91627 0
      vertex 3.3153 4.96252 0
      vertex 3.3153 4.96252 2.5
    endloop
  endfacet
  facet normal 0.321435 -0.946931 0
    outer loop
      vertex 3.17905 4.91627 -1.2
      vertex 3.3153 4.96252 0
      vertex 3.17905 4.91627 0
    endloop
  endfacet
  facet normal 0.321435 -0.946931 0
    outer loop
      vertex 3.3153 4.96252 0
      vertex 3.17905 4.91627 -1.2
      vertex 3.3153 4.96252 -1.2
    endloop
  endfacet
  facet normal 0.555566 -0.831472 0
    outer loop
      vertex 2.93036 4.77269 0
      vertex 3.05 4.85263 2.5
      vertex 2.93036 4.77269 2.5
    endloop
  endfacet
  facet normal 0.555566 -0.831472 0
    outer loop
      vertex 2.93036 4.77269 0
      vertex 3.05 4.85263 0
      vertex 3.05 4.85263 2.5
    endloop
  endfacet
  facet normal 0.555566 -0.831472 0
    outer loop
      vertex 2.93036 4.77269 -1.2
      vertex 3.05 4.85263 0
      vertex 2.93036 4.77269 0
    endloop
  endfacet
  facet normal 0.555566 -0.831472 0
    outer loop
      vertex 3.05 4.85263 0
      vertex 2.93036 4.77269 -1.2
      vertex 3.05 4.85263 -1.2
    endloop
  endfacet
  facet normal 0.195087 -0.980786 0
    outer loop
      vertex 3.3153 4.96252 0
      vertex 3.45642 4.99059 2.5
      vertex 3.3153 4.96252 2.5
    endloop
  endfacet
  facet normal 0.195087 -0.980786 0
    outer loop
      vertex 3.3153 4.96252 0
      vertex 3.45642 4.99059 0
      vertex 3.45642 4.99059 2.5
    endloop
  endfacet
  facet normal 0.195087 -0.980786 0
    outer loop
      vertex 3.3153 4.96252 -1.2
      vertex 3.45642 4.99059 0
      vertex 3.3153 4.96252 0
    endloop
  endfacet
  facet normal 0.195087 -0.980786 0
    outer loop
      vertex 3.45642 4.99059 0
      vertex 3.3153 4.96252 -1.2
      vertex 3.45642 4.99059 -1.2
    endloop
  endfacet
  facet normal -0.0653981 -0.997859 0
    outer loop
      vertex 3.6 5 0
      vertex 3.74358 4.99059 2.5
      vertex 3.6 5 2.5
    endloop
  endfacet
  facet normal -0.0653981 -0.997859 0
    outer loop
      vertex 3.6 5 0
      vertex 3.74358 4.99059 0
      vertex 3.74358 4.99059 2.5
    endloop
  endfacet
  facet normal -0.0653981 -0.997859 0
    outer loop
      vertex 3.6 5 -1.2
      vertex 3.74358 4.99059 0
      vertex 3.6 5 0
    endloop
  endfacet
  facet normal -0.0653981 -0.997859 -0
    outer loop
      vertex 3.74358 4.99059 0
      vertex 3.6 5 -1.2
      vertex 3.74358 4.99059 -1.2
    endloop
  endfacet
  facet normal 0.946931 0.321435 0
    outer loop
      vertex 2.58373 3.47905 0
      vertex 2.53748 3.6153 0
      vertex 2.53748 3.6153 2.5
    endloop
  endfacet
  facet normal 0.946931 0.321435 -0
    outer loop
      vertex 2.58373 3.47905 0
      vertex 2.53748 3.6153 2.5
      vertex 2.58373 3.47905 2.5
    endloop
  endfacet
  facet normal 0.946931 0.321435 0
    outer loop
      vertex 2.53748 3.6153 0
      vertex 2.58373 3.47905 0
      vertex 2.53748 3.6153 -1.2
    endloop
  endfacet
  facet normal 0.946931 0.321435 0
    outer loop
      vertex 2.53748 3.6153 -1.2
      vertex 2.58373 3.47905 0
      vertex 2.58373 3.47905 -1.2
    endloop
  endfacet
  facet normal 0 0 1
    outer loop
      vertex 4.69059 4.04358 -1.2
      vertex 4.69059 3.75642 -1.2
      vertex 4.7 3.9 -1.2
    endloop
  endfacet
  facet normal 0 0 1
    outer loop
      vertex 4.66252 4.1847 -1.2
      vertex 4.69059 3.75642 -1.2
      vertex 4.69059 4.04358 -1.2
    endloop
  endfacet
  facet normal 0 0 1
    outer loop
      vertex 4.66252 4.1847 -1.2
      vertex 4.66252 3.6153 -1.2
      vertex 4.69059 3.75642 -1.2
    endloop
  endfacet
  facet normal 0 0 1
    outer loop
      vertex 4.61627 4.32095 -1.2
      vertex 4.66252 3.6153 -1.2
      vertex 4.66252 4.1847 -1.2
    endloop
  endfacet
  facet normal 0 0 1
    outer loop
      vertex 4.61627 4.32095 -1.2
      vertex 4.61627 3.47905 -1.2
      vertex 4.66252 3.6153 -1.2
    endloop
  endfacet
  facet normal 0 0 1
    outer loop
      vertex 4.55263 4.45 -1.2
      vertex 4.61627 3.47905 -1.2
      vertex 4.61627 4.32095 -1.2
    endloop
  endfacet
  facet normal 0 0 1
    outer loop
      vertex 4.55263 4.45 -1.2
      vertex 4.55263 3.35 -1.2
      vertex 4.61627 3.47905 -1.2
    endloop
  endfacet
  facet normal 0 0 1
    outer loop
      vertex 4.47269 4.56964 -1.2
      vertex 4.55263 3.35 -1.2
      vertex 4.55263 4.45 -1.2
    endloop
  endfacet
  facet normal 0 0 1
    outer loop
      vertex 4.47269 4.56964 -1.2
      vertex 4.47269 3.23036 -1.2
      vertex 4.55263 3.35 -1.2
    endloop
  endfacet
  facet normal 0 0 1
    outer loop
      vertex 4.37782 4.67782 -1.2
      vertex 4.47269 3.23036 -1.2
      vertex 4.47269 4.56964 -1.2
    endloop
  endfacet
  facet normal 0 0 1
    outer loop
      vertex 4.37782 4.67782 -1.2
      vertex 4.37782 3.12218 -1.2
      vertex 4.47269 3.23036 -1.2
    endloop
  endfacet
  facet normal 0 0 1
    outer loop
      vertex 4.26964 4.77269 -1.2
      vertex 4.37782 3.12218 -1.2
      vertex 4.37782 4.67782 -1.2
    endloop
  endfacet
  facet normal 0 0 1
    outer loop
      vertex 4.26964 4.77269 -1.2
      vertex 4.26964 3.02731 -1.2
      vertex 4.37782 3.12218 -1.2
    endloop
  endfacet
  facet normal 0 0 1
    outer loop
      vertex 4.15 4.85263 -1.2
      vertex 4.26964 3.02731 -1.2
      vertex 4.26964 4.77269 -1.2
    endloop
  endfacet
  facet normal 0 0 1
    outer loop
      vertex 4.15 4.85263 -1.2
      vertex 4.15 2.94737 -1.2
      vertex 4.26964 3.02731 -1.2
    endloop
  endfacet
  facet normal 0 0 1
    outer loop
      vertex 4.02095 4.91627 -1.2
      vertex 4.15 2.94737 -1.2
      vertex 4.15 4.85263 -1.2
    endloop
  endfacet
  facet normal 0 0 1
    outer loop
      vertex 4.02095 4.91627 -1.2
      vertex 4.02095 2.88373 -1.2
      vertex 4.15 2.94737 -1.2
    endloop
  endfacet
  facet normal 0 0 1
    outer loop
      vertex 3.8847 4.96252 -1.2
      vertex 4.02095 2.88373 -1.2
      vertex 4.02095 4.91627 -1.2
    endloop
  endfacet
  facet normal 0 0 1
    outer loop
      vertex 3.8847 4.96252 -1.2
      vertex 3.8847 2.83748 -1.2
      vertex 4.02095 2.88373 -1.2
    endloop
  endfacet
  facet normal 0 0 1
    outer loop
      vertex 3.74358 4.99059 -1.2
      vertex 3.8847 2.83748 -1.2
      vertex 3.8847 4.96252 -1.2
    endloop
  endfacet
  facet normal 0 0 1
    outer loop
      vertex 3.74358 4.99059 -1.2
      vertex 3.74358 2.80941 -1.2
      vertex 3.8847 2.83748 -1.2
    endloop
  endfacet
  facet normal 0 0 1
    outer loop
      vertex 3.6 5 -1.2
      vertex 3.74358 2.80941 -1.2
      vertex 3.74358 4.99059 -1.2
    endloop
  endfacet
  facet normal 0 0 1
    outer loop
      vertex 3.6 5 -1.2
      vertex 3.6 2.8 -1.2
      vertex 3.74358 2.80941 -1.2
    endloop
  endfacet
  facet normal -0 0 1
    outer loop
      vertex 3.45642 4.99059 -1.2
      vertex 3.6 2.8 -1.2
      vertex 3.6 5 -1.2
    endloop
  endfacet
  facet normal 0 0 1
    outer loop
      vertex 3.45642 4.99059 -1.2
      vertex 3.45642 2.80941 -1.2
      vertex 3.6 2.8 -1.2
    endloop
  endfacet
  facet normal -0 0 1
    outer loop
      vertex 3.3153 4.96252 -1.2
      vertex 3.45642 2.80941 -1.2
      vertex 3.45642 4.99059 -1.2
    endloop
  endfacet
  facet normal 0 0 1
    outer loop
      vertex 3.3153 4.96252 -1.2
      vertex 3.3153 2.83748 -1.2
      vertex 3.45642 2.80941 -1.2
    endloop
  endfacet
  facet normal -0 0 1
    outer loop
      vertex 3.17905 4.91627 -1.2
      vertex 3.3153 2.83748 -1.2
      vertex 3.3153 4.96252 -1.2
    endloop
  endfacet
  facet normal 0 0 1
    outer loop
      vertex 3.17905 4.91627 -1.2
      vertex 3.17905 2.88373 -1.2
      vertex 3.3153 2.83748 -1.2
    endloop
  endfacet
  facet normal -0 0 1
    outer loop
      vertex 3.05 4.85263 -1.2
      vertex 3.17905 2.88373 -1.2
      vertex 3.17905 4.91627 -1.2
    endloop
  endfacet
  facet normal 0 0 1
    outer loop
      vertex 3.05 4.85263 -1.2
      vertex 3.05 2.94737 -1.2
      vertex 3.17905 2.88373 -1.2
    endloop
  endfacet
  facet normal -0 0 1
    outer loop
      vertex 2.93036 4.77269 -1.2
      vertex 3.05 2.94737 -1.2
      vertex 3.05 4.85263 -1.2
    endloop
  endfacet
  facet normal 0 0 1
    outer loop
      vertex 2.93036 4.77269 -1.2
      vertex 2.93036 3.02731 -1.2
      vertex 3.05 2.94737 -1.2
    endloop
  endfacet
  facet normal -0 0 1
    outer loop
      vertex 2.82218 4.67782 -1.2
      vertex 2.93036 3.02731 -1.2
      vertex 2.93036 4.77269 -1.2
    endloop
  endfacet
  facet normal 0 0 1
    outer loop
      vertex 2.82218 4.67782 -1.2
      vertex 2.82218 3.12218 -1.2
      vertex 2.93036 3.02731 -1.2
    endloop
  endfacet
  facet normal -0 0 1
    outer loop
      vertex 2.72731 4.56964 -1.2
      vertex 2.82218 3.12218 -1.2
      vertex 2.82218 4.67782 -1.2
    endloop
  endfacet
  facet normal 0 0 1
    outer loop
      vertex 2.72731 4.56964 -1.2
      vertex 2.72731 3.23036 -1.2
      vertex 2.82218 3.12218 -1.2
    endloop
  endfacet
  facet normal -0 0 1
    outer loop
      vertex 2.64737 4.45 -1.2
      vertex 2.72731 3.23036 -1.2
      vertex 2.72731 4.56964 -1.2
    endloop
  endfacet
  facet normal 0 0 1
    outer loop
      vertex 2.64737 4.45 -1.2
      vertex 2.64737 3.35 -1.2
      vertex 2.72731 3.23036 -1.2
    endloop
  endfacet
  facet normal -0 0 1
    outer loop
      vertex 2.58373 4.32095 -1.2
      vertex 2.64737 3.35 -1.2
      vertex 2.64737 4.45 -1.2
    endloop
  endfacet
  facet normal 0 0 1
    outer loop
      vertex 2.58373 4.32095 -1.2
      vertex 2.58373 3.47905 -1.2
      vertex 2.64737 3.35 -1.2
    endloop
  endfacet
  facet normal -0 0 1
    outer loop
      vertex 2.53748 4.1847 -1.2
      vertex 2.58373 3.47905 -1.2
      vertex 2.58373 4.32095 -1.2
    endloop
  endfacet
  facet normal 0 0 1
    outer loop
      vertex 2.53748 4.1847 -1.2
      vertex 2.53748 3.6153 -1.2
      vertex 2.58373 3.47905 -1.2
    endloop
  endfacet
  facet normal -0 0 1
    outer loop
      vertex 2.50941 4.04358 -1.2
      vertex 2.53748 3.6153 -1.2
      vertex 2.53748 4.1847 -1.2
    endloop
  endfacet
  facet normal 0 0 1
    outer loop
      vertex 2.50941 4.04358 -1.2
      vertex 2.50941 3.75642 -1.2
      vertex 2.53748 3.6153 -1.2
    endloop
  endfacet
  facet normal 0 -0 1
    outer loop
      vertex 2.50941 3.75642 -1.2
      vertex 2.50941 4.04358 -1.2
      vertex 2.5 3.9 -1.2
    endloop
  endfacet
  facet normal 0.831472 0.555566 0
    outer loop
      vertex 2.72731 3.23036 0
      vertex 2.64737 3.35 0
      vertex 2.64737 3.35 2.5
    endloop
  endfacet
  facet normal 0.831472 0.555566 -0
    outer loop
      vertex 2.72731 3.23036 0
      vertex 2.64737 3.35 2.5
      vertex 2.72731 3.23036 2.5
    endloop
  endfacet
  facet normal 0.831472 0.555566 0
    outer loop
      vertex 2.64737 3.35 0
      vertex 2.72731 3.23036 0
      vertex 2.64737 3.35 -1.2
    endloop
  endfacet
  facet normal 0.831472 0.555566 0
    outer loop
      vertex 2.64737 3.35 -1.2
      vertex 2.72731 3.23036 0
      vertex 2.72731 3.23036 -1.2
    endloop
  endfacet
  facet normal 0.555566 0.831472 -0
    outer loop
      vertex 3.05 2.94737 0
      vertex 2.93036 3.02731 2.5
      vertex 3.05 2.94737 2.5
    endloop
  endfacet
  facet normal 0.555566 0.831472 0
    outer loop
      vertex 3.05 2.94737 0
      vertex 2.93036 3.02731 0
      vertex 2.93036 3.02731 2.5
    endloop
  endfacet
  facet normal 0.555566 0.831472 -0
    outer loop
      vertex 3.05 2.94737 -1.2
      vertex 2.93036 3.02731 0
      vertex 3.05 2.94737 0
    endloop
  endfacet
  facet normal 0.555566 0.831472 0
    outer loop
      vertex 2.93036 3.02731 0
      vertex 3.05 2.94737 -1.2
      vertex 2.93036 3.02731 -1.2
    endloop
  endfacet
  facet normal 0.321435 0.946931 -0
    outer loop
      vertex 3.3153 2.83748 0
      vertex 3.17905 2.88373 2.5
      vertex 3.3153 2.83748 2.5
    endloop
  endfacet
  facet normal 0.321435 0.946931 0
    outer loop
      vertex 3.3153 2.83748 0
      vertex 3.17905 2.88373 0
      vertex 3.17905 2.88373 2.5
    endloop
  endfacet
  facet normal 0.321435 0.946931 -0
    outer loop
      vertex 3.3153 2.83748 -1.2
      vertex 3.17905 2.88373 0
      vertex 3.3153 2.83748 0
    endloop
  endfacet
  facet normal 0.321435 0.946931 0
    outer loop
      vertex 3.17905 2.88373 0
      vertex 3.3153 2.83748 -1.2
      vertex 3.17905 2.88373 -1.2
    endloop
  endfacet
  facet normal 0.896874 -0.442286 0
    outer loop
      vertex 2.58373 4.32095 0
      vertex 2.64737 4.45 0
      vertex 2.64737 4.45 2.5
    endloop
  endfacet
  facet normal 0.896874 -0.442286 0
    outer loop
      vertex 2.58373 4.32095 0
      vertex 2.64737 4.45 2.5
      vertex 2.58373 4.32095 2.5
    endloop
  endfacet
  facet normal 0.896874 -0.442286 0
    outer loop
      vertex 2.64737 4.45 0
      vertex 2.58373 4.32095 0
      vertex 2.64737 4.45 -1.2
    endloop
  endfacet
  facet normal 0.896874 -0.442286 0
    outer loop
      vertex 2.64737 4.45 -1.2
      vertex 2.58373 4.32095 0
      vertex 2.58373 4.32095 -1.2
    endloop
  endfacet
  facet normal 0.65939 0.751801 -0
    outer loop
      vertex 39.5304 26.0273 0
      vertex 39.4222 26.1222 2.5
      vertex 39.5304 26.0273 2.5
    endloop
  endfacet
  facet normal 0.65939 0.751801 0
    outer loop
      vertex 39.5304 26.0273 0
      vertex 39.4222 26.1222 0
      vertex 39.4222 26.1222 2.5
    endloop
  endfacet
  facet normal 0.65939 0.751801 -0
    outer loop
      vertex 39.5304 26.0273 -1.2
      vertex 39.4222 26.1222 0
      vertex 39.5304 26.0273 0
    endloop
  endfacet
  facet normal 0.65939 0.751801 0
    outer loop
      vertex 39.4222 26.1222 0
      vertex 39.5304 26.0273 -1.2
      vertex 39.4222 26.1222 -1.2
    endloop
  endfacet
  facet normal -0.980741 -0.195314 0
    outer loop
      vertex 41.2906 27.0436 0
      vertex 41.2625 27.1847 0
      vertex 41.2625 27.1847 -1.2
    endloop
  endfacet
  facet normal -0.980741 -0.195314 -0
    outer loop
      vertex 41.2906 27.0436 0
      vertex 41.2625 27.1847 -1.2
      vertex 41.2906 27.0436 -1.2
    endloop
  endfacet
  facet normal -0.980741 -0.195314 0
    outer loop
      vertex 41.2625 27.1847 0
      vertex 41.2906 27.0436 0
      vertex 41.2625 27.1847 2.5
    endloop
  endfacet
  facet normal -0.980741 -0.195314 0
    outer loop
      vertex 41.2625 27.1847 2.5
      vertex 41.2906 27.0436 0
      vertex 41.2906 27.0436 2.5
    endloop
  endfacet
  facet normal -0.997864 -0.0653198 0
    outer loop
      vertex 41.3 26.9 0
      vertex 41.2906 27.0436 0
      vertex 41.2906 27.0436 -1.2
    endloop
  endfacet
  facet normal -0.997864 -0.0653198 -0
    outer loop
      vertex 41.3 26.9 0
      vertex 41.2906 27.0436 -1.2
      vertex 41.3 26.9 -1.2
    endloop
  endfacet
  facet normal -0.997864 -0.0653198 0
    outer loop
      vertex 41.2906 27.0436 0
      vertex 41.3 26.9 0
      vertex 41.2906 27.0436 2.5
    endloop
  endfacet
  facet normal -0.997864 -0.0653198 0
    outer loop
      vertex 41.2906 27.0436 2.5
      vertex 41.3 26.9 0
      vertex 41.3 26.9 2.5
    endloop
  endfacet
  facet normal -0.947073 -0.321018 0
    outer loop
      vertex 41.2625 27.1847 0
      vertex 41.2163 27.321 0
      vertex 41.2163 27.321 -1.2
    endloop
  endfacet
  facet normal -0.947073 -0.321018 -0
    outer loop
      vertex 41.2625 27.1847 0
      vertex 41.2163 27.321 -1.2
      vertex 41.2625 27.1847 -1.2
    endloop
  endfacet
  facet normal -0.947073 -0.321018 0
    outer loop
      vertex 41.2163 27.321 0
      vertex 41.2625 27.1847 0
      vertex 41.2163 27.321 2.5
    endloop
  endfacet
  facet normal -0.947073 -0.321018 0
    outer loop
      vertex 41.2163 27.321 2.5
      vertex 41.2625 27.1847 0
      vertex 41.2625 27.1847 2.5
    endloop
  endfacet
  facet normal -0.44276 -0.89664 0
    outer loop
      vertex 40.621 27.9163 0
      vertex 40.75 27.8526 2.5
      vertex 40.621 27.9163 2.5
    endloop
  endfacet
  facet normal -0.44276 -0.89664 0
    outer loop
      vertex 40.621 27.9163 0
      vertex 40.75 27.8526 0
      vertex 40.75 27.8526 2.5
    endloop
  endfacet
  facet normal -0.44276 -0.89664 0
    outer loop
      vertex 40.621 27.9163 -1.2
      vertex 40.75 27.8526 0
      vertex 40.621 27.9163 0
    endloop
  endfacet
  facet normal -0.44276 -0.89664 -0
    outer loop
      vertex 40.75 27.8526 0
      vertex 40.621 27.9163 -1.2
      vertex 40.75 27.8526 -1.2
    endloop
  endfacet
  facet normal -0.980741 0.195314 0
    outer loop
      vertex 41.2625 26.6153 0
      vertex 41.2906 26.7564 0
      vertex 41.2906 26.7564 -1.2
    endloop
  endfacet
  facet normal -0.980741 0.195314 0
    outer loop
      vertex 41.2625 26.6153 0
      vertex 41.2906 26.7564 -1.2
      vertex 41.2625 26.6153 -1.2
    endloop
  endfacet
  facet normal -0.980741 0.195314 0
    outer loop
      vertex 41.2906 26.7564 0
      vertex 41.2625 26.6153 0
      vertex 41.2906 26.7564 2.5
    endloop
  endfacet
  facet normal -0.980741 0.195314 0
    outer loop
      vertex 41.2906 26.7564 2.5
      vertex 41.2625 26.6153 0
      vertex 41.2625 26.6153 2.5
    endloop
  endfacet
  facet normal 0.195314 -0.980741 0
    outer loop
      vertex 39.9153 27.9625 0
      vertex 40.0564 27.9906 2.5
      vertex 39.9153 27.9625 2.5
    endloop
  endfacet
  facet normal 0.195314 -0.980741 0
    outer loop
      vertex 39.9153 27.9625 0
      vertex 40.0564 27.9906 0
      vertex 40.0564 27.9906 2.5
    endloop
  endfacet
  facet normal 0.195314 -0.980741 0
    outer loop
      vertex 39.9153 27.9625 -1.2
      vertex 40.0564 27.9906 0
      vertex 39.9153 27.9625 0
    endloop
  endfacet
  facet normal 0.195314 -0.980741 0
    outer loop
      vertex 40.0564 27.9906 0
      vertex 39.9153 27.9625 -1.2
      vertex 40.0564 27.9906 -1.2
    endloop
  endfacet
  facet normal -0.0653198 0.997864 0
    outer loop
      vertex 40.3436 25.8094 0
      vertex 40.2 25.8 2.5
      vertex 40.3436 25.8094 2.5
    endloop
  endfacet
  facet normal -0.0653198 0.997864 0
    outer loop
      vertex 40.3436 25.8094 0
      vertex 40.2 25.8 0
      vertex 40.2 25.8 2.5
    endloop
  endfacet
  facet normal -0.0653198 0.997864 0
    outer loop
      vertex 40.3436 25.8094 -1.2
      vertex 40.2 25.8 0
      vertex 40.3436 25.8094 0
    endloop
  endfacet
  facet normal -0.0653198 0.997864 0
    outer loop
      vertex 40.2 25.8 0
      vertex 40.3436 25.8094 -1.2
      vertex 40.2 25.8 -1.2
    endloop
  endfacet
  facet normal 0.831515 0.555502 0
    outer loop
      vertex 39.3273 26.2304 0
      vertex 39.2474 26.35 0
      vertex 39.2474 26.35 2.5
    endloop
  endfacet
  facet normal 0.831515 0.555502 -0
    outer loop
      vertex 39.3273 26.2304 0
      vertex 39.2474 26.35 2.5
      vertex 39.3273 26.2304 2.5
    endloop
  endfacet
  facet normal 0.831515 0.555502 0
    outer loop
      vertex 39.2474 26.35 0
      vertex 39.3273 26.2304 0
      vertex 39.2474 26.35 -1.2
    endloop
  endfacet
  facet normal 0.831515 0.555502 0
    outer loop
      vertex 39.2474 26.35 -1.2
      vertex 39.3273 26.2304 0
      vertex 39.3273 26.2304 -1.2
    endloop
  endfacet
  facet normal -0.89664 -0.44276 0
    outer loop
      vertex 41.2163 27.321 0
      vertex 41.1526 27.45 0
      vertex 41.1526 27.45 -1.2
    endloop
  endfacet
  facet normal -0.89664 -0.44276 -0
    outer loop
      vertex 41.2163 27.321 0
      vertex 41.1526 27.45 -1.2
      vertex 41.2163 27.321 -1.2
    endloop
  endfacet
  facet normal -0.89664 -0.44276 0
    outer loop
      vertex 41.1526 27.45 0
      vertex 41.2163 27.321 0
      vertex 41.1526 27.45 2.5
    endloop
  endfacet
  facet normal -0.89664 -0.44276 0
    outer loop
      vertex 41.1526 27.45 2.5
      vertex 41.2163 27.321 0
      vertex 41.2163 27.321 2.5
    endloop
  endfacet
  facet normal 0.997864 -0.0653198 0
    outer loop
      vertex 39.1 26.9 0
      vertex 39.1094 27.0436 0
      vertex 39.1094 27.0436 2.5
    endloop
  endfacet
  facet normal 0.997864 -0.0653198 0
    outer loop
      vertex 39.1 26.9 0
      vertex 39.1094 27.0436 2.5
      vertex 39.1 26.9 2.5
    endloop
  endfacet
  facet normal 0.997864 -0.0653198 0
    outer loop
      vertex 39.1094 27.0436 0
      vertex 39.1 26.9 0
      vertex 39.1094 27.0436 -1.2
    endloop
  endfacet
  facet normal 0.997864 -0.0653198 0
    outer loop
      vertex 39.1094 27.0436 -1.2
      vertex 39.1 26.9 0
      vertex 39.1 26.9 -1.2
    endloop
  endfacet
  facet normal -0.555502 0.831515 0
    outer loop
      vertex 40.8696 26.0273 0
      vertex 40.75 25.9474 2.5
      vertex 40.8696 26.0273 2.5
    endloop
  endfacet
  facet normal -0.555502 0.831515 0
    outer loop
      vertex 40.8696 26.0273 0
      vertex 40.75 25.9474 0
      vertex 40.75 25.9474 2.5
    endloop
  endfacet
  facet normal -0.555502 0.831515 0
    outer loop
      vertex 40.8696 26.0273 -1.2
      vertex 40.75 25.9474 0
      vertex 40.8696 26.0273 0
    endloop
  endfacet
  facet normal -0.555502 0.831515 0
    outer loop
      vertex 40.75 25.9474 0
      vertex 40.8696 26.0273 -1.2
      vertex 40.75 25.9474 -1.2
    endloop
  endfacet
  facet normal -0.65939 0.751801 0
    outer loop
      vertex 40.9778 26.1222 0
      vertex 40.8696 26.0273 2.5
      vertex 40.9778 26.1222 2.5
    endloop
  endfacet
  facet normal -0.65939 0.751801 0
    outer loop
      vertex 40.9778 26.1222 0
      vertex 40.8696 26.0273 0
      vertex 40.8696 26.0273 2.5
    endloop
  endfacet
  facet normal -0.65939 0.751801 0
    outer loop
      vertex 40.9778 26.1222 -1.2
      vertex 40.8696 26.0273 0
      vertex 40.9778 26.1222 0
    endloop
  endfacet
  facet normal -0.65939 0.751801 0
    outer loop
      vertex 40.8696 26.0273 0
      vertex 40.9778 26.1222 -1.2
      vertex 40.8696 26.0273 -1.2
    endloop
  endfacet
  facet normal 0.980741 -0.195314 0
    outer loop
      vertex 39.1094 27.0436 0
      vertex 39.1375 27.1847 0
      vertex 39.1375 27.1847 2.5
    endloop
  endfacet
  facet normal 0.980741 -0.195314 0
    outer loop
      vertex 39.1094 27.0436 0
      vertex 39.1375 27.1847 2.5
      vertex 39.1094 27.0436 2.5
    endloop
  endfacet
  facet normal 0.980741 -0.195314 0
    outer loop
      vertex 39.1375 27.1847 0
      vertex 39.1094 27.0436 0
      vertex 39.1375 27.1847 -1.2
    endloop
  endfacet
  facet normal 0.980741 -0.195314 0
    outer loop
      vertex 39.1375 27.1847 -1.2
      vertex 39.1094 27.0436 0
      vertex 39.1094 27.0436 -1.2
    endloop
  endfacet
  facet normal -0.831515 0.555502 0
    outer loop
      vertex 41.0727 26.2304 0
      vertex 41.1526 26.35 0
      vertex 41.1526 26.35 -1.2
    endloop
  endfacet
  facet normal -0.831515 0.555502 0
    outer loop
      vertex 41.0727 26.2304 0
      vertex 41.1526 26.35 -1.2
      vertex 41.0727 26.2304 -1.2
    endloop
  endfacet
  facet normal -0.831515 0.555502 0
    outer loop
      vertex 41.1526 26.35 0
      vertex 41.0727 26.2304 0
      vertex 41.1526 26.35 2.5
    endloop
  endfacet
  facet normal -0.831515 0.555502 0
    outer loop
      vertex 41.1526 26.35 2.5
      vertex 41.0727 26.2304 0
      vertex 41.0727 26.2304 2.5
    endloop
  endfacet
  facet normal 0.751801 0.65939 0
    outer loop
      vertex 39.4222 26.1222 0
      vertex 39.3273 26.2304 0
      vertex 39.3273 26.2304 2.5
    endloop
  endfacet
  facet normal 0.751801 0.65939 -0
    outer loop
      vertex 39.4222 26.1222 0
      vertex 39.3273 26.2304 2.5
      vertex 39.4222 26.1222 2.5
    endloop
  endfacet
  facet normal 0.751801 0.65939 0
    outer loop
      vertex 39.3273 26.2304 0
      vertex 39.4222 26.1222 0
      vertex 39.3273 26.2304 -1.2
    endloop
  endfacet
  facet normal 0.751801 0.65939 0
    outer loop
      vertex 39.3273 26.2304 -1.2
      vertex 39.4222 26.1222 0
      vertex 39.4222 26.1222 -1.2
    endloop
  endfacet
  facet normal 0.44276 -0.89664 0
    outer loop
      vertex 39.65 27.8526 0
      vertex 39.779 27.9163 2.5
      vertex 39.65 27.8526 2.5
    endloop
  endfacet
  facet normal 0.44276 -0.89664 0
    outer loop
      vertex 39.65 27.8526 0
      vertex 39.779 27.9163 0
      vertex 39.779 27.9163 2.5
    endloop
  endfacet
  facet normal 0.44276 -0.89664 0
    outer loop
      vertex 39.65 27.8526 -1.2
      vertex 39.779 27.9163 0
      vertex 39.65 27.8526 0
    endloop
  endfacet
  facet normal 0.44276 -0.89664 0
    outer loop
      vertex 39.779 27.9163 0
      vertex 39.65 27.8526 -1.2
      vertex 39.779 27.9163 -1.2
    endloop
  endfacet
  facet normal -0.947073 0.321018 0
    outer loop
      vertex 41.2163 26.479 0
      vertex 41.2625 26.6153 0
      vertex 41.2625 26.6153 -1.2
    endloop
  endfacet
  facet normal -0.947073 0.321018 0
    outer loop
      vertex 41.2163 26.479 0
      vertex 41.2625 26.6153 -1.2
      vertex 41.2163 26.479 -1.2
    endloop
  endfacet
  facet normal -0.947073 0.321018 0
    outer loop
      vertex 41.2625 26.6153 0
      vertex 41.2163 26.479 0
      vertex 41.2625 26.6153 2.5
    endloop
  endfacet
  facet normal -0.947073 0.321018 0
    outer loop
      vertex 41.2625 26.6153 2.5
      vertex 41.2163 26.479 0
      vertex 41.2163 26.479 2.5
    endloop
  endfacet
  facet normal -0.831515 -0.555502 0
    outer loop
      vertex 41.1526 27.45 0
      vertex 41.0727 27.5696 0
      vertex 41.0727 27.5696 -1.2
    endloop
  endfacet
  facet normal -0.831515 -0.555502 -0
    outer loop
      vertex 41.1526 27.45 0
      vertex 41.0727 27.5696 -1.2
      vertex 41.1526 27.45 -1.2
    endloop
  endfacet
  facet normal -0.831515 -0.555502 0
    outer loop
      vertex 41.0727 27.5696 0
      vertex 41.1526 27.45 0
      vertex 41.0727 27.5696 2.5
    endloop
  endfacet
  facet normal -0.831515 -0.555502 0
    outer loop
      vertex 41.0727 27.5696 2.5
      vertex 41.1526 27.45 0
      vertex 41.1526 27.45 2.5
    endloop
  endfacet
  facet normal 0.555502 -0.831515 0
    outer loop
      vertex 39.5304 27.7727 0
      vertex 39.65 27.8526 2.5
      vertex 39.5304 27.7727 2.5
    endloop
  endfacet
  facet normal 0.555502 -0.831515 0
    outer loop
      vertex 39.5304 27.7727 0
      vertex 39.65 27.8526 0
      vertex 39.65 27.8526 2.5
    endloop
  endfacet
  facet normal 0.555502 -0.831515 0
    outer loop
      vertex 39.5304 27.7727 -1.2
      vertex 39.65 27.8526 0
      vertex 39.5304 27.7727 0
    endloop
  endfacet
  facet normal 0.555502 -0.831515 0
    outer loop
      vertex 39.65 27.8526 0
      vertex 39.5304 27.7727 -1.2
      vertex 39.65 27.8526 -1.2
    endloop
  endfacet
  facet normal -0.997864 0.0653198 0
    outer loop
      vertex 41.2906 26.7564 0
      vertex 41.3 26.9 0
      vertex 41.3 26.9 -1.2
    endloop
  endfacet
  facet normal -0.997864 0.0653198 0
    outer loop
      vertex 41.2906 26.7564 0
      vertex 41.3 26.9 -1.2
      vertex 41.2906 26.7564 -1.2
    endloop
  endfacet
  facet normal -0.997864 0.0653198 0
    outer loop
      vertex 41.3 26.9 0
      vertex 41.2906 26.7564 0
      vertex 41.3 26.9 2.5
    endloop
  endfacet
  facet normal -0.997864 0.0653198 0
    outer loop
      vertex 41.3 26.9 2.5
      vertex 41.2906 26.7564 0
      vertex 41.2906 26.7564 2.5
    endloop
  endfacet
  facet normal -0.751801 -0.65939 0
    outer loop
      vertex 41.0727 27.5696 0
      vertex 40.9778 27.6778 0
      vertex 40.9778 27.6778 -1.2
    endloop
  endfacet
  facet normal -0.751801 -0.65939 -0
    outer loop
      vertex 41.0727 27.5696 0
      vertex 40.9778 27.6778 -1.2
      vertex 41.0727 27.5696 -1.2
    endloop
  endfacet
  facet normal -0.751801 -0.65939 0
    outer loop
      vertex 40.9778 27.6778 0
      vertex 41.0727 27.5696 0
      vertex 40.9778 27.6778 2.5
    endloop
  endfacet
  facet normal -0.751801 -0.65939 0
    outer loop
      vertex 40.9778 27.6778 2.5
      vertex 41.0727 27.5696 0
      vertex 41.0727 27.5696 2.5
    endloop
  endfacet
  facet normal -0.0653198 -0.997864 0
    outer loop
      vertex 40.2 28 0
      vertex 40.3436 27.9906 2.5
      vertex 40.2 28 2.5
    endloop
  endfacet
  facet normal -0.0653198 -0.997864 0
    outer loop
      vertex 40.2 28 0
      vertex 40.3436 27.9906 0
      vertex 40.3436 27.9906 2.5
    endloop
  endfacet
  facet normal -0.0653198 -0.997864 0
    outer loop
      vertex 40.2 28 -1.2
      vertex 40.3436 27.9906 0
      vertex 40.2 28 0
    endloop
  endfacet
  facet normal -0.0653198 -0.997864 -0
    outer loop
      vertex 40.3436 27.9906 0
      vertex 40.2 28 -1.2
      vertex 40.3436 27.9906 -1.2
    endloop
  endfacet
  facet normal 0.321018 -0.947073 0
    outer loop
      vertex 39.779 27.9163 0
      vertex 39.9153 27.9625 2.5
      vertex 39.779 27.9163 2.5
    endloop
  endfacet
  facet normal 0.321018 -0.947073 0
    outer loop
      vertex 39.779 27.9163 0
      vertex 39.9153 27.9625 0
      vertex 39.9153 27.9625 2.5
    endloop
  endfacet
  facet normal 0.321018 -0.947073 0
    outer loop
      vertex 39.779 27.9163 -1.2
      vertex 39.9153 27.9625 0
      vertex 39.779 27.9163 0
    endloop
  endfacet
  facet normal 0.321018 -0.947073 0
    outer loop
      vertex 39.9153 27.9625 0
      vertex 39.779 27.9163 -1.2
      vertex 39.9153 27.9625 -1.2
    endloop
  endfacet
  facet normal 0.89664 -0.44276 0
    outer loop
      vertex 39.1837 27.321 0
      vertex 39.2474 27.45 0
      vertex 39.2474 27.45 2.5
    endloop
  endfacet
  facet normal 0.89664 -0.44276 0
    outer loop
      vertex 39.1837 27.321 0
      vertex 39.2474 27.45 2.5
      vertex 39.1837 27.321 2.5
    endloop
  endfacet
  facet normal 0.89664 -0.44276 0
    outer loop
      vertex 39.2474 27.45 0
      vertex 39.1837 27.321 0
      vertex 39.2474 27.45 -1.2
    endloop
  endfacet
  facet normal 0.89664 -0.44276 0
    outer loop
      vertex 39.2474 27.45 -1.2
      vertex 39.1837 27.321 0
      vertex 39.1837 27.321 -1.2
    endloop
  endfacet
  facet normal 0.44276 0.89664 -0
    outer loop
      vertex 39.779 25.8837 0
      vertex 39.65 25.9474 2.5
      vertex 39.779 25.8837 2.5
    endloop
  endfacet
  facet normal 0.44276 0.89664 0
    outer loop
      vertex 39.779 25.8837 0
      vertex 39.65 25.9474 0
      vertex 39.65 25.9474 2.5
    endloop
  endfacet
  facet normal 0.44276 0.89664 -0
    outer loop
      vertex 39.779 25.8837 -1.2
      vertex 39.65 25.9474 0
      vertex 39.779 25.8837 0
    endloop
  endfacet
  facet normal 0.44276 0.89664 0
    outer loop
      vertex 39.65 25.9474 0
      vertex 39.779 25.8837 -1.2
      vertex 39.65 25.9474 -1.2
    endloop
  endfacet
  facet normal -0.65939 -0.751801 0
    outer loop
      vertex 40.8696 27.7727 0
      vertex 40.9778 27.6778 2.5
      vertex 40.8696 27.7727 2.5
    endloop
  endfacet
  facet normal -0.65939 -0.751801 0
    outer loop
      vertex 40.8696 27.7727 0
      vertex 40.9778 27.6778 0
      vertex 40.9778 27.6778 2.5
    endloop
  endfacet
  facet normal -0.65939 -0.751801 0
    outer loop
      vertex 40.8696 27.7727 -1.2
      vertex 40.9778 27.6778 0
      vertex 40.8696 27.7727 0
    endloop
  endfacet
  facet normal -0.65939 -0.751801 -0
    outer loop
      vertex 40.9778 27.6778 0
      vertex 40.8696 27.7727 -1.2
      vertex 40.9778 27.6778 -1.2
    endloop
  endfacet
  facet normal 0.997864 0.0653198 0
    outer loop
      vertex 39.1094 26.7564 0
      vertex 39.1 26.9 0
      vertex 39.1 26.9 2.5
    endloop
  endfacet
  facet normal 0.997864 0.0653198 -0
    outer loop
      vertex 39.1094 26.7564 0
      vertex 39.1 26.9 2.5
      vertex 39.1094 26.7564 2.5
    endloop
  endfacet
  facet normal 0.997864 0.0653198 0
    outer loop
      vertex 39.1 26.9 0
      vertex 39.1094 26.7564 0
      vertex 39.1 26.9 -1.2
    endloop
  endfacet
  facet normal 0.997864 0.0653198 0
    outer loop
      vertex 39.1 26.9 -1.2
      vertex 39.1094 26.7564 0
      vertex 39.1094 26.7564 -1.2
    endloop
  endfacet
  facet normal 0.0653198 -0.997864 0
    outer loop
      vertex 40.0564 27.9906 0
      vertex 40.2 28 2.5
      vertex 40.0564 27.9906 2.5
    endloop
  endfacet
  facet normal 0.0653198 -0.997864 0
    outer loop
      vertex 40.0564 27.9906 0
      vertex 40.2 28 0
      vertex 40.2 28 2.5
    endloop
  endfacet
  facet normal 0.0653198 -0.997864 0
    outer loop
      vertex 40.0564 27.9906 -1.2
      vertex 40.2 28 0
      vertex 40.0564 27.9906 0
    endloop
  endfacet
  facet normal 0.0653198 -0.997864 0
    outer loop
      vertex 40.2 28 0
      vertex 40.0564 27.9906 -1.2
      vertex 40.2 28 -1.2
    endloop
  endfacet
  facet normal 0.89664 0.44276 0
    outer loop
      vertex 39.2474 26.35 0
      vertex 39.1837 26.479 0
      vertex 39.1837 26.479 2.5
    endloop
  endfacet
  facet normal 0.89664 0.44276 -0
    outer loop
      vertex 39.2474 26.35 0
      vertex 39.1837 26.479 2.5
      vertex 39.2474 26.35 2.5
    endloop
  endfacet
  facet normal 0.89664 0.44276 0
    outer loop
      vertex 39.1837 26.479 0
      vertex 39.2474 26.35 0
      vertex 39.1837 26.479 -1.2
    endloop
  endfacet
  facet normal 0.89664 0.44276 0
    outer loop
      vertex 39.1837 26.479 -1.2
      vertex 39.2474 26.35 0
      vertex 39.2474 26.35 -1.2
    endloop
  endfacet
  facet normal 0.555502 0.831515 -0
    outer loop
      vertex 39.65 25.9474 0
      vertex 39.5304 26.0273 2.5
      vertex 39.65 25.9474 2.5
    endloop
  endfacet
  facet normal 0.555502 0.831515 0
    outer loop
      vertex 39.65 25.9474 0
      vertex 39.5304 26.0273 0
      vertex 39.5304 26.0273 2.5
    endloop
  endfacet
  facet normal 0.555502 0.831515 -0
    outer loop
      vertex 39.65 25.9474 -1.2
      vertex 39.5304 26.0273 0
      vertex 39.65 25.9474 0
    endloop
  endfacet
  facet normal 0.555502 0.831515 0
    outer loop
      vertex 39.5304 26.0273 0
      vertex 39.65 25.9474 -1.2
      vertex 39.5304 26.0273 -1.2
    endloop
  endfacet
  facet normal 0.947073 0.321018 0
    outer loop
      vertex 39.1837 26.479 0
      vertex 39.1375 26.6153 0
      vertex 39.1375 26.6153 2.5
    endloop
  endfacet
  facet normal 0.947073 0.321018 -0
    outer loop
      vertex 39.1837 26.479 0
      vertex 39.1375 26.6153 2.5
      vertex 39.1837 26.479 2.5
    endloop
  endfacet
  facet normal 0.947073 0.321018 0
    outer loop
      vertex 39.1375 26.6153 0
      vertex 39.1837 26.479 0
      vertex 39.1375 26.6153 -1.2
    endloop
  endfacet
  facet normal 0.947073 0.321018 0
    outer loop
      vertex 39.1375 26.6153 -1.2
      vertex 39.1837 26.479 0
      vertex 39.1837 26.479 -1.2
    endloop
  endfacet
  facet normal 0.195314 0.980741 -0
    outer loop
      vertex 40.0564 25.8094 0
      vertex 39.9153 25.8375 2.5
      vertex 40.0564 25.8094 2.5
    endloop
  endfacet
  facet normal 0.195314 0.980741 0
    outer loop
      vertex 40.0564 25.8094 0
      vertex 39.9153 25.8375 0
      vertex 39.9153 25.8375 2.5
    endloop
  endfacet
  facet normal 0.195314 0.980741 -0
    outer loop
      vertex 40.0564 25.8094 -1.2
      vertex 39.9153 25.8375 0
      vertex 40.0564 25.8094 0
    endloop
  endfacet
  facet normal 0.195314 0.980741 0
    outer loop
      vertex 39.9153 25.8375 0
      vertex 40.0564 25.8094 -1.2
      vertex 39.9153 25.8375 -1.2
    endloop
  endfacet
  facet normal -0.195314 0.980741 0
    outer loop
      vertex 40.4847 25.8375 0
      vertex 40.3436 25.8094 2.5
      vertex 40.4847 25.8375 2.5
    endloop
  endfacet
  facet normal -0.195314 0.980741 0
    outer loop
      vertex 40.4847 25.8375 0
      vertex 40.3436 25.8094 0
      vertex 40.3436 25.8094 2.5
    endloop
  endfacet
  facet normal -0.195314 0.980741 0
    outer loop
      vertex 40.4847 25.8375 -1.2
      vertex 40.3436 25.8094 0
      vertex 40.4847 25.8375 0
    endloop
  endfacet
  facet normal -0.195314 0.980741 0
    outer loop
      vertex 40.3436 25.8094 0
      vertex 40.4847 25.8375 -1.2
      vertex 40.3436 25.8094 -1.2
    endloop
  endfacet
  facet normal -0.751801 0.65939 0
    outer loop
      vertex 40.9778 26.1222 0
      vertex 41.0727 26.2304 0
      vertex 41.0727 26.2304 -1.2
    endloop
  endfacet
  facet normal -0.751801 0.65939 0
    outer loop
      vertex 40.9778 26.1222 0
      vertex 41.0727 26.2304 -1.2
      vertex 40.9778 26.1222 -1.2
    endloop
  endfacet
  facet normal -0.751801 0.65939 0
    outer loop
      vertex 41.0727 26.2304 0
      vertex 40.9778 26.1222 0
      vertex 41.0727 26.2304 2.5
    endloop
  endfacet
  facet normal -0.751801 0.65939 0
    outer loop
      vertex 41.0727 26.2304 2.5
      vertex 40.9778 26.1222 0
      vertex 40.9778 26.1222 2.5
    endloop
  endfacet
  facet normal 0.65939 -0.751801 0
    outer loop
      vertex 39.4222 27.6778 0
      vertex 39.5304 27.7727 2.5
      vertex 39.4222 27.6778 2.5
    endloop
  endfacet
  facet normal 0.65939 -0.751801 0
    outer loop
      vertex 39.4222 27.6778 0
      vertex 39.5304 27.7727 0
      vertex 39.5304 27.7727 2.5
    endloop
  endfacet
  facet normal 0.65939 -0.751801 0
    outer loop
      vertex 39.4222 27.6778 -1.2
      vertex 39.5304 27.7727 0
      vertex 39.4222 27.6778 0
    endloop
  endfacet
  facet normal 0.65939 -0.751801 0
    outer loop
      vertex 39.5304 27.7727 0
      vertex 39.4222 27.6778 -1.2
      vertex 39.5304 27.7727 -1.2
    endloop
  endfacet
  facet normal -0.195314 -0.980741 0
    outer loop
      vertex 40.3436 27.9906 0
      vertex 40.4847 27.9625 2.5
      vertex 40.3436 27.9906 2.5
    endloop
  endfacet
  facet normal -0.195314 -0.980741 0
    outer loop
      vertex 40.3436 27.9906 0
      vertex 40.4847 27.9625 0
      vertex 40.4847 27.9625 2.5
    endloop
  endfacet
  facet normal -0.195314 -0.980741 0
    outer loop
      vertex 40.3436 27.9906 -1.2
      vertex 40.4847 27.9625 0
      vertex 40.3436 27.9906 0
    endloop
  endfacet
  facet normal -0.195314 -0.980741 -0
    outer loop
      vertex 40.4847 27.9625 0
      vertex 40.3436 27.9906 -1.2
      vertex 40.4847 27.9625 -1.2
    endloop
  endfacet
  facet normal -0.555502 -0.831515 0
    outer loop
      vertex 40.75 27.8526 0
      vertex 40.8696 27.7727 2.5
      vertex 40.75 27.8526 2.5
    endloop
  endfacet
  facet normal -0.555502 -0.831515 0
    outer loop
      vertex 40.75 27.8526 0
      vertex 40.8696 27.7727 0
      vertex 40.8696 27.7727 2.5
    endloop
  endfacet
  facet normal -0.555502 -0.831515 0
    outer loop
      vertex 40.75 27.8526 -1.2
      vertex 40.8696 27.7727 0
      vertex 40.75 27.8526 0
    endloop
  endfacet
  facet normal -0.555502 -0.831515 -0
    outer loop
      vertex 40.8696 27.7727 0
      vertex 40.75 27.8526 -1.2
      vertex 40.8696 27.7727 -1.2
    endloop
  endfacet
  facet normal 0.831515 -0.555502 0
    outer loop
      vertex 39.2474 27.45 0
      vertex 39.3273 27.5696 0
      vertex 39.3273 27.5696 2.5
    endloop
  endfacet
  facet normal 0.831515 -0.555502 0
    outer loop
      vertex 39.2474 27.45 0
      vertex 39.3273 27.5696 2.5
      vertex 39.2474 27.45 2.5
    endloop
  endfacet
  facet normal 0.831515 -0.555502 0
    outer loop
      vertex 39.3273 27.5696 0
      vertex 39.2474 27.45 0
      vertex 39.3273 27.5696 -1.2
    endloop
  endfacet
  facet normal 0.831515 -0.555502 0
    outer loop
      vertex 39.3273 27.5696 -1.2
      vertex 39.2474 27.45 0
      vertex 39.2474 27.45 -1.2
    endloop
  endfacet
  facet normal 0.947073 -0.321018 0
    outer loop
      vertex 39.1375 27.1847 0
      vertex 39.1837 27.321 0
      vertex 39.1837 27.321 2.5
    endloop
  endfacet
  facet normal 0.947073 -0.321018 0
    outer loop
      vertex 39.1375 27.1847 0
      vertex 39.1837 27.321 2.5
      vertex 39.1375 27.1847 2.5
    endloop
  endfacet
  facet normal 0.947073 -0.321018 0
    outer loop
      vertex 39.1837 27.321 0
      vertex 39.1375 27.1847 0
      vertex 39.1837 27.321 -1.2
    endloop
  endfacet
  facet normal 0.947073 -0.321018 0
    outer loop
      vertex 39.1837 27.321 -1.2
      vertex 39.1375 27.1847 0
      vertex 39.1375 27.1847 -1.2
    endloop
  endfacet
  facet normal 0.980741 0.195314 0
    outer loop
      vertex 39.1375 26.6153 0
      vertex 39.1094 26.7564 0
      vertex 39.1094 26.7564 2.5
    endloop
  endfacet
  facet normal 0.980741 0.195314 -0
    outer loop
      vertex 39.1375 26.6153 0
      vertex 39.1094 26.7564 2.5
      vertex 39.1375 26.6153 2.5
    endloop
  endfacet
  facet normal 0.980741 0.195314 0
    outer loop
      vertex 39.1094 26.7564 0
      vertex 39.1375 26.6153 0
      vertex 39.1094 26.7564 -1.2
    endloop
  endfacet
  facet normal 0.980741 0.195314 0
    outer loop
      vertex 39.1094 26.7564 -1.2
      vertex 39.1375 26.6153 0
      vertex 39.1375 26.6153 -1.2
    endloop
  endfacet
  facet normal -0.89664 0.44276 0
    outer loop
      vertex 41.1526 26.35 0
      vertex 41.2163 26.479 0
      vertex 41.2163 26.479 -1.2
    endloop
  endfacet
  facet normal -0.89664 0.44276 0
    outer loop
      vertex 41.1526 26.35 0
      vertex 41.2163 26.479 -1.2
      vertex 41.1526 26.35 -1.2
    endloop
  endfacet
  facet normal -0.89664 0.44276 0
    outer loop
      vertex 41.2163 26.479 0
      vertex 41.1526 26.35 0
      vertex 41.2163 26.479 2.5
    endloop
  endfacet
  facet normal -0.89664 0.44276 0
    outer loop
      vertex 41.2163 26.479 2.5
      vertex 41.1526 26.35 0
      vertex 41.1526 26.35 2.5
    endloop
  endfacet
  facet normal 0.751801 -0.65939 0
    outer loop
      vertex 39.3273 27.5696 0
      vertex 39.4222 27.6778 0
      vertex 39.4222 27.6778 2.5
    endloop
  endfacet
  facet normal 0.751801 -0.65939 0
    outer loop
      vertex 39.3273 27.5696 0
      vertex 39.4222 27.6778 2.5
      vertex 39.3273 27.5696 2.5
    endloop
  endfacet
  facet normal 0.751801 -0.65939 0
    outer loop
      vertex 39.4222 27.6778 0
      vertex 39.3273 27.5696 0
      vertex 39.4222 27.6778 -1.2
    endloop
  endfacet
  facet normal 0.751801 -0.65939 0
    outer loop
      vertex 39.4222 27.6778 -1.2
      vertex 39.3273 27.5696 0
      vertex 39.3273 27.5696 -1.2
    endloop
  endfacet
  facet normal -0.44276 0.89664 0
    outer loop
      vertex 40.75 25.9474 0
      vertex 40.621 25.8837 2.5
      vertex 40.75 25.9474 2.5
    endloop
  endfacet
  facet normal -0.44276 0.89664 0
    outer loop
      vertex 40.75 25.9474 0
      vertex 40.621 25.8837 0
      vertex 40.621 25.8837 2.5
    endloop
  endfacet
  facet normal -0.44276 0.89664 0
    outer loop
      vertex 40.75 25.9474 -1.2
      vertex 40.621 25.8837 0
      vertex 40.75 25.9474 0
    endloop
  endfacet
  facet normal -0.44276 0.89664 0
    outer loop
      vertex 40.621 25.8837 0
      vertex 40.75 25.9474 -1.2
      vertex 40.621 25.8837 -1.2
    endloop
  endfacet
  facet normal 0.0653198 0.997864 -0
    outer loop
      vertex 40.2 25.8 0
      vertex 40.0564 25.8094 2.5
      vertex 40.2 25.8 2.5
    endloop
  endfacet
  facet normal 0.0653198 0.997864 0
    outer loop
      vertex 40.2 25.8 0
      vertex 40.0564 25.8094 0
      vertex 40.0564 25.8094 2.5
    endloop
  endfacet
  facet normal 0.0653198 0.997864 -0
    outer loop
      vertex 40.2 25.8 -1.2
      vertex 40.0564 25.8094 0
      vertex 40.2 25.8 0
    endloop
  endfacet
  facet normal 0.0653198 0.997864 0
    outer loop
      vertex 40.0564 25.8094 0
      vertex 40.2 25.8 -1.2
      vertex 40.0564 25.8094 -1.2
    endloop
  endfacet
  facet normal -0.321018 -0.947073 0
    outer loop
      vertex 40.4847 27.9625 0
      vertex 40.621 27.9163 2.5
      vertex 40.4847 27.9625 2.5
    endloop
  endfacet
  facet normal -0.321018 -0.947073 0
    outer loop
      vertex 40.4847 27.9625 0
      vertex 40.621 27.9163 0
      vertex 40.621 27.9163 2.5
    endloop
  endfacet
  facet normal -0.321018 -0.947073 0
    outer loop
      vertex 40.4847 27.9625 -1.2
      vertex 40.621 27.9163 0
      vertex 40.4847 27.9625 0
    endloop
  endfacet
  facet normal -0.321018 -0.947073 -0
    outer loop
      vertex 40.621 27.9163 0
      vertex 40.4847 27.9625 -1.2
      vertex 40.621 27.9163 -1.2
    endloop
  endfacet
  facet normal -0.321018 0.947073 0
    outer loop
      vertex 40.621 25.8837 0
      vertex 40.4847 25.8375 2.5
      vertex 40.621 25.8837 2.5
    endloop
  endfacet
  facet normal -0.321018 0.947073 0
    outer loop
      vertex 40.621 25.8837 0
      vertex 40.4847 25.8375 0
      vertex 40.4847 25.8375 2.5
    endloop
  endfacet
  facet normal -0.321018 0.947073 0
    outer loop
      vertex 40.621 25.8837 -1.2
      vertex 40.4847 25.8375 0
      vertex 40.621 25.8837 0
    endloop
  endfacet
  facet normal -0.321018 0.947073 0
    outer loop
      vertex 40.4847 25.8375 0
      vertex 40.621 25.8837 -1.2
      vertex 40.4847 25.8375 -1.2
    endloop
  endfacet
  facet normal 0 0 1
    outer loop
      vertex 41.2906 27.0436 -1.2
      vertex 41.2906 26.7564 -1.2
      vertex 41.3 26.9 -1.2
    endloop
  endfacet
  facet normal 0 0 1
    outer loop
      vertex 41.2625 27.1847 -1.2
      vertex 41.2906 26.7564 -1.2
      vertex 41.2906 27.0436 -1.2
    endloop
  endfacet
  facet normal 0 0 1
    outer loop
      vertex 41.2625 27.1847 -1.2
      vertex 41.2625 26.6153 -1.2
      vertex 41.2906 26.7564 -1.2
    endloop
  endfacet
  facet normal 0 0 1
    outer loop
      vertex 41.2163 27.321 -1.2
      vertex 41.2625 26.6153 -1.2
      vertex 41.2625 27.1847 -1.2
    endloop
  endfacet
  facet normal 0 0 1
    outer loop
      vertex 41.2163 27.321 -1.2
      vertex 41.2163 26.479 -1.2
      vertex 41.2625 26.6153 -1.2
    endloop
  endfacet
  facet normal 0 0 1
    outer loop
      vertex 41.1526 27.45 -1.2
      vertex 41.2163 26.479 -1.2
      vertex 41.2163 27.321 -1.2
    endloop
  endfacet
  facet normal 0 0 1
    outer loop
      vertex 41.1526 27.45 -1.2
      vertex 41.1526 26.35 -1.2
      vertex 41.2163 26.479 -1.2
    endloop
  endfacet
  facet normal 0 0 1
    outer loop
      vertex 41.0727 27.5696 -1.2
      vertex 41.1526 26.35 -1.2
      vertex 41.1526 27.45 -1.2
    endloop
  endfacet
  facet normal 0 0 1
    outer loop
      vertex 41.0727 27.5696 -1.2
      vertex 41.0727 26.2304 -1.2
      vertex 41.1526 26.35 -1.2
    endloop
  endfacet
  facet normal 0 0 1
    outer loop
      vertex 40.9778 27.6778 -1.2
      vertex 41.0727 26.2304 -1.2
      vertex 41.0727 27.5696 -1.2
    endloop
  endfacet
  facet normal 0 0 1
    outer loop
      vertex 40.9778 27.6778 -1.2
      vertex 40.9778 26.1222 -1.2
      vertex 41.0727 26.2304 -1.2
    endloop
  endfacet
  facet normal 0 0 1
    outer loop
      vertex 40.8696 27.7727 -1.2
      vertex 40.9778 26.1222 -1.2
      vertex 40.9778 27.6778 -1.2
    endloop
  endfacet
  facet normal 0 0 1
    outer loop
      vertex 40.8696 27.7727 -1.2
      vertex 40.8696 26.0273 -1.2
      vertex 40.9778 26.1222 -1.2
    endloop
  endfacet
  facet normal 0 0 1
    outer loop
      vertex 40.75 27.8526 -1.2
      vertex 40.8696 26.0273 -1.2
      vertex 40.8696 27.7727 -1.2
    endloop
  endfacet
  facet normal 0 0 1
    outer loop
      vertex 40.75 27.8526 -1.2
      vertex 40.75 25.9474 -1.2
      vertex 40.8696 26.0273 -1.2
    endloop
  endfacet
  facet normal 0 0 1
    outer loop
      vertex 40.621 27.9163 -1.2
      vertex 40.75 25.9474 -1.2
      vertex 40.75 27.8526 -1.2
    endloop
  endfacet
  facet normal 0 0 1
    outer loop
      vertex 40.621 27.9163 -1.2
      vertex 40.621 25.8837 -1.2
      vertex 40.75 25.9474 -1.2
    endloop
  endfacet
  facet normal 0 0 1
    outer loop
      vertex 40.4847 27.9625 -1.2
      vertex 40.621 25.8837 -1.2
      vertex 40.621 27.9163 -1.2
    endloop
  endfacet
  facet normal 0 0 1
    outer loop
      vertex 40.4847 27.9625 -1.2
      vertex 40.4847 25.8375 -1.2
      vertex 40.621 25.8837 -1.2
    endloop
  endfacet
  facet normal 0 0 1
    outer loop
      vertex 40.3436 27.9906 -1.2
      vertex 40.4847 25.8375 -1.2
      vertex 40.4847 27.9625 -1.2
    endloop
  endfacet
  facet normal 0 0 1
    outer loop
      vertex 40.3436 27.9906 -1.2
      vertex 40.3436 25.8094 -1.2
      vertex 40.4847 25.8375 -1.2
    endloop
  endfacet
  facet normal 0 0 1
    outer loop
      vertex 40.2 28 -1.2
      vertex 40.3436 25.8094 -1.2
      vertex 40.3436 27.9906 -1.2
    endloop
  endfacet
  facet normal 0 0 1
    outer loop
      vertex 40.2 28 -1.2
      vertex 40.2 25.8 -1.2
      vertex 40.3436 25.8094 -1.2
    endloop
  endfacet
  facet normal -0 0 1
    outer loop
      vertex 40.0564 27.9906 -1.2
      vertex 40.2 25.8 -1.2
      vertex 40.2 28 -1.2
    endloop
  endfacet
  facet normal 0 0 1
    outer loop
      vertex 40.0564 27.9906 -1.2
      vertex 40.0564 25.8094 -1.2
      vertex 40.2 25.8 -1.2
    endloop
  endfacet
  facet normal -0 0 1
    outer loop
      vertex 39.9153 27.9625 -1.2
      vertex 40.0564 25.8094 -1.2
      vertex 40.0564 27.9906 -1.2
    endloop
  endfacet
  facet normal 0 0 1
    outer loop
      vertex 39.9153 27.9625 -1.2
      vertex 39.9153 25.8375 -1.2
      vertex 40.0564 25.8094 -1.2
    endloop
  endfacet
  facet normal -0 0 1
    outer loop
      vertex 39.779 27.9163 -1.2
      vertex 39.9153 25.8375 -1.2
      vertex 39.9153 27.9625 -1.2
    endloop
  endfacet
  facet normal 0 0 1
    outer loop
      vertex 39.779 27.9163 -1.2
      vertex 39.779 25.8837 -1.2
      vertex 39.9153 25.8375 -1.2
    endloop
  endfacet
  facet normal -0 0 1
    outer loop
      vertex 39.65 27.8526 -1.2
      vertex 39.779 25.8837 -1.2
      vertex 39.779 27.9163 -1.2
    endloop
  endfacet
  facet normal 0 0 1
    outer loop
      vertex 39.65 27.8526 -1.2
      vertex 39.65 25.9474 -1.2
      vertex 39.779 25.8837 -1.2
    endloop
  endfacet
  facet normal -0 0 1
    outer loop
      vertex 39.5304 27.7727 -1.2
      vertex 39.65 25.9474 -1.2
      vertex 39.65 27.8526 -1.2
    endloop
  endfacet
  facet normal 0 0 1
    outer loop
      vertex 39.5304 27.7727 -1.2
      vertex 39.5304 26.0273 -1.2
      vertex 39.65 25.9474 -1.2
    endloop
  endfacet
  facet normal -0 0 1
    outer loop
      vertex 39.4222 27.6778 -1.2
      vertex 39.5304 26.0273 -1.2
      vertex 39.5304 27.7727 -1.2
    endloop
  endfacet
  facet normal 0 0 1
    outer loop
      vertex 39.4222 27.6778 -1.2
      vertex 39.4222 26.1222 -1.2
      vertex 39.5304 26.0273 -1.2
    endloop
  endfacet
  facet normal -0 0 1
    outer loop
      vertex 39.3273 27.5696 -1.2
      vertex 39.4222 26.1222 -1.2
      vertex 39.4222 27.6778 -1.2
    endloop
  endfacet
  facet normal 0 0 1
    outer loop
      vertex 39.3273 27.5696 -1.2
      vertex 39.3273 26.2304 -1.2
      vertex 39.4222 26.1222 -1.2
    endloop
  endfacet
  facet normal -0 0 1
    outer loop
      vertex 39.2474 27.45 -1.2
      vertex 39.3273 26.2304 -1.2
      vertex 39.3273 27.5696 -1.2
    endloop
  endfacet
  facet normal 0 0 1
    outer loop
      vertex 39.2474 27.45 -1.2
      vertex 39.2474 26.35 -1.2
      vertex 39.3273 26.2304 -1.2
    endloop
  endfacet
  facet normal -0 0 1
    outer loop
      vertex 39.1837 27.321 -1.2
      vertex 39.2474 26.35 -1.2
      vertex 39.2474 27.45 -1.2
    endloop
  endfacet
  facet normal 0 0 1
    outer loop
      vertex 39.1837 27.321 -1.2
      vertex 39.1837 26.479 -1.2
      vertex 39.2474 26.35 -1.2
    endloop
  endfacet
  facet normal -0 0 1
    outer loop
      vertex 39.1375 27.1847 -1.2
      vertex 39.1837 26.479 -1.2
      vertex 39.1837 27.321 -1.2
    endloop
  endfacet
  facet normal 0 0 1
    outer loop
      vertex 39.1375 27.1847 -1.2
      vertex 39.1375 26.6153 -1.2
      vertex 39.1837 26.479 -1.2
    endloop
  endfacet
  facet normal -0 0 1
    outer loop
      vertex 39.1094 27.0436 -1.2
      vertex 39.1375 26.6153 -1.2
      vertex 39.1375 27.1847 -1.2
    endloop
  endfacet
  facet normal 0 0 1
    outer loop
      vertex 39.1094 27.0436 -1.2
      vertex 39.1094 26.7564 -1.2
      vertex 39.1375 26.6153 -1.2
    endloop
  endfacet
  facet normal 0 -0 1
    outer loop
      vertex 39.1094 26.7564 -1.2
      vertex 39.1094 27.0436 -1.2
      vertex 39.1 26.9 -1.2
    endloop
  endfacet
  facet normal 0.321018 0.947073 -0
    outer loop
      vertex 39.9153 25.8375 0
      vertex 39.779 25.8837 2.5
      vertex 39.9153 25.8375 2.5
    endloop
  endfacet
  facet normal 0.321018 0.947073 0
    outer loop
      vertex 39.9153 25.8375 0
      vertex 39.779 25.8837 0
      vertex 39.779 25.8837 2.5
    endloop
  endfacet
  facet normal 0.321018 0.947073 -0
    outer loop
      vertex 39.9153 25.8375 -1.2
      vertex 39.779 25.8837 0
      vertex 39.9153 25.8375 0
    endloop
  endfacet
  facet normal 0.321018 0.947073 0
    outer loop
      vertex 39.779 25.8837 0
      vertex 39.9153 25.8375 -1.2
      vertex 39.779 25.8837 -1.2
    endloop
  endfacet
  facet normal 0.442459 0.896789 -0
    outer loop
      vertex 5.44944 44.6794 -2
      vertex 5.25 44.7778 -1.75
      vertex 5.44944 44.6794 -1.75
    endloop
  endfacet
  facet normal 0.442459 0.896789 0
    outer loop
      vertex 5.25 44.7778 -1.75
      vertex 5.44944 44.6794 -2
      vertex 5.25 44.7778 -2
    endloop
  endfacet
  facet normal -0.980779 -0.195122 0
    outer loop
      vertex 7.78546 46.4719 -2
      vertex 7.74207 46.69 -1.75
      vertex 7.74207 46.69 -2
    endloop
  endfacet
  facet normal -0.980779 -0.195122 0
    outer loop
      vertex 7.74207 46.69 -1.75
      vertex 7.78546 46.4719 -2
      vertex 7.78546 46.4719 -1.75
    endloop
  endfacet
  facet normal -0.99786 -0.0653848 0
    outer loop
      vertex 7.8 46.25 -2
      vertex 7.78546 46.4719 -1.75
      vertex 7.78546 46.4719 -2
    endloop
  endfacet
  facet normal -0.99786 -0.0653848 0
    outer loop
      vertex 7.78546 46.4719 -1.75
      vertex 7.8 46.25 -2
      vertex 7.8 46.25 -1.75
    endloop
  endfacet
  facet normal -0.946956 -0.321363 0
    outer loop
      vertex 7.74207 46.69 -2
      vertex 7.6706 46.9006 -1.75
      vertex 7.6706 46.9006 -2
    endloop
  endfacet
  facet normal -0.946956 -0.321363 0
    outer loop
      vertex 7.6706 46.9006 -1.75
      vertex 7.74207 46.69 -2
      vertex 7.74207 46.69 -1.75
    endloop
  endfacet
  facet normal 0.321525 0.946901 -0
    outer loop
      vertex 5.66001 44.6079 -2
      vertex 5.44944 44.6794 -1.75
      vertex 5.66001 44.6079 -1.75
    endloop
  endfacet
  facet normal 0.321525 0.946901 0
    outer loop
      vertex 5.44944 44.6794 -1.75
      vertex 5.66001 44.6079 -2
      vertex 5.44944 44.6794 -2
    endloop
  endfacet
  facet normal -0.321525 -0.946901 0
    outer loop
      vertex 6.53999 47.8921 -2
      vertex 6.75056 47.8206 -1.75
      vertex 6.53999 47.8921 -1.75
    endloop
  endfacet
  facet normal -0.321525 -0.946901 -0
    outer loop
      vertex 6.75056 47.8206 -1.75
      vertex 6.53999 47.8921 -2
      vertex 6.75056 47.8206 -2
    endloop
  endfacet
  facet normal -0.99786 0.0653848 0
    outer loop
      vertex 7.78546 46.0281 -2
      vertex 7.8 46.25 -1.75
      vertex 7.8 46.25 -2
    endloop
  endfacet
  facet normal -0.99786 0.0653848 0
    outer loop
      vertex 7.8 46.25 -1.75
      vertex 7.78546 46.0281 -2
      vertex 7.78546 46.0281 -1.75
    endloop
  endfacet
  facet normal -0.751863 0.659319 0
    outer loop
      vertex 7.30208 45.0479 -2
      vertex 7.4487 45.2151 -1.75
      vertex 7.4487 45.2151 -2
    endloop
  endfacet
  facet normal -0.751863 0.659319 0
    outer loop
      vertex 7.4487 45.2151 -1.75
      vertex 7.30208 45.0479 -2
      vertex 7.30208 45.0479 -1.75
    endloop
  endfacet
  facet normal 0.980779 0.195122 0
    outer loop
      vertex 4.45793 45.81 -1.75
      vertex 4.41454 46.0281 -2
      vertex 4.41454 46.0281 -1.75
    endloop
  endfacet
  facet normal 0.980779 0.195122 0
    outer loop
      vertex 4.41454 46.0281 -2
      vertex 4.45793 45.81 -1.75
      vertex 4.45793 45.81 -2
    endloop
  endfacet
  facet normal -0.831483 -0.555551 0
    outer loop
      vertex 7.57224 47.1 -2
      vertex 7.4487 47.2849 -1.75
      vertex 7.4487 47.2849 -2
    endloop
  endfacet
  facet normal -0.831483 -0.555551 0
    outer loop
      vertex 7.4487 47.2849 -1.75
      vertex 7.57224 47.1 -2
      vertex 7.57224 47.1 -1.75
    endloop
  endfacet
  facet normal 0.195165 -0.98077 0
    outer loop
      vertex 5.66001 47.8921 -2
      vertex 5.87811 47.9355 -1.75
      vertex 5.66001 47.8921 -1.75
    endloop
  endfacet
  facet normal 0.195165 -0.98077 0
    outer loop
      vertex 5.87811 47.9355 -1.75
      vertex 5.66001 47.8921 -2
      vertex 5.87811 47.9355 -2
    endloop
  endfacet
  facet normal -0.896825 0.442386 0
    outer loop
      vertex 7.57224 45.4 -2
      vertex 7.6706 45.5994 -1.75
      vertex 7.6706 45.5994 -2
    endloop
  endfacet
  facet normal -0.896825 0.442386 0
    outer loop
      vertex 7.6706 45.5994 -1.75
      vertex 7.57224 45.4 -2
      vertex 7.57224 45.4 -1.75
    endloop
  endfacet
  facet normal 0.0652086 -0.997872 0
    outer loop
      vertex 5.87811 47.9355 -2
      vertex 6.1 47.95 -1.75
      vertex 5.87811 47.9355 -1.75
    endloop
  endfacet
  facet normal 0.0652086 -0.997872 0
    outer loop
      vertex 6.1 47.95 -1.75
      vertex 5.87811 47.9355 -2
      vertex 6.1 47.95 -2
    endloop
  endfacet
  facet normal -0.946956 0.321363 0
    outer loop
      vertex 7.6706 45.5994 -2
      vertex 7.74207 45.81 -1.75
      vertex 7.74207 45.81 -2
    endloop
  endfacet
  facet normal -0.946956 0.321363 0
    outer loop
      vertex 7.74207 45.81 -1.75
      vertex 7.6706 45.5994 -2
      vertex 7.6706 45.5994 -1.75
    endloop
  endfacet
  facet normal -0.0652086 -0.997872 0
    outer loop
      vertex 6.1 47.95 -2
      vertex 6.32189 47.9355 -1.75
      vertex 6.1 47.95 -1.75
    endloop
  endfacet
  facet normal -0.0652086 -0.997872 -0
    outer loop
      vertex 6.32189 47.9355 -1.75
      vertex 6.1 47.95 -2
      vertex 6.32189 47.9355 -2
    endloop
  endfacet
  facet normal 0.831483 -0.555551 0
    outer loop
      vertex 4.62776 47.1 -1.75
      vertex 4.7513 47.2849 -2
      vertex 4.7513 47.2849 -1.75
    endloop
  endfacet
  facet normal 0.831483 -0.555551 0
    outer loop
      vertex 4.7513 47.2849 -2
      vertex 4.62776 47.1 -1.75
      vertex 4.62776 47.1 -2
    endloop
  endfacet
  facet normal -0.321525 0.946901 0
    outer loop
      vertex 6.75056 44.6794 -2
      vertex 6.53999 44.6079 -1.75
      vertex 6.75056 44.6794 -1.75
    endloop
  endfacet
  facet normal -0.321525 0.946901 0
    outer loop
      vertex 6.53999 44.6079 -1.75
      vertex 6.75056 44.6794 -2
      vertex 6.53999 44.6079 -2
    endloop
  endfacet
  facet normal 0.555447 0.831552 -0
    outer loop
      vertex 5.25 44.7778 -2
      vertex 5.06511 44.9013 -1.75
      vertex 5.25 44.7778 -1.75
    endloop
  endfacet
  facet normal 0.555447 0.831552 0
    outer loop
      vertex 5.06511 44.9013 -1.75
      vertex 5.25 44.7778 -2
      vertex 5.06511 44.9013 -2
    endloop
  endfacet
  facet normal 0.751863 -0.659319 0
    outer loop
      vertex 4.7513 47.2849 -1.75
      vertex 4.89792 47.4521 -2
      vertex 4.89792 47.4521 -1.75
    endloop
  endfacet
  facet normal 0.751863 -0.659319 0
    outer loop
      vertex 4.89792 47.4521 -2
      vertex 4.7513 47.2849 -1.75
      vertex 4.7513 47.2849 -2
    endloop
  endfacet
  facet normal -0.896825 -0.442386 0
    outer loop
      vertex 7.6706 46.9006 -2
      vertex 7.57224 47.1 -1.75
      vertex 7.57224 47.1 -2
    endloop
  endfacet
  facet normal -0.896825 -0.442386 0
    outer loop
      vertex 7.57224 47.1 -1.75
      vertex 7.6706 46.9006 -2
      vertex 7.6706 46.9006 -1.75
    endloop
  endfacet
  facet normal 0.659291 -0.751888 0
    outer loop
      vertex 4.89792 47.4521 -2
      vertex 5.06511 47.5987 -1.75
      vertex 4.89792 47.4521 -1.75
    endloop
  endfacet
  facet normal 0.659291 -0.751888 0
    outer loop
      vertex 5.06511 47.5987 -1.75
      vertex 4.89792 47.4521 -2
      vertex 5.06511 47.5987 -2
    endloop
  endfacet
  facet normal -0.831483 0.555551 0
    outer loop
      vertex 7.4487 45.2151 -2
      vertex 7.57224 45.4 -1.75
      vertex 7.57224 45.4 -2
    endloop
  endfacet
  facet normal -0.831483 0.555551 0
    outer loop
      vertex 7.57224 45.4 -1.75
      vertex 7.4487 45.2151 -2
      vertex 7.4487 45.2151 -1.75
    endloop
  endfacet
  facet normal -0.555447 -0.831552 0
    outer loop
      vertex 6.95 47.7222 -2
      vertex 7.13489 47.5987 -1.75
      vertex 6.95 47.7222 -1.75
    endloop
  endfacet
  facet normal -0.555447 -0.831552 -0
    outer loop
      vertex 7.13489 47.5987 -1.75
      vertex 6.95 47.7222 -2
      vertex 7.13489 47.5987 -2
    endloop
  endfacet
  facet normal 0.555447 -0.831552 0
    outer loop
      vertex 5.06511 47.5987 -2
      vertex 5.25 47.7222 -1.75
      vertex 5.06511 47.5987 -1.75
    endloop
  endfacet
  facet normal 0.555447 -0.831552 0
    outer loop
      vertex 5.25 47.7222 -1.75
      vertex 5.06511 47.5987 -2
      vertex 5.25 47.7222 -2
    endloop
  endfacet
  facet normal -0.980779 0.195122 0
    outer loop
      vertex 7.74207 45.81 -2
      vertex 7.78546 46.0281 -1.75
      vertex 7.78546 46.0281 -2
    endloop
  endfacet
  facet normal -0.980779 0.195122 0
    outer loop
      vertex 7.78546 46.0281 -1.75
      vertex 7.74207 45.81 -2
      vertex 7.74207 45.81 -1.75
    endloop
  endfacet
  facet normal -0.555447 0.831552 0
    outer loop
      vertex 7.13489 44.9013 -2
      vertex 6.95 44.7778 -1.75
      vertex 7.13489 44.9013 -1.75
    endloop
  endfacet
  facet normal -0.555447 0.831552 0
    outer loop
      vertex 6.95 44.7778 -1.75
      vertex 7.13489 44.9013 -2
      vertex 6.95 44.7778 -2
    endloop
  endfacet
  facet normal 0.321525 -0.946901 0
    outer loop
      vertex 5.44944 47.8206 -2
      vertex 5.66001 47.8921 -1.75
      vertex 5.44944 47.8206 -1.75
    endloop
  endfacet
  facet normal 0.321525 -0.946901 0
    outer loop
      vertex 5.66001 47.8921 -1.75
      vertex 5.44944 47.8206 -2
      vertex 5.66001 47.8921 -2
    endloop
  endfacet
  facet normal 0.0652086 0.997872 -0
    outer loop
      vertex 6.1 44.55 -2
      vertex 5.87811 44.5645 -1.75
      vertex 6.1 44.55 -1.75
    endloop
  endfacet
  facet normal 0.0652086 0.997872 0
    outer loop
      vertex 5.87811 44.5645 -1.75
      vertex 6.1 44.55 -2
      vertex 5.87811 44.5645 -2
    endloop
  endfacet
  facet normal -0.195165 0.98077 0
    outer loop
      vertex 6.53999 44.6079 -2
      vertex 6.32189 44.5645 -1.75
      vertex 6.53999 44.6079 -1.75
    endloop
  endfacet
  facet normal -0.195165 0.98077 0
    outer loop
      vertex 6.32189 44.5645 -1.75
      vertex 6.53999 44.6079 -2
      vertex 6.32189 44.5645 -2
    endloop
  endfacet
  facet normal -0.659291 0.751888 0
    outer loop
      vertex 7.30208 45.0479 -2
      vertex 7.13489 44.9013 -1.75
      vertex 7.30208 45.0479 -1.75
    endloop
  endfacet
  facet normal -0.659291 0.751888 0
    outer loop
      vertex 7.13489 44.9013 -1.75
      vertex 7.30208 45.0479 -2
      vertex 7.13489 44.9013 -2
    endloop
  endfacet
  facet normal 0.99786 -0.0653848 0
    outer loop
      vertex 4.4 46.25 -1.75
      vertex 4.41454 46.4719 -2
      vertex 4.41454 46.4719 -1.75
    endloop
  endfacet
  facet normal 0.99786 -0.0653848 0
    outer loop
      vertex 4.41454 46.4719 -2
      vertex 4.4 46.25 -1.75
      vertex 4.4 46.25 -2
    endloop
  endfacet
  facet normal -0.442459 0.896789 0
    outer loop
      vertex 6.95 44.7778 -2
      vertex 6.75056 44.6794 -1.75
      vertex 6.95 44.7778 -1.75
    endloop
  endfacet
  facet normal -0.442459 0.896789 0
    outer loop
      vertex 6.75056 44.6794 -1.75
      vertex 6.95 44.7778 -2
      vertex 6.75056 44.6794 -2
    endloop
  endfacet
  facet normal 0.99786 0.0653848 0
    outer loop
      vertex 4.41454 46.0281 -1.75
      vertex 4.4 46.25 -2
      vertex 4.4 46.25 -1.75
    endloop
  endfacet
  facet normal 0.99786 0.0653848 0
    outer loop
      vertex 4.4 46.25 -2
      vertex 4.41454 46.0281 -1.75
      vertex 4.41454 46.0281 -2
    endloop
  endfacet
  facet normal 0.946956 0.321363 0
    outer loop
      vertex 4.5294 45.5994 -1.75
      vertex 4.45793 45.81 -2
      vertex 4.45793 45.81 -1.75
    endloop
  endfacet
  facet normal 0.946956 0.321363 0
    outer loop
      vertex 4.45793 45.81 -2
      vertex 4.5294 45.5994 -1.75
      vertex 4.5294 45.5994 -2
    endloop
  endfacet
  facet normal -0.0652086 0.997872 0
    outer loop
      vertex 6.32189 44.5645 -2
      vertex 6.1 44.55 -1.75
      vertex 6.32189 44.5645 -1.75
    endloop
  endfacet
  facet normal -0.0652086 0.997872 0
    outer loop
      vertex 6.1 44.55 -1.75
      vertex 6.32189 44.5645 -2
      vertex 6.1 44.55 -2
    endloop
  endfacet
  facet normal 0.751863 0.659319 0
    outer loop
      vertex 4.89792 45.0479 -1.75
      vertex 4.7513 45.2151 -2
      vertex 4.7513 45.2151 -1.75
    endloop
  endfacet
  facet normal 0.751863 0.659319 0
    outer loop
      vertex 4.7513 45.2151 -2
      vertex 4.89792 45.0479 -1.75
      vertex 4.89792 45.0479 -2
    endloop
  endfacet
  facet normal 0.659291 0.751888 -0
    outer loop
      vertex 5.06511 44.9013 -2
      vertex 4.89792 45.0479 -1.75
      vertex 5.06511 44.9013 -1.75
    endloop
  endfacet
  facet normal 0.659291 0.751888 0
    outer loop
      vertex 4.89792 45.0479 -1.75
      vertex 5.06511 44.9013 -2
      vertex 4.89792 45.0479 -2
    endloop
  endfacet
  facet normal 0.980779 -0.195122 0
    outer loop
      vertex 4.41454 46.4719 -1.75
      vertex 4.45793 46.69 -2
      vertex 4.45793 46.69 -1.75
    endloop
  endfacet
  facet normal 0.980779 -0.195122 0
    outer loop
      vertex 4.45793 46.69 -2
      vertex 4.41454 46.4719 -1.75
      vertex 4.41454 46.4719 -2
    endloop
  endfacet
  facet normal -0.442459 -0.896789 0
    outer loop
      vertex 6.75056 47.8206 -2
      vertex 6.95 47.7222 -1.75
      vertex 6.75056 47.8206 -1.75
    endloop
  endfacet
  facet normal -0.442459 -0.896789 -0
    outer loop
      vertex 6.95 47.7222 -1.75
      vertex 6.75056 47.8206 -2
      vertex 6.95 47.7222 -2
    endloop
  endfacet
  facet normal 0.442459 -0.896789 0
    outer loop
      vertex 5.25 47.7222 -2
      vertex 5.44944 47.8206 -1.75
      vertex 5.25 47.7222 -1.75
    endloop
  endfacet
  facet normal 0.442459 -0.896789 0
    outer loop
      vertex 5.44944 47.8206 -1.75
      vertex 5.25 47.7222 -2
      vertex 5.44944 47.8206 -2
    endloop
  endfacet
  facet normal -0.751863 -0.659319 0
    outer loop
      vertex 7.4487 47.2849 -2
      vertex 7.30208 47.4521 -1.75
      vertex 7.30208 47.4521 -2
    endloop
  endfacet
  facet normal -0.751863 -0.659319 0
    outer loop
      vertex 7.30208 47.4521 -1.75
      vertex 7.4487 47.2849 -2
      vertex 7.4487 47.2849 -1.75
    endloop
  endfacet
  facet normal -0.195165 -0.98077 0
    outer loop
      vertex 6.32189 47.9355 -2
      vertex 6.53999 47.8921 -1.75
      vertex 6.32189 47.9355 -1.75
    endloop
  endfacet
  facet normal -0.195165 -0.98077 -0
    outer loop
      vertex 6.53999 47.8921 -1.75
      vertex 6.32189 47.9355 -2
      vertex 6.53999 47.8921 -2
    endloop
  endfacet
  facet normal 0.946956 -0.321363 0
    outer loop
      vertex 4.45793 46.69 -1.75
      vertex 4.5294 46.9006 -2
      vertex 4.5294 46.9006 -1.75
    endloop
  endfacet
  facet normal 0.946956 -0.321363 0
    outer loop
      vertex 4.5294 46.9006 -2
      vertex 4.45793 46.69 -1.75
      vertex 4.45793 46.69 -2
    endloop
  endfacet
  facet normal -0.659291 -0.751888 0
    outer loop
      vertex 7.13489 47.5987 -2
      vertex 7.30208 47.4521 -1.75
      vertex 7.13489 47.5987 -1.75
    endloop
  endfacet
  facet normal -0.659291 -0.751888 -0
    outer loop
      vertex 7.30208 47.4521 -1.75
      vertex 7.13489 47.5987 -2
      vertex 7.30208 47.4521 -2
    endloop
  endfacet
  facet normal 0.195165 0.98077 -0
    outer loop
      vertex 5.87811 44.5645 -2
      vertex 5.66001 44.6079 -1.75
      vertex 5.87811 44.5645 -1.75
    endloop
  endfacet
  facet normal 0.195165 0.98077 0
    outer loop
      vertex 5.66001 44.6079 -1.75
      vertex 5.87811 44.5645 -2
      vertex 5.66001 44.6079 -2
    endloop
  endfacet
  facet normal 0.896825 0.442386 0
    outer loop
      vertex 4.62776 45.4 -1.75
      vertex 4.5294 45.5994 -2
      vertex 4.5294 45.5994 -1.75
    endloop
  endfacet
  facet normal 0.896825 0.442386 0
    outer loop
      vertex 4.5294 45.5994 -2
      vertex 4.62776 45.4 -1.75
      vertex 4.62776 45.4 -2
    endloop
  endfacet
  facet normal 0.831483 0.555551 0
    outer loop
      vertex 4.7513 45.2151 -1.75
      vertex 4.62776 45.4 -2
      vertex 4.62776 45.4 -1.75
    endloop
  endfacet
  facet normal 0.831483 0.555551 0
    outer loop
      vertex 4.62776 45.4 -2
      vertex 4.7513 45.2151 -1.75
      vertex 4.7513 45.2151 -2
    endloop
  endfacet
  facet normal 0.896825 -0.442386 0
    outer loop
      vertex 4.5294 46.9006 -1.75
      vertex 4.62776 47.1 -2
      vertex 4.62776 47.1 -1.75
    endloop
  endfacet
  facet normal 0.896825 -0.442386 0
    outer loop
      vertex 4.62776 47.1 -2
      vertex 4.5294 46.9006 -1.75
      vertex 4.5294 46.9006 -2
    endloop
  endfacet
  facet normal -0.739071 -0.0484276 0.671885
    outer loop
      vertex 7.8 46.25 -1.75
      vertex 9.39083 46.2513 0
      vertex 7.78546 46.4719 -1.75
    endloop
  endfacet
  facet normal -0.739174 -0.0454876 0.671977
    outer loop
      vertex 9.39083 46.2513 0
      vertex 7.8 46.25 -1.75
      vertex 9.39091 46.25 0
    endloop
  endfacet
  facet normal -0.541087 -0.505015 0.672447
    outer loop
      vertex 7.30208 47.4521 -1.75
      vertex 8.42786 48.5761 0
      vertex 8.42702 48.577 0
    endloop
  endfacet
  facet normal -0.556872 -0.488329 0.671884
    outer loop
      vertex 8.42786 48.5761 0
      vertex 7.30208 47.4521 -1.75
      vertex 7.4487 47.2849 -1.75
    endloop
  endfacet
  facet normal -0.41142 -0.615871 0.67189
    outer loop
      vertex 8.10338 48.8609 0
      vertex 7.74651 49.0993 0
      vertex 7.13489 47.5987 -1.75
    endloop
  endfacet
  facet normal -0.408082 -0.617953 0.672014
    outer loop
      vertex 6.95 47.7222 -1.75
      vertex 7.74651 49.0993 0
      vertex 7.74545 49.1 0
    endloop
  endfacet
  facet normal -0.411391 -0.615887 0.671894
    outer loop
      vertex 7.74651 49.0993 0
      vertex 6.95 47.7222 -1.75
      vertex 7.13489 47.5987 -1.75
    endloop
  endfacet
  facet normal -0.615796 0.411537 0.671887
    outer loop
      vertex 8.71156 44.2477 0
      vertex 8.95001 44.6045 0
      vertex 7.57224 45.4 -1.75
    endloop
  endfacet
  facet normal -0.615847 0.411475 0.671879
    outer loop
      vertex 7.4487 45.2151 -1.75
      vertex 8.71156 44.2477 0
      vertex 7.57224 45.4 -1.75
    endloop
  endfacet
  facet normal -0.622615 0.40187 0.671454
    outer loop
      vertex 8.71156 44.2477 0
      vertex 7.4487 45.2151 -1.75
      vertex 8.71085 44.2466 0
    endloop
  endfacet
  facet normal 0.615847 0.411475 0.671879
    outer loop
      vertex 3.48844 44.2477 0
      vertex 4.7513 45.2151 -1.75
      vertex 4.62776 45.4 -1.75
    endloop
  endfacet
  facet normal 0.622615 0.40187 0.671454
    outer loop
      vertex 4.7513 45.2151 -1.75
      vertex 3.48844 44.2477 0
      vertex 3.48915 44.2466 0
    endloop
  endfacet
  facet normal 0.726419 0.144524 0.671884
    outer loop
      vertex 2.92098 45.3995 0
      vertex 4.41454 46.0281 -1.75
      vertex 2.83724 45.8204 0
    endloop
  endfacet
  facet normal 0.556863 0.488338 0.671885
    outer loop
      vertex 3.77214 43.9239 0
      vertex 4.7513 45.2151 -1.75
      vertex 3.48915 44.2466 0
    endloop
  endfacet
  facet normal 0.488353 0.55686 0.671877
    outer loop
      vertex 4.09567 43.64 0
      vertex 4.89792 45.0479 -1.75
      vertex 3.77297 43.923 0
    endloop
  endfacet
  facet normal 0.556863 -0.488338 0.671885
    outer loop
      vertex 4.7513 47.2849 -1.75
      vertex 3.77214 48.5761 0
      vertex 3.48915 48.2534 0
    endloop
  endfacet
  facet normal 0.327703 0.664197 0.671903
    outer loop
      vertex 5.25 44.7778 -1.75
      vertex 4.45568 43.3994 0
      vertex 5.44944 44.6794 -1.75
    endloop
  endfacet
  facet normal 0.347102 0.653709 0.672447
    outer loop
      vertex 4.45568 43.3994 0
      vertex 5.25 44.7778 -1.75
      vertex 4.45455 43.4 0
    endloop
  endfacet
  facet normal -0.174896 0.722903 0.668448
    outer loop
      vertex 6.53999 44.6079 -1.75
      vertex 6.52955 42.9872 0
      vertex 6.53079 42.9875 0
    endloop
  endfacet
  facet normal -0.14455 0.726416 0.671882
    outer loop
      vertex 6.52955 42.9872 0
      vertex 6.53999 44.6079 -1.75
      vertex 6.32189 44.5645 -1.75
    endloop
  endfacet
  facet normal -0.622615 -0.40187 0.671454
    outer loop
      vertex 7.4487 47.2849 -1.75
      vertex 8.71156 48.2523 0
      vertex 8.71085 48.2534 0
    endloop
  endfacet
  facet normal -0.615847 -0.411475 0.671879
    outer loop
      vertex 8.71156 48.2523 0
      vertex 7.4487 47.2849 -1.75
      vertex 7.57224 47.1 -1.75
    endloop
  endfacet
  facet normal 0.234256 -0.702769 0.671743
    outer loop
      vertex 5.44944 47.8206 -1.75
      vertex 4.84182 49.2908 0
      vertex 4.84062 49.2904 0
    endloop
  endfacet
  facet normal 0.23814 -0.70133 0.671882
    outer loop
      vertex 4.84182 49.2908 0
      vertex 5.44944 47.8206 -1.75
      vertex 5.66001 47.8921 -1.75
    endloop
  endfacet
  facet normal 0.0484903 0.739072 0.671879
    outer loop
      vertex 6.1 42.9591 0
      vertex 6.1 44.55 -1.75
      vertex 5.67171 42.9872 0
    endloop
  endfacet
  facet normal -0.556863 -0.488338 0.671885
    outer loop
      vertex 8.71085 48.2534 0
      vertex 8.42786 48.5761 0
      vertex 7.4487 47.2849 -1.75
    endloop
  endfacet
  facet normal -0.0482986 -0.739102 0.67186
    outer loop
      vertex 6.32189 47.9355 -1.75
      vertex 6.52829 49.5128 0
      vertex 6.1 47.95 -1.75
    endloop
  endfacet
  facet normal 0 -0.742809 0.669504
    outer loop
      vertex 6.52829 49.5128 0
      vertex 6.32189 47.9355 -1.75
      vertex 6.52955 49.5128 0
    endloop
  endfacet
  facet normal -0.701372 0.23802 0.671881
    outer loop
      vertex 7.6706 45.5994 -1.75
      vertex 9.27877 45.3983 0
      vertex 7.74207 45.81 -1.75
    endloop
  endfacet
  facet normal -0.702303 0.234101 0.672286
    outer loop
      vertex 9.27877 45.3983 0
      vertex 7.6706 45.5994 -1.75
      vertex 9.27837 45.3971 0
    endloop
  endfacet
  facet normal -0.234256 0.702769 0.671743
    outer loop
      vertex 6.75056 44.6794 -1.75
      vertex 7.35818 43.2092 0
      vertex 7.35938 43.2096 0
    endloop
  endfacet
  facet normal -0.23814 0.70133 0.671882
    outer loop
      vertex 7.35818 43.2092 0
      vertex 6.75056 44.6794 -1.75
      vertex 6.53999 44.6079 -1.75
    endloop
  endfacet
  facet normal 0.726252 -0.14525 0.671908
    outer loop
      vertex 2.92098 47.1005 0
      vertex 4.45793 46.69 -1.75
      vertex 2.92122 47.1017 0
    endloop
  endfacet
  facet normal 0.72642 -0.144518 0.671884
    outer loop
      vertex 4.45793 46.69 -1.75
      vertex 2.92098 47.1005 0
      vertex 4.41454 46.4719 -1.75
    endloop
  endfacet
  facet normal -0.0484903 0.739072 0.671879
    outer loop
      vertex 6.52829 42.9872 0
      vertex 6.1 44.55 -1.75
      vertex 6.1 42.9591 0
    endloop
  endfacet
  facet normal 0 0.742809 0.669504
    outer loop
      vertex 6.32189 44.5645 -1.75
      vertex 6.52829 42.9872 0
      vertex 6.52955 42.9872 0
    endloop
  endfacet
  facet normal -0.0482986 0.739102 0.67186
    outer loop
      vertex 6.52829 42.9872 0
      vertex 6.32189 44.5645 -1.75
      vertex 6.1 44.55 -1.75
    endloop
  endfacet
  facet normal -0.664266 0.327611 0.671879
    outer loop
      vertex 8.95057 44.6057 0
      vertex 9.1404 44.9906 0
      vertex 7.6706 45.5994 -1.75
    endloop
  endfacet
  facet normal 0.488353 -0.55686 0.671877
    outer loop
      vertex 4.89792 47.4521 -1.75
      vertex 4.09567 48.86 0
      vertex 3.77297 48.577 0
    endloop
  endfacet
  facet normal 0.726419 -0.144524 0.671884
    outer loop
      vertex 4.41454 46.4719 -1.75
      vertex 2.92098 47.1005 0
      vertex 2.83724 46.6796 0
    endloop
  endfacet
  facet normal 0.327541 -0.664296 0.671884
    outer loop
      vertex 5.44944 47.8206 -1.75
      vertex 4.84062 49.2904 0
      vertex 4.45568 49.1006 0
    endloop
  endfacet
  facet normal -0.739071 -0.0484374 0.671884
    outer loop
      vertex 9.39083 46.2513 0
      vertex 9.36276 46.6796 0
      vertex 7.78546 46.4719 -1.75
    endloop
  endfacet
  facet normal -0.739071 0.0484374 0.671884
    outer loop
      vertex 9.36276 45.8204 0
      vertex 9.39083 46.2487 0
      vertex 7.78546 46.0281 -1.75
    endloop
  endfacet
  facet normal -0.0484903 -0.739072 0.671879
    outer loop
      vertex 6.52829 49.5128 0
      vertex 6.1 49.5409 0
      vertex 6.1 47.95 -1.75
    endloop
  endfacet
  facet normal 0.701361 -0.238049 0.671882
    outer loop
      vertex 4.45793 46.69 -1.75
      vertex 3.05919 47.5082 0
      vertex 2.92122 47.1017 0
    endloop
  endfacet
  facet normal 0.238132 0.701333 0.671881
    outer loop
      vertex 5.24825 43.0712 0
      vertex 5.66001 44.6079 -1.75
      vertex 4.84182 43.2092 0
    endloop
  endfacet
  facet normal 0.41142 -0.615871 0.67189
    outer loop
      vertex 5.06511 47.5987 -1.75
      vertex 4.45349 49.0993 0
      vertex 4.09662 48.8609 0
    endloop
  endfacet
  facet normal 0.739174 0.0454876 0.671977
    outer loop
      vertex 2.80917 46.2487 0
      vertex 4.4 46.25 -1.75
      vertex 2.80909 46.25 0
    endloop
  endfacet
  facet normal 0.739071 0.0484276 0.671885
    outer loop
      vertex 4.4 46.25 -1.75
      vertex 2.80917 46.2487 0
      vertex 4.41454 46.0281 -1.75
    endloop
  endfacet
  facet normal -0.238132 -0.701333 0.671881
    outer loop
      vertex 7.35818 49.2908 0
      vertex 6.95175 49.4288 0
      vertex 6.53999 47.8921 -1.75
    endloop
  endfacet
  facet normal -0.144439 0.726439 0.671881
    outer loop
      vertex 6.95175 43.0712 0
      vertex 6.53999 44.6079 -1.75
      vertex 6.53079 42.9875 0
    endloop
  endfacet
  facet normal -0.488352 -0.556842 0.671892
    outer loop
      vertex 8.42607 48.5779 0
      vertex 8.10338 48.8609 0
      vertex 7.13489 47.5987 -1.75
    endloop
  endfacet
  facet normal 0.544147 -0.501825 0.672366
    outer loop
      vertex 3.77214 48.5761 0
      vertex 4.89792 47.4521 -1.75
      vertex 3.77297 48.577 0
    endloop
  endfacet
  facet normal 0.556872 -0.488329 0.671884
    outer loop
      vertex 4.89792 47.4521 -1.75
      vertex 3.77214 48.5761 0
      vertex 4.7513 47.2849 -1.75
    endloop
  endfacet
  facet normal -0.701364 0.23805 0.671879
    outer loop
      vertex 9.1404 44.9906 0
      vertex 9.27837 45.3971 0
      vertex 7.6706 45.5994 -1.75
    endloop
  endfacet
  facet normal -0.72642 0.144518 0.671884
    outer loop
      vertex 7.74207 45.81 -1.75
      vertex 9.27902 45.3995 0
      vertex 7.78546 46.0281 -1.75
    endloop
  endfacet
  facet normal -0.724911 0.151023 0.672084
    outer loop
      vertex 9.27902 45.3995 0
      vertex 7.74207 45.81 -1.75
      vertex 9.27877 45.3983 0
    endloop
  endfacet
  facet normal -0.739174 0.0454876 0.671977
    outer loop
      vertex 7.8 46.25 -1.75
      vertex 9.39083 46.2487 0
      vertex 9.39091 46.25 0
    endloop
  endfacet
  facet normal -0.739071 0.0484276 0.671885
    outer loop
      vertex 9.39083 46.2487 0
      vertex 7.8 46.25 -1.75
      vertex 7.78546 46.0281 -1.75
    endloop
  endfacet
  facet normal -0.724911 -0.151023 0.672084
    outer loop
      vertex 7.74207 46.69 -1.75
      vertex 9.27902 47.1005 0
      vertex 9.27877 47.1017 0
    endloop
  endfacet
  facet normal -0.72642 -0.144518 0.671884
    outer loop
      vertex 9.27902 47.1005 0
      vertex 7.74207 46.69 -1.75
      vertex 7.78546 46.4719 -1.75
    endloop
  endfacet
  facet normal -0.726419 0.144524 0.671884
    outer loop
      vertex 9.27902 45.3995 0
      vertex 9.36276 45.8204 0
      vertex 7.78546 46.0281 -1.75
    endloop
  endfacet
  facet normal 0.14455 0.726416 0.671882
    outer loop
      vertex 5.66001 44.6079 -1.75
      vertex 5.67045 42.9872 0
      vertex 5.87811 44.5645 -1.75
    endloop
  endfacet
  facet normal 0.174896 0.722903 0.668448
    outer loop
      vertex 5.67045 42.9872 0
      vertex 5.66001 44.6079 -1.75
      vertex 5.66921 42.9875 0
    endloop
  endfacet
  facet normal 0.664286 -0.327554 0.671887
    outer loop
      vertex 4.62776 47.1 -1.75
      vertex 3.24999 47.8955 0
      vertex 3.06015 47.5105 0
    endloop
  endfacet
  facet normal 0.510127 -0.538467 0.670689
    outer loop
      vertex 4.09567 48.86 0
      vertex 5.06511 47.5987 -1.75
      vertex 4.09662 48.8609 0
    endloop
  endfacet
  facet normal 0.488309 -0.556892 0.671882
    outer loop
      vertex 5.06511 47.5987 -1.75
      vertex 4.09567 48.86 0
      vertex 4.89792 47.4521 -1.75
    endloop
  endfacet
  facet normal 0.41142 0.615871 0.67189
    outer loop
      vertex 4.45349 43.4007 0
      vertex 5.06511 44.9013 -1.75
      vertex 4.09662 43.6391 0
    endloop
  endfacet
  facet normal -0.556863 0.488338 0.671885
    outer loop
      vertex 8.42786 43.9239 0
      vertex 8.71085 44.2466 0
      vertex 7.4487 45.2151 -1.75
    endloop
  endfacet
  facet normal 0.739174 -0.0454876 0.671977
    outer loop
      vertex 4.4 46.25 -1.75
      vertex 2.80917 46.2513 0
      vertex 2.80909 46.25 0
    endloop
  endfacet
  facet normal 0.739071 -0.0484276 0.671885
    outer loop
      vertex 2.80917 46.2513 0
      vertex 4.4 46.25 -1.75
      vertex 4.41454 46.4719 -1.75
    endloop
  endfacet
  facet normal 0.23814 0.70133 0.671882
    outer loop
      vertex 5.44944 44.6794 -1.75
      vertex 4.84182 43.2092 0
      vertex 5.66001 44.6079 -1.75
    endloop
  endfacet
  facet normal 0.234256 0.702769 0.671743
    outer loop
      vertex 4.84182 43.2092 0
      vertex 5.44944 44.6794 -1.75
      vertex 4.84062 43.2096 0
    endloop
  endfacet
  facet normal -0.23814 -0.70133 0.671882
    outer loop
      vertex 6.75056 47.8206 -1.75
      vertex 7.35818 49.2908 0
      vertex 6.53999 47.8921 -1.75
    endloop
  endfacet
  facet normal -0.234256 -0.702769 0.671743
    outer loop
      vertex 7.35818 49.2908 0
      vertex 6.75056 47.8206 -1.75
      vertex 7.35938 49.2904 0
    endloop
  endfacet
  facet normal -0.615796 -0.411537 0.671887
    outer loop
      vertex 8.95001 47.8955 0
      vertex 8.71156 48.2523 0
      vertex 7.57224 47.1 -1.75
    endloop
  endfacet
  facet normal -0.508979 0.537255 0.672531
    outer loop
      vertex 7.30208 45.0479 -1.75
      vertex 8.42607 43.9221 0
      vertex 8.42702 43.923 0
    endloop
  endfacet
  facet normal -0.488307 0.55689 0.671885
    outer loop
      vertex 8.42607 43.9221 0
      vertex 7.30208 45.0479 -1.75
      vertex 7.13489 44.9013 -1.75
    endloop
  endfacet
  facet normal 0.664286 0.327554 0.671887
    outer loop
      vertex 3.24999 44.6045 0
      vertex 4.62776 45.4 -1.75
      vertex 3.06015 44.9895 0
    endloop
  endfacet
  facet normal 0.701361 0.238049 0.671882
    outer loop
      vertex 3.05919 44.9918 0
      vertex 4.45793 45.81 -1.75
      vertex 2.92122 45.3983 0
    endloop
  endfacet
  facet normal 0.0484903 -0.739072 0.671879
    outer loop
      vertex 6.1 47.95 -1.75
      vertex 6.1 49.5409 0
      vertex 5.67171 49.5128 0
    endloop
  endfacet
  facet normal -0.671665 -0.313444 0.671282
    outer loop
      vertex 7.57224 47.1 -1.75
      vertex 8.95057 47.8943 0
      vertex 8.95001 47.8955 0
    endloop
  endfacet
  facet normal -0.664239 -0.327656 0.671884
    outer loop
      vertex 8.95057 47.8943 0
      vertex 7.57224 47.1 -1.75
      vertex 7.6706 46.9006 -1.75
    endloop
  endfacet
  facet normal -0.238132 0.701333 0.671881
    outer loop
      vertex 6.95175 43.0712 0
      vertex 7.35818 43.2092 0
      vertex 6.53999 44.6079 -1.75
    endloop
  endfacet
  facet normal -0.327541 0.664296 0.671884
    outer loop
      vertex 7.35938 43.2096 0
      vertex 7.74432 43.3994 0
      vertex 6.75056 44.6794 -1.75
    endloop
  endfacet
  facet normal 0.72642 0.144518 0.671884
    outer loop
      vertex 2.92098 45.3995 0
      vertex 4.45793 45.81 -1.75
      vertex 4.41454 46.0281 -1.75
    endloop
  endfacet
  facet normal 0.726252 0.14525 0.671908
    outer loop
      vertex 4.45793 45.81 -1.75
      vertex 2.92098 45.3995 0
      vertex 2.92122 45.3983 0
    endloop
  endfacet
  facet normal 0.488309 0.556892 0.671882
    outer loop
      vertex 4.09567 43.64 0
      vertex 5.06511 44.9013 -1.75
      vertex 4.89792 45.0479 -1.75
    endloop
  endfacet
  facet normal 0.510127 0.538467 0.670689
    outer loop
      vertex 5.06511 44.9013 -1.75
      vertex 4.09567 43.64 0
      vertex 4.09662 43.6391 0
    endloop
  endfacet
  facet normal -0.726419 -0.144524 0.671884
    outer loop
      vertex 9.36276 46.6796 0
      vertex 9.27902 47.1005 0
      vertex 7.78546 46.4719 -1.75
    endloop
  endfacet
  facet normal -0.347102 0.653709 0.672447
    outer loop
      vertex 6.95 44.7778 -1.75
      vertex 7.74432 43.3994 0
      vertex 7.74545 43.4 0
    endloop
  endfacet
  facet normal -0.327703 0.664197 0.671903
    outer loop
      vertex 7.74432 43.3994 0
      vertex 6.95 44.7778 -1.75
      vertex 6.75056 44.6794 -1.75
    endloop
  endfacet
  facet normal 0.739071 0.0484374 0.671884
    outer loop
      vertex 2.83724 45.8204 0
      vertex 4.41454 46.0281 -1.75
      vertex 2.80917 46.2487 0
    endloop
  endfacet
  facet normal 0.700839 -0.239453 0.671927
    outer loop
      vertex 3.05919 47.5082 0
      vertex 4.5294 46.9006 -1.75
      vertex 3.0596 47.5094 0
    endloop
  endfacet
  facet normal 0.701374 -0.238021 0.671879
    outer loop
      vertex 4.5294 46.9006 -1.75
      vertex 3.05919 47.5082 0
      vertex 4.45793 46.69 -1.75
    endloop
  endfacet
  facet normal 0.664246 -0.327659 0.671876
    outer loop
      vertex 3.06015 47.5105 0
      vertex 4.5294 46.9006 -1.75
      vertex 4.62776 47.1 -1.75
    endloop
  endfacet
  facet normal 0.662579 -0.331289 0.671741
    outer loop
      vertex 4.5294 46.9006 -1.75
      vertex 3.06015 47.5105 0
      vertex 3.0596 47.5094 0
    endloop
  endfacet
  facet normal 0.615796 -0.411537 0.671887
    outer loop
      vertex 4.62776 47.1 -1.75
      vertex 3.48844 48.2523 0
      vertex 3.24999 47.8955 0
    endloop
  endfacet
  facet normal -0.327541 -0.664296 0.671884
    outer loop
      vertex 7.74432 49.1006 0
      vertex 7.35938 49.2904 0
      vertex 6.75056 47.8206 -1.75
    endloop
  endfacet
  facet normal 0.238132 -0.701333 0.671881
    outer loop
      vertex 5.66001 47.8921 -1.75
      vertex 5.24825 49.4288 0
      vertex 4.84182 49.2908 0
    endloop
  endfacet
  facet normal 0.622615 -0.40187 0.671454
    outer loop
      vertex 3.48844 48.2523 0
      vertex 4.7513 47.2849 -1.75
      vertex 3.48915 48.2534 0
    endloop
  endfacet
  facet normal 0.615847 -0.411475 0.671879
    outer loop
      vertex 4.7513 47.2849 -1.75
      vertex 3.48844 48.2523 0
      vertex 4.62776 47.1 -1.75
    endloop
  endfacet
  facet normal 0.739071 -0.0484374 0.671884
    outer loop
      vertex 4.41454 46.4719 -1.75
      vertex 2.83724 46.6796 0
      vertex 2.80917 46.2513 0
    endloop
  endfacet
  facet normal 0.327541 0.664296 0.671884
    outer loop
      vertex 4.84062 43.2096 0
      vertex 5.44944 44.6794 -1.75
      vertex 4.45568 43.3994 0
    endloop
  endfacet
  facet normal 0.664246 0.327659 0.671876
    outer loop
      vertex 4.5294 45.5994 -1.75
      vertex 3.06015 44.9895 0
      vertex 4.62776 45.4 -1.75
    endloop
  endfacet
  facet normal 0.662579 0.331289 0.671741
    outer loop
      vertex 3.06015 44.9895 0
      vertex 4.5294 45.5994 -1.75
      vertex 3.0596 44.9906 0
    endloop
  endfacet
  facet normal 0.144439 0.726439 0.671881
    outer loop
      vertex 5.66921 42.9875 0
      vertex 5.66001 44.6079 -1.75
      vertex 5.24825 43.0712 0
    endloop
  endfacet
  facet normal -0.508979 -0.537255 0.672531
    outer loop
      vertex 8.42607 48.5779 0
      vertex 7.30208 47.4521 -1.75
      vertex 8.42702 48.577 0
    endloop
  endfacet
  facet normal -0.488307 -0.55689 0.671885
    outer loop
      vertex 7.30208 47.4521 -1.75
      vertex 8.42607 48.5779 0
      vertex 7.13489 47.5987 -1.75
    endloop
  endfacet
  facet normal -0.14455 -0.726416 0.671882
    outer loop
      vertex 6.53999 47.8921 -1.75
      vertex 6.52955 49.5128 0
      vertex 6.32189 47.9355 -1.75
    endloop
  endfacet
  facet normal -0.174896 -0.722903 0.668448
    outer loop
      vertex 6.52955 49.5128 0
      vertex 6.53999 47.8921 -1.75
      vertex 6.53079 49.5125 0
    endloop
  endfacet
  facet normal -0.144439 -0.726439 0.671881
    outer loop
      vertex 6.53999 47.8921 -1.75
      vertex 6.95175 49.4288 0
      vertex 6.53079 49.5125 0
    endloop
  endfacet
  facet normal -0.664266 -0.327611 0.671879
    outer loop
      vertex 9.1404 47.5094 0
      vertex 8.95057 47.8943 0
      vertex 7.6706 46.9006 -1.75
    endloop
  endfacet
  facet normal -0.701364 -0.23805 0.671879
    outer loop
      vertex 9.27837 47.1029 0
      vertex 9.1404 47.5094 0
      vertex 7.6706 46.9006 -1.75
    endloop
  endfacet
  facet normal 0.144439 -0.726439 0.671881
    outer loop
      vertex 5.66001 47.8921 -1.75
      vertex 5.66921 49.5125 0
      vertex 5.24825 49.4288 0
    endloop
  endfacet
  facet normal 0 -0.742809 0.669504
    outer loop
      vertex 5.87811 47.9355 -1.75
      vertex 5.67171 49.5128 0
      vertex 5.67045 49.5128 0
    endloop
  endfacet
  facet normal 0.0482986 -0.739102 0.67186
    outer loop
      vertex 5.67171 49.5128 0
      vertex 5.87811 47.9355 -1.75
      vertex 6.1 47.95 -1.75
    endloop
  endfacet
  facet normal -0.664239 0.327656 0.671884
    outer loop
      vertex 7.57224 45.4 -1.75
      vertex 8.95057 44.6057 0
      vertex 7.6706 45.5994 -1.75
    endloop
  endfacet
  facet normal -0.671665 0.313444 0.671282
    outer loop
      vertex 8.95057 44.6057 0
      vertex 7.57224 45.4 -1.75
      vertex 8.95001 44.6045 0
    endloop
  endfacet
  facet normal 0.408082 -0.617953 0.672014
    outer loop
      vertex 4.45349 49.0993 0
      vertex 5.25 47.7222 -1.75
      vertex 4.45455 49.1 0
    endloop
  endfacet
  facet normal 0.411391 -0.615887 0.671894
    outer loop
      vertex 5.25 47.7222 -1.75
      vertex 4.45349 49.0993 0
      vertex 5.06511 47.5987 -1.75
    endloop
  endfacet
  facet normal -0.488352 0.556842 0.671892
    outer loop
      vertex 8.10338 43.6391 0
      vertex 8.42607 43.9221 0
      vertex 7.13489 44.9013 -1.75
    endloop
  endfacet
  facet normal -0.556872 0.488329 0.671884
    outer loop
      vertex 7.30208 45.0479 -1.75
      vertex 8.42786 43.9239 0
      vertex 7.4487 45.2151 -1.75
    endloop
  endfacet
  facet normal -0.541087 0.505015 0.672447
    outer loop
      vertex 8.42786 43.9239 0
      vertex 7.30208 45.0479 -1.75
      vertex 8.42702 43.923 0
    endloop
  endfacet
  facet normal 0.556872 0.488329 0.671884
    outer loop
      vertex 3.77214 43.9239 0
      vertex 4.89792 45.0479 -1.75
      vertex 4.7513 45.2151 -1.75
    endloop
  endfacet
  facet normal 0.544147 0.501825 0.672366
    outer loop
      vertex 4.89792 45.0479 -1.75
      vertex 3.77214 43.9239 0
      vertex 3.77297 43.923 0
    endloop
  endfacet
  facet normal -0.702303 -0.234101 0.672286
    outer loop
      vertex 7.6706 46.9006 -1.75
      vertex 9.27877 47.1017 0
      vertex 9.27837 47.1029 0
    endloop
  endfacet
  facet normal -0.701372 -0.23802 0.671881
    outer loop
      vertex 9.27877 47.1017 0
      vertex 7.6706 46.9006 -1.75
      vertex 7.74207 46.69 -1.75
    endloop
  endfacet
  facet normal -0.41142 0.615871 0.67189
    outer loop
      vertex 7.74651 43.4007 0
      vertex 8.10338 43.6391 0
      vertex 7.13489 44.9013 -1.75
    endloop
  endfacet
  facet normal -0.347102 -0.653709 0.672447
    outer loop
      vertex 7.74432 49.1006 0
      vertex 6.95 47.7222 -1.75
      vertex 7.74545 49.1 0
    endloop
  endfacet
  facet normal -0.327703 -0.664197 0.671903
    outer loop
      vertex 6.95 47.7222 -1.75
      vertex 7.74432 49.1006 0
      vertex 6.75056 47.8206 -1.75
    endloop
  endfacet
  facet normal 0.174896 -0.722903 0.668448
    outer loop
      vertex 5.66001 47.8921 -1.75
      vertex 5.67045 49.5128 0
      vertex 5.66921 49.5125 0
    endloop
  endfacet
  facet normal 0.14455 -0.726416 0.671882
    outer loop
      vertex 5.67045 49.5128 0
      vertex 5.66001 47.8921 -1.75
      vertex 5.87811 47.9355 -1.75
    endloop
  endfacet
  facet normal 0.0482986 0.739102 0.67186
    outer loop
      vertex 5.87811 44.5645 -1.75
      vertex 5.67171 42.9872 0
      vertex 6.1 44.55 -1.75
    endloop
  endfacet
  facet normal 0 0.742809 0.669504
    outer loop
      vertex 5.67171 42.9872 0
      vertex 5.87811 44.5645 -1.75
      vertex 5.67045 42.9872 0
    endloop
  endfacet
  facet normal 0.327703 -0.664197 0.671903
    outer loop
      vertex 4.45568 49.1006 0
      vertex 5.25 47.7222 -1.75
      vertex 5.44944 47.8206 -1.75
    endloop
  endfacet
  facet normal 0.347102 -0.653709 0.672447
    outer loop
      vertex 5.25 47.7222 -1.75
      vertex 4.45568 49.1006 0
      vertex 4.45455 49.1 0
    endloop
  endfacet
  facet normal 0.615796 0.411537 0.671887
    outer loop
      vertex 3.48844 44.2477 0
      vertex 4.62776 45.4 -1.75
      vertex 3.24999 44.6045 0
    endloop
  endfacet
  facet normal 0.701374 0.238021 0.671879
    outer loop
      vertex 3.05919 44.9918 0
      vertex 4.5294 45.5994 -1.75
      vertex 4.45793 45.81 -1.75
    endloop
  endfacet
  facet normal 0.700839 0.239453 0.671927
    outer loop
      vertex 4.5294 45.5994 -1.75
      vertex 3.05919 44.9918 0
      vertex 3.0596 44.9906 0
    endloop
  endfacet
  facet normal -0.411391 0.615887 0.671894
    outer loop
      vertex 6.95 44.7778 -1.75
      vertex 7.74651 43.4007 0
      vertex 7.13489 44.9013 -1.75
    endloop
  endfacet
  facet normal -0.408082 0.617953 0.672014
    outer loop
      vertex 7.74651 43.4007 0
      vertex 6.95 44.7778 -1.75
      vertex 7.74545 43.4 0
    endloop
  endfacet
  facet normal 0.411391 0.615887 0.671894
    outer loop
      vertex 4.45349 43.4007 0
      vertex 5.25 44.7778 -1.75
      vertex 5.06511 44.9013 -1.75
    endloop
  endfacet
  facet normal 0.408082 0.617953 0.672014
    outer loop
      vertex 5.25 44.7778 -1.75
      vertex 4.45349 43.4007 0
      vertex 4.45455 43.4 0
    endloop
  endfacet
  facet normal 0.44253 0.896754 -0
    outer loop
      vertex 37.4494 44.6794 -2
      vertex 37.25 44.7778 -1.75
      vertex 37.4494 44.6794 -1.75
    endloop
  endfacet
  facet normal 0.44253 0.896754 0
    outer loop
      vertex 37.25 44.7778 -1.75
      vertex 37.4494 44.6794 -2
      vertex 37.25 44.7778 -2
    endloop
  endfacet
  facet normal -0.98077 -0.195165 0
    outer loop
      vertex 39.7855 46.4719 -2
      vertex 39.7421 46.69 -1.75
      vertex 39.7421 46.69 -2
    endloop
  endfacet
  facet normal -0.98077 -0.195165 0
    outer loop
      vertex 39.7421 46.69 -1.75
      vertex 39.7855 46.4719 -2
      vertex 39.7855 46.4719 -1.75
    endloop
  endfacet
  facet normal -0.997872 -0.0652057 0
    outer loop
      vertex 39.8 46.25 -2
      vertex 39.7855 46.4719 -1.75
      vertex 39.7855 46.4719 -2
    endloop
  endfacet
  facet normal -0.997872 -0.0652057 0
    outer loop
      vertex 39.7855 46.4719 -1.75
      vertex 39.8 46.25 -2
      vertex 39.8 46.25 -1.75
    endloop
  endfacet
  facet normal -0.946915 -0.321484 0
    outer loop
      vertex 39.7421 46.69 -2
      vertex 39.6706 46.9006 -1.75
      vertex 39.6706 46.9006 -2
    endloop
  endfacet
  facet normal -0.946915 -0.321484 0
    outer loop
      vertex 39.6706 46.9006 -1.75
      vertex 39.7421 46.69 -2
      vertex 39.7421 46.69 -1.75
    endloop
  endfacet
  facet normal 0.321484 0.946915 -0
    outer loop
      vertex 37.66 44.6079 -2
      vertex 37.4494 44.6794 -1.75
      vertex 37.66 44.6079 -1.75
    endloop
  endfacet
  facet normal 0.321484 0.946915 0
    outer loop
      vertex 37.4494 44.6794 -1.75
      vertex 37.66 44.6079 -2
      vertex 37.4494 44.6794 -2
    endloop
  endfacet
  facet normal -0.321484 -0.946915 0
    outer loop
      vertex 38.54 47.8921 -2
      vertex 38.7506 47.8206 -1.75
      vertex 38.54 47.8921 -1.75
    endloop
  endfacet
  facet normal -0.321484 -0.946915 -0
    outer loop
      vertex 38.7506 47.8206 -1.75
      vertex 38.54 47.8921 -2
      vertex 38.7506 47.8206 -2
    endloop
  endfacet
  facet normal -0.997872 0.0652057 0
    outer loop
      vertex 39.7855 46.0281 -2
      vertex 39.8 46.25 -1.75
      vertex 39.8 46.25 -2
    endloop
  endfacet
  facet normal -0.997872 0.0652057 0
    outer loop
      vertex 39.8 46.25 -1.75
      vertex 39.7855 46.0281 -2
      vertex 39.7855 46.0281 -1.75
    endloop
  endfacet
  facet normal -0.751908 0.659268 0
    outer loop
      vertex 39.3021 45.0479 -2
      vertex 39.4487 45.2151 -1.75
      vertex 39.4487 45.2151 -2
    endloop
  endfacet
  facet normal -0.751908 0.659268 0
    outer loop
      vertex 39.4487 45.2151 -1.75
      vertex 39.3021 45.0479 -2
      vertex 39.3021 45.0479 -1.75
    endloop
  endfacet
  facet normal 0.98077 0.195165 0
    outer loop
      vertex 36.4579 45.81 -1.75
      vertex 36.4145 46.0281 -2
      vertex 36.4145 46.0281 -1.75
    endloop
  endfacet
  facet normal 0.98077 0.195165 0
    outer loop
      vertex 36.4145 46.0281 -2
      vertex 36.4579 45.81 -1.75
      vertex 36.4579 45.81 -2
    endloop
  endfacet
  facet normal -0.831566 -0.555426 0
    outer loop
      vertex 39.5722 47.1 -2
      vertex 39.4487 47.2849 -1.75
      vertex 39.4487 47.2849 -2
    endloop
  endfacet
  facet normal -0.831566 -0.555426 0
    outer loop
      vertex 39.4487 47.2849 -1.75
      vertex 39.5722 47.1 -2
      vertex 39.5722 47.1 -1.75
    endloop
  endfacet
  facet normal 0.195165 -0.98077 0
    outer loop
      vertex 37.66 47.8921 -2
      vertex 37.8781 47.9355 -1.75
      vertex 37.66 47.8921 -1.75
    endloop
  endfacet
  facet normal 0.195165 -0.98077 0
    outer loop
      vertex 37.8781 47.9355 -1.75
      vertex 37.66 47.8921 -2
      vertex 37.8781 47.9355 -2
    endloop
  endfacet
  facet normal -0.896754 0.44253 0
    outer loop
      vertex 39.5722 45.4 -2
      vertex 39.6706 45.5994 -1.75
      vertex 39.6706 45.5994 -2
    endloop
  endfacet
  facet normal -0.896754 0.44253 0
    outer loop
      vertex 39.6706 45.5994 -1.75
      vertex 39.5722 45.4 -2
      vertex 39.5722 45.4 -1.75
    endloop
  endfacet
  facet normal 0.0652057 -0.997872 0
    outer loop
      vertex 37.8781 47.9355 -2
      vertex 38.1 47.95 -1.75
      vertex 37.8781 47.9355 -1.75
    endloop
  endfacet
  facet normal 0.0652057 -0.997872 0
    outer loop
      vertex 38.1 47.95 -1.75
      vertex 37.8781 47.9355 -2
      vertex 38.1 47.95 -2
    endloop
  endfacet
  facet normal -0.946915 0.321484 0
    outer loop
      vertex 39.6706 45.5994 -2
      vertex 39.7421 45.81 -1.75
      vertex 39.7421 45.81 -2
    endloop
  endfacet
  facet normal -0.946915 0.321484 0
    outer loop
      vertex 39.7421 45.81 -1.75
      vertex 39.6706 45.5994 -2
      vertex 39.6706 45.5994 -1.75
    endloop
  endfacet
  facet normal -0.0652057 -0.997872 0
    outer loop
      vertex 38.1 47.95 -2
      vertex 38.3219 47.9355 -1.75
      vertex 38.1 47.95 -1.75
    endloop
  endfacet
  facet normal -0.0652057 -0.997872 -0
    outer loop
      vertex 38.3219 47.9355 -1.75
      vertex 38.1 47.95 -2
      vertex 38.3219 47.9355 -2
    endloop
  endfacet
  facet normal 0.831566 -0.555426 0
    outer loop
      vertex 36.6278 47.1 -1.75
      vertex 36.7513 47.2849 -2
      vertex 36.7513 47.2849 -1.75
    endloop
  endfacet
  facet normal 0.831566 -0.555426 0
    outer loop
      vertex 36.7513 47.2849 -2
      vertex 36.6278 47.1 -1.75
      vertex 36.6278 47.1 -2
    endloop
  endfacet
  facet normal -0.321484 0.946915 0
    outer loop
      vertex 38.7506 44.6794 -2
      vertex 38.54 44.6079 -1.75
      vertex 38.7506 44.6794 -1.75
    endloop
  endfacet
  facet normal -0.321484 0.946915 0
    outer loop
      vertex 38.54 44.6079 -1.75
      vertex 38.7506 44.6794 -2
      vertex 38.54 44.6079 -2
    endloop
  endfacet
  facet normal 0.555426 0.831566 -0
    outer loop
      vertex 37.25 44.7778 -2
      vertex 37.0651 44.9013 -1.75
      vertex 37.25 44.7778 -1.75
    endloop
  endfacet
  facet normal 0.555426 0.831566 0
    outer loop
      vertex 37.0651 44.9013 -1.75
      vertex 37.25 44.7778 -2
      vertex 37.0651 44.9013 -2
    endloop
  endfacet
  facet normal 0.751908 -0.659268 0
    outer loop
      vertex 36.7513 47.2849 -1.75
      vertex 36.8979 47.4521 -2
      vertex 36.8979 47.4521 -1.75
    endloop
  endfacet
  facet normal 0.751908 -0.659268 0
    outer loop
      vertex 36.8979 47.4521 -2
      vertex 36.7513 47.2849 -1.75
      vertex 36.7513 47.2849 -2
    endloop
  endfacet
  facet normal -0.896754 -0.44253 0
    outer loop
      vertex 39.6706 46.9006 -2
      vertex 39.5722 47.1 -1.75
      vertex 39.5722 47.1 -2
    endloop
  endfacet
  facet normal -0.896754 -0.44253 0
    outer loop
      vertex 39.5722 47.1 -1.75
      vertex 39.6706 46.9006 -2
      vertex 39.6706 46.9006 -1.75
    endloop
  endfacet
  facet normal 0.321484 -0.946915 0
    outer loop
      vertex 37.4494 47.8206 -2
      vertex 37.66 47.8921 -1.75
      vertex 37.4494 47.8206 -1.75
    endloop
  endfacet
  facet normal 0.321484 -0.946915 0
    outer loop
      vertex 37.66 47.8921 -1.75
      vertex 37.4494 47.8206 -2
      vertex 37.66 47.8921 -2
    endloop
  endfacet
  facet normal -0.659268 -0.751908 0
    outer loop
      vertex 39.1349 47.5987 -2
      vertex 39.3021 47.4521 -1.75
      vertex 39.1349 47.5987 -1.75
    endloop
  endfacet
  facet normal -0.659268 -0.751908 -0
    outer loop
      vertex 39.3021 47.4521 -1.75
      vertex 39.1349 47.5987 -2
      vertex 39.3021 47.4521 -2
    endloop
  endfacet
  facet normal 0.659268 -0.751908 0
    outer loop
      vertex 36.8979 47.4521 -2
      vertex 37.0651 47.5987 -1.75
      vertex 36.8979 47.4521 -1.75
    endloop
  endfacet
  facet normal 0.659268 -0.751908 0
    outer loop
      vertex 37.0651 47.5987 -1.75
      vertex 36.8979 47.4521 -2
      vertex 37.0651 47.5987 -2
    endloop
  endfacet
  facet normal -0.831566 0.555426 0
    outer loop
      vertex 39.4487 45.2151 -2
      vertex 39.5722 45.4 -1.75
      vertex 39.5722 45.4 -2
    endloop
  endfacet
  facet normal -0.831566 0.555426 0
    outer loop
      vertex 39.5722 45.4 -1.75
      vertex 39.4487 45.2151 -2
      vertex 39.4487 45.2151 -1.75
    endloop
  endfacet
  facet normal -0.555426 -0.831566 0
    outer loop
      vertex 38.95 47.7222 -2
      vertex 39.1349 47.5987 -1.75
      vertex 38.95 47.7222 -1.75
    endloop
  endfacet
  facet normal -0.555426 -0.831566 -0
    outer loop
      vertex 39.1349 47.5987 -1.75
      vertex 38.95 47.7222 -2
      vertex 39.1349 47.5987 -2
    endloop
  endfacet
  facet normal 0.555426 -0.831566 0
    outer loop
      vertex 37.0651 47.5987 -2
      vertex 37.25 47.7222 -1.75
      vertex 37.0651 47.5987 -1.75
    endloop
  endfacet
  facet normal 0.555426 -0.831566 0
    outer loop
      vertex 37.25 47.7222 -1.75
      vertex 37.0651 47.5987 -2
      vertex 37.25 47.7222 -2
    endloop
  endfacet
  facet normal -0.98077 0.195165 0
    outer loop
      vertex 39.7421 45.81 -2
      vertex 39.7855 46.0281 -1.75
      vertex 39.7855 46.0281 -2
    endloop
  endfacet
  facet normal -0.98077 0.195165 0
    outer loop
      vertex 39.7855 46.0281 -1.75
      vertex 39.7421 45.81 -2
      vertex 39.7421 45.81 -1.75
    endloop
  endfacet
  facet normal -0.555426 0.831566 0
    outer loop
      vertex 39.1349 44.9013 -2
      vertex 38.95 44.7778 -1.75
      vertex 39.1349 44.9013 -1.75
    endloop
  endfacet
  facet normal -0.555426 0.831566 0
    outer loop
      vertex 38.95 44.7778 -1.75
      vertex 39.1349 44.9013 -2
      vertex 38.95 44.7778 -2
    endloop
  endfacet
  facet normal 0.831566 0.555426 0
    outer loop
      vertex 36.7513 45.2151 -1.75
      vertex 36.6278 45.4 -2
      vertex 36.6278 45.4 -1.75
    endloop
  endfacet
  facet normal 0.831566 0.555426 0
    outer loop
      vertex 36.6278 45.4 -2
      vertex 36.7513 45.2151 -1.75
      vertex 36.7513 45.2151 -2
    endloop
  endfacet
  facet normal 0.0652057 0.997872 -0
    outer loop
      vertex 38.1 44.55 -2
      vertex 37.8781 44.5645 -1.75
      vertex 38.1 44.55 -1.75
    endloop
  endfacet
  facet normal 0.0652057 0.997872 0
    outer loop
      vertex 37.8781 44.5645 -1.75
      vertex 38.1 44.55 -2
      vertex 37.8781 44.5645 -2
    endloop
  endfacet
  facet normal -0.195165 0.98077 0
    outer loop
      vertex 38.54 44.6079 -2
      vertex 38.3219 44.5645 -1.75
      vertex 38.54 44.6079 -1.75
    endloop
  endfacet
  facet normal -0.195165 0.98077 0
    outer loop
      vertex 38.3219 44.5645 -1.75
      vertex 38.54 44.6079 -2
      vertex 38.3219 44.5645 -2
    endloop
  endfacet
  facet normal -0.659268 0.751908 0
    outer loop
      vertex 39.3021 45.0479 -2
      vertex 39.1349 44.9013 -1.75
      vertex 39.3021 45.0479 -1.75
    endloop
  endfacet
  facet normal -0.659268 0.751908 0
    outer loop
      vertex 39.1349 44.9013 -1.75
      vertex 39.3021 45.0479 -2
      vertex 39.1349 44.9013 -2
    endloop
  endfacet
  facet normal 0.997872 -0.0652057 0
    outer loop
      vertex 36.4 46.25 -1.75
      vertex 36.4145 46.4719 -2
      vertex 36.4145 46.4719 -1.75
    endloop
  endfacet
  facet normal 0.997872 -0.0652057 0
    outer loop
      vertex 36.4145 46.4719 -2
      vertex 36.4 46.25 -1.75
      vertex 36.4 46.25 -2
    endloop
  endfacet
  facet normal -0.44253 0.896754 0
    outer loop
      vertex 38.95 44.7778 -2
      vertex 38.7506 44.6794 -1.75
      vertex 38.95 44.7778 -1.75
    endloop
  endfacet
  facet normal -0.44253 0.896754 0
    outer loop
      vertex 38.7506 44.6794 -1.75
      vertex 38.95 44.7778 -2
      vertex 38.7506 44.6794 -2
    endloop
  endfacet
  facet normal 0.997872 0.0652057 0
    outer loop
      vertex 36.4145 46.0281 -1.75
      vertex 36.4 46.25 -2
      vertex 36.4 46.25 -1.75
    endloop
  endfacet
  facet normal 0.997872 0.0652057 0
    outer loop
      vertex 36.4 46.25 -2
      vertex 36.4145 46.0281 -1.75
      vertex 36.4145 46.0281 -2
    endloop
  endfacet
  facet normal 0.946915 0.321484 0
    outer loop
      vertex 36.5294 45.5994 -1.75
      vertex 36.4579 45.81 -2
      vertex 36.4579 45.81 -1.75
    endloop
  endfacet
  facet normal 0.946915 0.321484 0
    outer loop
      vertex 36.4579 45.81 -2
      vertex 36.5294 45.5994 -1.75
      vertex 36.5294 45.5994 -2
    endloop
  endfacet
  facet normal -0.0652057 0.997872 0
    outer loop
      vertex 38.3219 44.5645 -2
      vertex 38.1 44.55 -1.75
      vertex 38.3219 44.5645 -1.75
    endloop
  endfacet
  facet normal -0.0652057 0.997872 0
    outer loop
      vertex 38.1 44.55 -1.75
      vertex 38.3219 44.5645 -2
      vertex 38.1 44.55 -2
    endloop
  endfacet
  facet normal 0.751908 0.659268 0
    outer loop
      vertex 36.8979 45.0479 -1.75
      vertex 36.7513 45.2151 -2
      vertex 36.7513 45.2151 -1.75
    endloop
  endfacet
  facet normal 0.751908 0.659268 0
    outer loop
      vertex 36.7513 45.2151 -2
      vertex 36.8979 45.0479 -1.75
      vertex 36.8979 45.0479 -2
    endloop
  endfacet
  facet normal 0.659268 0.751908 -0
    outer loop
      vertex 37.0651 44.9013 -2
      vertex 36.8979 45.0479 -1.75
      vertex 37.0651 44.9013 -1.75
    endloop
  endfacet
  facet normal 0.659268 0.751908 0
    outer loop
      vertex 36.8979 45.0479 -1.75
      vertex 37.0651 44.9013 -2
      vertex 36.8979 45.0479 -2
    endloop
  endfacet
  facet normal 0.98077 -0.195165 0
    outer loop
      vertex 36.4145 46.4719 -1.75
      vertex 36.4579 46.69 -2
      vertex 36.4579 46.69 -1.75
    endloop
  endfacet
  facet normal 0.98077 -0.195165 0
    outer loop
      vertex 36.4579 46.69 -2
      vertex 36.4145 46.4719 -1.75
      vertex 36.4145 46.4719 -2
    endloop
  endfacet
  facet normal -0.44253 -0.896754 0
    outer loop
      vertex 38.7506 47.8206 -2
      vertex 38.95 47.7222 -1.75
      vertex 38.7506 47.8206 -1.75
    endloop
  endfacet
  facet normal -0.44253 -0.896754 -0
    outer loop
      vertex 38.95 47.7222 -1.75
      vertex 38.7506 47.8206 -2
      vertex 38.95 47.7222 -2
    endloop
  endfacet
  facet normal 0.44253 -0.896754 0
    outer loop
      vertex 37.25 47.7222 -2
      vertex 37.4494 47.8206 -1.75
      vertex 37.25 47.7222 -1.75
    endloop
  endfacet
  facet normal 0.44253 -0.896754 0
    outer loop
      vertex 37.4494 47.8206 -1.75
      vertex 37.25 47.7222 -2
      vertex 37.4494 47.8206 -2
    endloop
  endfacet
  facet normal -0.751908 -0.659268 0
    outer loop
      vertex 39.4487 47.2849 -2
      vertex 39.3021 47.4521 -1.75
      vertex 39.3021 47.4521 -2
    endloop
  endfacet
  facet normal -0.751908 -0.659268 0
    outer loop
      vertex 39.3021 47.4521 -1.75
      vertex 39.4487 47.2849 -2
      vertex 39.4487 47.2849 -1.75
    endloop
  endfacet
  facet normal -0.195165 -0.98077 0
    outer loop
      vertex 38.3219 47.9355 -2
      vertex 38.54 47.8921 -1.75
      vertex 38.3219 47.9355 -1.75
    endloop
  endfacet
  facet normal -0.195165 -0.98077 -0
    outer loop
      vertex 38.54 47.8921 -1.75
      vertex 38.3219 47.9355 -2
      vertex 38.54 47.8921 -2
    endloop
  endfacet
  facet normal 0.946915 -0.321484 0
    outer loop
      vertex 36.4579 46.69 -1.75
      vertex 36.5294 46.9006 -2
      vertex 36.5294 46.9006 -1.75
    endloop
  endfacet
  facet normal 0.946915 -0.321484 0
    outer loop
      vertex 36.5294 46.9006 -2
      vertex 36.4579 46.69 -1.75
      vertex 36.4579 46.69 -2
    endloop
  endfacet
  facet normal 0.195165 0.98077 -0
    outer loop
      vertex 37.8781 44.5645 -2
      vertex 37.66 44.6079 -1.75
      vertex 37.8781 44.5645 -1.75
    endloop
  endfacet
  facet normal 0.195165 0.98077 0
    outer loop
      vertex 37.66 44.6079 -1.75
      vertex 37.8781 44.5645 -2
      vertex 37.66 44.6079 -2
    endloop
  endfacet
  facet normal 0.896754 0.44253 0
    outer loop
      vertex 36.6278 45.4 -1.75
      vertex 36.5294 45.5994 -2
      vertex 36.5294 45.5994 -1.75
    endloop
  endfacet
  facet normal 0.896754 0.44253 0
    outer loop
      vertex 36.5294 45.5994 -2
      vertex 36.6278 45.4 -1.75
      vertex 36.6278 45.4 -2
    endloop
  endfacet
  facet normal 0.896754 -0.44253 0
    outer loop
      vertex 36.5294 46.9006 -1.75
      vertex 36.6278 47.1 -2
      vertex 36.6278 47.1 -1.75
    endloop
  endfacet
  facet normal 0.896754 -0.44253 0
    outer loop
      vertex 36.6278 47.1 -2
      vertex 36.5294 46.9006 -1.75
      vertex 36.5294 46.9006 -2
    endloop
  endfacet
  facet normal -0.739082 -0.0482951 0.671882
    outer loop
      vertex 39.8 46.25 -1.75
      vertex 41.3908 46.2513 0
      vertex 39.7855 46.4719 -1.75
    endloop
  endfacet
  facet normal -0.738746 -0.0568266 0.671584
    outer loop
      vertex 41.3908 46.2513 0
      vertex 39.8 46.25 -1.75
      vertex 41.3909 46.25 0
    endloop
  endfacet
  facet normal -0.523226 -0.523226 0.672659
    outer loop
      vertex 39.3021 47.4521 -1.75
      vertex 40.4279 48.5761 0
      vertex 40.427 48.577 0
    endloop
  endfacet
  facet normal -0.556904 -0.48829 0.671886
    outer loop
      vertex 40.4279 48.5761 0
      vertex 39.3021 47.4521 -1.75
      vertex 39.4487 47.2849 -1.75
    endloop
  endfacet
  facet normal -0.411396 -0.615886 0.671891
    outer loop
      vertex 40.1034 48.8609 0
      vertex 39.7465 49.0993 0
      vertex 39.1349 47.5987 -1.75
    endloop
  endfacet
  facet normal -0.42505 -0.607215 0.671284
    outer loop
      vertex 38.95 47.7222 -1.75
      vertex 39.7465 49.0993 0
      vertex 39.7455 49.1 0
    endloop
  endfacet
  facet normal -0.411376 -0.615897 0.671893
    outer loop
      vertex 39.7465 49.0993 0
      vertex 38.95 47.7222 -1.75
      vertex 39.1349 47.5987 -1.75
    endloop
  endfacet
  facet normal -0.61583 0.411474 0.671895
    outer loop
      vertex 40.7116 44.2477 0
      vertex 40.95 44.6045 0
      vertex 39.5722 45.4 -1.75
    endloop
  endfacet
  facet normal -0.615905 0.411381 0.671883
    outer loop
      vertex 39.4487 45.2151 -1.75
      vertex 40.7116 44.2477 0
      vertex 39.5722 45.4 -1.75
    endloop
  endfacet
  facet normal -0.625338 0.397943 0.671263
    outer loop
      vertex 40.7116 44.2477 0
      vertex 39.4487 45.2151 -1.75
      vertex 40.7109 44.2466 0
    endloop
  endfacet
  facet normal 0.615905 0.411381 0.671883
    outer loop
      vertex 35.4884 44.2477 0
      vertex 36.7513 45.2151 -1.75
      vertex 36.6278 45.4 -1.75
    endloop
  endfacet
  facet normal 0.625338 0.397943 0.671263
    outer loop
      vertex 36.7513 45.2151 -1.75
      vertex 35.4884 44.2477 0
      vertex 35.4891 44.2466 0
    endloop
  endfacet
  facet normal 0.726402 0.144625 0.671881
    outer loop
      vertex 34.921 45.3995 0
      vertex 36.4145 46.0281 -1.75
      vertex 34.8372 45.8204 0
    endloop
  endfacet
  facet normal 0.556849 0.488343 0.671894
    outer loop
      vertex 35.7721 43.9239 0
      vertex 36.7513 45.2151 -1.75
      vertex 35.4891 44.2466 0
    endloop
  endfacet
  facet normal 0.488357 0.556865 0.671869
    outer loop
      vertex 36.0957 43.64 0
      vertex 36.8979 45.0479 -1.75
      vertex 35.773 43.923 0
    endloop
  endfacet
  facet normal 0.556849 -0.488343 0.671894
    outer loop
      vertex 36.7513 47.2849 -1.75
      vertex 35.7721 48.5761 0
      vertex 35.4891 48.2534 0
    endloop
  endfacet
  facet normal 0.327755 0.664171 0.671903
    outer loop
      vertex 37.25 44.7778 -1.75
      vertex 36.4557 43.3994 0
      vertex 37.4494 44.6794 -1.75
    endloop
  endfacet
  facet normal 0.331176 0.662351 0.672022
    outer loop
      vertex 36.4557 43.3994 0
      vertex 37.25 44.7778 -1.75
      vertex 36.4545 43.4 0
    endloop
  endfacet
  facet normal -0.16705 0.723882 0.669395
    outer loop
      vertex 38.54 44.6079 -1.75
      vertex 38.5295 42.9872 0
      vertex 38.5308 42.9875 0
    endloop
  endfacet
  facet normal -0.144551 0.726418 0.671879
    outer loop
      vertex 38.5295 42.9872 0
      vertex 38.54 44.6079 -1.75
      vertex 38.3219 44.5645 -1.75
    endloop
  endfacet
  facet normal -0.625338 -0.397943 0.671263
    outer loop
      vertex 39.4487 47.2849 -1.75
      vertex 40.7116 48.2523 0
      vertex 40.7109 48.2534 0
    endloop
  endfacet
  facet normal -0.615905 -0.411381 0.671883
    outer loop
      vertex 40.7116 48.2523 0
      vertex 39.4487 47.2849 -1.75
      vertex 39.5722 47.1 -1.75
    endloop
  endfacet
  facet normal 0.234257 -0.702771 0.671742
    outer loop
      vertex 37.4494 47.8206 -1.75
      vertex 36.8418 49.2908 0
      vertex 36.8406 49.2904 0
    endloop
  endfacet
  facet normal 0.23811 -0.701342 0.67188
    outer loop
      vertex 36.8418 49.2908 0
      vertex 37.4494 47.8206 -1.75
      vertex 37.66 47.8921 -1.75
    endloop
  endfacet
  facet normal 0.0484892 0.739072 0.671879
    outer loop
      vertex 38.1 42.9591 0
      vertex 38.1 44.55 -1.75
      vertex 37.6717 42.9872 0
    endloop
  endfacet
  facet normal -0.556849 -0.488343 0.671894
    outer loop
      vertex 40.7109 48.2534 0
      vertex 40.4279 48.5761 0
      vertex 39.4487 47.2849 -1.75
    endloop
  endfacet
  facet normal -0.0482965 -0.739102 0.67186
    outer loop
      vertex 38.3219 47.9355 -1.75
      vertex 38.5283 49.5128 0
      vertex 38.1 47.95 -1.75
    endloop
  endfacet
  facet normal 0 -0.742809 0.669504
    outer loop
      vertex 38.5283 49.5128 0
      vertex 38.3219 47.9355 -1.75
      vertex 38.5295 49.5128 0
    endloop
  endfacet
  facet normal -0.701344 0.238111 0.671878
    outer loop
      vertex 39.6706 45.5994 -1.75
      vertex 41.2788 45.3983 0
      vertex 39.7421 45.81 -1.75
    endloop
  endfacet
  facet normal -0.702297 0.234099 0.672292
    outer loop
      vertex 41.2788 45.3983 0
      vertex 39.6706 45.5994 -1.75
      vertex 41.2784 45.3971 0
    endloop
  endfacet
  facet normal -0.234257 0.702771 0.671742
    outer loop
      vertex 38.7506 44.6794 -1.75
      vertex 39.3582 43.2092 0
      vertex 39.3594 43.2096 0
    endloop
  endfacet
  facet normal -0.23811 0.701342 0.67188
    outer loop
      vertex 39.3582 43.2092 0
      vertex 38.7506 44.6794 -1.75
      vertex 38.54 44.6079 -1.75
    endloop
  endfacet
  facet normal 0.731417 -0.121903 0.670946
    outer loop
      vertex 34.921 47.1005 0
      vertex 36.4579 46.69 -1.75
      vertex 34.9212 47.1017 0
    endloop
  endfacet
  facet normal 0.726423 -0.144552 0.671873
    outer loop
      vertex 36.4579 46.69 -1.75
      vertex 34.921 47.1005 0
      vertex 36.4145 46.4719 -1.75
    endloop
  endfacet
  facet normal -0.0484892 0.739072 0.671879
    outer loop
      vertex 38.5283 42.9872 0
      vertex 38.1 44.55 -1.75
      vertex 38.1 42.9591 0
    endloop
  endfacet
  facet normal 0 0.742809 0.669504
    outer loop
      vertex 38.3219 44.5645 -1.75
      vertex 38.5283 42.9872 0
      vertex 38.5295 42.9872 0
    endloop
  endfacet
  facet normal -0.0482965 0.739102 0.67186
    outer loop
      vertex 38.5283 42.9872 0
      vertex 38.3219 44.5645 -1.75
      vertex 38.1 44.55 -1.75
    endloop
  endfacet
  facet normal -0.664285 0.327569 0.67188
    outer loop
      vertex 40.9506 44.6057 0
      vertex 41.1404 44.9906 0
      vertex 39.6706 45.5994 -1.75
    endloop
  endfacet
  facet normal 0.488357 -0.556865 0.671869
    outer loop
      vertex 36.8979 47.4521 -1.75
      vertex 36.0957 48.86 0
      vertex 35.773 48.577 0
    endloop
  endfacet
  facet normal 0.726402 -0.144625 0.671881
    outer loop
      vertex 36.4145 46.4719 -1.75
      vertex 34.921 47.1005 0
      vertex 34.8372 46.6796 0
    endloop
  endfacet
  facet normal 0.327569 -0.664285 0.67188
    outer loop
      vertex 37.4494 47.8206 -1.75
      vertex 36.8406 49.2904 0
      vertex 36.4557 49.1006 0
    endloop
  endfacet
  facet normal -0.739082 -0.0483173 0.67188
    outer loop
      vertex 41.3908 46.2513 0
      vertex 41.3628 46.6796 0
      vertex 39.7855 46.4719 -1.75
    endloop
  endfacet
  facet normal -0.739082 0.0483173 0.67188
    outer loop
      vertex 41.3628 45.8204 0
      vertex 41.3908 46.2487 0
      vertex 39.7855 46.0281 -1.75
    endloop
  endfacet
  facet normal -0.0484892 -0.739072 0.671879
    outer loop
      vertex 38.5283 49.5128 0
      vertex 38.1 49.5409 0
      vertex 38.1 47.95 -1.75
    endloop
  endfacet
  facet normal 0.701349 -0.238096 0.671878
    outer loop
      vertex 36.4579 46.69 -1.75
      vertex 35.0592 47.5082 0
      vertex 34.9212 47.1017 0
    endloop
  endfacet
  facet normal 0.238147 0.701326 0.671884
    outer loop
      vertex 37.2482 43.0712 0
      vertex 37.66 44.6079 -1.75
      vertex 36.8418 43.2092 0
    endloop
  endfacet
  facet normal 0.411396 -0.615886 0.671891
    outer loop
      vertex 37.0651 47.5987 -1.75
      vertex 36.4535 49.0993 0
      vertex 36.0966 48.8609 0
    endloop
  endfacet
  facet normal 0.738746 0.0568266 0.671584
    outer loop
      vertex 34.8092 46.2487 0
      vertex 36.4 46.25 -1.75
      vertex 34.8091 46.25 0
    endloop
  endfacet
  facet normal 0.739082 0.0482951 0.671882
    outer loop
      vertex 36.4 46.25 -1.75
      vertex 34.8092 46.2487 0
      vertex 36.4145 46.0281 -1.75
    endloop
  endfacet
  facet normal -0.238096 -0.701349 0.671878
    outer loop
      vertex 39.3582 49.2908 0
      vertex 38.9517 49.4288 0
      vertex 38.54 47.8921 -1.75
    endloop
  endfacet
  facet normal -0.144459 0.726436 0.671879
    outer loop
      vertex 38.9517 43.0712 0
      vertex 38.54 44.6079 -1.75
      vertex 38.5308 42.9875 0
    endloop
  endfacet
  facet normal -0.488343 -0.556849 0.671894
    outer loop
      vertex 40.4261 48.5779 0
      vertex 40.1034 48.8609 0
      vertex 39.1349 47.5987 -1.75
    endloop
  endfacet
  facet normal 0.523226 -0.523226 0.672659
    outer loop
      vertex 35.7721 48.5761 0
      vertex 36.8979 47.4521 -1.75
      vertex 35.773 48.577 0
    endloop
  endfacet
  facet normal 0.556904 -0.48829 0.671886
    outer loop
      vertex 36.8979 47.4521 -1.75
      vertex 35.7721 48.5761 0
      vertex 36.7513 47.2849 -1.75
    endloop
  endfacet
  facet normal -0.701346 0.238095 0.671881
    outer loop
      vertex 41.1404 44.9906 0
      vertex 41.2784 45.3971 0
      vertex 39.6706 45.5994 -1.75
    endloop
  endfacet
  facet normal -0.726423 0.144552 0.671873
    outer loop
      vertex 39.7421 45.81 -1.75
      vertex 41.279 45.3995 0
      vertex 39.7855 46.0281 -1.75
    endloop
  endfacet
  facet normal -0.731417 0.121903 0.670946
    outer loop
      vertex 41.279 45.3995 0
      vertex 39.7421 45.81 -1.75
      vertex 41.2788 45.3983 0
    endloop
  endfacet
  facet normal -0.738746 0.0568266 0.671584
    outer loop
      vertex 39.8 46.25 -1.75
      vertex 41.3908 46.2487 0
      vertex 41.3909 46.25 0
    endloop
  endfacet
  facet normal -0.739082 0.0482951 0.671882
    outer loop
      vertex 41.3908 46.2487 0
      vertex 39.8 46.25 -1.75
      vertex 39.7855 46.0281 -1.75
    endloop
  endfacet
  facet normal -0.731417 -0.121903 0.670946
    outer loop
      vertex 39.7421 46.69 -1.75
      vertex 41.279 47.1005 0
      vertex 41.2788 47.1017 0
    endloop
  endfacet
  facet normal -0.726423 -0.144552 0.671873
    outer loop
      vertex 41.279 47.1005 0
      vertex 39.7421 46.69 -1.75
      vertex 39.7855 46.4719 -1.75
    endloop
  endfacet
  facet normal -0.726402 0.144625 0.671881
    outer loop
      vertex 41.279 45.3995 0
      vertex 41.3628 45.8204 0
      vertex 39.7855 46.0281 -1.75
    endloop
  endfacet
  facet normal 0.14455 0.726414 0.671884
    outer loop
      vertex 37.66 44.6079 -1.75
      vertex 37.6704 42.9872 0
      vertex 37.8781 44.5645 -1.75
    endloop
  endfacet
  facet normal 0.180542 0.72217 0.667739
    outer loop
      vertex 37.6704 42.9872 0
      vertex 37.66 44.6079 -1.75
      vertex 37.6692 42.9875 0
    endloop
  endfacet
  facet normal 0.66431 -0.327496 0.671891
    outer loop
      vertex 36.6278 47.1 -1.75
      vertex 35.25 47.8955 0
      vertex 35.0602 47.5105 0
    endloop
  endfacet
  facet normal 0.525239 -0.525239 0.669514
    outer loop
      vertex 36.0957 48.86 0
      vertex 37.0651 47.5987 -1.75
      vertex 36.0966 48.8609 0
    endloop
  endfacet
  facet normal 0.488296 -0.55691 0.671877
    outer loop
      vertex 37.0651 47.5987 -1.75
      vertex 36.0957 48.86 0
      vertex 36.8979 47.4521 -1.75
    endloop
  endfacet
  facet normal 0.411396 0.615886 0.671891
    outer loop
      vertex 36.4535 43.4007 0
      vertex 37.0651 44.9013 -1.75
      vertex 36.0966 43.6391 0
    endloop
  endfacet
  facet normal -0.556849 0.488343 0.671894
    outer loop
      vertex 40.4279 43.9239 0
      vertex 40.7109 44.2466 0
      vertex 39.4487 45.2151 -1.75
    endloop
  endfacet
  facet normal 0.738746 -0.0568266 0.671584
    outer loop
      vertex 36.4 46.25 -1.75
      vertex 34.8092 46.2513 0
      vertex 34.8091 46.25 0
    endloop
  endfacet
  facet normal 0.739082 -0.0482951 0.671882
    outer loop
      vertex 34.8092 46.2513 0
      vertex 36.4 46.25 -1.75
      vertex 36.4145 46.4719 -1.75
    endloop
  endfacet
  facet normal 0.23811 0.701342 0.67188
    outer loop
      vertex 37.4494 44.6794 -1.75
      vertex 36.8418 43.2092 0
      vertex 37.66 44.6079 -1.75
    endloop
  endfacet
  facet normal 0.234257 0.702771 0.671742
    outer loop
      vertex 36.8418 43.2092 0
      vertex 37.4494 44.6794 -1.75
      vertex 36.8406 43.2096 0
    endloop
  endfacet
  facet normal -0.23811 -0.701342 0.67188
    outer loop
      vertex 38.7506 47.8206 -1.75
      vertex 39.3582 49.2908 0
      vertex 38.54 47.8921 -1.75
    endloop
  endfacet
  facet normal -0.234257 -0.702771 0.671742
    outer loop
      vertex 39.3582 49.2908 0
      vertex 38.7506 47.8206 -1.75
      vertex 39.3594 49.2904 0
    endloop
  endfacet
  facet normal -0.61583 -0.411474 0.671895
    outer loop
      vertex 40.95 47.8955 0
      vertex 40.7116 48.2523 0
      vertex 39.5722 47.1 -1.75
    endloop
  endfacet
  facet normal -0.523226 0.523226 0.672659
    outer loop
      vertex 39.3021 45.0479 -1.75
      vertex 40.4261 43.9221 0
      vertex 40.427 43.923 0
    endloop
  endfacet
  facet normal -0.48829 0.556904 0.671886
    outer loop
      vertex 40.4261 43.9221 0
      vertex 39.3021 45.0479 -1.75
      vertex 39.1349 44.9013 -1.75
    endloop
  endfacet
  facet normal 0.66431 0.327496 0.671891
    outer loop
      vertex 35.25 44.6045 0
      vertex 36.6278 45.4 -1.75
      vertex 35.0602 44.9895 0
    endloop
  endfacet
  facet normal 0.701349 0.238096 0.671878
    outer loop
      vertex 35.0592 44.9918 0
      vertex 36.4579 45.81 -1.75
      vertex 34.9212 45.3983 0
    endloop
  endfacet
  facet normal 0.0484892 -0.739072 0.671879
    outer loop
      vertex 38.1 47.95 -1.75
      vertex 38.1 49.5409 0
      vertex 37.6717 49.5128 0
    endloop
  endfacet
  facet normal -0.662351 -0.331176 0.672022
    outer loop
      vertex 39.5722 47.1 -1.75
      vertex 40.9506 47.8943 0
      vertex 40.95 47.8955 0
    endloop
  endfacet
  facet normal -0.664171 -0.327755 0.671903
    outer loop
      vertex 40.9506 47.8943 0
      vertex 39.5722 47.1 -1.75
      vertex 39.6706 46.9006 -1.75
    endloop
  endfacet
  facet normal -0.238096 0.701349 0.671878
    outer loop
      vertex 38.9517 43.0712 0
      vertex 39.3582 43.2092 0
      vertex 38.54 44.6079 -1.75
    endloop
  endfacet
  facet normal -0.327569 0.664285 0.67188
    outer loop
      vertex 39.3594 43.2096 0
      vertex 39.7443 43.3994 0
      vertex 38.7506 44.6794 -1.75
    endloop
  endfacet
  facet normal 0.726423 0.144552 0.671873
    outer loop
      vertex 34.921 45.3995 0
      vertex 36.4579 45.81 -1.75
      vertex 36.4145 46.0281 -1.75
    endloop
  endfacet
  facet normal 0.731417 0.121903 0.670946
    outer loop
      vertex 36.4579 45.81 -1.75
      vertex 34.921 45.3995 0
      vertex 34.9212 45.3983 0
    endloop
  endfacet
  facet normal 0.488296 0.55691 0.671877
    outer loop
      vertex 36.0957 43.64 0
      vertex 37.0651 44.9013 -1.75
      vertex 36.8979 45.0479 -1.75
    endloop
  endfacet
  facet normal 0.525239 0.525239 0.669514
    outer loop
      vertex 37.0651 44.9013 -1.75
      vertex 36.0957 43.64 0
      vertex 36.0966 43.6391 0
    endloop
  endfacet
  facet normal -0.726402 -0.144625 0.671881
    outer loop
      vertex 41.3628 46.6796 0
      vertex 41.279 47.1005 0
      vertex 39.7855 46.4719 -1.75
    endloop
  endfacet
  facet normal -0.331176 0.662351 0.672022
    outer loop
      vertex 38.95 44.7778 -1.75
      vertex 39.7443 43.3994 0
      vertex 39.7455 43.4 0
    endloop
  endfacet
  facet normal -0.327755 0.664171 0.671903
    outer loop
      vertex 39.7443 43.3994 0
      vertex 38.95 44.7778 -1.75
      vertex 38.7506 44.6794 -1.75
    endloop
  endfacet
  facet normal 0.739082 0.0483173 0.67188
    outer loop
      vertex 34.8372 45.8204 0
      vertex 36.4145 46.0281 -1.75
      vertex 34.8092 46.2487 0
    endloop
  endfacet
  facet normal 0.702771 -0.234257 0.671742
    outer loop
      vertex 35.0592 47.5082 0
      vertex 36.5294 46.9006 -1.75
      vertex 35.0596 47.5094 0
    endloop
  endfacet
  facet normal 0.701342 -0.23811 0.67188
    outer loop
      vertex 36.5294 46.9006 -1.75
      vertex 35.0592 47.5082 0
      vertex 36.4579 46.69 -1.75
    endloop
  endfacet
  facet normal 0.664205 -0.327772 0.671861
    outer loop
      vertex 35.0602 47.5105 0
      vertex 36.5294 46.9006 -1.75
      vertex 36.6278 47.1 -1.75
    endloop
  endfacet
  facet normal 0.651264 -0.355235 0.670569
    outer loop
      vertex 36.5294 46.9006 -1.75
      vertex 35.0602 47.5105 0
      vertex 35.0596 47.5094 0
    endloop
  endfacet
  facet normal 0.61583 -0.411474 0.671895
    outer loop
      vertex 36.6278 47.1 -1.75
      vertex 35.4884 48.2523 0
      vertex 35.25 47.8955 0
    endloop
  endfacet
  facet normal -0.327569 -0.664285 0.67188
    outer loop
      vertex 39.7443 49.1006 0
      vertex 39.3594 49.2904 0
      vertex 38.7506 47.8206 -1.75
    endloop
  endfacet
  facet normal 0.238147 -0.701326 0.671884
    outer loop
      vertex 37.66 47.8921 -1.75
      vertex 37.2482 49.4288 0
      vertex 36.8418 49.2908 0
    endloop
  endfacet
  facet normal 0.625338 -0.397943 0.671263
    outer loop
      vertex 35.4884 48.2523 0
      vertex 36.7513 47.2849 -1.75
      vertex 35.4891 48.2534 0
    endloop
  endfacet
  facet normal 0.615905 -0.411381 0.671883
    outer loop
      vertex 36.7513 47.2849 -1.75
      vertex 35.4884 48.2523 0
      vertex 36.6278 47.1 -1.75
    endloop
  endfacet
  facet normal 0.739082 -0.0483173 0.67188
    outer loop
      vertex 36.4145 46.4719 -1.75
      vertex 34.8372 46.6796 0
      vertex 34.8092 46.2513 0
    endloop
  endfacet
  facet normal 0.327569 0.664285 0.67188
    outer loop
      vertex 36.8406 43.2096 0
      vertex 37.4494 44.6794 -1.75
      vertex 36.4557 43.3994 0
    endloop
  endfacet
  facet normal 0.664205 0.327772 0.671861
    outer loop
      vertex 36.5294 45.5994 -1.75
      vertex 35.0602 44.9895 0
      vertex 36.6278 45.4 -1.75
    endloop
  endfacet
  facet normal 0.651264 0.355235 0.670569
    outer loop
      vertex 35.0602 44.9895 0
      vertex 36.5294 45.5994 -1.75
      vertex 35.0596 44.9906 0
    endloop
  endfacet
  facet normal 0.144425 0.72644 0.671883
    outer loop
      vertex 37.6692 42.9875 0
      vertex 37.66 44.6079 -1.75
      vertex 37.2482 43.0712 0
    endloop
  endfacet
  facet normal -0.523226 -0.523226 0.672659
    outer loop
      vertex 40.4261 48.5779 0
      vertex 39.3021 47.4521 -1.75
      vertex 40.427 48.577 0
    endloop
  endfacet
  facet normal -0.48829 -0.556904 0.671886
    outer loop
      vertex 39.3021 47.4521 -1.75
      vertex 40.4261 48.5779 0
      vertex 39.1349 47.5987 -1.75
    endloop
  endfacet
  facet normal -0.144551 -0.726418 0.671879
    outer loop
      vertex 38.54 47.8921 -1.75
      vertex 38.5295 49.5128 0
      vertex 38.3219 47.9355 -1.75
    endloop
  endfacet
  facet normal -0.16705 -0.723882 0.669395
    outer loop
      vertex 38.5295 49.5128 0
      vertex 38.54 47.8921 -1.75
      vertex 38.5308 49.5125 0
    endloop
  endfacet
  facet normal -0.144459 -0.726436 0.671879
    outer loop
      vertex 38.54 47.8921 -1.75
      vertex 38.9517 49.4288 0
      vertex 38.5308 49.5125 0
    endloop
  endfacet
  facet normal -0.664285 -0.327569 0.67188
    outer loop
      vertex 41.1404 47.5094 0
      vertex 40.9506 47.8943 0
      vertex 39.6706 46.9006 -1.75
    endloop
  endfacet
  facet normal -0.701346 -0.238095 0.671881
    outer loop
      vertex 41.2784 47.1029 0
      vertex 41.1404 47.5094 0
      vertex 39.6706 46.9006 -1.75
    endloop
  endfacet
  facet normal 0.144425 -0.72644 0.671883
    outer loop
      vertex 37.66 47.8921 -1.75
      vertex 37.6692 49.5125 0
      vertex 37.2482 49.4288 0
    endloop
  endfacet
  facet normal 0 -0.742809 0.669504
    outer loop
      vertex 37.8781 47.9355 -1.75
      vertex 37.6717 49.5128 0
      vertex 37.6704 49.5128 0
    endloop
  endfacet
  facet normal 0.0482965 -0.739102 0.67186
    outer loop
      vertex 37.6717 49.5128 0
      vertex 37.8781 47.9355 -1.75
      vertex 38.1 47.95 -1.75
    endloop
  endfacet
  facet normal -0.664171 0.327755 0.671903
    outer loop
      vertex 39.5722 45.4 -1.75
      vertex 40.9506 44.6057 0
      vertex 39.6706 45.5994 -1.75
    endloop
  endfacet
  facet normal -0.662351 0.331176 0.672022
    outer loop
      vertex 40.9506 44.6057 0
      vertex 39.5722 45.4 -1.75
      vertex 40.95 44.6045 0
    endloop
  endfacet
  facet normal 0.42505 -0.607215 0.671284
    outer loop
      vertex 36.4535 49.0993 0
      vertex 37.25 47.7222 -1.75
      vertex 36.4545 49.1 0
    endloop
  endfacet
  facet normal 0.411376 -0.615897 0.671893
    outer loop
      vertex 37.25 47.7222 -1.75
      vertex 36.4535 49.0993 0
      vertex 37.0651 47.5987 -1.75
    endloop
  endfacet
  facet normal -0.488343 0.556849 0.671894
    outer loop
      vertex 40.1034 43.6391 0
      vertex 40.4261 43.9221 0
      vertex 39.1349 44.9013 -1.75
    endloop
  endfacet
  facet normal -0.556904 0.48829 0.671886
    outer loop
      vertex 39.3021 45.0479 -1.75
      vertex 40.4279 43.9239 0
      vertex 39.4487 45.2151 -1.75
    endloop
  endfacet
  facet normal -0.523226 0.523226 0.672659
    outer loop
      vertex 40.4279 43.9239 0
      vertex 39.3021 45.0479 -1.75
      vertex 40.427 43.923 0
    endloop
  endfacet
  facet normal 0.556904 0.48829 0.671886
    outer loop
      vertex 35.7721 43.9239 0
      vertex 36.8979 45.0479 -1.75
      vertex 36.7513 45.2151 -1.75
    endloop
  endfacet
  facet normal 0.523226 0.523226 0.672659
    outer loop
      vertex 36.8979 45.0479 -1.75
      vertex 35.7721 43.9239 0
      vertex 35.773 43.923 0
    endloop
  endfacet
  facet normal -0.702297 -0.234099 0.672292
    outer loop
      vertex 39.6706 46.9006 -1.75
      vertex 41.2788 47.1017 0
      vertex 41.2784 47.1029 0
    endloop
  endfacet
  facet normal -0.701344 -0.238111 0.671878
    outer loop
      vertex 41.2788 47.1017 0
      vertex 39.6706 46.9006 -1.75
      vertex 39.7421 46.69 -1.75
    endloop
  endfacet
  facet normal -0.411396 0.615886 0.671891
    outer loop
      vertex 39.7465 43.4007 0
      vertex 40.1034 43.6391 0
      vertex 39.1349 44.9013 -1.75
    endloop
  endfacet
  facet normal -0.331176 -0.662351 0.672022
    outer loop
      vertex 39.7443 49.1006 0
      vertex 38.95 47.7222 -1.75
      vertex 39.7455 49.1 0
    endloop
  endfacet
  facet normal -0.327755 -0.664171 0.671903
    outer loop
      vertex 38.95 47.7222 -1.75
      vertex 39.7443 49.1006 0
      vertex 38.7506 47.8206 -1.75
    endloop
  endfacet
  facet normal 0.180542 -0.72217 0.667739
    outer loop
      vertex 37.66 47.8921 -1.75
      vertex 37.6704 49.5128 0
      vertex 37.6692 49.5125 0
    endloop
  endfacet
  facet normal 0.14455 -0.726414 0.671884
    outer loop
      vertex 37.6704 49.5128 0
      vertex 37.66 47.8921 -1.75
      vertex 37.8781 47.9355 -1.75
    endloop
  endfacet
  facet normal 0.0482965 0.739102 0.67186
    outer loop
      vertex 37.8781 44.5645 -1.75
      vertex 37.6717 42.9872 0
      vertex 38.1 44.55 -1.75
    endloop
  endfacet
  facet normal 0 0.742809 0.669504
    outer loop
      vertex 37.6717 42.9872 0
      vertex 37.8781 44.5645 -1.75
      vertex 37.6704 42.9872 0
    endloop
  endfacet
  facet normal 0.327755 -0.664171 0.671903
    outer loop
      vertex 36.4557 49.1006 0
      vertex 37.25 47.7222 -1.75
      vertex 37.4494 47.8206 -1.75
    endloop
  endfacet
  facet normal 0.331176 -0.662351 0.672022
    outer loop
      vertex 37.25 47.7222 -1.75
      vertex 36.4557 49.1006 0
      vertex 36.4545 49.1 0
    endloop
  endfacet
  facet normal 0.61583 0.411474 0.671895
    outer loop
      vertex 35.4884 44.2477 0
      vertex 36.6278 45.4 -1.75
      vertex 35.25 44.6045 0
    endloop
  endfacet
  facet normal 0.701342 0.23811 0.67188
    outer loop
      vertex 35.0592 44.9918 0
      vertex 36.5294 45.5994 -1.75
      vertex 36.4579 45.81 -1.75
    endloop
  endfacet
  facet normal 0.702771 0.234257 0.671742
    outer loop
      vertex 36.5294 45.5994 -1.75
      vertex 35.0592 44.9918 0
      vertex 35.0596 44.9906 0
    endloop
  endfacet
  facet normal -0.411376 0.615897 0.671893
    outer loop
      vertex 38.95 44.7778 -1.75
      vertex 39.7465 43.4007 0
      vertex 39.1349 44.9013 -1.75
    endloop
  endfacet
  facet normal -0.42505 0.607215 0.671284
    outer loop
      vertex 39.7465 43.4007 0
      vertex 38.95 44.7778 -1.75
      vertex 39.7455 43.4 0
    endloop
  endfacet
  facet normal 0.411376 0.615897 0.671893
    outer loop
      vertex 36.4535 43.4007 0
      vertex 37.25 44.7778 -1.75
      vertex 37.0651 44.9013 -1.75
    endloop
  endfacet
  facet normal 0.42505 0.607215 0.671284
    outer loop
      vertex 37.25 44.7778 -1.75
      vertex 36.4535 43.4007 0
      vertex 36.4545 43.4 0
    endloop
  endfacet
  facet normal -0.195068 -0.98079 0
    outer loop
      vertex 4.10463 91.8735 -2
      vertex 4.50234 91.7944 0
      vertex 4.10463 91.8735 0
    endloop
  endfacet
  facet normal -0.195068 -0.98079 -0
    outer loop
      vertex 4.50234 91.7944 0
      vertex 4.10463 91.8735 -2
      vertex 4.50234 91.7944 -2
    endloop
  endfacet
  facet normal 0.946935 -0.321425 0
    outer loop
      vertex 0.705629 89.6023 0
      vertex 0.835973 89.9863 -2
      vertex 0.835973 89.9863 0
    endloop
  endfacet
  facet normal 0.946935 -0.321425 0
    outer loop
      vertex 0.835973 89.9863 -2
      vertex 0.705629 89.6023 0
      vertex 0.705629 89.6023 -2
    endloop
  endfacet
  facet normal -0.980784 -0.195096 0
    outer loop
      vertex 6.77348 89.2046 -2
      vertex 6.69437 89.6023 0
      vertex 6.69437 89.6023 -2
    endloop
  endfacet
  facet normal -0.980784 -0.195096 0
    outer loop
      vertex 6.69437 89.6023 0
      vertex 6.77348 89.2046 -2
      vertex 6.77348 89.2046 0
    endloop
  endfacet
  facet normal -0.997859 -0.0654059 0
    outer loop
      vertex 6.8 88.8 -2
      vertex 6.77348 89.2046 0
      vertex 6.77348 89.2046 -2
    endloop
  endfacet
  facet normal -0.997859 -0.0654059 0
    outer loop
      vertex 6.77348 89.2046 0
      vertex 6.8 88.8 -2
      vertex 6.8 88.8 0
    endloop
  endfacet
  facet normal -0.946938 -0.321416 0
    outer loop
      vertex 6.69437 89.6023 -2
      vertex 6.56403 89.9863 0
      vertex 6.56403 89.9863 -2
    endloop
  endfacet
  facet normal -0.946938 -0.321416 0
    outer loop
      vertex 6.56403 89.9863 0
      vertex 6.69437 89.6023 -2
      vertex 6.69437 89.6023 0
    endloop
  endfacet
  facet normal -0.0653519 -0.997862 0
    outer loop
      vertex 3.7 91.9 -2
      vertex 4.10463 91.8735 0
      vertex 3.7 91.9 0
    endloop
  endfacet
  facet normal -0.0653519 -0.997862 -0
    outer loop
      vertex 4.10463 91.8735 0
      vertex 3.7 91.9 -2
      vertex 4.10463 91.8735 -2
    endloop
  endfacet
  facet normal -0.831504 -0.555519 0
    outer loop
      vertex 6.38468 90.35 -2
      vertex 6.1594 90.6872 0
      vertex 6.1594 90.6872 -2
    endloop
  endfacet
  facet normal -0.831504 -0.555519 0
    outer loop
      vertex 6.1594 90.6872 0
      vertex 6.38468 90.35 -2
      vertex 6.38468 90.35 0
    endloop
  endfacet
  facet normal 0.321564 0.946888 -0
    outer loop
      vertex 2.89766 85.8056 -2
      vertex 2.51368 85.936 0
      vertex 2.89766 85.8056 0
    endloop
  endfacet
  facet normal 0.321564 0.946888 0
    outer loop
      vertex 2.51368 85.936 0
      vertex 2.89766 85.8056 -2
      vertex 2.51368 85.936 -2
    endloop
  endfacet
  facet normal -0.831504 0.555519 0
    outer loop
      vertex 6.1594 86.9128 -2
      vertex 6.38468 87.25 0
      vertex 6.38468 87.25 -2
    endloop
  endfacet
  facet normal -0.831504 0.555519 0
    outer loop
      vertex 6.38468 87.25 0
      vertex 6.1594 86.9128 -2
      vertex 6.1594 86.9128 0
    endloop
  endfacet
  facet normal 0.0653519 -0.997862 0
    outer loop
      vertex 3.29537 91.8735 -2
      vertex 3.7 91.9 0
      vertex 3.29537 91.8735 0
    endloop
  endfacet
  facet normal 0.0653519 -0.997862 0
    outer loop
      vertex 3.7 91.9 0
      vertex 3.29537 91.8735 -2
      vertex 3.7 91.9 -2
    endloop
  endfacet
  facet normal 0.997859 0.0654083 0
    outer loop
      vertex 0.62652 88.3954 0
      vertex 0.599999 88.8 -2
      vertex 0.599999 88.8 0
    endloop
  endfacet
  facet normal 0.997859 0.0654083 0
    outer loop
      vertex 0.599999 88.8 -2
      vertex 0.62652 88.3954 0
      vertex 0.62652 88.3954 -2
    endloop
  endfacet
  facet normal 0.659396 0.751796 -0
    outer loop
      vertex 1.81284 86.3406 -2
      vertex 1.50797 86.608 0
      vertex 1.81284 86.3406 0
    endloop
  endfacet
  facet normal 0.659396 0.751796 0
    outer loop
      vertex 1.50797 86.608 0
      vertex 1.81284 86.3406 -2
      vertex 1.50797 86.608 -2
    endloop
  endfacet
  facet normal -0.89688 -0.442275 0
    outer loop
      vertex 6.56403 89.9863 -2
      vertex 6.38468 90.35 0
      vertex 6.38468 90.35 -2
    endloop
  endfacet
  facet normal -0.89688 -0.442275 0
    outer loop
      vertex 6.38468 90.35 0
      vertex 6.56403 89.9863 -2
      vertex 6.56403 89.9863 0
    endloop
  endfacet
  facet normal -0.321564 -0.946888 0
    outer loop
      vertex 4.50234 91.7944 -2
      vertex 4.88632 91.664 0
      vertex 4.50234 91.7944 0
    endloop
  endfacet
  facet normal -0.321564 -0.946888 -0
    outer loop
      vertex 4.88632 91.664 0
      vertex 4.50234 91.7944 -2
      vertex 4.88632 91.664 -2
    endloop
  endfacet
  facet normal -0.946938 0.321416 0
    outer loop
      vertex 6.56403 87.6137 -2
      vertex 6.69437 87.9977 0
      vertex 6.69437 87.9977 -2
    endloop
  endfacet
  facet normal -0.946938 0.321416 0
    outer loop
      vertex 6.69437 87.9977 0
      vertex 6.56403 87.6137 -2
      vertex 6.56403 87.6137 0
    endloop
  endfacet
  facet normal 0.751757 0.65944 0
    outer loop
      vertex 1.50797 86.608 0
      vertex 1.2406 86.9128 -2
      vertex 1.2406 86.9128 0
    endloop
  endfacet
  facet normal 0.751757 0.65944 0
    outer loop
      vertex 1.2406 86.9128 -2
      vertex 1.50797 86.608 0
      vertex 1.50797 86.608 -2
    endloop
  endfacet
  facet normal 0.555599 -0.83145 0
    outer loop
      vertex 1.81284 91.2594 -2
      vertex 2.15 91.4847 0
      vertex 1.81284 91.2594 0
    endloop
  endfacet
  facet normal 0.555599 -0.83145 0
    outer loop
      vertex 2.15 91.4847 0
      vertex 1.81284 91.2594 -2
      vertex 2.15 91.4847 -2
    endloop
  endfacet
  facet normal 0.321564 -0.946888 0
    outer loop
      vertex 2.51368 91.664 -2
      vertex 2.89766 91.7944 0
      vertex 2.51368 91.664 0
    endloop
  endfacet
  facet normal 0.321564 -0.946888 0
    outer loop
      vertex 2.89766 91.7944 0
      vertex 2.51368 91.664 -2
      vertex 2.89766 91.7944 -2
    endloop
  endfacet
  facet normal 0.751757 -0.65944 0
    outer loop
      vertex 1.2406 90.6872 0
      vertex 1.50797 90.992 -2
      vertex 1.50797 90.992 0
    endloop
  endfacet
  facet normal 0.751757 -0.65944 0
    outer loop
      vertex 1.50797 90.992 -2
      vertex 1.2406 90.6872 0
      vertex 1.2406 90.6872 -2
    endloop
  endfacet
  facet normal 0.442195 -0.896919 0
    outer loop
      vertex 2.15 91.4847 -2
      vertex 2.51368 91.664 0
      vertex 2.15 91.4847 0
    endloop
  endfacet
  facet normal 0.442195 -0.896919 0
    outer loop
      vertex 2.51368 91.664 0
      vertex 2.15 91.4847 -2
      vertex 2.51368 91.664 -2
    endloop
  endfacet
  facet normal -0.89688 0.442275 0
    outer loop
      vertex 6.38468 87.25 -2
      vertex 6.56403 87.6137 0
      vertex 6.56403 87.6137 -2
    endloop
  endfacet
  facet normal -0.89688 0.442275 0
    outer loop
      vertex 6.56403 87.6137 0
      vertex 6.38468 87.25 -2
      vertex 6.38468 87.25 0
    endloop
  endfacet
  facet normal 0.980785 0.195094 0
    outer loop
      vertex 0.705629 87.9977 0
      vertex 0.62652 88.3954 -2
      vertex 0.62652 88.3954 0
    endloop
  endfacet
  facet normal 0.980785 0.195094 0
    outer loop
      vertex 0.62652 88.3954 -2
      vertex 0.705629 87.9977 0
      vertex 0.705629 87.9977 -2
    endloop
  endfacet
  facet normal -0.751757 -0.65944 0
    outer loop
      vertex 6.1594 90.6872 -2
      vertex 5.89203 90.992 0
      vertex 5.89203 90.992 -2
    endloop
  endfacet
  facet normal -0.751757 -0.65944 0
    outer loop
      vertex 5.89203 90.992 0
      vertex 6.1594 90.6872 -2
      vertex 6.1594 90.6872 0
    endloop
  endfacet
  facet normal -0.321564 0.946888 0
    outer loop
      vertex 4.88632 85.936 -2
      vertex 4.50234 85.8056 0
      vertex 4.88632 85.936 0
    endloop
  endfacet
  facet normal -0.321564 0.946888 0
    outer loop
      vertex 4.50234 85.8056 0
      vertex 4.88632 85.936 -2
      vertex 4.50234 85.8056 -2
    endloop
  endfacet
  facet normal -0.555599 -0.83145 0
    outer loop
      vertex 5.25 91.4847 -2
      vertex 5.58716 91.2594 0
      vertex 5.25 91.4847 0
    endloop
  endfacet
  facet normal -0.555599 -0.83145 -0
    outer loop
      vertex 5.58716 91.2594 0
      vertex 5.25 91.4847 -2
      vertex 5.58716 91.2594 -2
    endloop
  endfacet
  facet normal 0.659396 -0.751796 0
    outer loop
      vertex 1.50797 90.992 -2
      vertex 1.81284 91.2594 0
      vertex 1.50797 90.992 0
    endloop
  endfacet
  facet normal 0.659396 -0.751796 0
    outer loop
      vertex 1.81284 91.2594 0
      vertex 1.50797 90.992 -2
      vertex 1.81284 91.2594 -2
    endloop
  endfacet
  facet normal 0.896883 0.442269 0
    outer loop
      vertex 1.01532 87.25 0
      vertex 0.835973 87.6137 -2
      vertex 0.835973 87.6137 0
    endloop
  endfacet
  facet normal 0.896883 0.442269 0
    outer loop
      vertex 0.835973 87.6137 -2
      vertex 1.01532 87.25 0
      vertex 1.01532 87.25 -2
    endloop
  endfacet
  facet normal 0.195068 0.98079 -0
    outer loop
      vertex 3.29537 85.7265 -2
      vertex 2.89766 85.8056 0
      vertex 3.29537 85.7265 0
    endloop
  endfacet
  facet normal 0.195068 0.98079 0
    outer loop
      vertex 2.89766 85.8056 0
      vertex 3.29537 85.7265 -2
      vertex 2.89766 85.8056 -2
    endloop
  endfacet
  facet normal 0.442195 0.896919 -0
    outer loop
      vertex 2.51368 85.936 -2
      vertex 2.15 86.1153 0
      vertex 2.51368 85.936 0
    endloop
  endfacet
  facet normal 0.442195 0.896919 0
    outer loop
      vertex 2.15 86.1153 0
      vertex 2.51368 85.936 -2
      vertex 2.15 86.1153 -2
    endloop
  endfacet
  facet normal -0.555599 0.83145 0
    outer loop
      vertex 5.58716 86.3406 -2
      vertex 5.25 86.1153 0
      vertex 5.58716 86.3406 0
    endloop
  endfacet
  facet normal -0.555599 0.83145 0
    outer loop
      vertex 5.25 86.1153 0
      vertex 5.58716 86.3406 -2
      vertex 5.25 86.1153 -2
    endloop
  endfacet
  facet normal -0.195068 0.98079 0
    outer loop
      vertex 4.50234 85.8056 -2
      vertex 4.10463 85.7265 0
      vertex 4.50234 85.8056 0
    endloop
  endfacet
  facet normal -0.195068 0.98079 0
    outer loop
      vertex 4.10463 85.7265 0
      vertex 4.50234 85.8056 -2
      vertex 4.10463 85.7265 -2
    endloop
  endfacet
  facet normal 0.831504 -0.555519 0
    outer loop
      vertex 1.01532 90.35 0
      vertex 1.2406 90.6872 -2
      vertex 1.2406 90.6872 0
    endloop
  endfacet
  facet normal 0.831504 -0.555519 0
    outer loop
      vertex 1.2406 90.6872 -2
      vertex 1.01532 90.35 0
      vertex 1.01532 90.35 -2
    endloop
  endfacet
  facet normal 0.896883 -0.442269 0
    outer loop
      vertex 0.835973 89.9863 0
      vertex 1.01532 90.35 -2
      vertex 1.01532 90.35 0
    endloop
  endfacet
  facet normal 0.896883 -0.442269 0
    outer loop
      vertex 1.01532 90.35 -2
      vertex 0.835973 89.9863 0
      vertex 0.835973 89.9863 -2
    endloop
  endfacet
  facet normal -0.980784 0.195096 0
    outer loop
      vertex 6.69437 87.9977 -2
      vertex 6.77348 88.3954 0
      vertex 6.77348 88.3954 -2
    endloop
  endfacet
  facet normal -0.980784 0.195096 0
    outer loop
      vertex 6.77348 88.3954 0
      vertex 6.69437 87.9977 -2
      vertex 6.69437 87.9977 0
    endloop
  endfacet
  facet normal -0.997859 0.0654059 0
    outer loop
      vertex 6.77348 88.3954 -2
      vertex 6.8 88.8 0
      vertex 6.8 88.8 -2
    endloop
  endfacet
  facet normal -0.997859 0.0654059 0
    outer loop
      vertex 6.8 88.8 0
      vertex 6.77348 88.3954 -2
      vertex 6.77348 88.3954 0
    endloop
  endfacet
  facet normal -0.442195 0.896919 0
    outer loop
      vertex 5.25 86.1153 -2
      vertex 4.88632 85.936 0
      vertex 5.25 86.1153 0
    endloop
  endfacet
  facet normal -0.442195 0.896919 0
    outer loop
      vertex 4.88632 85.936 0
      vertex 5.25 86.1153 -2
      vertex 4.88632 85.936 -2
    endloop
  endfacet
  facet normal -0.659396 -0.751796 0
    outer loop
      vertex 5.58716 91.2594 -2
      vertex 5.89203 90.992 0
      vertex 5.58716 91.2594 0
    endloop
  endfacet
  facet normal -0.659396 -0.751796 -0
    outer loop
      vertex 5.89203 90.992 0
      vertex 5.58716 91.2594 -2
      vertex 5.89203 90.992 -2
    endloop
  endfacet
  facet normal -0.442195 -0.896919 0
    outer loop
      vertex 4.88632 91.664 -2
      vertex 5.25 91.4847 0
      vertex 4.88632 91.664 0
    endloop
  endfacet
  facet normal -0.442195 -0.896919 -0
    outer loop
      vertex 5.25 91.4847 0
      vertex 4.88632 91.664 -2
      vertex 5.25 91.4847 -2
    endloop
  endfacet
  facet normal 0.555599 0.83145 -0
    outer loop
      vertex 2.15 86.1153 -2
      vertex 1.81284 86.3406 0
      vertex 2.15 86.1153 0
    endloop
  endfacet
  facet normal 0.555599 0.83145 0
    outer loop
      vertex 1.81284 86.3406 0
      vertex 2.15 86.1153 -2
      vertex 1.81284 86.3406 -2
    endloop
  endfacet
  facet normal 0.980785 -0.195094 0
    outer loop
      vertex 0.62652 89.2046 0
      vertex 0.705629 89.6023 -2
      vertex 0.705629 89.6023 0
    endloop
  endfacet
  facet normal 0.980785 -0.195094 0
    outer loop
      vertex 0.705629 89.6023 -2
      vertex 0.62652 89.2046 0
      vertex 0.62652 89.2046 -2
    endloop
  endfacet
  facet normal 0.0653519 0.997862 -0
    outer loop
      vertex 3.7 85.7 -2
      vertex 3.29537 85.7265 0
      vertex 3.7 85.7 0
    endloop
  endfacet
  facet normal 0.0653519 0.997862 0
    outer loop
      vertex 3.29537 85.7265 0
      vertex 3.7 85.7 -2
      vertex 3.29537 85.7265 -2
    endloop
  endfacet
  facet normal 0.946935 0.321425 0
    outer loop
      vertex 0.835973 87.6137 0
      vertex 0.705629 87.9977 -2
      vertex 0.705629 87.9977 0
    endloop
  endfacet
  facet normal 0.946935 0.321425 0
    outer loop
      vertex 0.705629 87.9977 -2
      vertex 0.835973 87.6137 0
      vertex 0.835973 87.6137 -2
    endloop
  endfacet
  facet normal 0.195068 -0.98079 0
    outer loop
      vertex 2.89766 91.7944 -2
      vertex 3.29537 91.8735 0
      vertex 2.89766 91.7944 0
    endloop
  endfacet
  facet normal 0.195068 -0.98079 0
    outer loop
      vertex 3.29537 91.8735 0
      vertex 2.89766 91.7944 -2
      vertex 3.29537 91.8735 -2
    endloop
  endfacet
  facet normal 0.997859 -0.0654083 0
    outer loop
      vertex 0.599999 88.8 0
      vertex 0.62652 89.2046 -2
      vertex 0.62652 89.2046 0
    endloop
  endfacet
  facet normal 0.997859 -0.0654083 0
    outer loop
      vertex 0.62652 89.2046 -2
      vertex 0.599999 88.8 0
      vertex 0.599999 88.8 -2
    endloop
  endfacet
  facet normal -0.0653519 0.997862 0
    outer loop
      vertex 4.10463 85.7265 -2
      vertex 3.7 85.7 0
      vertex 4.10463 85.7265 0
    endloop
  endfacet
  facet normal -0.0653519 0.997862 0
    outer loop
      vertex 3.7 85.7 0
      vertex 4.10463 85.7265 -2
      vertex 3.7 85.7 -2
    endloop
  endfacet
  facet normal -0.751757 0.65944 0
    outer loop
      vertex 5.89203 86.608 -2
      vertex 6.1594 86.9128 0
      vertex 6.1594 86.9128 -2
    endloop
  endfacet
  facet normal -0.751757 0.65944 0
    outer loop
      vertex 6.1594 86.9128 0
      vertex 5.89203 86.608 -2
      vertex 5.89203 86.608 0
    endloop
  endfacet
  facet normal -0.659396 0.751796 0
    outer loop
      vertex 5.89203 86.608 -2
      vertex 5.58716 86.3406 0
      vertex 5.89203 86.608 0
    endloop
  endfacet
  facet normal -0.659396 0.751796 0
    outer loop
      vertex 5.58716 86.3406 0
      vertex 5.89203 86.608 -2
      vertex 5.58716 86.3406 -2
    endloop
  endfacet
  facet normal 0.831504 0.555519 0
    outer loop
      vertex 1.2406 86.9128 0
      vertex 1.01532 87.25 -2
      vertex 1.01532 87.25 0
    endloop
  endfacet
  facet normal 0.831504 0.555519 0
    outer loop
      vertex 1.01532 87.25 -2
      vertex 1.2406 86.9128 0
      vertex 1.2406 86.9128 -2
    endloop
  endfacet
  facet normal -0.980789 -0.195073 0
    outer loop
      vertex 43.5735 89.2046 -2
      vertex 43.4944 89.6023 0
      vertex 43.4944 89.6023 -2
    endloop
  endfacet
  facet normal -0.980789 -0.195073 0
    outer loop
      vertex 43.4944 89.6023 0
      vertex 43.5735 89.2046 -2
      vertex 43.5735 89.2046 0
    endloop
  endfacet
  facet normal -0.997862 -0.0653568 0
    outer loop
      vertex 43.6 88.8 -2
      vertex 43.5735 89.2046 0
      vertex 43.5735 89.2046 -2
    endloop
  endfacet
  facet normal -0.997862 -0.0653568 0
    outer loop
      vertex 43.5735 89.2046 0
      vertex 43.6 88.8 -2
      vertex 43.6 88.8 0
    endloop
  endfacet
  facet normal -0.946893 -0.321549 0
    outer loop
      vertex 43.4944 89.6023 -2
      vertex 43.364 89.9863 0
      vertex 43.364 89.9863 -2
    endloop
  endfacet
  facet normal -0.946893 -0.321549 0
    outer loop
      vertex 43.364 89.9863 0
      vertex 43.4944 89.6023 -2
      vertex 43.4944 89.6023 0
    endloop
  endfacet
  facet normal -0.0653568 -0.997862 0
    outer loop
      vertex 40.5 91.9 -2
      vertex 40.9046 91.8735 0
      vertex 40.5 91.9 0
    endloop
  endfacet
  facet normal -0.0653568 -0.997862 -0
    outer loop
      vertex 40.9046 91.8735 0
      vertex 40.5 91.9 -2
      vertex 40.9046 91.8735 -2
    endloop
  endfacet
  facet normal -0.659482 0.751721 0
    outer loop
      vertex 42.692 86.608 -2
      vertex 42.3872 86.3406 0
      vertex 42.692 86.608 0
    endloop
  endfacet
  facet normal -0.659482 0.751721 0
    outer loop
      vertex 42.3872 86.3406 0
      vertex 42.692 86.608 -2
      vertex 42.3872 86.3406 -2
    endloop
  endfacet
  facet normal -0.321549 -0.946893 0
    outer loop
      vertex 41.3023 91.7944 -2
      vertex 41.6863 91.664 0
      vertex 41.3023 91.7944 0
    endloop
  endfacet
  facet normal -0.321549 -0.946893 -0
    outer loop
      vertex 41.6863 91.664 0
      vertex 41.3023 91.7944 -2
      vertex 41.6863 91.664 -2
    endloop
  endfacet
  facet normal 0.831481 0.555553 0
    outer loop
      vertex 38.0406 86.9128 0
      vertex 37.8153 87.25 -2
      vertex 37.8153 87.25 0
    endloop
  endfacet
  facet normal 0.831481 0.555553 0
    outer loop
      vertex 37.8153 87.25 -2
      vertex 38.0406 86.9128 0
      vertex 38.0406 86.9128 -2
    endloop
  endfacet
  facet normal 0.321549 0.946893 -0
    outer loop
      vertex 39.6977 85.8056 -2
      vertex 39.3137 85.936 0
      vertex 39.6977 85.8056 0
    endloop
  endfacet
  facet normal 0.321549 0.946893 0
    outer loop
      vertex 39.3137 85.936 0
      vertex 39.6977 85.8056 -2
      vertex 39.3137 85.936 -2
    endloop
  endfacet
  facet normal -0.896928 -0.442176 0
    outer loop
      vertex 43.364 89.9863 -2
      vertex 43.1847 90.35 0
      vertex 43.1847 90.35 -2
    endloop
  endfacet
  facet normal -0.896928 -0.442176 0
    outer loop
      vertex 43.1847 90.35 0
      vertex 43.364 89.9863 -2
      vertex 43.364 89.9863 0
    endloop
  endfacet
  facet normal 0.195073 -0.980789 0
    outer loop
      vertex 39.6977 91.7944 -2
      vertex 40.0954 91.8735 0
      vertex 39.6977 91.7944 0
    endloop
  endfacet
  facet normal 0.195073 -0.980789 0
    outer loop
      vertex 40.0954 91.8735 0
      vertex 39.6977 91.7944 -2
      vertex 40.0954 91.8735 -2
    endloop
  endfacet
  facet normal -0.997862 0.0653568 0
    outer loop
      vertex 43.5735 88.3954 -2
      vertex 43.6 88.8 0
      vertex 43.6 88.8 -2
    endloop
  endfacet
  facet normal -0.997862 0.0653568 0
    outer loop
      vertex 43.6 88.8 0
      vertex 43.5735 88.3954 -2
      vertex 43.5735 88.3954 0
    endloop
  endfacet
  facet normal -0.946893 0.321549 0
    outer loop
      vertex 43.364 87.6137 -2
      vertex 43.4944 87.9977 0
      vertex 43.4944 87.9977 -2
    endloop
  endfacet
  facet normal -0.946893 0.321549 0
    outer loop
      vertex 43.4944 87.9977 0
      vertex 43.364 87.6137 -2
      vertex 43.364 87.6137 0
    endloop
  endfacet
  facet normal 0.751721 0.659482 0
    outer loop
      vertex 38.308 86.608 0
      vertex 38.0406 86.9128 -2
      vertex 38.0406 86.9128 0
    endloop
  endfacet
  facet normal 0.751721 0.659482 0
    outer loop
      vertex 38.0406 86.9128 -2
      vertex 38.308 86.608 0
      vertex 38.308 86.608 -2
    endloop
  endfacet
  facet normal 0.659482 -0.751721 0
    outer loop
      vertex 38.308 90.992 -2
      vertex 38.6128 91.2594 0
      vertex 38.308 90.992 0
    endloop
  endfacet
  facet normal 0.659482 -0.751721 0
    outer loop
      vertex 38.6128 91.2594 0
      vertex 38.308 90.992 -2
      vertex 38.6128 91.2594 -2
    endloop
  endfacet
  facet normal 0.0653568 0.997862 -0
    outer loop
      vertex 40.5 85.7 -2
      vertex 40.0954 85.7265 0
      vertex 40.5 85.7 0
    endloop
  endfacet
  facet normal 0.0653568 0.997862 0
    outer loop
      vertex 40.0954 85.7265 0
      vertex 40.5 85.7 -2
      vertex 40.0954 85.7265 -2
    endloop
  endfacet
  facet normal 0.946893 -0.321549 0
    outer loop
      vertex 37.5056 89.6023 0
      vertex 37.636 89.9863 -2
      vertex 37.636 89.9863 0
    endloop
  endfacet
  facet normal 0.946893 -0.321549 0
    outer loop
      vertex 37.636 89.9863 -2
      vertex 37.5056 89.6023 0
      vertex 37.5056 89.6023 -2
    endloop
  endfacet
  facet normal -0.442176 0.896928 0
    outer loop
      vertex 42.05 86.1153 -2
      vertex 41.6863 85.936 0
      vertex 42.05 86.1153 0
    endloop
  endfacet
  facet normal -0.442176 0.896928 0
    outer loop
      vertex 41.6863 85.936 0
      vertex 42.05 86.1153 -2
      vertex 41.6863 85.936 -2
    endloop
  endfacet
  facet normal 0.442176 0.896928 -0
    outer loop
      vertex 39.3137 85.936 -2
      vertex 38.95 86.1153 0
      vertex 39.3137 85.936 0
    endloop
  endfacet
  facet normal 0.442176 0.896928 0
    outer loop
      vertex 38.95 86.1153 0
      vertex 39.3137 85.936 -2
      vertex 38.95 86.1153 -2
    endloop
  endfacet
  facet normal 0.321549 -0.946893 0
    outer loop
      vertex 39.3137 91.664 -2
      vertex 39.6977 91.7944 0
      vertex 39.3137 91.664 0
    endloop
  endfacet
  facet normal 0.321549 -0.946893 0
    outer loop
      vertex 39.6977 91.7944 0
      vertex 39.3137 91.664 -2
      vertex 39.6977 91.7944 -2
    endloop
  endfacet
  facet normal -0.555553 -0.831481 0
    outer loop
      vertex 42.05 91.4847 -2
      vertex 42.3872 91.2594 0
      vertex 42.05 91.4847 0
    endloop
  endfacet
  facet normal -0.555553 -0.831481 -0
    outer loop
      vertex 42.3872 91.2594 0
      vertex 42.05 91.4847 -2
      vertex 42.3872 91.2594 -2
    endloop
  endfacet
  facet normal -0.831481 0.555553 0
    outer loop
      vertex 42.9594 86.9128 -2
      vertex 43.1847 87.25 0
      vertex 43.1847 87.25 -2
    endloop
  endfacet
  facet normal -0.831481 0.555553 0
    outer loop
      vertex 43.1847 87.25 0
      vertex 42.9594 86.9128 -2
      vertex 42.9594 86.9128 0
    endloop
  endfacet
  facet normal -0.831481 -0.555553 0
    outer loop
      vertex 43.1847 90.35 -2
      vertex 42.9594 90.6872 0
      vertex 42.9594 90.6872 -2
    endloop
  endfacet
  facet normal -0.831481 -0.555553 0
    outer loop
      vertex 42.9594 90.6872 0
      vertex 43.1847 90.35 -2
      vertex 43.1847 90.35 0
    endloop
  endfacet
  facet normal 0.751721 -0.659482 0
    outer loop
      vertex 38.0406 90.6872 0
      vertex 38.308 90.992 -2
      vertex 38.308 90.992 0
    endloop
  endfacet
  facet normal 0.751721 -0.659482 0
    outer loop
      vertex 38.308 90.992 -2
      vertex 38.0406 90.6872 0
      vertex 38.0406 90.6872 -2
    endloop
  endfacet
  facet normal -0.896928 0.442176 0
    outer loop
      vertex 43.1847 87.25 -2
      vertex 43.364 87.6137 0
      vertex 43.364 87.6137 -2
    endloop
  endfacet
  facet normal -0.896928 0.442176 0
    outer loop
      vertex 43.364 87.6137 0
      vertex 43.1847 87.25 -2
      vertex 43.1847 87.25 0
    endloop
  endfacet
  facet normal 0.980789 0.195073 0
    outer loop
      vertex 37.5056 87.9977 0
      vertex 37.4265 88.3954 -2
      vertex 37.4265 88.3954 0
    endloop
  endfacet
  facet normal 0.980789 0.195073 0
    outer loop
      vertex 37.4265 88.3954 -2
      vertex 37.5056 87.9977 0
      vertex 37.5056 87.9977 -2
    endloop
  endfacet
  facet normal 0.0653568 -0.997862 0
    outer loop
      vertex 40.0954 91.8735 -2
      vertex 40.5 91.9 0
      vertex 40.0954 91.8735 0
    endloop
  endfacet
  facet normal 0.0653568 -0.997862 0
    outer loop
      vertex 40.5 91.9 0
      vertex 40.0954 91.8735 -2
      vertex 40.5 91.9 -2
    endloop
  endfacet
  facet normal -0.659482 -0.751721 0
    outer loop
      vertex 42.3872 91.2594 -2
      vertex 42.692 90.992 0
      vertex 42.3872 91.2594 0
    endloop
  endfacet
  facet normal -0.659482 -0.751721 -0
    outer loop
      vertex 42.692 90.992 0
      vertex 42.3872 91.2594 -2
      vertex 42.692 90.992 -2
    endloop
  endfacet
  facet normal -0.980789 0.195073 0
    outer loop
      vertex 43.4944 87.9977 -2
      vertex 43.5735 88.3954 0
      vertex 43.5735 88.3954 -2
    endloop
  endfacet
  facet normal -0.980789 0.195073 0
    outer loop
      vertex 43.5735 88.3954 0
      vertex 43.4944 87.9977 -2
      vertex 43.4944 87.9977 0
    endloop
  endfacet
  facet normal 0.555553 -0.831481 0
    outer loop
      vertex 38.6128 91.2594 -2
      vertex 38.95 91.4847 0
      vertex 38.6128 91.2594 0
    endloop
  endfacet
  facet normal 0.555553 -0.831481 0
    outer loop
      vertex 38.95 91.4847 0
      vertex 38.6128 91.2594 -2
      vertex 38.95 91.4847 -2
    endloop
  endfacet
  facet normal 0.997862 0.0653568 0
    outer loop
      vertex 37.4265 88.3954 0
      vertex 37.4 88.8 -2
      vertex 37.4 88.8 0
    endloop
  endfacet
  facet normal 0.997862 0.0653568 0
    outer loop
      vertex 37.4 88.8 -2
      vertex 37.4265 88.3954 0
      vertex 37.4265 88.3954 -2
    endloop
  endfacet
  facet normal -0.195073 0.980789 0
    outer loop
      vertex 41.3023 85.8056 -2
      vertex 40.9046 85.7265 0
      vertex 41.3023 85.8056 0
    endloop
  endfacet
  facet normal -0.195073 0.980789 0
    outer loop
      vertex 40.9046 85.7265 0
      vertex 41.3023 85.8056 -2
      vertex 40.9046 85.7265 -2
    endloop
  endfacet
  facet normal 0.195073 0.980789 -0
    outer loop
      vertex 40.0954 85.7265 -2
      vertex 39.6977 85.8056 0
      vertex 40.0954 85.7265 0
    endloop
  endfacet
  facet normal 0.195073 0.980789 0
    outer loop
      vertex 39.6977 85.8056 0
      vertex 40.0954 85.7265 -2
      vertex 39.6977 85.8056 -2
    endloop
  endfacet
  facet normal -0.0653568 0.997862 0
    outer loop
      vertex 40.9046 85.7265 -2
      vertex 40.5 85.7 0
      vertex 40.9046 85.7265 0
    endloop
  endfacet
  facet normal -0.0653568 0.997862 0
    outer loop
      vertex 40.5 85.7 0
      vertex 40.9046 85.7265 -2
      vertex 40.5 85.7 -2
    endloop
  endfacet
  facet normal -0.555553 0.831481 0
    outer loop
      vertex 42.3872 86.3406 -2
      vertex 42.05 86.1153 0
      vertex 42.3872 86.3406 0
    endloop
  endfacet
  facet normal -0.555553 0.831481 0
    outer loop
      vertex 42.05 86.1153 0
      vertex 42.3872 86.3406 -2
      vertex 42.05 86.1153 -2
    endloop
  endfacet
  facet normal 0.997862 -0.0653568 0
    outer loop
      vertex 37.4 88.8 0
      vertex 37.4265 89.2046 -2
      vertex 37.4265 89.2046 0
    endloop
  endfacet
  facet normal 0.997862 -0.0653568 0
    outer loop
      vertex 37.4265 89.2046 -2
      vertex 37.4 88.8 0
      vertex 37.4 88.8 -2
    endloop
  endfacet
  facet normal 0.896928 -0.442176 0
    outer loop
      vertex 37.636 89.9863 0
      vertex 37.8153 90.35 -2
      vertex 37.8153 90.35 0
    endloop
  endfacet
  facet normal 0.896928 -0.442176 0
    outer loop
      vertex 37.8153 90.35 -2
      vertex 37.636 89.9863 0
      vertex 37.636 89.9863 -2
    endloop
  endfacet
  facet normal -0.321549 0.946893 0
    outer loop
      vertex 41.6863 85.936 -2
      vertex 41.3023 85.8056 0
      vertex 41.6863 85.936 0
    endloop
  endfacet
  facet normal -0.321549 0.946893 0
    outer loop
      vertex 41.3023 85.8056 0
      vertex 41.6863 85.936 -2
      vertex 41.3023 85.8056 -2
    endloop
  endfacet
  facet normal 0.659482 0.751721 -0
    outer loop
      vertex 38.6128 86.3406 -2
      vertex 38.308 86.608 0
      vertex 38.6128 86.3406 0
    endloop
  endfacet
  facet normal 0.659482 0.751721 0
    outer loop
      vertex 38.308 86.608 0
      vertex 38.6128 86.3406 -2
      vertex 38.308 86.608 -2
    endloop
  endfacet
  facet normal 0.555553 0.831481 -0
    outer loop
      vertex 38.95 86.1153 -2
      vertex 38.6128 86.3406 0
      vertex 38.95 86.1153 0
    endloop
  endfacet
  facet normal 0.555553 0.831481 0
    outer loop
      vertex 38.6128 86.3406 0
      vertex 38.95 86.1153 -2
      vertex 38.6128 86.3406 -2
    endloop
  endfacet
  facet normal -0.442176 -0.896928 0
    outer loop
      vertex 41.6863 91.664 -2
      vertex 42.05 91.4847 0
      vertex 41.6863 91.664 0
    endloop
  endfacet
  facet normal -0.442176 -0.896928 -0
    outer loop
      vertex 42.05 91.4847 0
      vertex 41.6863 91.664 -2
      vertex 42.05 91.4847 -2
    endloop
  endfacet
  facet normal -0.751721 -0.659482 0
    outer loop
      vertex 42.9594 90.6872 -2
      vertex 42.692 90.992 0
      vertex 42.692 90.992 -2
    endloop
  endfacet
  facet normal -0.751721 -0.659482 0
    outer loop
      vertex 42.692 90.992 0
      vertex 42.9594 90.6872 -2
      vertex 42.9594 90.6872 0
    endloop
  endfacet
  facet normal -0.195073 -0.980789 0
    outer loop
      vertex 40.9046 91.8735 -2
      vertex 41.3023 91.7944 0
      vertex 40.9046 91.8735 0
    endloop
  endfacet
  facet normal -0.195073 -0.980789 -0
    outer loop
      vertex 41.3023 91.7944 0
      vertex 40.9046 91.8735 -2
      vertex 41.3023 91.7944 -2
    endloop
  endfacet
  facet normal 0.442176 -0.896928 0
    outer loop
      vertex 38.95 91.4847 -2
      vertex 39.3137 91.664 0
      vertex 38.95 91.4847 0
    endloop
  endfacet
  facet normal 0.442176 -0.896928 0
    outer loop
      vertex 39.3137 91.664 0
      vertex 38.95 91.4847 -2
      vertex 39.3137 91.664 -2
    endloop
  endfacet
  facet normal 0.946893 0.321549 0
    outer loop
      vertex 37.636 87.6137 0
      vertex 37.5056 87.9977 -2
      vertex 37.5056 87.9977 0
    endloop
  endfacet
  facet normal 0.946893 0.321549 0
    outer loop
      vertex 37.5056 87.9977 -2
      vertex 37.636 87.6137 0
      vertex 37.636 87.6137 -2
    endloop
  endfacet
  facet normal 0.980789 -0.195073 0
    outer loop
      vertex 37.4265 89.2046 0
      vertex 37.5056 89.6023 -2
      vertex 37.5056 89.6023 0
    endloop
  endfacet
  facet normal 0.980789 -0.195073 0
    outer loop
      vertex 37.5056 89.6023 -2
      vertex 37.4265 89.2046 0
      vertex 37.4265 89.2046 -2
    endloop
  endfacet
  facet normal 0.896928 0.442176 0
    outer loop
      vertex 37.8153 87.25 0
      vertex 37.636 87.6137 -2
      vertex 37.636 87.6137 0
    endloop
  endfacet
  facet normal 0.896928 0.442176 0
    outer loop
      vertex 37.636 87.6137 -2
      vertex 37.8153 87.25 0
      vertex 37.8153 87.25 -2
    endloop
  endfacet
  facet normal -0.751721 0.659482 0
    outer loop
      vertex 42.692 86.608 -2
      vertex 42.9594 86.9128 0
      vertex 42.9594 86.9128 -2
    endloop
  endfacet
  facet normal -0.751721 0.659482 0
    outer loop
      vertex 42.9594 86.9128 0
      vertex 42.692 86.608 -2
      vertex 42.692 86.608 0
    endloop
  endfacet
  facet normal 0.831481 -0.555553 0
    outer loop
      vertex 37.8153 90.35 0
      vertex 38.0406 90.6872 -2
      vertex 38.0406 90.6872 0
    endloop
  endfacet
  facet normal 0.831481 -0.555553 0
    outer loop
      vertex 38.0406 90.6872 -2
      vertex 37.8153 90.35 0
      vertex 37.8153 90.35 -2
    endloop
  endfacet
  facet normal 0.321498 -0.94691 0
    outer loop
      vertex 43.2353 -1.86371 -2
      vertex 43.7307 -1.69551 26.7
      vertex 43.2353 -1.86371 26.7
    endloop
  endfacet
  facet normal 0.321498 -0.94691 0
    outer loop
      vertex 43.7307 -1.69551 26.7
      vertex 43.2353 -1.86371 -2
      vertex 43.7307 -1.69551 -2
    endloop
  endfacet
  facet normal -0.442277 -0.896879 0
    outer loop
      vertex 0 -1.4641 -2
      vertex 0.469269 -1.69551 26.7
      vertex 0 -1.4641 26.7
    endloop
  endfacet
  facet normal -0.442277 -0.896879 -0
    outer loop
      vertex 0.469269 -1.69551 26.7
      vertex 0 -1.4641 -2
      vertex 0.469269 -1.69551 -2
    endloop
  endfacet
  facet normal 0 -1 0
    outer loop
      vertex 18.0836 -2 7.03939
      vertex 20.0564 -2 5.99059
      vertex 20.2 -2 6
    endloop
  endfacet
  facet normal 0 -1 0
    outer loop
      vertex 18.2307 -2 6.60587
      vertex 19.9153 -2 5.96252
      vertex 20.0564 -2 5.99059
    endloop
  endfacet
  facet normal 0 -1 0
    outer loop
      vertex 18.2307 -2 6.60587
      vertex 19.779 -2 5.91627
      vertex 19.9153 -2 5.96252
    endloop
  endfacet
  facet normal 0 -1 0
    outer loop
      vertex 18.2307 -2 6.60587
      vertex 19.65 -2 5.85263
      vertex 19.779 -2 5.91627
    endloop
  endfacet
  facet normal 0 -1 0
    outer loop
      vertex 18.3201 -2 6.15684
      vertex 19.5304 -2 5.77269
      vertex 19.65 -2 5.85263
    endloop
  endfacet
  facet normal 0 -1 0
    outer loop
      vertex 19.3273 -2 5.56964
      vertex 18.3201 -2 6.15684
      vertex 18.35 -2 5.7
    endloop
  endfacet
  facet normal 0 -1 0
    outer loop
      vertex 18.3201 -2 6.15684
      vertex 19.4222 -2 5.67782
      vertex 19.5304 -2 5.77269
    endloop
  endfacet
  facet normal 0 -1 0
    outer loop
      vertex 18.3201 -2 6.15684
      vertex 19.3273 -2 5.56964
      vertex 19.4222 -2 5.67782
    endloop
  endfacet
  facet normal 0 -1 0
    outer loop
      vertex 18.35 -2 5.7
      vertex 19.2474 -2 5.45
      vertex 19.3273 -2 5.56964
    endloop
  endfacet
  facet normal 0 -1 0
    outer loop
      vertex 18.35 -2 5.7
      vertex 19.1837 -2 5.32095
      vertex 19.2474 -2 5.45
    endloop
  endfacet
  facet normal 0 -1 0
    outer loop
      vertex 18.3201 -2 5.24316
      vertex 19.1837 -2 5.32095
      vertex 18.35 -2 5.7
    endloop
  endfacet
  facet normal 0 -1 0
    outer loop
      vertex 18.3201 -2 5.24316
      vertex 19.1375 -2 5.1847
      vertex 19.1837 -2 5.32095
    endloop
  endfacet
  facet normal 0 -1 0
    outer loop
      vertex 18.3201 -2 5.24316
      vertex 19.1094 -2 5.04358
      vertex 19.1375 -2 5.1847
    endloop
  endfacet
  facet normal 0 -1 0
    outer loop
      vertex 18.3201 -2 5.24316
      vertex 19.1 -2 4.9
      vertex 19.1094 -2 5.04358
    endloop
  endfacet
  facet normal 0 -1 0
    outer loop
      vertex 18.2307 -2 4.79413
      vertex 19.1 -2 4.9
      vertex 18.3201 -2 5.24316
    endloop
  endfacet
  facet normal 0 -1 0
    outer loop
      vertex 18.2307 -2 4.79413
      vertex 19.1094 -2 4.75642
      vertex 19.1 -2 4.9
    endloop
  endfacet
  facet normal 0 -1 0
    outer loop
      vertex 18.2307 -2 4.79413
      vertex 19.1375 -2 4.6153
      vertex 19.1094 -2 4.75642
    endloop
  endfacet
  facet normal 0 -1 0
    outer loop
      vertex 18.0836 -2 4.36061
      vertex 19.1375 -2 4.6153
      vertex 18.2307 -2 4.79413
    endloop
  endfacet
  facet normal 0 -1 -0
    outer loop
      vertex 19.1375 -2 4.6153
      vertex 18.0836 -2 4.36061
      vertex 19.1837 -2 4.47905
    endloop
  endfacet
  facet normal 0 -1 0
    outer loop
      vertex 18.0836 -2 4.36061
      vertex 19.2474 -2 4.35
      vertex 19.1837 -2 4.47905
    endloop
  endfacet
  facet normal 0 -1 0
    outer loop
      vertex 18.0836 -2 4.36061
      vertex 19.3273 -2 4.23036
      vertex 19.2474 -2 4.35
    endloop
  endfacet
  facet normal 0 -1 0
    outer loop
      vertex 17.8811 -2 3.95
      vertex 19.3273 -2 4.23036
      vertex 18.0836 -2 4.36061
    endloop
  endfacet
  facet normal 0 -1 -0
    outer loop
      vertex 19.3273 -2 4.23036
      vertex 17.8811 -2 3.95
      vertex 19.4222 -2 4.12218
    endloop
  endfacet
  facet normal 0 -1 -0
    outer loop
      vertex 19.4222 -2 4.12218
      vertex 17.8811 -2 3.95
      vertex 19.5304 -2 4.02731
    endloop
  endfacet
  facet normal 0 -1 0
    outer loop
      vertex 17.6267 -2 3.56933
      vertex 19.5304 -2 4.02731
      vertex 17.8811 -2 3.95
    endloop
  endfacet
  facet normal 0 -1 -0
    outer loop
      vertex 19.5304 -2 4.02731
      vertex 17.6267 -2 3.56933
      vertex 19.65 -2 3.94737
    endloop
  endfacet
  facet normal 0 -1 -0
    outer loop
      vertex 19.65 -2 3.94737
      vertex 17.6267 -2 3.56933
      vertex 19.779 -2 3.88373
    endloop
  endfacet
  facet normal 0 -1 0
    outer loop
      vertex 17.3249 -2 3.22513
      vertex 19.779 -2 3.88373
      vertex 17.6267 -2 3.56933
    endloop
  endfacet
  facet normal 0 -1 -0
    outer loop
      vertex 19.779 -2 3.88373
      vertex 17.3249 -2 3.22513
      vertex 19.9153 -2 3.83748
    endloop
  endfacet
  facet normal 0 -1 0
    outer loop
      vertex 16.9807 -2 2.92326
      vertex 19.9153 -2 3.83748
      vertex 17.3249 -2 3.22513
    endloop
  endfacet
  facet normal 0 -1 0
    outer loop
      vertex 29.1294 -2 12.8222
      vertex 42.2 -2 26.7
      vertex 2 -2 26.7
    endloop
  endfacet
  facet normal 0 -1 0
    outer loop
      vertex 42.2 -2 26.7
      vertex 29.6105 -2 12.9179
      vertex 30.1 -2 12.95
    endloop
  endfacet
  facet normal 0 -1 0
    outer loop
      vertex 42.2 -2 26.7
      vertex 29.1294 -2 12.8222
      vertex 29.6105 -2 12.9179
    endloop
  endfacet
  facet normal 0 -1 0
    outer loop
      vertex 2 -2 26.7
      vertex 28.6649 -2 12.6645
      vertex 29.1294 -2 12.8222
    endloop
  endfacet
  facet normal 0 -1 0
    outer loop
      vertex 2 -2 26.7
      vertex 28.225 -2 12.4476
      vertex 28.6649 -2 12.6645
    endloop
  endfacet
  facet normal 0 -1 0
    outer loop
      vertex 2 -2 26.7
      vertex 27.8171 -2 12.1751
      vertex 28.225 -2 12.4476
    endloop
  endfacet
  facet normal 0 -1 0
    outer loop
      vertex 15.3068 -2 9.17006
      vertex 27.8171 -2 12.1751
      vertex 2 -2 26.7
    endloop
  endfacet
  facet normal 0 -1 0
    outer loop
      vertex 15.7559 -2 9.08074
      vertex 27.8171 -2 12.1751
      vertex 15.3068 -2 9.17006
    endloop
  endfacet
  facet normal 0 -1 0
    outer loop
      vertex 27.8171 -2 12.1751
      vertex 15.7559 -2 9.08074
      vertex 27.4483 -2 11.8517
    endloop
  endfacet
  facet normal 0 -1 0
    outer loop
      vertex 16.1894 -2 8.93358
      vertex 27.4483 -2 11.8517
      vertex 15.7559 -2 9.08074
    endloop
  endfacet
  facet normal 0 -1 0
    outer loop
      vertex 16.6 -2 8.73109
      vertex 27.1249 -2 11.4829
      vertex 16.1894 -2 8.93358
    endloop
  endfacet
  facet normal 0 -1 0
    outer loop
      vertex 27.1249 -2 11.4829
      vertex 16.6 -2 8.73109
      vertex 26.8524 -2 11.075
    endloop
  endfacet
  facet normal 0 -1 0
    outer loop
      vertex 14.85 -2 9.2
      vertex 2 -2 26.7
      vertex 9.35 -2 9.2
    endloop
  endfacet
  facet normal 0 -1 0
    outer loop
      vertex 2 -2 26.7
      vertex 8.89316 -2 9.17006
      vertex 9.35 -2 9.2
    endloop
  endfacet
  facet normal 0 -1 0
    outer loop
      vertex 2 -2 26.7
      vertex 8.44413 -2 9.08074
      vertex 8.89316 -2 9.17006
    endloop
  endfacet
  facet normal 0 -1 0
    outer loop
      vertex 2 -2 26.7
      vertex 8.01061 -2 8.93358
      vertex 8.44413 -2 9.08074
    endloop
  endfacet
  facet normal 0 -1 0
    outer loop
      vertex 2 -2 26.7
      vertex 7.6 -2 8.73109
      vertex 8.01061 -2 8.93358
    endloop
  endfacet
  facet normal 0 -1 0
    outer loop
      vertex 2 -2 26.7
      vertex 7.21933 -2 8.47674
      vertex 7.6 -2 8.73109
    endloop
  endfacet
  facet normal 0 -1 0
    outer loop
      vertex 2 -2 26.7
      vertex 6.87513 -2 8.17487
      vertex 7.21933 -2 8.47674
    endloop
  endfacet
  facet normal 0 -1 0
    outer loop
      vertex 2 -2 26.7
      vertex 6.57326 -2 7.83066
      vertex 6.87513 -2 8.17487
    endloop
  endfacet
  facet normal 0 -1 0
    outer loop
      vertex 2 -2 26.7
      vertex 6.31891 -2 7.45
      vertex 6.57326 -2 7.83066
    endloop
  endfacet
  facet normal 0 -1 0
    outer loop
      vertex 2 -2 26.7
      vertex 6.11642 -2 7.03939
      vertex 6.31891 -2 7.45
    endloop
  endfacet
  facet normal 0 -1 0
    outer loop
      vertex 2 -2 26.7
      vertex 5.96926 -2 6.60587
      vertex 6.11642 -2 7.03939
    endloop
  endfacet
  facet normal 0 -1 0
    outer loop
      vertex 2 -2 -2
      vertex 5.96926 -2 6.60587
      vertex 2 -2 26.7
    endloop
  endfacet
  facet normal 0 -1 0
    outer loop
      vertex 5.96926 -2 6.60587
      vertex 2 -2 -2
      vertex 5.87994 -2 6.15684
    endloop
  endfacet
  facet normal 0 -1 0
    outer loop
      vertex 5.87994 -2 6.15684
      vertex 2 -2 -2
      vertex 5.85 -2 5.7
    endloop
  endfacet
  facet normal 0 -1 -0
    outer loop
      vertex 9.35 -2 2.2
      vertex 2 -2 -2
      vertex 14.85 -2 2.2
    endloop
  endfacet
  facet normal 0 -1 -0
    outer loop
      vertex 8.89316 -2 2.22994
      vertex 2 -2 -2
      vertex 9.35 -2 2.2
    endloop
  endfacet
  facet normal 0 -1 -0
    outer loop
      vertex 8.44413 -2 2.31926
      vertex 2 -2 -2
      vertex 8.89316 -2 2.22994
    endloop
  endfacet
  facet normal 0 -1 -0
    outer loop
      vertex 8.01061 -2 2.46642
      vertex 2 -2 -2
      vertex 8.44413 -2 2.31926
    endloop
  endfacet
  facet normal 0 -1 -0
    outer loop
      vertex 7.6 -2 2.66891
      vertex 2 -2 -2
      vertex 8.01061 -2 2.46642
    endloop
  endfacet
  facet normal 0 -1 -0
    outer loop
      vertex 7.21933 -2 2.92326
      vertex 2 -2 -2
      vertex 7.6 -2 2.66891
    endloop
  endfacet
  facet normal 0 -1 -0
    outer loop
      vertex 6.87513 -2 3.22513
      vertex 2 -2 -2
      vertex 7.21933 -2 2.92326
    endloop
  endfacet
  facet normal 0 -1 -0
    outer loop
      vertex 6.57326 -2 3.56933
      vertex 2 -2 -2
      vertex 6.87513 -2 3.22513
    endloop
  endfacet
  facet normal 0 -1 -0
    outer loop
      vertex 6.31891 -2 3.95
      vertex 2 -2 -2
      vertex 6.57326 -2 3.56933
    endloop
  endfacet
  facet normal 0 -1 -0
    outer loop
      vertex 6.11642 -2 4.36061
      vertex 2 -2 -2
      vertex 6.31891 -2 3.95
    endloop
  endfacet
  facet normal 0 -1 -0
    outer loop
      vertex 5.96926 -2 4.79413
      vertex 2 -2 -2
      vertex 6.11642 -2 4.36061
    endloop
  endfacet
  facet normal 0 -1 -0
    outer loop
      vertex 5.87994 -2 5.24316
      vertex 2 -2 -2
      vertex 5.96926 -2 4.79413
    endloop
  endfacet
  facet normal 0 -1 -0
    outer loop
      vertex 5.85 -2 5.7
      vertex 2 -2 -2
      vertex 5.87994 -2 5.24316
    endloop
  endfacet
  facet normal 0 -1 0
    outer loop
      vertex 35.1 -2 12.95
      vertex 42.2 -2 26.7
      vertex 30.1 -2 12.95
    endloop
  endfacet
  facet normal 0 -1 0
    outer loop
      vertex 35.5895 -2 12.9179
      vertex 42.2 -2 26.7
      vertex 35.1 -2 12.95
    endloop
  endfacet
  facet normal 0 -1 0
    outer loop
      vertex 36.0706 -2 12.8222
      vertex 42.2 -2 26.7
      vertex 35.5895 -2 12.9179
    endloop
  endfacet
  facet normal 0 -1 0
    outer loop
      vertex 36.5351 -2 12.6645
      vertex 42.2 -2 26.7
      vertex 36.0706 -2 12.8222
    endloop
  endfacet
  facet normal 0 -1 0
    outer loop
      vertex 36.975 -2 12.4476
      vertex 42.2 -2 26.7
      vertex 36.5351 -2 12.6645
    endloop
  endfacet
  facet normal 0 -1 0
    outer loop
      vertex 37.3829 -2 12.1751
      vertex 42.2 -2 26.7
      vertex 36.975 -2 12.4476
    endloop
  endfacet
  facet normal 0 -1 0
    outer loop
      vertex 37.7516 -2 11.8517
      vertex 42.2 -2 26.7
      vertex 37.3829 -2 12.1751
    endloop
  endfacet
  facet normal 0 -1 0
    outer loop
      vertex 38.0751 -2 11.4829
      vertex 42.2 -2 26.7
      vertex 37.7516 -2 11.8517
    endloop
  endfacet
  facet normal 0 -1 0
    outer loop
      vertex 38.3476 -2 11.075
      vertex 42.2 -2 26.7
      vertex 38.0751 -2 11.4829
    endloop
  endfacet
  facet normal 0 -1 0
    outer loop
      vertex 38.5645 -2 10.6351
      vertex 42.2 -2 26.7
      vertex 38.3476 -2 11.075
    endloop
  endfacet
  facet normal 0 -1 0
    outer loop
      vertex 38.7222 -2 10.1706
      vertex 42.2 -2 26.7
      vertex 38.5645 -2 10.6351
    endloop
  endfacet
  facet normal 0 -1 0
    outer loop
      vertex 38.8179 -2 9.68947
      vertex 42.2 -2 26.7
      vertex 38.7222 -2 10.1706
    endloop
  endfacet
  facet normal 0 -1 0
    outer loop
      vertex 42.2 -2 -2
      vertex 38.8179 -2 9.68947
      vertex 38.85 -2 9.2
    endloop
  endfacet
  facet normal 0 -1 0
    outer loop
      vertex 42.2 -2 -2
      vertex 38.85 -2 9.2
      vertex 38.8179 -2 8.71053
    endloop
  endfacet
  facet normal 0 -1 0
    outer loop
      vertex 21.1526 -2 4.35
      vertex 27.8171 -2 6.22493
      vertex 21.2163 -2 4.47905
    endloop
  endfacet
  facet normal 0 -1 -0
    outer loop
      vertex 27.8171 -2 6.22493
      vertex 21.1526 -2 4.35
      vertex 28.225 -2 5.9524
    endloop
  endfacet
  facet normal 0 -1 0
    outer loop
      vertex 21.0727 -2 4.23036
      vertex 28.225 -2 5.9524
      vertex 21.1526 -2 4.35
    endloop
  endfacet
  facet normal 0 -1 -0
    outer loop
      vertex 28.225 -2 5.9524
      vertex 21.0727 -2 4.23036
      vertex 28.6649 -2 5.73545
    endloop
  endfacet
  facet normal 0 -1 0
    outer loop
      vertex 20.9778 -2 4.12218
      vertex 28.6649 -2 5.73545
      vertex 21.0727 -2 4.23036
    endloop
  endfacet
  facet normal 0 -1 -0
    outer loop
      vertex 28.6649 -2 5.73545
      vertex 20.9778 -2 4.12218
      vertex 29.1294 -2 5.57778
    endloop
  endfacet
  facet normal 0 -1 0
    outer loop
      vertex 20.8696 -2 4.02731
      vertex 29.1294 -2 5.57778
      vertex 20.9778 -2 4.12218
    endloop
  endfacet
  facet normal 0 -1 0
    outer loop
      vertex 20.75 -2 3.94737
      vertex 29.1294 -2 5.57778
      vertex 20.8696 -2 4.02731
    endloop
  endfacet
  facet normal 0 -1 -0
    outer loop
      vertex 29.1294 -2 5.57778
      vertex 20.75 -2 3.94737
      vertex 29.6105 -2 5.48208
    endloop
  endfacet
  facet normal 0 -1 0
    outer loop
      vertex 20.621 -2 3.88373
      vertex 29.6105 -2 5.48208
      vertex 20.75 -2 3.94737
    endloop
  endfacet
  facet normal 0 -1 0
    outer loop
      vertex 30.1 -2 5.45
      vertex 42.2 -2 -2
      vertex 35.1 -2 5.45
    endloop
  endfacet
  facet normal 0 -1 0
    outer loop
      vertex 42.2 -2 -2
      vertex 29.6105 -2 5.48208
      vertex 20.621 -2 3.88373
    endloop
  endfacet
  facet normal 0 -1 0
    outer loop
      vertex 29.6105 -2 5.48208
      vertex 42.2 -2 -2
      vertex 30.1 -2 5.45
    endloop
  endfacet
  facet normal 0 -1 0
    outer loop
      vertex 42.2 -2 -2
      vertex 20.621 -2 3.88373
      vertex 20.4847 -2 3.83748
    endloop
  endfacet
  facet normal 0 -1 0
    outer loop
      vertex 16.1894 -2 2.46642
      vertex 20.4847 -2 3.83748
      vertex 20.3436 -2 3.80941
    endloop
  endfacet
  facet normal 0 -1 -0
    outer loop
      vertex 19.9153 -2 3.83748
      vertex 16.9807 -2 2.92326
      vertex 20.0564 -2 3.80941
    endloop
  endfacet
  facet normal 0 -1 -0
    outer loop
      vertex 20.0564 -2 3.80941
      vertex 16.9807 -2 2.92326
      vertex 20.2 -2 3.8
    endloop
  endfacet
  facet normal 0 -1 0
    outer loop
      vertex 16.6 -2 2.66891
      vertex 20.2 -2 3.8
      vertex 16.9807 -2 2.92326
    endloop
  endfacet
  facet normal 0 -1 -0
    outer loop
      vertex 20.2 -2 3.8
      vertex 16.6 -2 2.66891
      vertex 20.3436 -2 3.80941
    endloop
  endfacet
  facet normal 0 -1 0
    outer loop
      vertex 16.1894 -2 2.46642
      vertex 20.3436 -2 3.80941
      vertex 16.6 -2 2.66891
    endloop
  endfacet
  facet normal 0 -1 -0
    outer loop
      vertex 20.4847 -2 3.83748
      vertex 16.1894 -2 2.46642
      vertex 42.2 -2 -2
    endloop
  endfacet
  facet normal 0 -1 0
    outer loop
      vertex 42.2 -2 -2
      vertex 16.1894 -2 2.46642
      vertex 15.7559 -2 2.31926
    endloop
  endfacet
  facet normal 0 -1 0
    outer loop
      vertex 42.2 -2 -2
      vertex 15.7559 -2 2.31926
      vertex 15.3068 -2 2.22994
    endloop
  endfacet
  facet normal 0 -1 0
    outer loop
      vertex 2 -2 -2
      vertex 15.3068 -2 2.22994
      vertex 14.85 -2 2.2
    endloop
  endfacet
  facet normal 0 -1 0
    outer loop
      vertex 42.2 -2 -2
      vertex 15.3068 -2 2.22994
      vertex 2 -2 -2
    endloop
  endfacet
  facet normal 0 -1 0
    outer loop
      vertex 35.1 -2 5.45
      vertex 42.2 -2 -2
      vertex 35.5895 -2 5.48208
    endloop
  endfacet
  facet normal 0 -1 0
    outer loop
      vertex 38.8179 -2 9.68947
      vertex 42.2 -2 -2
      vertex 42.2 -2 26.7
    endloop
  endfacet
  facet normal 0 -1 0
    outer loop
      vertex 38.7222 -2 8.22943
      vertex 42.2 -2 -2
      vertex 38.8179 -2 8.71053
    endloop
  endfacet
  facet normal 0 -1 0
    outer loop
      vertex 38.5645 -2 7.76494
      vertex 42.2 -2 -2
      vertex 38.7222 -2 8.22943
    endloop
  endfacet
  facet normal 0 -1 0
    outer loop
      vertex 38.3476 -2 7.325
      vertex 42.2 -2 -2
      vertex 38.5645 -2 7.76494
    endloop
  endfacet
  facet normal 0 -1 0
    outer loop
      vertex 38.0751 -2 6.91714
      vertex 42.2 -2 -2
      vertex 38.3476 -2 7.325
    endloop
  endfacet
  facet normal 0 -1 0
    outer loop
      vertex 37.7516 -2 6.54835
      vertex 42.2 -2 -2
      vertex 38.0751 -2 6.91714
    endloop
  endfacet
  facet normal 0 -1 0
    outer loop
      vertex 37.3829 -2 6.22493
      vertex 42.2 -2 -2
      vertex 37.7516 -2 6.54835
    endloop
  endfacet
  facet normal 0 -1 0
    outer loop
      vertex 36.975 -2 5.9524
      vertex 42.2 -2 -2
      vertex 37.3829 -2 6.22493
    endloop
  endfacet
  facet normal 0 -1 0
    outer loop
      vertex 36.5351 -2 5.73545
      vertex 42.2 -2 -2
      vertex 36.975 -2 5.9524
    endloop
  endfacet
  facet normal 0 -1 0
    outer loop
      vertex 36.0706 -2 5.57778
      vertex 42.2 -2 -2
      vertex 36.5351 -2 5.73545
    endloop
  endfacet
  facet normal 0 -1 0
    outer loop
      vertex 35.5895 -2 5.48208
      vertex 42.2 -2 -2
      vertex 36.0706 -2 5.57778
    endloop
  endfacet
  facet normal 0 -1 0
    outer loop
      vertex 15.3068 -2 9.17006
      vertex 2 -2 26.7
      vertex 14.85 -2 9.2
    endloop
  endfacet
  facet normal 0 -1 0
    outer loop
      vertex 27.4483 -2 11.8517
      vertex 16.1894 -2 8.93358
      vertex 27.1249 -2 11.4829
    endloop
  endfacet
  facet normal 0 -1 0
    outer loop
      vertex 16.9807 -2 8.47674
      vertex 26.8524 -2 11.075
      vertex 16.6 -2 8.73109
    endloop
  endfacet
  facet normal 0 -1 0
    outer loop
      vertex 26.8524 -2 11.075
      vertex 16.9807 -2 8.47674
      vertex 26.6355 -2 10.6351
    endloop
  endfacet
  facet normal 0 -1 0
    outer loop
      vertex 17.3249 -2 8.17487
      vertex 26.6355 -2 10.6351
      vertex 16.9807 -2 8.47674
    endloop
  endfacet
  facet normal 0 -1 0
    outer loop
      vertex 26.6355 -2 10.6351
      vertex 17.3249 -2 8.17487
      vertex 26.4778 -2 10.1706
    endloop
  endfacet
  facet normal 0 -1 0
    outer loop
      vertex 17.6267 -2 7.83066
      vertex 26.4778 -2 10.1706
      vertex 17.3249 -2 8.17487
    endloop
  endfacet
  facet normal 0 -1 0
    outer loop
      vertex 26.4778 -2 10.1706
      vertex 17.6267 -2 7.83066
      vertex 26.3821 -2 9.68947
    endloop
  endfacet
  facet normal 0 -1 0
    outer loop
      vertex 20.4847 -2 5.96252
      vertex 26.3821 -2 9.68947
      vertex 17.6267 -2 7.83066
    endloop
  endfacet
  facet normal 0 -1 0
    outer loop
      vertex 20.621 -2 5.91627
      vertex 26.3821 -2 9.68947
      vertex 20.4847 -2 5.96252
    endloop
  endfacet
  facet normal 0 -1 0
    outer loop
      vertex 26.3821 -2 9.68947
      vertex 20.621 -2 5.91627
      vertex 26.35 -2 9.2
    endloop
  endfacet
  facet normal 0 -1 0
    outer loop
      vertex 20.75 -2 5.85263
      vertex 26.35 -2 9.2
      vertex 20.621 -2 5.91627
    endloop
  endfacet
  facet normal 0 -1 0
    outer loop
      vertex 20.3436 -2 5.99059
      vertex 17.6267 -2 7.83066
      vertex 17.8811 -2 7.45
    endloop
  endfacet
  facet normal 0 -1 0
    outer loop
      vertex 20.8696 -2 5.77269
      vertex 26.35 -2 9.2
      vertex 20.75 -2 5.85263
    endloop
  endfacet
  facet normal 0 -1 0
    outer loop
      vertex 20.2 -2 6
      vertex 17.8811 -2 7.45
      vertex 18.0836 -2 7.03939
    endloop
  endfacet
  facet normal 0 -1 -0
    outer loop
      vertex 26.35 -2 9.2
      vertex 20.8696 -2 5.77269
      vertex 26.3821 -2 8.71053
    endloop
  endfacet
  facet normal 0 -1 0
    outer loop
      vertex 20.0564 -2 5.99059
      vertex 18.0836 -2 7.03939
      vertex 18.2307 -2 6.60587
    endloop
  endfacet
  facet normal 0 -1 0
    outer loop
      vertex 17.6267 -2 7.83066
      vertex 20.3436 -2 5.99059
      vertex 20.4847 -2 5.96252
    endloop
  endfacet
  facet normal 0 -1 -0
    outer loop
      vertex 26.3821 -2 8.71053
      vertex 20.9778 -2 5.67782
      vertex 26.4778 -2 8.22943
    endloop
  endfacet
  facet normal 0 -1 0
    outer loop
      vertex 19.65 -2 5.85263
      vertex 18.2307 -2 6.60587
      vertex 18.3201 -2 6.15684
    endloop
  endfacet
  facet normal 0 -1 0
    outer loop
      vertex 17.8811 -2 7.45
      vertex 20.2 -2 6
      vertex 20.3436 -2 5.99059
    endloop
  endfacet
  facet normal 0 -1 0
    outer loop
      vertex 20.9778 -2 5.67782
      vertex 26.3821 -2 8.71053
      vertex 20.8696 -2 5.77269
    endloop
  endfacet
  facet normal 0 -1 0
    outer loop
      vertex 21.0727 -2 5.56964
      vertex 26.4778 -2 8.22943
      vertex 20.9778 -2 5.67782
    endloop
  endfacet
  facet normal 0 -1 0
    outer loop
      vertex 21.1526 -2 5.45
      vertex 26.4778 -2 8.22943
      vertex 21.0727 -2 5.56964
    endloop
  endfacet
  facet normal 0 -1 -0
    outer loop
      vertex 26.4778 -2 8.22943
      vertex 21.1526 -2 5.45
      vertex 26.6355 -2 7.76494
    endloop
  endfacet
  facet normal 0 -1 0
    outer loop
      vertex 21.2163 -2 5.32095
      vertex 26.6355 -2 7.76494
      vertex 21.1526 -2 5.45
    endloop
  endfacet
  facet normal 0 -1 -0
    outer loop
      vertex 26.6355 -2 7.76494
      vertex 21.2163 -2 5.32095
      vertex 26.8524 -2 7.325
    endloop
  endfacet
  facet normal 0 -1 0
    outer loop
      vertex 21.2625 -2 5.1847
      vertex 26.8524 -2 7.325
      vertex 21.2163 -2 5.32095
    endloop
  endfacet
  facet normal 0 -1 0
    outer loop
      vertex 21.2906 -2 5.04358
      vertex 26.8524 -2 7.325
      vertex 21.2625 -2 5.1847
    endloop
  endfacet
  facet normal 0 -1 -0
    outer loop
      vertex 26.8524 -2 7.325
      vertex 21.2906 -2 5.04358
      vertex 27.1249 -2 6.91714
    endloop
  endfacet
  facet normal 0 -1 0
    outer loop
      vertex 21.3 -2 4.9
      vertex 27.1249 -2 6.91714
      vertex 21.2906 -2 5.04358
    endloop
  endfacet
  facet normal 0 -1 0
    outer loop
      vertex 21.2906 -2 4.75642
      vertex 27.1249 -2 6.91714
      vertex 21.3 -2 4.9
    endloop
  endfacet
  facet normal 0 -1 -0
    outer loop
      vertex 27.1249 -2 6.91714
      vertex 21.2906 -2 4.75642
      vertex 27.4483 -2 6.54835
    endloop
  endfacet
  facet normal 0 -1 0
    outer loop
      vertex 21.2625 -2 4.6153
      vertex 27.4483 -2 6.54835
      vertex 21.2906 -2 4.75642
    endloop
  endfacet
  facet normal 0 -1 -0
    outer loop
      vertex 27.4483 -2 6.54835
      vertex 21.2625 -2 4.6153
      vertex 27.8171 -2 6.22493
    endloop
  endfacet
  facet normal 0 -1 0
    outer loop
      vertex 21.2163 -2 4.47905
      vertex 27.8171 -2 6.22493
      vertex 21.2625 -2 4.6153
    endloop
  endfacet
  facet normal 0.19505 -0.980793 0
    outer loop
      vertex 42.7221 -1.96577 -2
      vertex 43.2353 -1.86371 26.7
      vertex 42.7221 -1.96577 26.7
    endloop
  endfacet
  facet normal 0.19505 -0.980793 0
    outer loop
      vertex 43.2353 -1.86371 26.7
      vertex 42.7221 -1.96577 -2
      vertex 43.2353 -1.86371 -2
    endloop
  endfacet
  facet normal 0.980779 0.195124 0
    outer loop
      vertex 46.1658 91.0221 26.7
      vertex 46.0637 91.5353 -2
      vertex 46.0637 91.5353 26.7
    endloop
  endfacet
  facet normal 0.980779 0.195124 0
    outer loop
      vertex 46.0637 91.5353 -2
      vertex 46.1658 91.0221 26.7
      vertex 46.1658 91.0221 -2
    endloop
  endfacet
  facet normal 0.0654217 -0.997858 0
    outer loop
      vertex 42.2 -2 -2
      vertex 42.7221 -1.96577 26.7
      vertex 42.2 -2 26.7
    endloop
  endfacet
  facet normal 0.0654217 -0.997858 0
    outer loop
      vertex 42.7221 -1.96577 26.7
      vertex 42.2 -2 -2
      vertex 42.7221 -1.96577 -2
    endloop
  endfacet
  facet normal -0.997858 0.0654217 0
    outer loop
      vertex -2 90.5 -2
      vertex -1.96577 91.0221 26.7
      vertex -1.96577 91.0221 -2
    endloop
  endfacet
  facet normal -0.997858 0.0654217 0
    outer loop
      vertex -1.96577 91.0221 26.7
      vertex -2 90.5 -2
      vertex -2 90.5 26.7
    endloop
  endfacet
  facet normal -0.946921 -0.321468 0
    outer loop
      vertex -1.69551 0.469269 -2
      vertex -1.86371 0.964722 26.7
      vertex -1.86371 0.964722 -2
    endloop
  endfacet
  facet normal -0.946921 -0.321468 0
    outer loop
      vertex -1.86371 0.964722 26.7
      vertex -1.69551 0.469269 -2
      vertex -1.69551 0.469269 26.7
    endloop
  endfacet
  facet normal 0.555626 0.831432 -0
    outer loop
      vertex 44.635 93.6734 -2
      vertex 44.2 93.9641 26.7
      vertex 44.635 93.6734 26.7
    endloop
  endfacet
  facet normal 0.555626 0.831432 0
    outer loop
      vertex 44.2 93.9641 26.7
      vertex 44.635 93.6734 -2
      vertex 44.2 93.9641 -2
    endloop
  endfacet
  facet normal -0.896879 -0.442277 0
    outer loop
      vertex -1.4641 0 -2
      vertex -1.69551 0.469269 26.7
      vertex -1.69551 0.469269 -2
    endloop
  endfacet
  facet normal -0.896879 -0.442277 0
    outer loop
      vertex -1.69551 0.469269 26.7
      vertex -1.4641 0 -2
      vertex -1.4641 0 26.7
    endloop
  endfacet
  facet normal -0.831475 -0.555562 0
    outer loop
      vertex -1.17342 -0.435043 -2
      vertex -1.4641 0 26.7
      vertex -1.4641 0 -2
    endloop
  endfacet
  facet normal -0.831475 -0.555562 0
    outer loop
      vertex -1.4641 0 26.7
      vertex -1.17342 -0.435043 -2
      vertex -1.17342 -0.435043 26.7
    endloop
  endfacet
  facet normal 0.896898 0.442238 0
    outer loop
      vertex 45.8955 92.0307 26.7
      vertex 45.6641 92.5 -2
      vertex 45.6641 92.5 26.7
    endloop
  endfacet
  facet normal 0.896898 0.442238 0
    outer loop
      vertex 45.6641 92.5 -2
      vertex 45.8955 92.0307 26.7
      vertex 45.8955 92.0307 -2
    endloop
  endfacet
  facet normal -0.0653634 0.997862 0
    outer loop
      vertex 2 94.5 -2
      vertex 1.47789 94.4658 26.7
      vertex 2 94.5 26.7
    endloop
  endfacet
  facet normal -0.0653634 0.997862 0
    outer loop
      vertex 1.47789 94.4658 26.7
      vertex 2 94.5 -2
      vertex 1.47789 94.4658 -2
    endloop
  endfacet
  facet normal 1 -0 0
    outer loop
      vertex 46.2 48.732 7.7741
      vertex 46.2 90.5 -2
      vertex 46.2 90.5 26.7
    endloop
  endfacet
  facet normal 1 0 0
    outer loop
      vertex 46.2 90.5 -2
      vertex 46.2 48.732 7.7741
      vertex 46.2 48.75 7.5
    endloop
  endfacet
  facet normal 1 0 0
    outer loop
      vertex 46.2 90.5 26.7
      vertex 46.2 48.6784 8.04352
      vertex 46.2 48.732 7.7741
    endloop
  endfacet
  facet normal 1 0 0
    outer loop
      vertex 46.2 90.5 26.7
      vertex 46.2 48.5901 8.30363
      vertex 46.2 48.6784 8.04352
    endloop
  endfacet
  facet normal 1 0 0
    outer loop
      vertex 46.2 90.5 26.7
      vertex 46.2 48.4687 8.55
      vertex 46.2 48.5901 8.30363
    endloop
  endfacet
  facet normal 1 0 0
    outer loop
      vertex 46.2 90.5 26.7
      vertex 46.2 48.316 8.7784
      vertex 46.2 48.4687 8.55
    endloop
  endfacet
  facet normal 1 0 0
    outer loop
      vertex 46.2 90.5 26.7
      vertex 46.2 48.1349 8.98492
      vertex 46.2 48.316 8.7784
    endloop
  endfacet
  facet normal 1 0 0
    outer loop
      vertex 46.2 90.5 26.7
      vertex 46.2 47.9284 9.16604
      vertex 46.2 48.1349 8.98492
    endloop
  endfacet
  facet normal 1 0 0
    outer loop
      vertex 46.2 90.5 26.7
      vertex 46.2 47.7 9.31865
      vertex 46.2 47.9284 9.16604
    endloop
  endfacet
  facet normal 1 0 0
    outer loop
      vertex 46.2 90.5 26.7
      vertex 46.2 47.4536 9.44015
      vertex 46.2 47.7 9.31865
    endloop
  endfacet
  facet normal 1 0 0
    outer loop
      vertex 46.2 90.5 26.7
      vertex 46.2 47.1935 9.52844
      vertex 46.2 47.4536 9.44015
    endloop
  endfacet
  facet normal 1 0 0
    outer loop
      vertex 46.2 90.5 26.7
      vertex 46.2 46.9241 9.58203
      vertex 46.2 47.1935 9.52844
    endloop
  endfacet
  facet normal 1 0 0
    outer loop
      vertex 46.2 90.5 26.7
      vertex 46.2 46.65 9.6
      vertex 46.2 46.9241 9.58203
    endloop
  endfacet
  facet normal 1 -0 0
    outer loop
      vertex 46.2 2 26.7
      vertex 46.2 46.65 9.6
      vertex 46.2 90.5 26.7
    endloop
  endfacet
  facet normal 1 0 0
    outer loop
      vertex 46.2 46.65 9.6
      vertex 46.2 2 26.7
      vertex 46.2 46.3759 9.58203
    endloop
  endfacet
  facet normal 1 0 -0
    outer loop
      vertex 46.2 36.1241 9.58203
      vertex 46.2 46.3759 9.58203
      vertex 46.2 2 26.7
    endloop
  endfacet
  facet normal 1 0 0
    outer loop
      vertex 46.2 44.568 7.7741
      vertex 46.2 37.95 7.5
      vertex 46.2 44.55 7.5
    endloop
  endfacet
  facet normal 1 0 0
    outer loop
      vertex 46.2 37.932 7.7741
      vertex 46.2 44.568 7.7741
      vertex 46.2 44.6216 8.04352
    endloop
  endfacet
  facet normal 1 0 0
    outer loop
      vertex 46.2 37.8784 8.04352
      vertex 46.2 44.6216 8.04352
      vertex 46.2 44.7099 8.30363
    endloop
  endfacet
  facet normal 1 0 0
    outer loop
      vertex 46.2 37.7901 8.30363
      vertex 46.2 44.7099 8.30363
      vertex 46.2 44.8313 8.55
    endloop
  endfacet
  facet normal 1 0 0
    outer loop
      vertex 46.2 37.6687 8.55
      vertex 46.2 44.8313 8.55
      vertex 46.2 44.984 8.7784
    endloop
  endfacet
  facet normal 1 0 0
    outer loop
      vertex 46.2 37.516 8.7784
      vertex 46.2 44.984 8.7784
      vertex 46.2 45.1651 8.98492
    endloop
  endfacet
  facet normal 1 0 0
    outer loop
      vertex 46.2 37.3349 8.98492
      vertex 46.2 45.1651 8.98492
      vertex 46.2 45.3716 9.16604
    endloop
  endfacet
  facet normal 1 0 0
    outer loop
      vertex 46.2 37.1284 9.16604
      vertex 46.2 45.3716 9.16604
      vertex 46.2 45.6 9.31865
    endloop
  endfacet
  facet normal 1 0 0
    outer loop
      vertex 46.2 36.9 9.31865
      vertex 46.2 45.6 9.31865
      vertex 46.2 45.8464 9.44015
    endloop
  endfacet
  facet normal 1 0 0
    outer loop
      vertex 46.2 46.3759 9.58203
      vertex 46.2 36.1241 9.58203
      vertex 46.2 46.1065 9.52844
    endloop
  endfacet
  facet normal 1 0 0
    outer loop
      vertex 46.2 44.568 7.7741
      vertex 46.2 37.932 7.7741
      vertex 46.2 37.95 7.5
    endloop
  endfacet
  facet normal 1 0 0
    outer loop
      vertex 46.2 44.6216 8.04352
      vertex 46.2 37.8784 8.04352
      vertex 46.2 37.932 7.7741
    endloop
  endfacet
  facet normal 1 0 0
    outer loop
      vertex 46.2 44.7099 8.30363
      vertex 46.2 37.7901 8.30363
      vertex 46.2 37.8784 8.04352
    endloop
  endfacet
  facet normal 1 0 0
    outer loop
      vertex 46.2 44.8313 8.55
      vertex 46.2 37.6687 8.55
      vertex 46.2 37.7901 8.30363
    endloop
  endfacet
  facet normal 1 0 0
    outer loop
      vertex 46.2 44.984 8.7784
      vertex 46.2 37.516 8.7784
      vertex 46.2 37.6687 8.55
    endloop
  endfacet
  facet normal 1 0 0
    outer loop
      vertex 46.2 45.1651 8.98492
      vertex 46.2 37.3349 8.98492
      vertex 46.2 37.516 8.7784
    endloop
  endfacet
  facet normal 1 0 0
    outer loop
      vertex 46.2 45.3716 9.16604
      vertex 46.2 37.1284 9.16604
      vertex 46.2 37.3349 8.98492
    endloop
  endfacet
  facet normal 1 0 0
    outer loop
      vertex 46.2 45.6 9.31865
      vertex 46.2 36.9 9.31865
      vertex 46.2 37.1284 9.16604
    endloop
  endfacet
  facet normal 1 0 0
    outer loop
      vertex 46.2 45.8464 9.44015
      vertex 46.2 36.6536 9.44015
      vertex 46.2 36.9 9.31865
    endloop
  endfacet
  facet normal 1 0 0
    outer loop
      vertex 46.2 45.8464 9.44015
      vertex 46.2 36.3935 9.52844
      vertex 46.2 36.6536 9.44015
    endloop
  endfacet
  facet normal 1 0 0
    outer loop
      vertex 46.2 46.1065 9.52844
      vertex 46.2 36.3935 9.52844
      vertex 46.2 45.8464 9.44015
    endloop
  endfacet
  facet normal 1 0 -0
    outer loop
      vertex 46.2 36.3935 9.52844
      vertex 46.2 46.1065 9.52844
      vertex 46.2 36.1241 9.58203
    endloop
  endfacet
  facet normal 1 0 0
    outer loop
      vertex 46.2 36.1241 9.58203
      vertex 46.2 2 26.7
      vertex 46.2 35.85 9.6
    endloop
  endfacet
  facet normal 1 0 0
    outer loop
      vertex 46.2 35.85 9.6
      vertex 46.2 2 26.7
      vertex 46.2 35.5759 9.58203
    endloop
  endfacet
  facet normal 1 0 0
    outer loop
      vertex 46.2 33.8216 8.04352
      vertex 46.2 2 -2
      vertex 46.2 33.768 7.7741
    endloop
  endfacet
  facet normal 1 0 0
    outer loop
      vertex 46.2 2 -2
      vertex 46.2 33.8216 8.04352
      vertex 46.2 2 26.7
    endloop
  endfacet
  facet normal 1 0 0
    outer loop
      vertex 46.2 33.9099 8.30363
      vertex 46.2 2 26.7
      vertex 46.2 33.8216 8.04352
    endloop
  endfacet
  facet normal 1 0 0
    outer loop
      vertex 46.2 34.0313 8.55
      vertex 46.2 2 26.7
      vertex 46.2 33.9099 8.30363
    endloop
  endfacet
  facet normal 1 0 0
    outer loop
      vertex 46.2 34.184 8.7784
      vertex 46.2 2 26.7
      vertex 46.2 34.0313 8.55
    endloop
  endfacet
  facet normal 1 0 0
    outer loop
      vertex 46.2 34.3651 8.98492
      vertex 46.2 2 26.7
      vertex 46.2 34.184 8.7784
    endloop
  endfacet
  facet normal 1 0 0
    outer loop
      vertex 46.2 34.5716 9.16604
      vertex 46.2 2 26.7
      vertex 46.2 34.3651 8.98492
    endloop
  endfacet
  facet normal 1 0 0
    outer loop
      vertex 46.2 34.8 9.31865
      vertex 46.2 2 26.7
      vertex 46.2 34.5716 9.16604
    endloop
  endfacet
  facet normal 1 0 0
    outer loop
      vertex 46.2 35.0464 9.44015
      vertex 46.2 2 26.7
      vertex 46.2 34.8 9.31865
    endloop
  endfacet
  facet normal 1 0 0
    outer loop
      vertex 46.2 35.3065 9.52844
      vertex 46.2 2 26.7
      vertex 46.2 35.0464 9.44015
    endloop
  endfacet
  facet normal 1 0 0
    outer loop
      vertex 46.2 35.5759 9.58203
      vertex 46.2 2 26.7
      vertex 46.2 35.3065 9.52844
    endloop
  endfacet
  facet normal 1 -0 0
    outer loop
      vertex 46.2 48.732 7.22589
      vertex 46.2 90.5 -2
      vertex 46.2 48.75 7.5
    endloop
  endfacet
  facet normal 1 -0 0
    outer loop
      vertex 46.2 48.6784 6.95648
      vertex 46.2 90.5 -2
      vertex 46.2 48.732 7.22589
    endloop
  endfacet
  facet normal 1 -0 0
    outer loop
      vertex 46.2 48.5901 6.69636
      vertex 46.2 90.5 -2
      vertex 46.2 48.6784 6.95648
    endloop
  endfacet
  facet normal 1 -0 0
    outer loop
      vertex 46.2 48.4687 6.45
      vertex 46.2 90.5 -2
      vertex 46.2 48.5901 6.69636
    endloop
  endfacet
  facet normal 1 -0 0
    outer loop
      vertex 46.2 48.316 6.2216
      vertex 46.2 90.5 -2
      vertex 46.2 48.4687 6.45
    endloop
  endfacet
  facet normal 1 -0 0
    outer loop
      vertex 46.2 48.1349 6.01508
      vertex 46.2 90.5 -2
      vertex 46.2 48.316 6.2216
    endloop
  endfacet
  facet normal 1 -0 0
    outer loop
      vertex 46.2 47.9284 5.83396
      vertex 46.2 90.5 -2
      vertex 46.2 48.1349 6.01508
    endloop
  endfacet
  facet normal 1 -0 0
    outer loop
      vertex 46.2 47.7 5.68135
      vertex 46.2 90.5 -2
      vertex 46.2 47.9284 5.83396
    endloop
  endfacet
  facet normal 1 -0 0
    outer loop
      vertex 46.2 47.4536 5.55985
      vertex 46.2 90.5 -2
      vertex 46.2 47.7 5.68135
    endloop
  endfacet
  facet normal 1 -0 0
    outer loop
      vertex 46.2 47.1935 5.47156
      vertex 46.2 90.5 -2
      vertex 46.2 47.4536 5.55985
    endloop
  endfacet
  facet normal 1 -0 0
    outer loop
      vertex 46.2 46.9241 5.41796
      vertex 46.2 90.5 -2
      vertex 46.2 47.1935 5.47156
    endloop
  endfacet
  facet normal 1 -0 0
    outer loop
      vertex 46.2 46.65 5.4
      vertex 46.2 90.5 -2
      vertex 46.2 46.9241 5.41796
    endloop
  endfacet
  facet normal 1 0 0
    outer loop
      vertex 46.2 35.85 5.4
      vertex 46.2 46.65 5.4
      vertex 46.2 46.3759 5.41796
    endloop
  endfacet
  facet normal 1 -0 0
    outer loop
      vertex 46.2 37.95 7.5
      vertex 46.2 44.568 7.22589
      vertex 46.2 44.55 7.5
    endloop
  endfacet
  facet normal 1 0 0
    outer loop
      vertex 46.2 37.932 7.22589
      vertex 46.2 44.568 7.22589
      vertex 46.2 37.95 7.5
    endloop
  endfacet
  facet normal 1 0 0
    outer loop
      vertex 46.2 44.568 7.22589
      vertex 46.2 37.932 7.22589
      vertex 46.2 44.6216 6.95648
    endloop
  endfacet
  facet normal 1 0 0
    outer loop
      vertex 46.2 37.8784 6.95648
      vertex 46.2 44.6216 6.95648
      vertex 46.2 37.932 7.22589
    endloop
  endfacet
  facet normal 1 0 0
    outer loop
      vertex 46.2 44.6216 6.95648
      vertex 46.2 37.8784 6.95648
      vertex 46.2 44.7099 6.69636
    endloop
  endfacet
  facet normal 1 0 0
    outer loop
      vertex 46.2 37.7901 6.69636
      vertex 46.2 44.7099 6.69636
      vertex 46.2 37.8784 6.95648
    endloop
  endfacet
  facet normal 1 0 0
    outer loop
      vertex 46.2 44.7099 6.69636
      vertex 46.2 37.7901 6.69636
      vertex 46.2 44.8313 6.45
    endloop
  endfacet
  facet normal 1 0 0
    outer loop
      vertex 46.2 37.6687 6.45
      vertex 46.2 44.8313 6.45
      vertex 46.2 37.7901 6.69636
    endloop
  endfacet
  facet normal 1 0 0
    outer loop
      vertex 46.2 44.8313 6.45
      vertex 46.2 37.6687 6.45
      vertex 46.2 44.984 6.2216
    endloop
  endfacet
  facet normal 1 0 0
    outer loop
      vertex 46.2 37.516 6.2216
      vertex 46.2 44.984 6.2216
      vertex 46.2 37.6687 6.45
    endloop
  endfacet
  facet normal 1 0 0
    outer loop
      vertex 46.2 44.984 6.2216
      vertex 46.2 37.516 6.2216
      vertex 46.2 45.1651 6.01508
    endloop
  endfacet
  facet normal 1 0 0
    outer loop
      vertex 46.2 37.3349 6.01508
      vertex 46.2 45.1651 6.01508
      vertex 46.2 37.516 6.2216
    endloop
  endfacet
  facet normal 1 0 0
    outer loop
      vertex 46.2 45.1651 6.01508
      vertex 46.2 37.3349 6.01508
      vertex 46.2 45.3716 5.83396
    endloop
  endfacet
  facet normal 1 0 0
    outer loop
      vertex 46.2 37.1284 5.83396
      vertex 46.2 45.3716 5.83396
      vertex 46.2 37.3349 6.01508
    endloop
  endfacet
  facet normal 1 0 0
    outer loop
      vertex 46.2 45.3716 5.83396
      vertex 46.2 37.1284 5.83396
      vertex 46.2 45.6 5.68135
    endloop
  endfacet
  facet normal 1 0 0
    outer loop
      vertex 46.2 36.9 5.68135
      vertex 46.2 45.6 5.68135
      vertex 46.2 37.1284 5.83396
    endloop
  endfacet
  facet normal 1 0 0
    outer loop
      vertex 46.2 45.6 5.68135
      vertex 46.2 36.9 5.68135
      vertex 46.2 45.8464 5.55985
    endloop
  endfacet
  facet normal 1 0 0
    outer loop
      vertex 46.2 36.6536 5.55985
      vertex 46.2 45.8464 5.55985
      vertex 46.2 36.9 5.68135
    endloop
  endfacet
  facet normal 1 0 0
    outer loop
      vertex 46.2 45.8464 5.55985
      vertex 46.2 36.6536 5.55985
      vertex 46.2 46.1065 5.47156
    endloop
  endfacet
  facet normal 1 0 0
    outer loop
      vertex 46.2 36.3935 5.47156
      vertex 46.2 46.1065 5.47156
      vertex 46.2 36.6536 5.55985
    endloop
  endfacet
  facet normal 1 0 0
    outer loop
      vertex 46.2 46.1065 5.47156
      vertex 46.2 36.3935 5.47156
      vertex 46.2 46.3759 5.41796
    endloop
  endfacet
  facet normal 1 0 0
    outer loop
      vertex 46.2 36.1241 5.41796
      vertex 46.2 46.3759 5.41796
      vertex 46.2 36.3935 5.47156
    endloop
  endfacet
  facet normal 1 0 0
    outer loop
      vertex 46.2 35.85 5.4
      vertex 46.2 46.3759 5.41796
      vertex 46.2 36.1241 5.41796
    endloop
  endfacet
  facet normal 1 0 0
    outer loop
      vertex 46.2 46.65 5.4
      vertex 46.2 35.85 5.4
      vertex 46.2 2 -2
    endloop
  endfacet
  facet normal 1 0 0
    outer loop
      vertex 46.2 2 -2
      vertex 46.2 35.85 5.4
      vertex 46.2 35.5759 5.41796
    endloop
  endfacet
  facet normal 1 0 0
    outer loop
      vertex 46.2 33.768 7.7741
      vertex 46.2 2 -2
      vertex 46.2 33.75 7.5
    endloop
  endfacet
  facet normal 1 0 0
    outer loop
      vertex 46.2 33.75 7.5
      vertex 46.2 2 -2
      vertex 46.2 33.768 7.22589
    endloop
  endfacet
  facet normal 1 0 0
    outer loop
      vertex 46.2 33.768 7.22589
      vertex 46.2 2 -2
      vertex 46.2 33.8216 6.95648
    endloop
  endfacet
  facet normal 1 0 0
    outer loop
      vertex 46.2 33.8216 6.95648
      vertex 46.2 2 -2
      vertex 46.2 33.9099 6.69636
    endloop
  endfacet
  facet normal 1 0 0
    outer loop
      vertex 46.2 33.9099 6.69636
      vertex 46.2 2 -2
      vertex 46.2 34.0313 6.45
    endloop
  endfacet
  facet normal 1 0 0
    outer loop
      vertex 46.2 34.0313 6.45
      vertex 46.2 2 -2
      vertex 46.2 34.184 6.2216
    endloop
  endfacet
  facet normal 1 0 0
    outer loop
      vertex 46.2 34.184 6.2216
      vertex 46.2 2 -2
      vertex 46.2 34.3651 6.01508
    endloop
  endfacet
  facet normal 1 0 0
    outer loop
      vertex 46.2 34.3651 6.01508
      vertex 46.2 2 -2
      vertex 46.2 34.5716 5.83396
    endloop
  endfacet
  facet normal 1 0 0
    outer loop
      vertex 46.2 46.65 5.4
      vertex 46.2 2 -2
      vertex 46.2 90.5 -2
    endloop
  endfacet
  facet normal 1 0 0
    outer loop
      vertex 46.2 35.3065 5.47156
      vertex 46.2 2 -2
      vertex 46.2 35.5759 5.41796
    endloop
  endfacet
  facet normal 1 0 0
    outer loop
      vertex 46.2 35.0464 5.55985
      vertex 46.2 2 -2
      vertex 46.2 35.3065 5.47156
    endloop
  endfacet
  facet normal 1 0 0
    outer loop
      vertex 46.2 34.8 5.68135
      vertex 46.2 2 -2
      vertex 46.2 35.0464 5.55985
    endloop
  endfacet
  facet normal 1 0 0
    outer loop
      vertex 46.2 34.5716 5.83396
      vertex 46.2 2 -2
      vertex 46.2 34.8 5.68135
    endloop
  endfacet
  facet normal -1 0 0
    outer loop
      vertex -2 49.232 7.7741
      vertex -2 90.5 -2
      vertex -2 49.25 7.5
    endloop
  endfacet
  facet normal -1 0 0
    outer loop
      vertex -2 90.5 -2
      vertex -2 49.232 7.22589
      vertex -2 49.25 7.5
    endloop
  endfacet
  facet normal -1 0 0
    outer loop
      vertex -2 90.5 -2
      vertex -2 49.1784 6.95648
      vertex -2 49.232 7.22589
    endloop
  endfacet
  facet normal -1 0 0
    outer loop
      vertex -2 90.5 -2
      vertex -2 49.0901 6.69636
      vertex -2 49.1784 6.95648
    endloop
  endfacet
  facet normal -1 0 0
    outer loop
      vertex -2 90.5 -2
      vertex -2 48.9687 6.45
      vertex -2 49.0901 6.69636
    endloop
  endfacet
  facet normal -1 0 0
    outer loop
      vertex -2 90.5 -2
      vertex -2 48.816 6.2216
      vertex -2 48.9687 6.45
    endloop
  endfacet
  facet normal -1 0 0
    outer loop
      vertex -2 90.5 -2
      vertex -2 48.6349 6.01508
      vertex -2 48.816 6.2216
    endloop
  endfacet
  facet normal -1 0 0
    outer loop
      vertex -2 90.5 -2
      vertex -2 48.4284 5.83396
      vertex -2 48.6349 6.01508
    endloop
  endfacet
  facet normal -1 0 0
    outer loop
      vertex -2 90.5 -2
      vertex -2 48.2 5.68135
      vertex -2 48.4284 5.83396
    endloop
  endfacet
  facet normal -1 0 0
    outer loop
      vertex -2 90.5 -2
      vertex -2 47.9536 5.55985
      vertex -2 48.2 5.68135
    endloop
  endfacet
  facet normal -1 0 0
    outer loop
      vertex -2 90.5 -2
      vertex -2 47.6935 5.47156
      vertex -2 47.9536 5.55985
    endloop
  endfacet
  facet normal -1 0 0
    outer loop
      vertex -2 90.5 -2
      vertex -2 47.4241 5.41796
      vertex -2 47.6935 5.47156
    endloop
  endfacet
  facet normal -1 0 0
    outer loop
      vertex -2 90.5 -2
      vertex -2 47.15 5.4
      vertex -2 47.4241 5.41796
    endloop
  endfacet
  facet normal -1 0 0
    outer loop
      vertex -2 2 -2
      vertex -2 47.15 5.4
      vertex -2 90.5 -2
    endloop
  endfacet
  facet normal -1 -0 0
    outer loop
      vertex -2 45.068 7.22589
      vertex -2 21 5.9
      vertex -2 45.05 7.5
    endloop
  endfacet
  facet normal -1 0 0
    outer loop
      vertex -2 20.9863 5.69116
      vertex -2 45.068 7.22589
      vertex -2 45.1216 6.95648
    endloop
  endfacet
  facet normal -1 0 0
    outer loop
      vertex -2 20.9455 5.48589
      vertex -2 45.1216 6.95648
      vertex -2 45.2099 6.69636
    endloop
  endfacet
  facet normal -1 0 0
    outer loop
      vertex -2 20.8782 5.28771
      vertex -2 45.2099 6.69636
      vertex -2 45.3313 6.45
    endloop
  endfacet
  facet normal -1 0 0
    outer loop
      vertex -2 20.7856 5.1
      vertex -2 45.3313 6.45
      vertex -2 45.484 6.2216
    endloop
  endfacet
  facet normal -1 0 0
    outer loop
      vertex -2 20.6694 4.92598
      vertex -2 45.484 6.2216
      vertex -2 45.6651 6.01508
    endloop
  endfacet
  facet normal -1 0 0
    outer loop
      vertex -2 20.5314 4.76863
      vertex -2 45.6651 6.01508
      vertex -2 45.8716 5.83396
    endloop
  endfacet
  facet normal -1 0 0
    outer loop
      vertex -2 20.374 4.63063
      vertex -2 45.8716 5.83396
      vertex -2 46.1 5.68135
    endloop
  endfacet
  facet normal -1 0 0
    outer loop
      vertex -2 20.2 4.51436
      vertex -2 46.1 5.68135
      vertex -2 46.3464 5.55985
    endloop
  endfacet
  facet normal -1 0 0
    outer loop
      vertex -2 20.0123 4.42179
      vertex -2 46.3464 5.55985
      vertex -2 46.6065 5.47156
    endloop
  endfacet
  facet normal -1 0 0
    outer loop
      vertex -2 19.8141 4.35452
      vertex -2 46.6065 5.47156
      vertex -2 46.8759 5.41796
    endloop
  endfacet
  facet normal -1 -0 0
    outer loop
      vertex -2 47.15 5.4
      vertex -2 2 -2
      vertex -2 46.8759 5.41796
    endloop
  endfacet
  facet normal -1 0 0
    outer loop
      vertex -2 45.068 7.22589
      vertex -2 20.9863 5.69116
      vertex -2 21 5.9
    endloop
  endfacet
  facet normal -1 0 0
    outer loop
      vertex -2 45.1216 6.95648
      vertex -2 20.9455 5.48589
      vertex -2 20.9863 5.69116
    endloop
  endfacet
  facet normal -1 0 0
    outer loop
      vertex -2 45.2099 6.69636
      vertex -2 20.8782 5.28771
      vertex -2 20.9455 5.48589
    endloop
  endfacet
  facet normal -1 0 0
    outer loop
      vertex -2 45.3313 6.45
      vertex -2 20.7856 5.1
      vertex -2 20.8782 5.28771
    endloop
  endfacet
  facet normal -1 0 0
    outer loop
      vertex -2 45.484 6.2216
      vertex -2 20.6694 4.92598
      vertex -2 20.7856 5.1
    endloop
  endfacet
  facet normal -1 0 0
    outer loop
      vertex -2 45.6651 6.01508
      vertex -2 20.5314 4.76863
      vertex -2 20.6694 4.92598
    endloop
  endfacet
  facet normal -1 0 0
    outer loop
      vertex -2 45.8716 5.83396
      vertex -2 20.374 4.63063
      vertex -2 20.5314 4.76863
    endloop
  endfacet
  facet normal -1 0 0
    outer loop
      vertex -2 46.1 5.68135
      vertex -2 20.2 4.51436
      vertex -2 20.374 4.63063
    endloop
  endfacet
  facet normal -1 0 0
    outer loop
      vertex -2 46.3464 5.55985
      vertex -2 20.0123 4.42179
      vertex -2 20.2 4.51436
    endloop
  endfacet
  facet normal -1 0 0
    outer loop
      vertex -2 46.6065 5.47156
      vertex -2 19.8141 4.35452
      vertex -2 20.0123 4.42179
    endloop
  endfacet
  facet normal -1 0 0
    outer loop
      vertex -2 46.8759 5.41796
      vertex -2 2 -2
      vertex -2 19.8141 4.35452
    endloop
  endfacet
  facet normal -1 0 0
    outer loop
      vertex -2 19.8141 4.35452
      vertex -2 2 -2
      vertex -2 19.6088 4.31369
    endloop
  endfacet
  facet normal -1 0 0
    outer loop
      vertex -2 19.6088 4.31369
      vertex -2 2 -2
      vertex -2 19.4 4.3
    endloop
  endfacet
  facet normal -1 -0 0
    outer loop
      vertex -2 19.4 4.3
      vertex -2 2 -2
      vertex -2 15.6 4.3
    endloop
  endfacet
  facet normal -1 -0 0
    outer loop
      vertex -2 14.0137 5.69116
      vertex -2 2 -2
      vertex -2 14 5.9
    endloop
  endfacet
  facet normal -1 -0 0
    outer loop
      vertex -2 14.0545 5.48589
      vertex -2 2 -2
      vertex -2 14.0137 5.69116
    endloop
  endfacet
  facet normal -1 -0 0
    outer loop
      vertex -2 14.1218 5.28771
      vertex -2 2 -2
      vertex -2 14.0545 5.48589
    endloop
  endfacet
  facet normal -1 -0 0
    outer loop
      vertex -2 14.2144 5.1
      vertex -2 2 -2
      vertex -2 14.1218 5.28771
    endloop
  endfacet
  facet normal -1 -0 0
    outer loop
      vertex -2 14.3306 4.92598
      vertex -2 2 -2
      vertex -2 14.2144 5.1
    endloop
  endfacet
  facet normal -1 -0 0
    outer loop
      vertex -2 14.4686 4.76863
      vertex -2 2 -2
      vertex -2 14.3306 4.92598
    endloop
  endfacet
  facet normal -1 -0 0
    outer loop
      vertex -2 14.626 4.63063
      vertex -2 2 -2
      vertex -2 14.4686 4.76863
    endloop
  endfacet
  facet normal -1 -0 0
    outer loop
      vertex -2 14.8 4.51436
      vertex -2 2 -2
      vertex -2 14.626 4.63063
    endloop
  endfacet
  facet normal -1 -0 0
    outer loop
      vertex -2 14.9877 4.42179
      vertex -2 2 -2
      vertex -2 14.8 4.51436
    endloop
  endfacet
  facet normal -1 -0 0
    outer loop
      vertex -2 15.1859 4.35452
      vertex -2 2 -2
      vertex -2 14.9877 4.42179
    endloop
  endfacet
  facet normal -1 -0 0
    outer loop
      vertex -2 15.3912 4.31369
      vertex -2 2 -2
      vertex -2 15.1859 4.35452
    endloop
  endfacet
  facet normal -1 -0 0
    outer loop
      vertex -2 15.6 4.3
      vertex -2 2 -2
      vertex -2 15.3912 4.31369
    endloop
  endfacet
  facet normal -1 0 0
    outer loop
      vertex -2 90.5 -2
      vertex -2 49.232 7.7741
      vertex -2 90.5 26.7
    endloop
  endfacet
  facet normal -1 0 0
    outer loop
      vertex -2 49.1784 8.04352
      vertex -2 90.5 26.7
      vertex -2 49.232 7.7741
    endloop
  endfacet
  facet normal -1 0 0
    outer loop
      vertex -2 49.0901 8.30363
      vertex -2 90.5 26.7
      vertex -2 49.1784 8.04352
    endloop
  endfacet
  facet normal -1 0 0
    outer loop
      vertex -2 48.9687 8.55
      vertex -2 90.5 26.7
      vertex -2 49.0901 8.30363
    endloop
  endfacet
  facet normal -1 0 0
    outer loop
      vertex -2 48.816 8.7784
      vertex -2 90.5 26.7
      vertex -2 48.9687 8.55
    endloop
  endfacet
  facet normal -1 0 0
    outer loop
      vertex -2 48.6349 8.98492
      vertex -2 90.5 26.7
      vertex -2 48.816 8.7784
    endloop
  endfacet
  facet normal -1 0 0
    outer loop
      vertex -2 48.4284 9.16604
      vertex -2 90.5 26.7
      vertex -2 48.6349 8.98492
    endloop
  endfacet
  facet normal -1 0 0
    outer loop
      vertex -2 48.2 9.31865
      vertex -2 90.5 26.7
      vertex -2 48.4284 9.16604
    endloop
  endfacet
  facet normal -1 0 0
    outer loop
      vertex -2 47.9536 9.44015
      vertex -2 90.5 26.7
      vertex -2 48.2 9.31865
    endloop
  endfacet
  facet normal -1 0 0
    outer loop
      vertex -2 47.6935 9.52844
      vertex -2 90.5 26.7
      vertex -2 47.9536 9.44015
    endloop
  endfacet
  facet normal -1 0 0
    outer loop
      vertex -2 47.4241 9.58203
      vertex -2 90.5 26.7
      vertex -2 47.6935 9.52844
    endloop
  endfacet
  facet normal -1 0 0
    outer loop
      vertex -2 47.15 9.6
      vertex -2 90.5 26.7
      vertex -2 47.4241 9.58203
    endloop
  endfacet
  facet normal -1 0 0
    outer loop
      vertex -2 2 26.7
      vertex -2 47.15 9.6
      vertex -2 46.8759 9.58203
    endloop
  endfacet
  facet normal -1 0 0
    outer loop
      vertex -2 2 26.7
      vertex -2 46.8759 9.58203
      vertex -2 46.6065 9.52844
    endloop
  endfacet
  facet normal -1 0 0
    outer loop
      vertex -2 2 26.7
      vertex -2 46.6065 9.52844
      vertex -2 46.3464 9.44015
    endloop
  endfacet
  facet normal -1 0 0
    outer loop
      vertex -2 20.9863 6.10884
      vertex -2 45.05 7.5
      vertex -2 21 5.9
    endloop
  endfacet
  facet normal -1 -0 0
    outer loop
      vertex -2 45.05 7.5
      vertex -2 20.9863 6.10884
      vertex -2 45.068 7.7741
    endloop
  endfacet
  facet normal -1 0 0
    outer loop
      vertex -2 20.9455 6.31411
      vertex -2 45.068 7.7741
      vertex -2 20.9863 6.10884
    endloop
  endfacet
  facet normal -1 -0 0
    outer loop
      vertex -2 45.068 7.7741
      vertex -2 20.9455 6.31411
      vertex -2 45.1216 8.04352
    endloop
  endfacet
  facet normal -1 0 0
    outer loop
      vertex -2 20.8782 6.51229
      vertex -2 45.1216 8.04352
      vertex -2 20.9455 6.31411
    endloop
  endfacet
  facet normal -1 -0 0
    outer loop
      vertex -2 45.1216 8.04352
      vertex -2 20.8782 6.51229
      vertex -2 45.2099 8.30363
    endloop
  endfacet
  facet normal -1 0 0
    outer loop
      vertex -2 20.7856 6.7
      vertex -2 45.2099 8.30363
      vertex -2 20.8782 6.51229
    endloop
  endfacet
  facet normal -1 -0 0
    outer loop
      vertex -2 45.2099 8.30363
      vertex -2 20.7856 6.7
      vertex -2 45.3313 8.55
    endloop
  endfacet
  facet normal -1 0 0
    outer loop
      vertex -2 20.6694 6.87402
      vertex -2 45.3313 8.55
      vertex -2 20.7856 6.7
    endloop
  endfacet
  facet normal -1 -0 0
    outer loop
      vertex -2 45.3313 8.55
      vertex -2 20.6694 6.87402
      vertex -2 45.484 8.7784
    endloop
  endfacet
  facet normal -1 0 0
    outer loop
      vertex -2 20.5314 7.03137
      vertex -2 45.484 8.7784
      vertex -2 20.6694 6.87402
    endloop
  endfacet
  facet normal -1 0 0
    outer loop
      vertex -2 20.374 7.16936
      vertex -2 45.484 8.7784
      vertex -2 20.5314 7.03137
    endloop
  endfacet
  facet normal -1 -0 0
    outer loop
      vertex -2 45.484 8.7784
      vertex -2 20.374 7.16936
      vertex -2 45.6651 8.98492
    endloop
  endfacet
  facet normal -1 0 0
    outer loop
      vertex -2 20.2 7.28564
      vertex -2 45.6651 8.98492
      vertex -2 20.374 7.16936
    endloop
  endfacet
  facet normal -1 -0 0
    outer loop
      vertex -2 45.6651 8.98492
      vertex -2 20.2 7.28564
      vertex -2 45.8716 9.16604
    endloop
  endfacet
  facet normal -1 0 0
    outer loop
      vertex -2 20.0123 7.37821
      vertex -2 45.8716 9.16604
      vertex -2 20.2 7.28564
    endloop
  endfacet
  facet normal -1 -0 0
    outer loop
      vertex -2 45.8716 9.16604
      vertex -2 20.0123 7.37821
      vertex -2 46.1 9.31865
    endloop
  endfacet
  facet normal -1 0 0
    outer loop
      vertex -2 2 26.7
      vertex -2 46.1 9.31865
      vertex -2 20.0123 7.37821
    endloop
  endfacet
  facet normal -1 0 0
    outer loop
      vertex -2 46.1 9.31865
      vertex -2 2 26.7
      vertex -2 46.3464 9.44015
    endloop
  endfacet
  facet normal -1 0 0
    outer loop
      vertex -2 2 26.7
      vertex -2 20.0123 7.37821
      vertex -2 19.8141 7.44548
    endloop
  endfacet
  facet normal -1 0 0
    outer loop
      vertex -2 2 26.7
      vertex -2 19.8141 7.44548
      vertex -2 19.6088 7.48631
    endloop
  endfacet
  facet normal -1 0 0
    outer loop
      vertex -2 2 26.7
      vertex -2 19.6088 7.48631
      vertex -2 19.4 7.5
    endloop
  endfacet
  facet normal -1 0 0
    outer loop
      vertex -2 2 26.7
      vertex -2 19.4 7.5
      vertex -2 15.6 7.5
    endloop
  endfacet
  facet normal -1 0 0
    outer loop
      vertex -2 2 26.7
      vertex -2 15.6 7.5
      vertex -2 15.3912 7.48631
    endloop
  endfacet
  facet normal -1 0 0
    outer loop
      vertex -2 2 26.7
      vertex -2 15.3912 7.48631
      vertex -2 15.1859 7.44548
    endloop
  endfacet
  facet normal -1 0 0
    outer loop
      vertex -2 2 -2
      vertex -2 14.0137 6.10884
      vertex -2 14 5.9
    endloop
  endfacet
  facet normal -1 0 0
    outer loop
      vertex -2 2 -2
      vertex -2 14.0545 6.31411
      vertex -2 14.0137 6.10884
    endloop
  endfacet
  facet normal -1 0 0
    outer loop
      vertex -2 2 -2
      vertex -2 14.1218 6.51229
      vertex -2 14.0545 6.31411
    endloop
  endfacet
  facet normal -1 0 0
    outer loop
      vertex -2 2 26.7
      vertex -2 14.1218 6.51229
      vertex -2 2 -2
    endloop
  endfacet
  facet normal -1 0 0
    outer loop
      vertex -2 14.1218 6.51229
      vertex -2 2 26.7
      vertex -2 14.2144 6.7
    endloop
  endfacet
  facet normal -1 0 0
    outer loop
      vertex -2 14.2144 6.7
      vertex -2 2 26.7
      vertex -2 14.3306 6.87402
    endloop
  endfacet
  facet normal -1 0 0
    outer loop
      vertex -2 14.3306 6.87402
      vertex -2 2 26.7
      vertex -2 14.4686 7.03137
    endloop
  endfacet
  facet normal -1 0 0
    outer loop
      vertex -2 47.15 9.6
      vertex -2 2 26.7
      vertex -2 90.5 26.7
    endloop
  endfacet
  facet normal -1 0 0
    outer loop
      vertex -2 14.9877 7.37821
      vertex -2 2 26.7
      vertex -2 15.1859 7.44548
    endloop
  endfacet
  facet normal -1 0 0
    outer loop
      vertex -2 14.8 7.28564
      vertex -2 2 26.7
      vertex -2 14.9877 7.37821
    endloop
  endfacet
  facet normal -1 0 0
    outer loop
      vertex -2 14.626 7.16936
      vertex -2 2 26.7
      vertex -2 14.8 7.28564
    endloop
  endfacet
  facet normal -1 0 0
    outer loop
      vertex -2 14.4686 7.03137
      vertex -2 2 26.7
      vertex -2 14.626 7.16936
    endloop
  endfacet
  facet normal -0.555588 0.831458 0
    outer loop
      vertex 0 93.9641 -2
      vertex -0.435043 93.6734 26.7
      vertex 0 93.9641 26.7
    endloop
  endfacet
  facet normal -0.555588 0.831458 0
    outer loop
      vertex -0.435043 93.6734 26.7
      vertex 0 93.9641 -2
      vertex -0.435043 93.6734 -2
    endloop
  endfacet
  facet normal 0.946921 -0.321468 0
    outer loop
      vertex 45.8955 0.469269 26.7
      vertex 46.0637 0.964722 -2
      vertex 46.0637 0.964722 26.7
    endloop
  endfacet
  facet normal 0.946921 -0.321468 0
    outer loop
      vertex 46.0637 0.964722 -2
      vertex 45.8955 0.469269 26.7
      vertex 45.8955 0.469269 -2
    endloop
  endfacet
  facet normal -0.659355 0.751831 0
    outer loop
      vertex -0.435043 93.6734 -2
      vertex -0.82843 93.3284 26.7
      vertex -0.435043 93.6734 26.7
    endloop
  endfacet
  facet normal -0.659355 0.751831 0
    outer loop
      vertex -0.82843 93.3284 26.7
      vertex -0.435043 93.6734 -2
      vertex -0.82843 93.3284 -2
    endloop
  endfacet
  facet normal -0.751852 0.659332 0
    outer loop
      vertex -1.17342 92.935 -2
      vertex -0.82843 93.3284 26.7
      vertex -0.82843 93.3284 -2
    endloop
  endfacet
  facet normal -0.751852 0.659332 0
    outer loop
      vertex -0.82843 93.3284 26.7
      vertex -1.17342 92.935 -2
      vertex -1.17342 92.935 26.7
    endloop
  endfacet
  facet normal 0.896886 -0.442261 0
    outer loop
      vertex 45.6641 0 26.7
      vertex 45.8955 0.469269 -2
      vertex 45.8955 0.469269 26.7
    endloop
  endfacet
  facet normal 0.896886 -0.442261 0
    outer loop
      vertex 45.8955 0.469269 -2
      vertex 45.6641 0 26.7
      vertex 45.6641 0 -2
    endloop
  endfacet
  facet normal -0.980793 0.19505 0
    outer loop
      vertex -1.96577 91.0221 -2
      vertex -1.86371 91.5353 26.7
      vertex -1.86371 91.5353 -2
    endloop
  endfacet
  facet normal -0.980793 0.19505 0
    outer loop
      vertex -1.86371 91.5353 26.7
      vertex -1.96577 91.0221 -2
      vertex -1.96577 91.0221 26.7
    endloop
  endfacet
  facet normal 0.751842 0.659343 0
    outer loop
      vertex 45.3734 92.935 26.7
      vertex 45.0284 93.3284 -2
      vertex 45.0284 93.3284 26.7
    endloop
  endfacet
  facet normal 0.751842 0.659343 0
    outer loop
      vertex 45.0284 93.3284 -2
      vertex 45.3734 92.935 26.7
      vertex 45.3734 92.935 -2
    endloop
  endfacet
  facet normal 0 1 -0
    outer loop
      vertex 42.2 94.5 -2
      vertex 2 94.5 26.7
      vertex 42.2 94.5 26.7
    endloop
  endfacet
  facet normal 0 1 0
    outer loop
      vertex 2 94.5 26.7
      vertex 42.2 94.5 -2
      vertex 2 94.5 -2
    endloop
  endfacet
  facet normal 0.751831 -0.659355 0
    outer loop
      vertex 45.0284 -0.82843 26.7
      vertex 45.3734 -0.435043 -2
      vertex 45.3734 -0.435043 26.7
    endloop
  endfacet
  facet normal 0.751831 -0.659355 0
    outer loop
      vertex 45.3734 -0.435043 -2
      vertex 45.0284 -0.82843 26.7
      vertex 45.0284 -0.82843 -2
    endloop
  endfacet
  facet normal -0.442261 0.896886 0
    outer loop
      vertex 0.469269 94.1955 -2
      vertex 0 93.9641 26.7
      vertex 0.469269 94.1955 26.7
    endloop
  endfacet
  facet normal -0.442261 0.896886 0
    outer loop
      vertex 0 93.9641 26.7
      vertex 0.469269 94.1955 -2
      vertex 0 93.9641 -2
    endloop
  endfacet
  facet normal 0.980776 -0.195135 0
    outer loop
      vertex 46.0637 0.964722 26.7
      vertex 46.1658 1.47789 -2
      vertex 46.1658 1.47789 26.7
    endloop
  endfacet
  facet normal 0.980776 -0.195135 0
    outer loop
      vertex 46.1658 1.47789 -2
      vertex 46.0637 0.964722 26.7
      vertex 46.0637 0.964722 -2
    endloop
  endfacet
  facet normal -0.980791 -0.195062 0
    outer loop
      vertex -1.86371 0.964722 -2
      vertex -1.96577 1.47789 26.7
      vertex -1.96577 1.47789 -2
    endloop
  endfacet
  facet normal -0.980791 -0.195062 0
    outer loop
      vertex -1.96577 1.47789 26.7
      vertex -1.86371 0.964722 -2
      vertex -1.86371 0.964722 26.7
    endloop
  endfacet
  facet normal -0.321468 -0.946921 0
    outer loop
      vertex 0.469269 -1.69551 -2
      vertex 0.964722 -1.86371 26.7
      vertex 0.469269 -1.69551 26.7
    endloop
  endfacet
  facet normal -0.321468 -0.946921 -0
    outer loop
      vertex 0.964722 -1.86371 26.7
      vertex 0.469269 -1.69551 -2
      vertex 0.964722 -1.86371 -2
    endloop
  endfacet
  facet normal 0.94691 0.321498 0
    outer loop
      vertex 46.0637 91.5353 26.7
      vertex 45.8955 92.0307 -2
      vertex 45.8955 92.0307 26.7
    endloop
  endfacet
  facet normal 0.94691 0.321498 0
    outer loop
      vertex 45.8955 92.0307 -2
      vertex 46.0637 91.5353 26.7
      vertex 46.0637 91.5353 -2
    endloop
  endfacet
  facet normal -0.195062 -0.980791 0
    outer loop
      vertex 0.964722 -1.86371 -2
      vertex 1.47789 -1.96577 26.7
      vertex 0.964722 -1.86371 26.7
    endloop
  endfacet
  facet normal -0.195062 -0.980791 -0
    outer loop
      vertex 1.47789 -1.96577 26.7
      vertex 0.964722 -1.86371 -2
      vertex 1.47789 -1.96577 -2
    endloop
  endfacet
  facet normal -0.89689 0.442253 0
    outer loop
      vertex -1.69551 92.0307 -2
      vertex -1.4641 92.5 26.7
      vertex -1.4641 92.5 -2
    endloop
  endfacet
  facet normal -0.89689 0.442253 0
    outer loop
      vertex -1.4641 92.5 26.7
      vertex -1.69551 92.0307 -2
      vertex -1.69551 92.0307 26.7
    endloop
  endfacet
  facet normal -0.195135 0.980776 0
    outer loop
      vertex 1.47789 94.4658 -2
      vertex 0.964722 94.3637 26.7
      vertex 1.47789 94.4658 26.7
    endloop
  endfacet
  facet normal -0.195135 0.980776 0
    outer loop
      vertex 0.964722 94.3637 26.7
      vertex 1.47789 94.4658 -2
      vertex 0.964722 94.3637 -2
    endloop
  endfacet
  facet normal -0.83145 0.5556 0
    outer loop
      vertex -1.4641 92.5 -2
      vertex -1.17342 92.935 26.7
      vertex -1.17342 92.935 -2
    endloop
  endfacet
  facet normal -0.83145 0.5556 0
    outer loop
      vertex -1.17342 92.935 26.7
      vertex -1.4641 92.5 -2
      vertex -1.4641 92.5 26.7
    endloop
  endfacet
  facet normal -0.321468 0.946921 0
    outer loop
      vertex 0.964722 94.3637 -2
      vertex 0.469269 94.1955 26.7
      vertex 0.964722 94.3637 26.7
    endloop
  endfacet
  facet normal -0.321468 0.946921 0
    outer loop
      vertex 0.469269 94.1955 26.7
      vertex 0.964722 94.3637 -2
      vertex 0.469269 94.1955 -2
    endloop
  endfacet
  facet normal -0.0654205 -0.997858 0
    outer loop
      vertex 1.47789 -1.96577 -2
      vertex 2 -2 26.7
      vertex 1.47789 -1.96577 26.7
    endloop
  endfacet
  facet normal -0.0654205 -0.997858 -0
    outer loop
      vertex 2 -2 26.7
      vertex 1.47789 -1.96577 -2
      vertex 2 -2 -2
    endloop
  endfacet
  facet normal -0.659345 -0.751841 0
    outer loop
      vertex -0.82843 -0.82843 -2
      vertex -0.435043 -1.17342 26.7
      vertex -0.82843 -0.82843 26.7
    endloop
  endfacet
  facet normal -0.659345 -0.751841 -0
    outer loop
      vertex -0.435043 -1.17342 26.7
      vertex -0.82843 -0.82843 -2
      vertex -0.435043 -1.17342 -2
    endloop
  endfacet
  facet normal -0.751841 -0.659345 0
    outer loop
      vertex -0.82843 -0.82843 -2
      vertex -1.17342 -0.435043 26.7
      vertex -1.17342 -0.435043 -2
    endloop
  endfacet
  facet normal -0.751841 -0.659345 0
    outer loop
      vertex -1.17342 -0.435043 26.7
      vertex -0.82843 -0.82843 -2
      vertex -0.82843 -0.82843 26.7
    endloop
  endfacet
  facet normal 0.659343 0.751842 -0
    outer loop
      vertex 45.0284 93.3284 -2
      vertex 44.635 93.6734 26.7
      vertex 45.0284 93.3284 26.7
    endloop
  endfacet
  facet normal 0.659343 0.751842 0
    outer loop
      vertex 44.635 93.6734 26.7
      vertex 45.0284 93.3284 -2
      vertex 44.635 93.6734 -2
    endloop
  endfacet
  facet normal 0.195124 0.980779 -0
    outer loop
      vertex 43.2353 94.3637 -2
      vertex 42.7221 94.4658 26.7
      vertex 43.2353 94.3637 26.7
    endloop
  endfacet
  facet normal 0.195124 0.980779 0
    outer loop
      vertex 42.7221 94.4658 26.7
      vertex 43.2353 94.3637 -2
      vertex 42.7221 94.4658 -2
    endloop
  endfacet
  facet normal -0.555562 -0.831475 0
    outer loop
      vertex -0.435043 -1.17342 -2
      vertex 0 -1.4641 26.7
      vertex -0.435043 -1.17342 26.7
    endloop
  endfacet
  facet normal -0.555562 -0.831475 -0
    outer loop
      vertex 0 -1.4641 26.7
      vertex -0.435043 -1.17342 -2
      vertex 0 -1.4641 -2
    endloop
  endfacet
  facet normal 0 0 -1
    outer loop
      vertex 37.4265 88.3954 -2
      vertex 6.77348 88.3954 -2
      vertex 6.8 88.8 -2
    endloop
  endfacet
  facet normal 0 0 -1
    outer loop
      vertex 5.25 86.1153 -2
      vertex 6.95 47.7222 -2
      vertex 6.75056 47.8206 -2
    endloop
  endfacet
  facet normal 0 0 -1
    outer loop
      vertex 7.13489 47.5987 -2
      vertex 6.69437 87.9977 -2
      vertex 6.77348 88.3954 -2
    endloop
  endfacet
  facet normal 0 0 -1
    outer loop
      vertex 7.13489 47.5987 -2
      vertex 6.56403 87.6137 -2
      vertex 6.69437 87.9977 -2
    endloop
  endfacet
  facet normal 0 0 -1
    outer loop
      vertex 4.88632 85.936 -2
      vertex 6.75056 47.8206 -2
      vertex 6.53999 47.8921 -2
    endloop
  endfacet
  facet normal 0 0 -1
    outer loop
      vertex 7.13489 47.5987 -2
      vertex 6.38468 87.25 -2
      vertex 6.56403 87.6137 -2
    endloop
  endfacet
  facet normal 0 0 -1
    outer loop
      vertex 4.50234 85.8056 -2
      vertex 6.53999 47.8921 -2
      vertex 6.32189 47.9355 -2
    endloop
  endfacet
  facet normal 0 0 -1
    outer loop
      vertex 7.13489 47.5987 -2
      vertex 6.1594 86.9128 -2
      vertex 6.38468 87.25 -2
    endloop
  endfacet
  facet normal 0 0 -1
    outer loop
      vertex 4.10463 85.7265 -2
      vertex 6.32189 47.9355 -2
      vertex 6.1 47.95 -2
    endloop
  endfacet
  facet normal 0 0 -1
    outer loop
      vertex 7.13489 47.5987 -2
      vertex 5.89203 86.608 -2
      vertex 6.1594 86.9128 -2
    endloop
  endfacet
  facet normal 0 0 -1
    outer loop
      vertex 3.7 85.7 -2
      vertex 6.1 47.95 -2
      vertex 5.87811 47.9355 -2
    endloop
  endfacet
  facet normal 0 0 -1
    outer loop
      vertex 3.29537 85.7265 -2
      vertex 5.87811 47.9355 -2
      vertex 5.66001 47.8921 -2
    endloop
  endfacet
  facet normal 0 0 -1
    outer loop
      vertex 7.13489 47.5987 -2
      vertex 5.58716 86.3406 -2
      vertex 5.89203 86.608 -2
    endloop
  endfacet
  facet normal 0 0 -1
    outer loop
      vertex 3.29537 85.7265 -2
      vertex 5.66001 47.8921 -2
      vertex 5.44944 47.8206 -2
    endloop
  endfacet
  facet normal 0 0 -1
    outer loop
      vertex 2.89766 85.8056 -2
      vertex 5.44944 47.8206 -2
      vertex 5.25 47.7222 -2
    endloop
  endfacet
  facet normal 0 0 -1
    outer loop
      vertex 6.95 47.7222 -2
      vertex 5.25 86.1153 -2
      vertex 5.58716 86.3406 -2
    endloop
  endfacet
  facet normal 0 0 -1
    outer loop
      vertex 2.51368 85.936 -2
      vertex 5.25 47.7222 -2
      vertex 5.06511 47.5987 -2
    endloop
  endfacet
  facet normal 0 0 -1
    outer loop
      vertex 2.15 86.1153 -2
      vertex 5.06511 47.5987 -2
      vertex 4.89792 47.4521 -2
    endloop
  endfacet
  facet normal 0 0 -1
    outer loop
      vertex 6.75056 47.8206 -2
      vertex 4.88632 85.936 -2
      vertex 5.25 86.1153 -2
    endloop
  endfacet
  facet normal 0 0 -1
    outer loop
      vertex 1.81284 86.3406 -2
      vertex 4.89792 47.4521 -2
      vertex 4.7513 47.2849 -2
    endloop
  endfacet
  facet normal 0 0 -1
    outer loop
      vertex 1.50797 86.608 -2
      vertex 4.7513 47.2849 -2
      vertex 4.62776 47.1 -2
    endloop
  endfacet
  facet normal 0 0 -1
    outer loop
      vertex -2 90.5 -2
      vertex 4.62776 47.1 -2
      vertex 4.5294 46.9006 -2
    endloop
  endfacet
  facet normal 0 0 -1
    outer loop
      vertex 6.53999 47.8921 -2
      vertex 4.50234 85.8056 -2
      vertex 4.88632 85.936 -2
    endloop
  endfacet
  facet normal 0 0 -1
    outer loop
      vertex -2 90.5 -2
      vertex 4.5294 46.9006 -2
      vertex 4.45793 46.69 -2
    endloop
  endfacet
  facet normal 0 0 -1
    outer loop
      vertex -2 90.5 -2
      vertex 4.45793 46.69 -2
      vertex 4.41454 46.4719 -2
    endloop
  endfacet
  facet normal 0 0 -1
    outer loop
      vertex -2 90.5 -2
      vertex 4.41454 46.4719 -2
      vertex 4.4 46.25 -2
    endloop
  endfacet
  facet normal 0 0 -1
    outer loop
      vertex 6.32189 47.9355 -2
      vertex 4.10463 85.7265 -2
      vertex 4.50234 85.8056 -2
    endloop
  endfacet
  facet normal 0 0 -1
    outer loop
      vertex 42.2 -2 -2
      vertex 46.2 2 -2
      vertex 46.1658 1.47789 -2
    endloop
  endfacet
  facet normal 0 0 -1
    outer loop
      vertex 46.2 2 -2
      vertex 39.8 46.25 -2
      vertex 46.2 90.5 -2
    endloop
  endfacet
  facet normal 0 0 -1
    outer loop
      vertex 42.2 -2 -2
      vertex 46.1658 1.47789 -2
      vertex 46.0637 0.964722 -2
    endloop
  endfacet
  facet normal 0 0 -1
    outer loop
      vertex 39.7855 46.4719 -2
      vertex 46.2 90.5 -2
      vertex 39.8 46.25 -2
    endloop
  endfacet
  facet normal 0 0 -1
    outer loop
      vertex 42.2 -2 -2
      vertex 46.0637 0.964722 -2
      vertex 45.8955 0.469269 -2
    endloop
  endfacet
  facet normal 0 0 -1
    outer loop
      vertex 39.7421 46.69 -2
      vertex 46.2 90.5 -2
      vertex 39.7855 46.4719 -2
    endloop
  endfacet
  facet normal 0 0 -1
    outer loop
      vertex 42.2 -2 -2
      vertex 45.8955 0.469269 -2
      vertex 45.6641 0 -2
    endloop
  endfacet
  facet normal 0 0 -1
    outer loop
      vertex 39.6706 46.9006 -2
      vertex 46.2 90.5 -2
      vertex 39.7421 46.69 -2
    endloop
  endfacet
  facet normal 0 0 -1
    outer loop
      vertex 42.2 -2 -2
      vertex 45.6641 0 -2
      vertex 45.3734 -0.435043 -2
    endloop
  endfacet
  facet normal 0 0 -1
    outer loop
      vertex 39.5722 47.1 -2
      vertex 46.2 90.5 -2
      vertex 39.6706 46.9006 -2
    endloop
  endfacet
  facet normal 0 0 -1
    outer loop
      vertex 42.2 -2 -2
      vertex 45.3734 -0.435043 -2
      vertex 45.0284 -0.82843 -2
    endloop
  endfacet
  facet normal 0 -0 -1
    outer loop
      vertex 43.1847 87.25 -2
      vertex 46.2 90.5 -2
      vertex 42.9594 86.9128 -2
    endloop
  endfacet
  facet normal 0 0 -1
    outer loop
      vertex 42.2 -2 -2
      vertex 45.0284 -0.82843 -2
      vertex 44.635 -1.17342 -2
    endloop
  endfacet
  facet normal 0 -0 -1
    outer loop
      vertex 43.5735 88.3954 -2
      vertex 46.2 90.5 -2
      vertex 43.4944 87.9977 -2
    endloop
  endfacet
  facet normal 0 0 -1
    outer loop
      vertex 42.2 -2 -2
      vertex 44.635 -1.17342 -2
      vertex 44.2 -1.4641 -2
    endloop
  endfacet
  facet normal 0 0 -1
    outer loop
      vertex 43.364 89.9863 -2
      vertex 46.2 90.5 -2
      vertex 43.4944 89.6023 -2
    endloop
  endfacet
  facet normal 0 0 -1
    outer loop
      vertex 42.2 -2 -2
      vertex 44.2 -1.4641 -2
      vertex 43.7307 -1.69551 -2
    endloop
  endfacet
  facet normal -0 0 -1
    outer loop
      vertex 46.0637 91.5353 -2
      vertex 43.1847 90.35 -2
      vertex 45.8955 92.0307 -2
    endloop
  endfacet
  facet normal -0 0 -1
    outer loop
      vertex 45.8955 92.0307 -2
      vertex 42.9594 90.6872 -2
      vertex 45.6641 92.5 -2
    endloop
  endfacet
  facet normal 0 0 -1
    outer loop
      vertex 42.9594 90.6872 -2
      vertex 45.8955 92.0307 -2
      vertex 43.1847 90.35 -2
    endloop
  endfacet
  facet normal -0 0 -1
    outer loop
      vertex 46.1658 91.0221 -2
      vertex 43.1847 90.35 -2
      vertex 46.0637 91.5353 -2
    endloop
  endfacet
  facet normal 0 0 -1
    outer loop
      vertex 43.1847 90.35 -2
      vertex 46.1658 91.0221 -2
      vertex 43.364 89.9863 -2
    endloop
  endfacet
  facet normal 0 0 -1
    outer loop
      vertex 42.2 -2 -2
      vertex 43.7307 -1.69551 -2
      vertex 43.2353 -1.86371 -2
    endloop
  endfacet
  facet normal -0 0 -1
    outer loop
      vertex 46.2 90.5 -2
      vertex 43.364 89.9863 -2
      vertex 46.1658 91.0221 -2
    endloop
  endfacet
  facet normal 0 0 -1
    outer loop
      vertex 43.4944 89.6023 -2
      vertex 46.2 90.5 -2
      vertex 43.5735 89.2046 -2
    endloop
  endfacet
  facet normal 0 0 -1
    outer loop
      vertex 42.2 -2 -2
      vertex 43.2353 -1.86371 -2
      vertex 42.7221 -1.96577 -2
    endloop
  endfacet
  facet normal 0 0 -1
    outer loop
      vertex 43.5735 89.2046 -2
      vertex 46.2 90.5 -2
      vertex 43.6 88.8 -2
    endloop
  endfacet
  facet normal 0 -0 -1
    outer loop
      vertex 43.6 88.8 -2
      vertex 46.2 90.5 -2
      vertex 43.5735 88.3954 -2
    endloop
  endfacet
  facet normal 0 0 -1
    outer loop
      vertex 37.25 44.7778 -2
      vertex 46.2 2 -2
      vertex 42.2 -2 -2
    endloop
  endfacet
  facet normal 0 -0 -1
    outer loop
      vertex 43.4944 87.9977 -2
      vertex 46.2 90.5 -2
      vertex 43.364 87.6137 -2
    endloop
  endfacet
  facet normal 0 -0 -1
    outer loop
      vertex 43.364 87.6137 -2
      vertex 46.2 90.5 -2
      vertex 43.1847 87.25 -2
    endloop
  endfacet
  facet normal 0 0 -1
    outer loop
      vertex 46.2 90.5 -2
      vertex 39.5722 47.1 -2
      vertex 42.9594 86.9128 -2
    endloop
  endfacet
  facet normal 0 0 -1
    outer loop
      vertex 42.9594 86.9128 -2
      vertex 39.5722 47.1 -2
      vertex 42.692 86.608 -2
    endloop
  endfacet
  facet normal 0 0 -1
    outer loop
      vertex 39.4487 47.2849 -2
      vertex 42.692 86.608 -2
      vertex 39.5722 47.1 -2
    endloop
  endfacet
  facet normal 0 0 -1
    outer loop
      vertex 42.692 86.608 -2
      vertex 39.4487 47.2849 -2
      vertex 42.3872 86.3406 -2
    endloop
  endfacet
  facet normal 0 0 -1
    outer loop
      vertex 39.3021 47.4521 -2
      vertex 42.3872 86.3406 -2
      vertex 39.4487 47.2849 -2
    endloop
  endfacet
  facet normal 0 0 -1
    outer loop
      vertex 46.2 2 -2
      vertex 39.7855 46.0281 -2
      vertex 39.8 46.25 -2
    endloop
  endfacet
  facet normal 0 0 -1
    outer loop
      vertex 46.2 2 -2
      vertex 39.7421 45.81 -2
      vertex 39.7855 46.0281 -2
    endloop
  endfacet
  facet normal 0 0 -1
    outer loop
      vertex 46.2 2 -2
      vertex 39.6706 45.5994 -2
      vertex 39.7421 45.81 -2
    endloop
  endfacet
  facet normal 0 0 -1
    outer loop
      vertex 46.2 2 -2
      vertex 39.5722 45.4 -2
      vertex 39.6706 45.5994 -2
    endloop
  endfacet
  facet normal 0 0 -1
    outer loop
      vertex 46.2 2 -2
      vertex 39.4487 45.2151 -2
      vertex 39.5722 45.4 -2
    endloop
  endfacet
  facet normal 0 0 -1
    outer loop
      vertex 46.2 2 -2
      vertex 39.3021 45.0479 -2
      vertex 39.4487 45.2151 -2
    endloop
  endfacet
  facet normal 0 0 -1
    outer loop
      vertex 46.2 2 -2
      vertex 39.1349 44.9013 -2
      vertex 39.3021 45.0479 -2
    endloop
  endfacet
  facet normal 0 0 -1
    outer loop
      vertex 46.2 2 -2
      vertex 38.95 44.7778 -2
      vertex 39.1349 44.9013 -2
    endloop
  endfacet
  facet normal 0 0 -1
    outer loop
      vertex 46.2 2 -2
      vertex 38.7506 44.6794 -2
      vertex 38.95 44.7778 -2
    endloop
  endfacet
  facet normal 0 0 -1
    outer loop
      vertex 46.2 2 -2
      vertex 38.54 44.6079 -2
      vertex 38.7506 44.6794 -2
    endloop
  endfacet
  facet normal 0 0 -1
    outer loop
      vertex 46.2 2 -2
      vertex 38.3219 44.5645 -2
      vertex 38.54 44.6079 -2
    endloop
  endfacet
  facet normal 0 0 -1
    outer loop
      vertex 46.2 2 -2
      vertex 38.1 44.55 -2
      vertex 38.3219 44.5645 -2
    endloop
  endfacet
  facet normal 0 0 -1
    outer loop
      vertex 46.2 2 -2
      vertex 37.8781 44.5645 -2
      vertex 38.1 44.55 -2
    endloop
  endfacet
  facet normal 0 0 -1
    outer loop
      vertex 46.2 2 -2
      vertex 37.66 44.6079 -2
      vertex 37.8781 44.5645 -2
    endloop
  endfacet
  facet normal 0 0 -1
    outer loop
      vertex 46.2 2 -2
      vertex 37.4494 44.6794 -2
      vertex 37.66 44.6079 -2
    endloop
  endfacet
  facet normal 0 0 -1
    outer loop
      vertex 46.2 2 -2
      vertex 37.25 44.7778 -2
      vertex 37.4494 44.6794 -2
    endloop
  endfacet
  facet normal 0 0 -1
    outer loop
      vertex 6.95 44.7778 -2
      vertex 37.25 44.7778 -2
      vertex 42.2 -2 -2
    endloop
  endfacet
  facet normal 0 0 -1
    outer loop
      vertex 37.25 44.7778 -2
      vertex 6.95 44.7778 -2
      vertex 37.0651 44.9013 -2
    endloop
  endfacet
  facet normal 0 -0 -1
    outer loop
      vertex 7.13489 44.9013 -2
      vertex 37.0651 44.9013 -2
      vertex 6.95 44.7778 -2
    endloop
  endfacet
  facet normal 0 0 -1
    outer loop
      vertex 37.0651 44.9013 -2
      vertex 7.13489 44.9013 -2
      vertex 36.8979 45.0479 -2
    endloop
  endfacet
  facet normal 0 -0 -1
    outer loop
      vertex 7.30208 45.0479 -2
      vertex 36.8979 45.0479 -2
      vertex 7.13489 44.9013 -2
    endloop
  endfacet
  facet normal 0 0 -1
    outer loop
      vertex 36.8979 45.0479 -2
      vertex 7.30208 45.0479 -2
      vertex 36.7513 45.2151 -2
    endloop
  endfacet
  facet normal 0 -0 -1
    outer loop
      vertex 7.4487 45.2151 -2
      vertex 36.7513 45.2151 -2
      vertex 7.30208 45.0479 -2
    endloop
  endfacet
  facet normal 0 0 -1
    outer loop
      vertex 36.4145 46.0281 -2
      vertex 7.8 46.25 -2
      vertex 36.4 46.25 -2
    endloop
  endfacet
  facet normal 0 0 -1
    outer loop
      vertex 36.7513 45.2151 -2
      vertex 7.4487 45.2151 -2
      vertex 36.6278 45.4 -2
    endloop
  endfacet
  facet normal 0 0 -1
    outer loop
      vertex 36.4145 46.0281 -2
      vertex 7.78546 46.0281 -2
      vertex 7.8 46.25 -2
    endloop
  endfacet
  facet normal -0 0 -1
    outer loop
      vertex 36.4145 46.0281 -2
      vertex 7.74207 45.81 -2
      vertex 7.78546 46.0281 -2
    endloop
  endfacet
  facet normal 0 0 -1
    outer loop
      vertex 36.4579 45.81 -2
      vertex 7.74207 45.81 -2
      vertex 36.4145 46.0281 -2
    endloop
  endfacet
  facet normal 0 -0 -1
    outer loop
      vertex 7.74207 45.81 -2
      vertex 36.4579 45.81 -2
      vertex 7.6706 45.5994 -2
    endloop
  endfacet
  facet normal 0 0 -1
    outer loop
      vertex 36.5294 45.5994 -2
      vertex 7.6706 45.5994 -2
      vertex 36.4579 45.81 -2
    endloop
  endfacet
  facet normal 0 -0 -1
    outer loop
      vertex 7.6706 45.5994 -2
      vertex 36.5294 45.5994 -2
      vertex 7.57224 45.4 -2
    endloop
  endfacet
  facet normal 0 0 -1
    outer loop
      vertex 36.6278 45.4 -2
      vertex 7.57224 45.4 -2
      vertex 36.5294 45.5994 -2
    endloop
  endfacet
  facet normal 0 -0 -1
    outer loop
      vertex 7.57224 45.4 -2
      vertex 36.6278 45.4 -2
      vertex 7.4487 45.2151 -2
    endloop
  endfacet
  facet normal 0 0 -1
    outer loop
      vertex 2 -2 -2
      vertex 6.95 44.7778 -2
      vertex 42.2 -2 -2
    endloop
  endfacet
  facet normal 0 0 -1
    outer loop
      vertex -2 2 -2
      vertex 6.95 44.7778 -2
      vertex 2 -2 -2
    endloop
  endfacet
  facet normal 0 0 -1
    outer loop
      vertex 6.95 44.7778 -2
      vertex -2 2 -2
      vertex 6.75056 44.6794 -2
    endloop
  endfacet
  facet normal 0 0 -1
    outer loop
      vertex 6.75056 44.6794 -2
      vertex -2 2 -2
      vertex 6.53999 44.6079 -2
    endloop
  endfacet
  facet normal 0 0 -1
    outer loop
      vertex 6.53999 44.6079 -2
      vertex -2 2 -2
      vertex 6.32189 44.5645 -2
    endloop
  endfacet
  facet normal 0 0 -1
    outer loop
      vertex 6.32189 44.5645 -2
      vertex -2 2 -2
      vertex 6.1 44.55 -2
    endloop
  endfacet
  facet normal -0 0 -1
    outer loop
      vertex 6.1 44.55 -2
      vertex -2 2 -2
      vertex 5.87811 44.5645 -2
    endloop
  endfacet
  facet normal -0 0 -1
    outer loop
      vertex 5.87811 44.5645 -2
      vertex -2 2 -2
      vertex 5.66001 44.6079 -2
    endloop
  endfacet
  facet normal -0 0 -1
    outer loop
      vertex 5.66001 44.6079 -2
      vertex -2 2 -2
      vertex 5.44944 44.6794 -2
    endloop
  endfacet
  facet normal -0 0 -1
    outer loop
      vertex 5.44944 44.6794 -2
      vertex -2 2 -2
      vertex 5.25 44.7778 -2
    endloop
  endfacet
  facet normal -0 0 -1
    outer loop
      vertex 5.25 44.7778 -2
      vertex -2 2 -2
      vertex 5.06511 44.9013 -2
    endloop
  endfacet
  facet normal 0 0 -1
    outer loop
      vertex 6.1 47.95 -2
      vertex 3.7 85.7 -2
      vertex 4.10463 85.7265 -2
    endloop
  endfacet
  facet normal 0 0 -1
    outer loop
      vertex 5.87811 47.9355 -2
      vertex 3.29537 85.7265 -2
      vertex 3.7 85.7 -2
    endloop
  endfacet
  facet normal 0 0 -1
    outer loop
      vertex 5.44944 47.8206 -2
      vertex 2.89766 85.8056 -2
      vertex 3.29537 85.7265 -2
    endloop
  endfacet
  facet normal 0 0 -1
    outer loop
      vertex 5.25 47.7222 -2
      vertex 2.51368 85.936 -2
      vertex 2.89766 85.8056 -2
    endloop
  endfacet
  facet normal 0 0 -1
    outer loop
      vertex 5.06511 47.5987 -2
      vertex 2.15 86.1153 -2
      vertex 2.51368 85.936 -2
    endloop
  endfacet
  facet normal -0 0 -1
    outer loop
      vertex 5.06511 44.9013 -2
      vertex -2 2 -2
      vertex 4.89792 45.0479 -2
    endloop
  endfacet
  facet normal -0 0 -1
    outer loop
      vertex 4.89792 45.0479 -2
      vertex -2 2 -2
      vertex 4.7513 45.2151 -2
    endloop
  endfacet
  facet normal -0 0 -1
    outer loop
      vertex 4.7513 45.2151 -2
      vertex -2 2 -2
      vertex 4.62776 45.4 -2
    endloop
  endfacet
  facet normal -0 0 -1
    outer loop
      vertex 4.62776 45.4 -2
      vertex -2 2 -2
      vertex 4.5294 45.5994 -2
    endloop
  endfacet
  facet normal -0 0 -1
    outer loop
      vertex 4.5294 45.5994 -2
      vertex -2 2 -2
      vertex 4.45793 45.81 -2
    endloop
  endfacet
  facet normal -0 0 -1
    outer loop
      vertex 4.45793 45.81 -2
      vertex -2 2 -2
      vertex 4.41454 46.0281 -2
    endloop
  endfacet
  facet normal -0 0 -1
    outer loop
      vertex 4.41454 46.0281 -2
      vertex -2 2 -2
      vertex 4.4 46.25 -2
    endloop
  endfacet
  facet normal 0 0 -1
    outer loop
      vertex -2 90.5 -2
      vertex 4.4 46.25 -2
      vertex -2 2 -2
    endloop
  endfacet
  facet normal 0 0 -1
    outer loop
      vertex 4.89792 47.4521 -2
      vertex 1.81284 86.3406 -2
      vertex 2.15 86.1153 -2
    endloop
  endfacet
  facet normal 0 0 -1
    outer loop
      vertex -2 2 -2
      vertex 2 -2 -2
      vertex 1.47789 -1.96577 -2
    endloop
  endfacet
  facet normal 0 0 -1
    outer loop
      vertex 4.7513 47.2849 -2
      vertex 1.50797 86.608 -2
      vertex 1.81284 86.3406 -2
    endloop
  endfacet
  facet normal 0 0 -1
    outer loop
      vertex 4.62776 47.1 -2
      vertex 1.2406 86.9128 -2
      vertex 1.50797 86.608 -2
    endloop
  endfacet
  facet normal 0 0 -1
    outer loop
      vertex -2 2 -2
      vertex 1.47789 -1.96577 -2
      vertex 0.964722 -1.86371 -2
    endloop
  endfacet
  facet normal 0 0 -1
    outer loop
      vertex 4.62776 47.1 -2
      vertex -2 90.5 -2
      vertex 1.2406 86.9128 -2
    endloop
  endfacet
  facet normal 0 0 -1
    outer loop
      vertex 1.2406 86.9128 -2
      vertex -2 90.5 -2
      vertex 1.01532 87.25 -2
    endloop
  endfacet
  facet normal 0 0 -1
    outer loop
      vertex 1.01532 87.25 -2
      vertex -2 90.5 -2
      vertex 0.835973 87.6137 -2
    endloop
  endfacet
  facet normal 0 0 -1
    outer loop
      vertex 0.835973 87.6137 -2
      vertex -2 90.5 -2
      vertex 0.705629 87.9977 -2
    endloop
  endfacet
  facet normal 0 0 -1
    outer loop
      vertex -2 2 -2
      vertex 0.964722 -1.86371 -2
      vertex 0.469269 -1.69551 -2
    endloop
  endfacet
  facet normal -0 0 -1
    outer loop
      vertex 45.6641 92.5 -2
      vertex 42.9594 90.6872 -2
      vertex 45.3734 92.935 -2
    endloop
  endfacet
  facet normal 0 0 -1
    outer loop
      vertex 42.692 90.992 -2
      vertex 45.3734 92.935 -2
      vertex 42.9594 90.6872 -2
    endloop
  endfacet
  facet normal -0 0 -1
    outer loop
      vertex 45.3734 92.935 -2
      vertex 42.692 90.992 -2
      vertex 45.0284 93.3284 -2
    endloop
  endfacet
  facet normal -0 0 -1
    outer loop
      vertex 45.0284 93.3284 -2
      vertex 42.692 90.992 -2
      vertex 44.635 93.6734 -2
    endloop
  endfacet
  facet normal 0 0 -1
    outer loop
      vertex 42.3872 91.2594 -2
      vertex 44.635 93.6734 -2
      vertex 42.692 90.992 -2
    endloop
  endfacet
  facet normal -0 0 -1
    outer loop
      vertex 44.635 93.6734 -2
      vertex 42.3872 91.2594 -2
      vertex 44.2 93.9641 -2
    endloop
  endfacet
  facet normal -0 0 -1
    outer loop
      vertex 44.2 93.9641 -2
      vertex 42.3872 91.2594 -2
      vertex 43.7307 94.1955 -2
    endloop
  endfacet
  facet normal 0 0 -1
    outer loop
      vertex 42.05 91.4847 -2
      vertex 43.7307 94.1955 -2
      vertex 42.3872 91.2594 -2
    endloop
  endfacet
  facet normal -0 0 -1
    outer loop
      vertex 43.7307 94.1955 -2
      vertex 42.05 91.4847 -2
      vertex 43.2353 94.3637 -2
    endloop
  endfacet
  facet normal -0 0 -1
    outer loop
      vertex 43.2353 94.3637 -2
      vertex 42.05 91.4847 -2
      vertex 42.7221 94.4658 -2
    endloop
  endfacet
  facet normal 0 0 -1
    outer loop
      vertex 41.6863 91.664 -2
      vertex 42.7221 94.4658 -2
      vertex 42.05 91.4847 -2
    endloop
  endfacet
  facet normal -0 0 -1
    outer loop
      vertex 42.7221 94.4658 -2
      vertex 41.6863 91.664 -2
      vertex 42.2 94.5 -2
    endloop
  endfacet
  facet normal 0 0 -1
    outer loop
      vertex 41.3023 91.7944 -2
      vertex 42.2 94.5 -2
      vertex 41.6863 91.664 -2
    endloop
  endfacet
  facet normal 0 0 -1
    outer loop
      vertex 40.9046 91.8735 -2
      vertex 42.2 94.5 -2
      vertex 41.3023 91.7944 -2
    endloop
  endfacet
  facet normal 0 0 -1
    outer loop
      vertex 40.5 91.9 -2
      vertex 42.2 94.5 -2
      vertex 40.9046 91.8735 -2
    endloop
  endfacet
  facet normal 0 0 -1
    outer loop
      vertex 40.0954 91.8735 -2
      vertex 42.2 94.5 -2
      vertex 40.5 91.9 -2
    endloop
  endfacet
  facet normal 0 0 -1
    outer loop
      vertex 39.6977 91.7944 -2
      vertex 42.2 94.5 -2
      vertex 40.0954 91.8735 -2
    endloop
  endfacet
  facet normal 0 0 -1
    outer loop
      vertex 39.3137 91.664 -2
      vertex 42.2 94.5 -2
      vertex 39.6977 91.7944 -2
    endloop
  endfacet
  facet normal 0 0 -1
    outer loop
      vertex 38.95 91.4847 -2
      vertex 42.2 94.5 -2
      vertex 39.3137 91.664 -2
    endloop
  endfacet
  facet normal 0 0 -1
    outer loop
      vertex 38.6128 91.2594 -2
      vertex 42.2 94.5 -2
      vertex 38.95 91.4847 -2
    endloop
  endfacet
  facet normal 0 0 -1
    outer loop
      vertex 5.58716 91.2594 -2
      vertex 38.6128 91.2594 -2
      vertex 38.308 90.992 -2
    endloop
  endfacet
  facet normal 0 0 -1
    outer loop
      vertex 6.77348 88.3954 -2
      vertex 37.5056 87.9977 -2
      vertex 37.636 87.6137 -2
    endloop
  endfacet
  facet normal 0 0 -1
    outer loop
      vertex 7.13489 47.5987 -2
      vertex 37.0651 47.5987 -2
      vertex 36.8979 47.4521 -2
    endloop
  endfacet
  facet normal 0 0 -1
    outer loop
      vertex 7.30208 47.4521 -2
      vertex 36.8979 47.4521 -2
      vertex 36.7513 47.2849 -2
    endloop
  endfacet
  facet normal 0 0 -1
    outer loop
      vertex 7.4487 47.2849 -2
      vertex 36.7513 47.2849 -2
      vertex 36.6278 47.1 -2
    endloop
  endfacet
  facet normal 0 0 -1
    outer loop
      vertex 7.57224 47.1 -2
      vertex 36.6278 47.1 -2
      vertex 36.5294 46.9006 -2
    endloop
  endfacet
  facet normal 0 0 -1
    outer loop
      vertex 7.6706 46.9006 -2
      vertex 36.5294 46.9006 -2
      vertex 36.4579 46.69 -2
    endloop
  endfacet
  facet normal 0 0 -1
    outer loop
      vertex 7.74207 46.69 -2
      vertex 36.4579 46.69 -2
      vertex 36.4145 46.4719 -2
    endloop
  endfacet
  facet normal 0 0 -1
    outer loop
      vertex 7.78546 46.4719 -2
      vertex 36.4145 46.4719 -2
      vertex 36.4 46.25 -2
    endloop
  endfacet
  facet normal 0 0 -1
    outer loop
      vertex 7.78546 46.4719 -2
      vertex 36.4 46.25 -2
      vertex 7.8 46.25 -2
    endloop
  endfacet
  facet normal 0 0 -1
    outer loop
      vertex 36.4145 46.4719 -2
      vertex 7.78546 46.4719 -2
      vertex 7.74207 46.69 -2
    endloop
  endfacet
  facet normal 0 0 -1
    outer loop
      vertex 36.4579 46.69 -2
      vertex 7.74207 46.69 -2
      vertex 7.6706 46.9006 -2
    endloop
  endfacet
  facet normal 0 0 -1
    outer loop
      vertex 36.5294 46.9006 -2
      vertex 7.6706 46.9006 -2
      vertex 7.57224 47.1 -2
    endloop
  endfacet
  facet normal 0 0 -1
    outer loop
      vertex 36.6278 47.1 -2
      vertex 7.57224 47.1 -2
      vertex 7.4487 47.2849 -2
    endloop
  endfacet
  facet normal 0 0 -1
    outer loop
      vertex 36.7513 47.2849 -2
      vertex 7.4487 47.2849 -2
      vertex 7.30208 47.4521 -2
    endloop
  endfacet
  facet normal 0 0 -1
    outer loop
      vertex 36.8979 47.4521 -2
      vertex 7.30208 47.4521 -2
      vertex 7.13489 47.5987 -2
    endloop
  endfacet
  facet normal 0 0 -1
    outer loop
      vertex 6.77348 88.3954 -2
      vertex 37.4265 88.3954 -2
      vertex 37.5056 87.9977 -2
    endloop
  endfacet
  facet normal 0 0 -1
    outer loop
      vertex 37.4265 88.3954 -2
      vertex 6.8 88.8 -2
      vertex 37.4 88.8 -2
    endloop
  endfacet
  facet normal 0 0 -1
    outer loop
      vertex 37.4 88.8 -2
      vertex 6.8 88.8 -2
      vertex 37.4265 89.2046 -2
    endloop
  endfacet
  facet normal 0 0 -1
    outer loop
      vertex 6.77348 89.2046 -2
      vertex 37.4265 89.2046 -2
      vertex 6.8 88.8 -2
    endloop
  endfacet
  facet normal 0 0 -1
    outer loop
      vertex 37.4265 89.2046 -2
      vertex 6.77348 89.2046 -2
      vertex 37.5056 89.6023 -2
    endloop
  endfacet
  facet normal 0 0 -1
    outer loop
      vertex 6.69437 89.6023 -2
      vertex 37.5056 89.6023 -2
      vertex 6.77348 89.2046 -2
    endloop
  endfacet
  facet normal 0 0 -1
    outer loop
      vertex 5.58716 86.3406 -2
      vertex 7.13489 47.5987 -2
      vertex 6.95 47.7222 -2
    endloop
  endfacet
  facet normal 0 0 -1
    outer loop
      vertex 37.5056 89.6023 -2
      vertex 6.69437 89.6023 -2
      vertex 37.636 89.9863 -2
    endloop
  endfacet
  facet normal 0 0 -1
    outer loop
      vertex 6.56403 89.9863 -2
      vertex 37.636 89.9863 -2
      vertex 6.69437 89.6023 -2
    endloop
  endfacet
  facet normal 0 0 -1
    outer loop
      vertex 37.636 89.9863 -2
      vertex 6.56403 89.9863 -2
      vertex 37.8153 90.35 -2
    endloop
  endfacet
  facet normal 0 0 -1
    outer loop
      vertex 6.38468 90.35 -2
      vertex 37.8153 90.35 -2
      vertex 6.56403 89.9863 -2
    endloop
  endfacet
  facet normal 0 0 -1
    outer loop
      vertex 37.8153 90.35 -2
      vertex 6.38468 90.35 -2
      vertex 38.0406 90.6872 -2
    endloop
  endfacet
  facet normal 0 0 -1
    outer loop
      vertex 6.1594 90.6872 -2
      vertex 38.0406 90.6872 -2
      vertex 6.38468 90.35 -2
    endloop
  endfacet
  facet normal 0 0 -1
    outer loop
      vertex 38.0406 90.6872 -2
      vertex 6.1594 90.6872 -2
      vertex 38.308 90.992 -2
    endloop
  endfacet
  facet normal 0 0 -1
    outer loop
      vertex 5.89203 90.992 -2
      vertex 38.308 90.992 -2
      vertex 6.1594 90.6872 -2
    endloop
  endfacet
  facet normal 0 0 -1
    outer loop
      vertex 5.58716 91.2594 -2
      vertex 38.308 90.992 -2
      vertex 5.89203 90.992 -2
    endloop
  endfacet
  facet normal 0 0 -1
    outer loop
      vertex 38.6128 91.2594 -2
      vertex 5.58716 91.2594 -2
      vertex 42.2 94.5 -2
    endloop
  endfacet
  facet normal 0 0 -1
    outer loop
      vertex 2 94.5 -2
      vertex 5.58716 91.2594 -2
      vertex 5.25 91.4847 -2
    endloop
  endfacet
  facet normal 0 0 -1
    outer loop
      vertex 2 94.5 -2
      vertex 5.25 91.4847 -2
      vertex 4.88632 91.664 -2
    endloop
  endfacet
  facet normal 0 0 -1
    outer loop
      vertex 2 94.5 -2
      vertex 4.88632 91.664 -2
      vertex 4.50234 91.7944 -2
    endloop
  endfacet
  facet normal 0 0 -1
    outer loop
      vertex 2 94.5 -2
      vertex 4.50234 91.7944 -2
      vertex 4.10463 91.8735 -2
    endloop
  endfacet
  facet normal 0 0 -1
    outer loop
      vertex 2 94.5 -2
      vertex 4.10463 91.8735 -2
      vertex 3.7 91.9 -2
    endloop
  endfacet
  facet normal 0 0 -1
    outer loop
      vertex 2 94.5 -2
      vertex 3.7 91.9 -2
      vertex 3.29537 91.8735 -2
    endloop
  endfacet
  facet normal 0 0 -1
    outer loop
      vertex 5.58716 91.2594 -2
      vertex 2 94.5 -2
      vertex 42.2 94.5 -2
    endloop
  endfacet
  facet normal 0 0 -1
    outer loop
      vertex 2.89766 91.7944 -2
      vertex 2 94.5 -2
      vertex 3.29537 91.8735 -2
    endloop
  endfacet
  facet normal 0 0 -1
    outer loop
      vertex 2.51368 91.664 -2
      vertex 2 94.5 -2
      vertex 2.89766 91.7944 -2
    endloop
  endfacet
  facet normal 0 0 -1
    outer loop
      vertex 1.47789 94.4658 -2
      vertex 2.51368 91.664 -2
      vertex 2.15 91.4847 -2
    endloop
  endfacet
  facet normal 0 0 -1
    outer loop
      vertex 0.469269 94.1955 -2
      vertex 2.15 91.4847 -2
      vertex 1.81284 91.2594 -2
    endloop
  endfacet
  facet normal 0 0 -1
    outer loop
      vertex -0.435043 93.6734 -2
      vertex 1.81284 91.2594 -2
      vertex 1.50797 90.992 -2
    endloop
  endfacet
  facet normal 0 0 -1
    outer loop
      vertex 2.51368 91.664 -2
      vertex 1.47789 94.4658 -2
      vertex 2 94.5 -2
    endloop
  endfacet
  facet normal 0 0 -1
    outer loop
      vertex -1.17342 92.935 -2
      vertex 1.50797 90.992 -2
      vertex 1.2406 90.6872 -2
    endloop
  endfacet
  facet normal 0 0 -1
    outer loop
      vertex -1.69551 92.0307 -2
      vertex 1.2406 90.6872 -2
      vertex 1.01532 90.35 -2
    endloop
  endfacet
  facet normal 0 0 -1
    outer loop
      vertex 2.15 91.4847 -2
      vertex 0.964722 94.3637 -2
      vertex 1.47789 94.4658 -2
    endloop
  endfacet
  facet normal 0 0 -1
    outer loop
      vertex -1.96577 91.0221 -2
      vertex 1.01532 90.35 -2
      vertex 0.835973 89.9863 -2
    endloop
  endfacet
  facet normal 0 0 -1
    outer loop
      vertex -2 90.5 -2
      vertex 0.835973 89.9863 -2
      vertex 0.705629 89.6023 -2
    endloop
  endfacet
  facet normal 0 0 -1
    outer loop
      vertex -2 90.5 -2
      vertex 0.705629 89.6023 -2
      vertex 0.62652 89.2046 -2
    endloop
  endfacet
  facet normal 0 0 -1
    outer loop
      vertex 2.15 91.4847 -2
      vertex 0.469269 94.1955 -2
      vertex 0.964722 94.3637 -2
    endloop
  endfacet
  facet normal 0 0 -1
    outer loop
      vertex -2 90.5 -2
      vertex 0.62652 89.2046 -2
      vertex 0.599999 88.8 -2
    endloop
  endfacet
  facet normal 0 0 -1
    outer loop
      vertex 0.705629 87.9977 -2
      vertex -2 90.5 -2
      vertex 0.62652 88.3954 -2
    endloop
  endfacet
  facet normal 0 0 -1
    outer loop
      vertex -2 2 -2
      vertex 0.469269 -1.69551 -2
      vertex 0 -1.4641 -2
    endloop
  endfacet
  facet normal 0 0 -1
    outer loop
      vertex 0.62652 88.3954 -2
      vertex -2 90.5 -2
      vertex 0.599999 88.8 -2
    endloop
  endfacet
  facet normal 0 0 -1
    outer loop
      vertex -2 2 -2
      vertex 0 -1.4641 -2
      vertex -0.435043 -1.17342 -2
    endloop
  endfacet
  facet normal 0 0 -1
    outer loop
      vertex 0.835973 89.9863 -2
      vertex -2 90.5 -2
      vertex -1.96577 91.0221 -2
    endloop
  endfacet
  facet normal 0 0 -1
    outer loop
      vertex -2 2 -2
      vertex -0.435043 -1.17342 -2
      vertex -0.82843 -0.82843 -2
    endloop
  endfacet
  facet normal 0 0 -1
    outer loop
      vertex 1.81284 91.2594 -2
      vertex 0 93.9641 -2
      vertex 0.469269 94.1955 -2
    endloop
  endfacet
  facet normal 0 0 -1
    outer loop
      vertex -2 2 -2
      vertex -0.82843 -0.82843 -2
      vertex -1.17342 -0.435043 -2
    endloop
  endfacet
  facet normal 0 0 -1
    outer loop
      vertex 1.81284 91.2594 -2
      vertex -0.435043 93.6734 -2
      vertex 0 93.9641 -2
    endloop
  endfacet
  facet normal 0 0 -1
    outer loop
      vertex -2 2 -2
      vertex -1.17342 -0.435043 -2
      vertex -1.4641 0 -2
    endloop
  endfacet
  facet normal 0 0 -1
    outer loop
      vertex 1.50797 90.992 -2
      vertex -0.82843 93.3284 -2
      vertex -0.435043 93.6734 -2
    endloop
  endfacet
  facet normal 0 0 -1
    outer loop
      vertex -2 2 -2
      vertex -1.4641 0 -2
      vertex -1.69551 0.469269 -2
    endloop
  endfacet
  facet normal 0 0 -1
    outer loop
      vertex 1.50797 90.992 -2
      vertex -1.17342 92.935 -2
      vertex -0.82843 93.3284 -2
    endloop
  endfacet
  facet normal 0 0 -1
    outer loop
      vertex -2 2 -2
      vertex -1.69551 0.469269 -2
      vertex -1.86371 0.964722 -2
    endloop
  endfacet
  facet normal 0 0 -1
    outer loop
      vertex 1.2406 90.6872 -2
      vertex -1.4641 92.5 -2
      vertex -1.17342 92.935 -2
    endloop
  endfacet
  facet normal 0 0 -1
    outer loop
      vertex -2 2 -2
      vertex -1.86371 0.964722 -2
      vertex -1.96577 1.47789 -2
    endloop
  endfacet
  facet normal 0 0 -1
    outer loop
      vertex 1.2406 90.6872 -2
      vertex -1.69551 92.0307 -2
      vertex -1.4641 92.5 -2
    endloop
  endfacet
  facet normal 0 0 -1
    outer loop
      vertex 1.01532 90.35 -2
      vertex -1.86371 91.5353 -2
      vertex -1.69551 92.0307 -2
    endloop
  endfacet
  facet normal 0 0 -1
    outer loop
      vertex 1.01532 90.35 -2
      vertex -1.96577 91.0221 -2
      vertex -1.86371 91.5353 -2
    endloop
  endfacet
  facet normal 0 0 -1
    outer loop
      vertex 42.3872 86.3406 -2
      vertex 39.3021 47.4521 -2
      vertex 42.05 86.1153 -2
    endloop
  endfacet
  facet normal 0 0 -1
    outer loop
      vertex 39.1349 47.5987 -2
      vertex 42.05 86.1153 -2
      vertex 39.3021 47.4521 -2
    endloop
  endfacet
  facet normal 0 0 -1
    outer loop
      vertex 42.05 86.1153 -2
      vertex 39.1349 47.5987 -2
      vertex 41.6863 85.936 -2
    endloop
  endfacet
  facet normal 0 0 -1
    outer loop
      vertex 38.95 47.7222 -2
      vertex 41.6863 85.936 -2
      vertex 39.1349 47.5987 -2
    endloop
  endfacet
  facet normal 0 0 -1
    outer loop
      vertex 41.6863 85.936 -2
      vertex 38.95 47.7222 -2
      vertex 41.3023 85.8056 -2
    endloop
  endfacet
  facet normal 0 0 -1
    outer loop
      vertex 38.7506 47.8206 -2
      vertex 41.3023 85.8056 -2
      vertex 38.95 47.7222 -2
    endloop
  endfacet
  facet normal 0 0 -1
    outer loop
      vertex 41.3023 85.8056 -2
      vertex 38.7506 47.8206 -2
      vertex 40.9046 85.7265 -2
    endloop
  endfacet
  facet normal 0 0 -1
    outer loop
      vertex 38.54 47.8921 -2
      vertex 40.9046 85.7265 -2
      vertex 38.7506 47.8206 -2
    endloop
  endfacet
  facet normal 0 0 -1
    outer loop
      vertex 38.3219 47.9355 -2
      vertex 40.9046 85.7265 -2
      vertex 38.54 47.8921 -2
    endloop
  endfacet
  facet normal 0 0 -1
    outer loop
      vertex 40.9046 85.7265 -2
      vertex 38.3219 47.9355 -2
      vertex 40.5 85.7 -2
    endloop
  endfacet
  facet normal 0 0 -1
    outer loop
      vertex 38.1 47.95 -2
      vertex 40.5 85.7 -2
      vertex 38.3219 47.9355 -2
    endloop
  endfacet
  facet normal -0 0 -1
    outer loop
      vertex 40.5 85.7 -2
      vertex 38.1 47.95 -2
      vertex 40.0954 85.7265 -2
    endloop
  endfacet
  facet normal 0 0 -1
    outer loop
      vertex 37.8781 47.9355 -2
      vertex 40.0954 85.7265 -2
      vertex 38.1 47.95 -2
    endloop
  endfacet
  facet normal -0 0 -1
    outer loop
      vertex 40.0954 85.7265 -2
      vertex 37.8781 47.9355 -2
      vertex 39.6977 85.8056 -2
    endloop
  endfacet
  facet normal 0 0 -1
    outer loop
      vertex 37.66 47.8921 -2
      vertex 39.6977 85.8056 -2
      vertex 37.8781 47.9355 -2
    endloop
  endfacet
  facet normal -0 0 -1
    outer loop
      vertex 39.6977 85.8056 -2
      vertex 37.66 47.8921 -2
      vertex 39.3137 85.936 -2
    endloop
  endfacet
  facet normal 0 0 -1
    outer loop
      vertex 37.4494 47.8206 -2
      vertex 39.3137 85.936 -2
      vertex 37.66 47.8921 -2
    endloop
  endfacet
  facet normal -0 0 -1
    outer loop
      vertex 39.3137 85.936 -2
      vertex 37.4494 47.8206 -2
      vertex 38.95 86.1153 -2
    endloop
  endfacet
  facet normal 0 0 -1
    outer loop
      vertex 37.25 47.7222 -2
      vertex 38.95 86.1153 -2
      vertex 37.4494 47.8206 -2
    endloop
  endfacet
  facet normal -0 0 -1
    outer loop
      vertex 38.95 86.1153 -2
      vertex 37.25 47.7222 -2
      vertex 38.6128 86.3406 -2
    endloop
  endfacet
  facet normal 0 0 -1
    outer loop
      vertex 37.0651 47.5987 -2
      vertex 38.6128 86.3406 -2
      vertex 37.25 47.7222 -2
    endloop
  endfacet
  facet normal -0 0 -1
    outer loop
      vertex 38.6128 86.3406 -2
      vertex 37.0651 47.5987 -2
      vertex 38.308 86.608 -2
    endloop
  endfacet
  facet normal 0 0 -1
    outer loop
      vertex 7.13489 47.5987 -2
      vertex 38.308 86.608 -2
      vertex 37.0651 47.5987 -2
    endloop
  endfacet
  facet normal 0 0 -1
    outer loop
      vertex 6.77348 88.3954 -2
      vertex 38.308 86.608 -2
      vertex 7.13489 47.5987 -2
    endloop
  endfacet
  facet normal 0 0 -1
    outer loop
      vertex 6.77348 88.3954 -2
      vertex 38.0406 86.9128 -2
      vertex 38.308 86.608 -2
    endloop
  endfacet
  facet normal 0 0 -1
    outer loop
      vertex 6.77348 88.3954 -2
      vertex 37.8153 87.25 -2
      vertex 38.0406 86.9128 -2
    endloop
  endfacet
  facet normal 0 0 -1
    outer loop
      vertex 6.77348 88.3954 -2
      vertex 37.636 87.6137 -2
      vertex 37.8153 87.25 -2
    endloop
  endfacet
  facet normal 0.997861 0.0653646 0
    outer loop
      vertex 46.2 90.5 26.7
      vertex 46.1658 91.0221 -2
      vertex 46.1658 91.0221 26.7
    endloop
  endfacet
  facet normal 0.997861 0.0653646 0
    outer loop
      vertex 46.1658 91.0221 -2
      vertex 46.2 90.5 26.7
      vertex 46.2 90.5 -2
    endloop
  endfacet
  facet normal 0.831432 0.555626 0
    outer loop
      vertex 45.6641 92.5 26.7
      vertex 45.3734 92.935 -2
      vertex 45.3734 92.935 26.7
    endloop
  endfacet
  facet normal 0.831432 0.555626 0
    outer loop
      vertex 45.3734 92.935 -2
      vertex 45.6641 92.5 26.7
      vertex 45.6641 92.5 -2
    endloop
  endfacet
  facet normal 0.0653646 0.997861 -0
    outer loop
      vertex 42.7221 94.4658 -2
      vertex 42.2 94.5 26.7
      vertex 42.7221 94.4658 26.7
    endloop
  endfacet
  facet normal 0.0653646 0.997861 0
    outer loop
      vertex 42.2 94.5 26.7
      vertex 42.7221 94.4658 -2
      vertex 42.2 94.5 -2
    endloop
  endfacet
  facet normal -0.94691 0.321498 0
    outer loop
      vertex -1.86371 91.5353 -2
      vertex -1.69551 92.0307 26.7
      vertex -1.69551 92.0307 -2
    endloop
  endfacet
  facet normal -0.94691 0.321498 0
    outer loop
      vertex -1.69551 92.0307 26.7
      vertex -1.86371 91.5353 -2
      vertex -1.86371 91.5353 26.7
    endloop
  endfacet
  facet normal 0 0 1
    outer loop
      vertex 46.1658 91.0221 26.7
      vertex 44.1829 90.761 26.7
      vertex 44.2 90.5 26.7
    endloop
  endfacet
  facet normal 0 0 1
    outer loop
      vertex 44.635 93.6734 26.7
      vertex 44.1319 91.0176 26.7
      vertex 44.1829 90.761 26.7
    endloop
  endfacet
  facet normal 0 0 1
    outer loop
      vertex 44.635 93.6734 26.7
      vertex 44.0478 91.2654 26.7
      vertex 44.1319 91.0176 26.7
    endloop
  endfacet
  facet normal 0 0 1
    outer loop
      vertex 44.635 93.6734 26.7
      vertex 43.9321 91.5 26.7
      vertex 44.0478 91.2654 26.7
    endloop
  endfacet
  facet normal 0 0 1
    outer loop
      vertex 44.635 93.6734 26.7
      vertex 43.7867 91.7175 26.7
      vertex 43.9321 91.5 26.7
    endloop
  endfacet
  facet normal 0 0 1
    outer loop
      vertex 43.2 92.2321 26.7
      vertex 44.2 93.9641 26.7
      vertex 43.7307 94.1955 26.7
    endloop
  endfacet
  facet normal 0 0 1
    outer loop
      vertex 44.635 93.6734 26.7
      vertex 43.6142 91.9142 26.7
      vertex 43.7867 91.7175 26.7
    endloop
  endfacet
  facet normal 0 0 1
    outer loop
      vertex 44.635 93.6734 26.7
      vertex 43.4175 92.0867 26.7
      vertex 43.6142 91.9142 26.7
    endloop
  endfacet
  facet normal 0 0 1
    outer loop
      vertex 42.9654 92.3478 26.7
      vertex 43.7307 94.1955 26.7
      vertex 43.2353 94.3637 26.7
    endloop
  endfacet
  facet normal 0 0 1
    outer loop
      vertex 44.2 93.9641 26.7
      vertex 43.2 92.2321 26.7
      vertex 43.4175 92.0867 26.7
    endloop
  endfacet
  facet normal 0 0 1
    outer loop
      vertex 43.7307 94.1955 26.7
      vertex 42.9654 92.3478 26.7
      vertex 43.2 92.2321 26.7
    endloop
  endfacet
  facet normal 0 0 1
    outer loop
      vertex 42.7176 92.4319 26.7
      vertex 43.2353 94.3637 26.7
      vertex 42.7221 94.4658 26.7
    endloop
  endfacet
  facet normal 0 0 1
    outer loop
      vertex 43.2353 94.3637 26.7
      vertex 42.7176 92.4319 26.7
      vertex 42.9654 92.3478 26.7
    endloop
  endfacet
  facet normal 0 0 1
    outer loop
      vertex 42.7221 94.4658 26.7
      vertex 42.461 92.4829 26.7
      vertex 42.7176 92.4319 26.7
    endloop
  endfacet
  facet normal 0 0 1
    outer loop
      vertex 42.2 94.5 26.7
      vertex 42.461 92.4829 26.7
      vertex 42.7221 94.4658 26.7
    endloop
  endfacet
  facet normal 0 0 1
    outer loop
      vertex 42.2 94.5 26.7
      vertex 42.2 92.5 26.7
      vertex 42.461 92.4829 26.7
    endloop
  endfacet
  facet normal -0 0 1
    outer loop
      vertex 2 94.5 26.7
      vertex 42.2 92.5 26.7
      vertex 42.2 94.5 26.7
    endloop
  endfacet
  facet normal 0 0 1
    outer loop
      vertex 2 94.5 26.7
      vertex 2 92.5 26.7
      vertex 42.2 92.5 26.7
    endloop
  endfacet
  facet normal 0 0 1
    outer loop
      vertex 2 94.5 26.7
      vertex 1.73895 92.4829 26.7
      vertex 2 92.5 26.7
    endloop
  endfacet
  facet normal -0 0 1
    outer loop
      vertex 1.47789 94.4658 26.7
      vertex 1.73895 92.4829 26.7
      vertex 2 94.5 26.7
    endloop
  endfacet
  facet normal 0 0 1
    outer loop
      vertex 1.73895 92.4829 26.7
      vertex 1.47789 94.4658 26.7
      vertex 1.48236 92.4319 26.7
    endloop
  endfacet
  facet normal -0 0 1
    outer loop
      vertex 0.964722 94.3637 26.7
      vertex 1.48236 92.4319 26.7
      vertex 1.47789 94.4658 26.7
    endloop
  endfacet
  facet normal 0 0 1
    outer loop
      vertex 1.48236 92.4319 26.7
      vertex 0.964722 94.3637 26.7
      vertex 1.23463 92.3478 26.7
    endloop
  endfacet
  facet normal -0 0 1
    outer loop
      vertex 0.469269 94.1955 26.7
      vertex 1.23463 92.3478 26.7
      vertex 0.964722 94.3637 26.7
    endloop
  endfacet
  facet normal 0 0 1
    outer loop
      vertex 1.23463 92.3478 26.7
      vertex 0.469269 94.1955 26.7
      vertex 1 92.2321 26.7
    endloop
  endfacet
  facet normal -0 0 1
    outer loop
      vertex 0 93.9641 26.7
      vertex 1 92.2321 26.7
      vertex 0.469269 94.1955 26.7
    endloop
  endfacet
  facet normal 0 0 1
    outer loop
      vertex 1 92.2321 26.7
      vertex 0 93.9641 26.7
      vertex 0.782471 92.0867 26.7
    endloop
  endfacet
  facet normal -0 0 1
    outer loop
      vertex -0.435043 93.6734 26.7
      vertex 0.782471 92.0867 26.7
      vertex 0 93.9641 26.7
    endloop
  endfacet
  facet normal 0 0 1
    outer loop
      vertex 0.782471 92.0867 26.7
      vertex -0.435043 93.6734 26.7
      vertex 0.585785 91.9142 26.7
    endloop
  endfacet
  facet normal -0 0 1
    outer loop
      vertex -0.82843 93.3284 26.7
      vertex 0.585785 91.9142 26.7
      vertex -0.435043 93.6734 26.7
    endloop
  endfacet
  facet normal 0 0 1
    outer loop
      vertex 0.585785 91.9142 26.7
      vertex -0.82843 93.3284 26.7
      vertex 0.4133 91.7175 26.7
    endloop
  endfacet
  facet normal -0 0 1
    outer loop
      vertex -1.17342 92.935 26.7
      vertex 0.4133 91.7175 26.7
      vertex -0.82843 93.3284 26.7
    endloop
  endfacet
  facet normal 0 0 1
    outer loop
      vertex 0.4133 91.7175 26.7
      vertex -1.17342 92.935 26.7
      vertex 0.267944 91.5 26.7
    endloop
  endfacet
  facet normal -0 0 1
    outer loop
      vertex -1.4641 92.5 26.7
      vertex 0.267944 91.5 26.7
      vertex -1.17342 92.935 26.7
    endloop
  endfacet
  facet normal 0 0 1
    outer loop
      vertex 0.267944 91.5 26.7
      vertex -1.4641 92.5 26.7
      vertex 0.152237 91.2654 26.7
    endloop
  endfacet
  facet normal 0 0 1
    outer loop
      vertex 0 90.5 26.7
      vertex -2 90.5 26.7
      vertex 0 2 26.7
    endloop
  endfacet
  facet normal -0 0 1
    outer loop
      vertex -1.69551 92.0307 26.7
      vertex 0.152237 91.2654 26.7
      vertex -1.4641 92.5 26.7
    endloop
  endfacet
  facet normal 0 0 1
    outer loop
      vertex -2 2 26.7
      vertex 0 2 26.7
      vertex -2 90.5 26.7
    endloop
  endfacet
  facet normal 0 0 1
    outer loop
      vertex 0.152237 91.2654 26.7
      vertex -1.69551 92.0307 26.7
      vertex 0.0681458 91.0176 26.7
    endloop
  endfacet
  facet normal 0 -0 1
    outer loop
      vertex -1.96577 1.47789 26.7
      vertex 0 2 26.7
      vertex -2 2 26.7
    endloop
  endfacet
  facet normal -0 0 1
    outer loop
      vertex -1.86371 91.5353 26.7
      vertex 0.0681458 91.0176 26.7
      vertex -1.69551 92.0307 26.7
    endloop
  endfacet
  facet normal 0 0 1
    outer loop
      vertex 0 2 26.7
      vertex -0.435043 -1.17342 26.7
      vertex 0 -1.4641 26.7
    endloop
  endfacet
  facet normal 0 0 1
    outer loop
      vertex 0.0681458 91.0176 26.7
      vertex -1.86371 91.5353 26.7
      vertex 0.0171051 90.761 26.7
    endloop
  endfacet
  facet normal 0 0 1
    outer loop
      vertex 0 2 26.7
      vertex -0.82843 -0.82843 26.7
      vertex -0.435043 -1.17342 26.7
    endloop
  endfacet
  facet normal -0 0 1
    outer loop
      vertex -1.96577 91.0221 26.7
      vertex 0.0171051 90.761 26.7
      vertex -1.86371 91.5353 26.7
    endloop
  endfacet
  facet normal 0 0 1
    outer loop
      vertex 0 2 26.7
      vertex -1.17342 -0.435043 26.7
      vertex -0.82843 -0.82843 26.7
    endloop
  endfacet
  facet normal 0 0 1
    outer loop
      vertex 0.0171051 90.761 26.7
      vertex -1.96577 91.0221 26.7
      vertex 0 90.5 26.7
    endloop
  endfacet
  facet normal 0 0 1
    outer loop
      vertex 0 2 26.7
      vertex -1.4641 0 26.7
      vertex -1.17342 -0.435043 26.7
    endloop
  endfacet
  facet normal 0 0 1
    outer loop
      vertex 0 90.5 26.7
      vertex -1.96577 91.0221 26.7
      vertex -2 90.5 26.7
    endloop
  endfacet
  facet normal 0 0 1
    outer loop
      vertex 0 2 26.7
      vertex -1.69551 0.469269 26.7
      vertex -1.4641 0 26.7
    endloop
  endfacet
  facet normal 0 0 1
    outer loop
      vertex 0 2 26.7
      vertex -1.86371 0.964722 26.7
      vertex -1.69551 0.469269 26.7
    endloop
  endfacet
  facet normal 0 0 1
    outer loop
      vertex 0 2 26.7
      vertex -1.96577 1.47789 26.7
      vertex -1.86371 0.964722 26.7
    endloop
  endfacet
  facet normal 0 0 1
    outer loop
      vertex 44.2 90.5 26.7
      vertex 46.2 90.5 26.7
      vertex 46.1658 91.0221 26.7
    endloop
  endfacet
  facet normal 0 0 1
    outer loop
      vertex 46.2 90.5 26.7
      vertex 44.2 90.5 26.7
      vertex 46.2 2 26.7
    endloop
  endfacet
  facet normal 0 0 1
    outer loop
      vertex 44.1829 90.761 26.7
      vertex 46.1658 91.0221 26.7
      vertex 46.0637 91.5353 26.7
    endloop
  endfacet
  facet normal 0 0 1
    outer loop
      vertex 44.2 2 26.7
      vertex 46.2 2 26.7
      vertex 44.2 90.5 26.7
    endloop
  endfacet
  facet normal 0 0 1
    outer loop
      vertex 44.1829 90.761 26.7
      vertex 46.0637 91.5353 26.7
      vertex 45.8955 92.0307 26.7
    endloop
  endfacet
  facet normal 0 0 1
    outer loop
      vertex 46.2 2 26.7
      vertex 44.2 2 26.7
      vertex 46.1658 1.47789 26.7
    endloop
  endfacet
  facet normal 0 0 1
    outer loop
      vertex 44.1829 90.761 26.7
      vertex 45.8955 92.0307 26.7
      vertex 45.6641 92.5 26.7
    endloop
  endfacet
  facet normal -0 0 1
    outer loop
      vertex 44.1829 1.73895 26.7
      vertex 46.1658 1.47789 26.7
      vertex 44.2 2 26.7
    endloop
  endfacet
  facet normal 0 0 1
    outer loop
      vertex 44.1829 90.761 26.7
      vertex 45.6641 92.5 26.7
      vertex 45.3734 92.935 26.7
    endloop
  endfacet
  facet normal 0 0 1
    outer loop
      vertex 46.1658 1.47789 26.7
      vertex 44.1829 1.73895 26.7
      vertex 46.0637 0.964722 26.7
    endloop
  endfacet
  facet normal 0 0 1
    outer loop
      vertex 44.1829 90.761 26.7
      vertex 45.3734 92.935 26.7
      vertex 45.0284 93.3284 26.7
    endloop
  endfacet
  facet normal -0 0 1
    outer loop
      vertex 44.1319 1.48236 26.7
      vertex 46.0637 0.964722 26.7
      vertex 44.1829 1.73895 26.7
    endloop
  endfacet
  facet normal 0 0 1
    outer loop
      vertex 44.1829 90.761 26.7
      vertex 45.0284 93.3284 26.7
      vertex 44.635 93.6734 26.7
    endloop
  endfacet
  facet normal 0 0 1
    outer loop
      vertex 46.0637 0.964722 26.7
      vertex 44.1319 1.48236 26.7
      vertex 45.8955 0.469269 26.7
    endloop
  endfacet
  facet normal 0 0 1
    outer loop
      vertex 43.4175 92.0867 26.7
      vertex 44.635 93.6734 26.7
      vertex 44.2 93.9641 26.7
    endloop
  endfacet
  facet normal -0 0 1
    outer loop
      vertex 44.0478 1.23463 26.7
      vertex 45.8955 0.469269 26.7
      vertex 44.1319 1.48236 26.7
    endloop
  endfacet
  facet normal 0 0 1
    outer loop
      vertex 45.8955 0.469269 26.7
      vertex 44.0478 1.23463 26.7
      vertex 45.6641 0 26.7
    endloop
  endfacet
  facet normal -0 0 1
    outer loop
      vertex 43.9321 1 26.7
      vertex 45.6641 0 26.7
      vertex 44.0478 1.23463 26.7
    endloop
  endfacet
  facet normal 0 0 1
    outer loop
      vertex 45.6641 0 26.7
      vertex 43.9321 1 26.7
      vertex 45.3734 -0.435043 26.7
    endloop
  endfacet
  facet normal -0 0 1
    outer loop
      vertex 43.7867 0.782471 26.7
      vertex 45.3734 -0.435043 26.7
      vertex 43.9321 1 26.7
    endloop
  endfacet
  facet normal 0 0 1
    outer loop
      vertex 45.3734 -0.435043 26.7
      vertex 43.7867 0.782471 26.7
      vertex 45.0284 -0.82843 26.7
    endloop
  endfacet
  facet normal -0 0 1
    outer loop
      vertex 43.6142 0.585785 26.7
      vertex 45.0284 -0.82843 26.7
      vertex 43.7867 0.782471 26.7
    endloop
  endfacet
  facet normal 0 0 1
    outer loop
      vertex 45.0284 -0.82843 26.7
      vertex 43.6142 0.585785 26.7
      vertex 44.635 -1.17342 26.7
    endloop
  endfacet
  facet normal -0 0 1
    outer loop
      vertex 43.4175 0.4133 26.7
      vertex 44.635 -1.17342 26.7
      vertex 43.6142 0.585785 26.7
    endloop
  endfacet
  facet normal 0 0 1
    outer loop
      vertex 44.635 -1.17342 26.7
      vertex 43.4175 0.4133 26.7
      vertex 44.2 -1.4641 26.7
    endloop
  endfacet
  facet normal -0 0 1
    outer loop
      vertex 43.2 0.267944 26.7
      vertex 44.2 -1.4641 26.7
      vertex 43.4175 0.4133 26.7
    endloop
  endfacet
  facet normal 0 0 1
    outer loop
      vertex 44.2 -1.4641 26.7
      vertex 43.2 0.267944 26.7
      vertex 43.7307 -1.69551 26.7
    endloop
  endfacet
  facet normal -0 0 1
    outer loop
      vertex 42.9654 0.152237 26.7
      vertex 43.7307 -1.69551 26.7
      vertex 43.2 0.267944 26.7
    endloop
  endfacet
  facet normal 0 0 1
    outer loop
      vertex 43.7307 -1.69551 26.7
      vertex 42.9654 0.152237 26.7
      vertex 43.2353 -1.86371 26.7
    endloop
  endfacet
  facet normal -0 0 1
    outer loop
      vertex 42.7176 0.0681458 26.7
      vertex 43.2353 -1.86371 26.7
      vertex 42.9654 0.152237 26.7
    endloop
  endfacet
  facet normal 0 0 1
    outer loop
      vertex 43.2353 -1.86371 26.7
      vertex 42.7176 0.0681458 26.7
      vertex 42.7221 -1.96577 26.7
    endloop
  endfacet
  facet normal -0 0 1
    outer loop
      vertex 42.461 0.0171051 26.7
      vertex 42.7221 -1.96577 26.7
      vertex 42.7176 0.0681458 26.7
    endloop
  endfacet
  facet normal -0 0 1
    outer loop
      vertex 42.2 0 26.7
      vertex 42.7221 -1.96577 26.7
      vertex 42.461 0.0171051 26.7
    endloop
  endfacet
  facet normal 0 0 1
    outer loop
      vertex 42.2 0 26.7
      vertex 42.2 -2 26.7
      vertex 42.7221 -1.96577 26.7
    endloop
  endfacet
  facet normal -0 0 1
    outer loop
      vertex 2 0 26.7
      vertex 42.2 -2 26.7
      vertex 42.2 0 26.7
    endloop
  endfacet
  facet normal 0 0 1
    outer loop
      vertex 2 0 26.7
      vertex 2 -2 26.7
      vertex 42.2 -2 26.7
    endloop
  endfacet
  facet normal 0 0 1
    outer loop
      vertex 1.73895 0.0171051 26.7
      vertex 2 -2 26.7
      vertex 2 0 26.7
    endloop
  endfacet
  facet normal 0 0 1
    outer loop
      vertex 1.47789 -1.96577 26.7
      vertex 1.73895 0.0171051 26.7
      vertex 1.48236 0.0681458 26.7
    endloop
  endfacet
  facet normal 0 0 1
    outer loop
      vertex 1.73895 0.0171051 26.7
      vertex 1.47789 -1.96577 26.7
      vertex 2 -2 26.7
    endloop
  endfacet
  facet normal 0 0 1
    outer loop
      vertex 0.964722 -1.86371 26.7
      vertex 1.48236 0.0681458 26.7
      vertex 1.23463 0.152237 26.7
    endloop
  endfacet
  facet normal 0 0 1
    outer loop
      vertex 0.469269 -1.69551 26.7
      vertex 1.23463 0.152237 26.7
      vertex 1 0.267944 26.7
    endloop
  endfacet
  facet normal 0 0 1
    outer loop
      vertex 1.48236 0.0681458 26.7
      vertex 0.964722 -1.86371 26.7
      vertex 1.47789 -1.96577 26.7
    endloop
  endfacet
  facet normal 0 0 1
    outer loop
      vertex 0 -1.4641 26.7
      vertex 1 0.267944 26.7
      vertex 0.782471 0.4133 26.7
    endloop
  endfacet
  facet normal 0 0 1
    outer loop
      vertex 0 -1.4641 26.7
      vertex 0.782471 0.4133 26.7
      vertex 0.585785 0.585785 26.7
    endloop
  endfacet
  facet normal 0 0 1
    outer loop
      vertex 1.23463 0.152237 26.7
      vertex 0.469269 -1.69551 26.7
      vertex 0.964722 -1.86371 26.7
    endloop
  endfacet
  facet normal 0 0 1
    outer loop
      vertex 0 -1.4641 26.7
      vertex 0.585785 0.585785 26.7
      vertex 0.4133 0.782471 26.7
    endloop
  endfacet
  facet normal 0 0 1
    outer loop
      vertex 0 -1.4641 26.7
      vertex 0.4133 0.782471 26.7
      vertex 0.267944 1 26.7
    endloop
  endfacet
  facet normal 0 0 1
    outer loop
      vertex 0 -1.4641 26.7
      vertex 0.267944 1 26.7
      vertex 0.152237 1.23463 26.7
    endloop
  endfacet
  facet normal 0 0 1
    outer loop
      vertex 0 -1.4641 26.7
      vertex 0.152237 1.23463 26.7
      vertex 0.0681458 1.48236 26.7
    endloop
  endfacet
  facet normal 0 0 1
    outer loop
      vertex 0 -1.4641 26.7
      vertex 0.0681458 1.48236 26.7
      vertex 0.0171051 1.73895 26.7
    endloop
  endfacet
  facet normal 0 0 1
    outer loop
      vertex 1 0.267944 26.7
      vertex 0 -1.4641 26.7
      vertex 0.469269 -1.69551 26.7
    endloop
  endfacet
  facet normal 0 0 1
    outer loop
      vertex 0 -1.4641 26.7
      vertex 0.0171051 1.73895 26.7
      vertex 0 2 26.7
    endloop
  endfacet
  facet normal 0.5556 -0.83145 0
    outer loop
      vertex 44.2 -1.4641 -2
      vertex 44.635 -1.17342 26.7
      vertex 44.2 -1.4641 26.7
    endloop
  endfacet
  facet normal 0.5556 -0.83145 0
    outer loop
      vertex 44.635 -1.17342 26.7
      vertex 44.2 -1.4641 -2
      vertex 44.635 -1.17342 -2
    endloop
  endfacet
  facet normal 0.659332 -0.751852 0
    outer loop
      vertex 44.635 -1.17342 -2
      vertex 45.0284 -0.82843 26.7
      vertex 44.635 -1.17342 26.7
    endloop
  endfacet
  facet normal 0.659332 -0.751852 0
    outer loop
      vertex 45.0284 -0.82843 26.7
      vertex 44.635 -1.17342 -2
      vertex 45.0284 -0.82843 -2
    endloop
  endfacet
  facet normal -0.997858 -0.0654205 0
    outer loop
      vertex -1.96577 1.47789 -2
      vertex -2 2 26.7
      vertex -2 2 -2
    endloop
  endfacet
  facet normal -0.997858 -0.0654205 0
    outer loop
      vertex -2 2 26.7
      vertex -1.96577 1.47789 -2
      vertex -1.96577 1.47789 26.7
    endloop
  endfacet
  facet normal 0.831458 -0.555588 0
    outer loop
      vertex 45.3734 -0.435043 26.7
      vertex 45.6641 0 -2
      vertex 45.6641 0 26.7
    endloop
  endfacet
  facet normal 0.831458 -0.555588 0
    outer loop
      vertex 45.6641 0 -2
      vertex 45.3734 -0.435043 26.7
      vertex 45.3734 -0.435043 -2
    endloop
  endfacet
  facet normal 0.442238 0.896898 -0
    outer loop
      vertex 44.2 93.9641 -2
      vertex 43.7307 94.1955 26.7
      vertex 44.2 93.9641 26.7
    endloop
  endfacet
  facet normal 0.442238 0.896898 0
    outer loop
      vertex 43.7307 94.1955 26.7
      vertex 44.2 93.9641 -2
      vertex 43.7307 94.1955 -2
    endloop
  endfacet
  facet normal 0.321498 0.94691 -0
    outer loop
      vertex 43.7307 94.1955 -2
      vertex 43.2353 94.3637 26.7
      vertex 43.7307 94.1955 26.7
    endloop
  endfacet
  facet normal 0.321498 0.94691 0
    outer loop
      vertex 43.2353 94.3637 26.7
      vertex 43.7307 94.1955 -2
      vertex 43.2353 94.3637 -2
    endloop
  endfacet
  facet normal 0.997862 -0.0653634 0
    outer loop
      vertex 46.1658 1.47789 26.7
      vertex 46.2 2 -2
      vertex 46.2 2 26.7
    endloop
  endfacet
  facet normal 0.997862 -0.0653634 0
    outer loop
      vertex 46.2 2 -2
      vertex 46.1658 1.47789 26.7
      vertex 46.1658 1.47789 -2
    endloop
  endfacet
  facet normal 0.442253 -0.89689 0
    outer loop
      vertex 43.7307 -1.69551 -2
      vertex 44.2 -1.4641 26.7
      vertex 43.7307 -1.69551 26.7
    endloop
  endfacet
  facet normal 0.442253 -0.89689 0
    outer loop
      vertex 44.2 -1.4641 26.7
      vertex 43.7307 -1.69551 -2
      vertex 44.2 -1.4641 -2
    endloop
  endfacet
  facet normal -0.0653965 0.997859 0
    outer loop
      vertex 42.461 0.0171051 0
      vertex 42.2 0 26.7
      vertex 42.461 0.0171051 26.7
    endloop
  endfacet
  facet normal -0.0653965 0.997859 0
    outer loop
      vertex 42.2 0 26.7
      vertex 42.461 0.0171051 0
      vertex 42.2 0 0
    endloop
  endfacet
  facet normal -0.946922 0.321463 0
    outer loop
      vertex 44.0478 1.23463 0
      vertex 44.1319 1.48236 26.7
      vertex 44.1319 1.48236 0
    endloop
  endfacet
  facet normal -0.946922 0.321463 0
    outer loop
      vertex 44.1319 1.48236 26.7
      vertex 44.0478 1.23463 0
      vertex 44.0478 1.23463 26.7
    endloop
  endfacet
  facet normal 0.751871 -0.659311 0
    outer loop
      vertex 0.4133 91.7175 26.7
      vertex 0.585785 91.9142 0
      vertex 0.585785 91.9142 26.7
    endloop
  endfacet
  facet normal 0.751871 -0.659311 0
    outer loop
      vertex 0.585785 91.9142 0
      vertex 0.4133 91.7175 26.7
      vertex 0.4133 91.7175 0
    endloop
  endfacet
  facet normal -0.94695 -0.321382 0
    outer loop
      vertex 44.1319 91.0176 0
      vertex 44.0478 91.2654 26.7
      vertex 44.0478 91.2654 0
    endloop
  endfacet
  facet normal -0.94695 -0.321382 0
    outer loop
      vertex 44.0478 91.2654 26.7
      vertex 44.1319 91.0176 0
      vertex 44.1319 91.0176 26.7
    endloop
  endfacet
  facet normal 1 -0 0
    outer loop
      vertex 0 49.1784 8.04352
      vertex 0 90.5 0
      vertex 0 90.5 26.7
    endloop
  endfacet
  facet normal 1 0 0
    outer loop
      vertex 0 90.5 0
      vertex 0 49.232 7.7741
      vertex 0 49.25 7.5
    endloop
  endfacet
  facet normal 1 0 0
    outer loop
      vertex 0 90.5 0
      vertex 0 49.1784 8.04352
      vertex 0 49.232 7.7741
    endloop
  endfacet
  facet normal 1 0 0
    outer loop
      vertex 0 90.5 26.7
      vertex 0 49.0901 8.30363
      vertex 0 49.1784 8.04352
    endloop
  endfacet
  facet normal 1 0 0
    outer loop
      vertex 0 90.5 26.7
      vertex 0 48.9687 8.55
      vertex 0 49.0901 8.30363
    endloop
  endfacet
  facet normal 1 0 0
    outer loop
      vertex 0 90.5 26.7
      vertex 0 48.816 8.7784
      vertex 0 48.9687 8.55
    endloop
  endfacet
  facet normal 1 0 0
    outer loop
      vertex 0 90.5 26.7
      vertex 0 48.6349 8.98492
      vertex 0 48.816 8.7784
    endloop
  endfacet
  facet normal 1 0 0
    outer loop
      vertex 0 90.5 26.7
      vertex 0 48.4284 9.16604
      vertex 0 48.6349 8.98492
    endloop
  endfacet
  facet normal 1 0 0
    outer loop
      vertex 0 90.5 26.7
      vertex 0 48.2 9.31865
      vertex 0 48.4284 9.16604
    endloop
  endfacet
  facet normal 1 0 0
    outer loop
      vertex 0 90.5 26.7
      vertex 0 47.9536 9.44015
      vertex 0 48.2 9.31865
    endloop
  endfacet
  facet normal 1 0 0
    outer loop
      vertex 0 90.5 26.7
      vertex 0 47.6935 9.52844
      vertex 0 47.9536 9.44015
    endloop
  endfacet
  facet normal 1 0 0
    outer loop
      vertex 0 90.5 26.7
      vertex 0 47.4241 9.58203
      vertex 0 47.6935 9.52844
    endloop
  endfacet
  facet normal 1 0 0
    outer loop
      vertex 0 90.5 26.7
      vertex 0 47.15 9.6
      vertex 0 47.4241 9.58203
    endloop
  endfacet
  facet normal 1 -0 0
    outer loop
      vertex 0 2 26.7
      vertex 0 47.15 9.6
      vertex 0 90.5 26.7
    endloop
  endfacet
  facet normal 1 0 0
    outer loop
      vertex 0 47.15 9.6
      vertex 0 2 26.7
      vertex 0 46.8759 9.58203
    endloop
  endfacet
  facet normal 1 0 0
    outer loop
      vertex 0 46.8759 9.58203
      vertex 0 2 26.7
      vertex 0 46.6065 9.52844
    endloop
  endfacet
  facet normal 1 0 0
    outer loop
      vertex 0 20.9863 6.10884
      vertex 0 45.05 7.5
      vertex 0 45.068 7.7741
    endloop
  endfacet
  facet normal 1 0 0
    outer loop
      vertex 0 20.9455 6.31411
      vertex 0 45.068 7.7741
      vertex 0 45.1216 8.04352
    endloop
  endfacet
  facet normal 1 0 0
    outer loop
      vertex 0 20.8782 6.51229
      vertex 0 45.1216 8.04352
      vertex 0 45.2099 8.30363
    endloop
  endfacet
  facet normal 1 0 0
    outer loop
      vertex 0 20.7856 6.7
      vertex 0 45.2099 8.30363
      vertex 0 45.3313 8.55
    endloop
  endfacet
  facet normal 1 0 0
    outer loop
      vertex 0 20.6694 6.87402
      vertex 0 45.3313 8.55
      vertex 0 45.484 8.7784
    endloop
  endfacet
  facet normal 1 0 0
    outer loop
      vertex 0 20.374 7.16936
      vertex 0 45.484 8.7784
      vertex 0 45.6651 8.98492
    endloop
  endfacet
  facet normal 1 0 0
    outer loop
      vertex 0 20.2 7.28564
      vertex 0 45.6651 8.98492
      vertex 0 45.8716 9.16604
    endloop
  endfacet
  facet normal 1 0 0
    outer loop
      vertex 0 20.0123 7.37821
      vertex 0 45.8716 9.16604
      vertex 0 46.1 9.31865
    endloop
  endfacet
  facet normal 1 0 0
    outer loop
      vertex 0 2 26.7
      vertex 0 46.1 9.31865
      vertex 0 46.3464 9.44015
    endloop
  endfacet
  facet normal 1 0 0
    outer loop
      vertex 0 46.6065 9.52844
      vertex 0 2 26.7
      vertex 0 46.3464 9.44015
    endloop
  endfacet
  facet normal 1 0 0
    outer loop
      vertex 0 45.05 7.5
      vertex 0 20.9863 6.10884
      vertex 0 21 5.9
    endloop
  endfacet
  facet normal 1 0 0
    outer loop
      vertex 0 45.068 7.7741
      vertex 0 20.9455 6.31411
      vertex 0 20.9863 6.10884
    endloop
  endfacet
  facet normal 1 0 0
    outer loop
      vertex 0 45.1216 8.04352
      vertex 0 20.8782 6.51229
      vertex 0 20.9455 6.31411
    endloop
  endfacet
  facet normal 1 0 0
    outer loop
      vertex 0 45.2099 8.30363
      vertex 0 20.7856 6.7
      vertex 0 20.8782 6.51229
    endloop
  endfacet
  facet normal 1 0 0
    outer loop
      vertex 0 45.3313 8.55
      vertex 0 20.6694 6.87402
      vertex 0 20.7856 6.7
    endloop
  endfacet
  facet normal 1 0 0
    outer loop
      vertex 0 45.484 8.7784
      vertex 0 20.5314 7.03137
      vertex 0 20.6694 6.87402
    endloop
  endfacet
  facet normal 1 0 0
    outer loop
      vertex 0 45.484 8.7784
      vertex 0 20.374 7.16936
      vertex 0 20.5314 7.03137
    endloop
  endfacet
  facet normal 1 0 0
    outer loop
      vertex 0 45.6651 8.98492
      vertex 0 20.2 7.28564
      vertex 0 20.374 7.16936
    endloop
  endfacet
  facet normal 1 0 0
    outer loop
      vertex 0 46.1 9.31865
      vertex 0 2 26.7
      vertex 0 20.0123 7.37821
    endloop
  endfacet
  facet normal 1 0 0
    outer loop
      vertex 0 45.8716 9.16604
      vertex 0 20.0123 7.37821
      vertex 0 20.2 7.28564
    endloop
  endfacet
  facet normal 1 0 0
    outer loop
      vertex 0 20.0123 7.37821
      vertex 0 2 26.7
      vertex 0 19.8141 7.44548
    endloop
  endfacet
  facet normal 1 0 0
    outer loop
      vertex 0 19.8141 7.44548
      vertex 0 2 26.7
      vertex 0 19.6088 7.48631
    endloop
  endfacet
  facet normal 1 0 0
    outer loop
      vertex 0 19.6088 7.48631
      vertex 0 2 26.7
      vertex 0 19.4 7.5
    endloop
  endfacet
  facet normal 1 0 0
    outer loop
      vertex 0 19.4 7.5
      vertex 0 2 26.7
      vertex 0 15.6 7.5
    endloop
  endfacet
  facet normal 1 0 0
    outer loop
      vertex 0 15.6 7.5
      vertex 0 2 26.7
      vertex 0 15.3912 7.48631
    endloop
  endfacet
  facet normal 1 0 0
    outer loop
      vertex 0 14.0545 6.31411
      vertex 0 2 0
      vertex 0 14.0137 6.10884
    endloop
  endfacet
  facet normal 1 0 0
    outer loop
      vertex 0 14.1218 6.51229
      vertex 0 2 0
      vertex 0 14.0545 6.31411
    endloop
  endfacet
  facet normal 1 0 0
    outer loop
      vertex 0 14.2144 6.7
      vertex 0 2 0
      vertex 0 14.1218 6.51229
    endloop
  endfacet
  facet normal 1 0 0
    outer loop
      vertex 0 2 0
      vertex 0 14.2144 6.7
      vertex 0 2 26.7
    endloop
  endfacet
  facet normal 1 0 0
    outer loop
      vertex 0 14.3306 6.87402
      vertex 0 2 26.7
      vertex 0 14.2144 6.7
    endloop
  endfacet
  facet normal 1 0 0
    outer loop
      vertex 0 14.4686 7.03137
      vertex 0 2 26.7
      vertex 0 14.3306 6.87402
    endloop
  endfacet
  facet normal 1 0 0
    outer loop
      vertex 0 14.626 7.16936
      vertex 0 2 26.7
      vertex 0 14.4686 7.03137
    endloop
  endfacet
  facet normal 1 0 0
    outer loop
      vertex 0 14.8 7.28564
      vertex 0 2 26.7
      vertex 0 14.626 7.16936
    endloop
  endfacet
  facet normal 1 0 0
    outer loop
      vertex 0 14.9877 7.37821
      vertex 0 2 26.7
      vertex 0 14.8 7.28564
    endloop
  endfacet
  facet normal 1 0 0
    outer loop
      vertex 0 15.1859 7.44548
      vertex 0 2 26.7
      vertex 0 14.9877 7.37821
    endloop
  endfacet
  facet normal 1 0 0
    outer loop
      vertex 0 15.3912 7.48631
      vertex 0 2 26.7
      vertex 0 15.1859 7.44548
    endloop
  endfacet
  facet normal 1 -0 0
    outer loop
      vertex 0 49.232 7.22589
      vertex 0 90.5 0
      vertex 0 49.25 7.5
    endloop
  endfacet
  facet normal 1 -0 0
    outer loop
      vertex 0 49.1784 6.95648
      vertex 0 90.5 0
      vertex 0 49.232 7.22589
    endloop
  endfacet
  facet normal 1 -0 0
    outer loop
      vertex 0 49.0901 6.69636
      vertex 0 90.5 0
      vertex 0 49.1784 6.95648
    endloop
  endfacet
  facet normal 1 -0 0
    outer loop
      vertex 0 48.9687 6.45
      vertex 0 90.5 0
      vertex 0 49.0901 6.69636
    endloop
  endfacet
  facet normal 1 -0 0
    outer loop
      vertex 0 48.816 6.2216
      vertex 0 90.5 0
      vertex 0 48.9687 6.45
    endloop
  endfacet
  facet normal 1 -0 0
    outer loop
      vertex 0 48.6349 6.01508
      vertex 0 90.5 0
      vertex 0 48.816 6.2216
    endloop
  endfacet
  facet normal 1 -0 0
    outer loop
      vertex 0 48.4284 5.83396
      vertex 0 90.5 0
      vertex 0 48.6349 6.01508
    endloop
  endfacet
  facet normal 1 -0 0
    outer loop
      vertex 0 48.2 5.68135
      vertex 0 90.5 0
      vertex 0 48.4284 5.83396
    endloop
  endfacet
  facet normal 1 -0 0
    outer loop
      vertex 0 47.9536 5.55985
      vertex 0 90.5 0
      vertex 0 48.2 5.68135
    endloop
  endfacet
  facet normal 1 -0 0
    outer loop
      vertex 0 47.6935 5.47156
      vertex 0 90.5 0
      vertex 0 47.9536 5.55985
    endloop
  endfacet
  facet normal 1 -0 0
    outer loop
      vertex 0 47.4241 5.41796
      vertex 0 90.5 0
      vertex 0 47.6935 5.47156
    endloop
  endfacet
  facet normal 1 -0 0
    outer loop
      vertex 0 47.15 5.4
      vertex 0 90.5 0
      vertex 0 47.4241 5.41796
    endloop
  endfacet
  facet normal 1 0 0
    outer loop
      vertex 0 2 0
      vertex 0 47.15 5.4
      vertex 0 46.8759 5.41796
    endloop
  endfacet
  facet normal 1 0 0
    outer loop
      vertex 0 21 5.9
      vertex 0 45.068 7.22589
      vertex 0 45.05 7.5
    endloop
  endfacet
  facet normal 1 0 0
    outer loop
      vertex 0 20.9863 5.69116
      vertex 0 45.068 7.22589
      vertex 0 21 5.9
    endloop
  endfacet
  facet normal 1 0 0
    outer loop
      vertex 0 45.068 7.22589
      vertex 0 20.9863 5.69116
      vertex 0 45.1216 6.95648
    endloop
  endfacet
  facet normal 1 0 0
    outer loop
      vertex 0 20.9455 5.48589
      vertex 0 45.1216 6.95648
      vertex 0 20.9863 5.69116
    endloop
  endfacet
  facet normal 1 0 0
    outer loop
      vertex 0 45.1216 6.95648
      vertex 0 20.9455 5.48589
      vertex 0 45.2099 6.69636
    endloop
  endfacet
  facet normal 1 0 0
    outer loop
      vertex 0 20.8782 5.28771
      vertex 0 45.2099 6.69636
      vertex 0 20.9455 5.48589
    endloop
  endfacet
  facet normal 1 0 0
    outer loop
      vertex 0 45.2099 6.69636
      vertex 0 20.8782 5.28771
      vertex 0 45.3313 6.45
    endloop
  endfacet
  facet normal 1 0 0
    outer loop
      vertex 0 20.7856 5.1
      vertex 0 45.3313 6.45
      vertex 0 20.8782 5.28771
    endloop
  endfacet
  facet normal 1 0 0
    outer loop
      vertex 0 45.3313 6.45
      vertex 0 20.7856 5.1
      vertex 0 45.484 6.2216
    endloop
  endfacet
  facet normal 1 0 0
    outer loop
      vertex 0 20.6694 4.92598
      vertex 0 45.484 6.2216
      vertex 0 20.7856 5.1
    endloop
  endfacet
  facet normal 1 0 0
    outer loop
      vertex 0 45.484 6.2216
      vertex 0 20.6694 4.92598
      vertex 0 45.6651 6.01508
    endloop
  endfacet
  facet normal 1 0 0
    outer loop
      vertex 0 20.5314 4.76863
      vertex 0 45.6651 6.01508
      vertex 0 20.6694 4.92598
    endloop
  endfacet
  facet normal 1 0 0
    outer loop
      vertex 0 45.6651 6.01508
      vertex 0 20.5314 4.76863
      vertex 0 45.8716 5.83396
    endloop
  endfacet
  facet normal 1 0 0
    outer loop
      vertex 0 20.374 4.63063
      vertex 0 45.8716 5.83396
      vertex 0 20.5314 4.76863
    endloop
  endfacet
  facet normal 1 0 0
    outer loop
      vertex 0 45.8716 5.83396
      vertex 0 20.374 4.63063
      vertex 0 46.1 5.68135
    endloop
  endfacet
  facet normal 1 0 0
    outer loop
      vertex 0 20.2 4.51436
      vertex 0 46.1 5.68135
      vertex 0 20.374 4.63063
    endloop
  endfacet
  facet normal 1 0 0
    outer loop
      vertex 0 46.1 5.68135
      vertex 0 20.2 4.51436
      vertex 0 46.3464 5.55985
    endloop
  endfacet
  facet normal 1 0 0
    outer loop
      vertex 0 20.0123 4.42179
      vertex 0 46.3464 5.55985
      vertex 0 20.2 4.51436
    endloop
  endfacet
  facet normal 1 0 0
    outer loop
      vertex 0 46.3464 5.55985
      vertex 0 20.0123 4.42179
      vertex 0 46.6065 5.47156
    endloop
  endfacet
  facet normal 1 0 0
    outer loop
      vertex 0 19.8141 4.35452
      vertex 0 46.6065 5.47156
      vertex 0 20.0123 4.42179
    endloop
  endfacet
  facet normal 1 0 0
    outer loop
      vertex 0 46.6065 5.47156
      vertex 0 19.8141 4.35452
      vertex 0 46.8759 5.41796
    endloop
  endfacet
  facet normal 1 0 0
    outer loop
      vertex 0 19.6088 4.31369
      vertex 0 46.8759 5.41796
      vertex 0 19.8141 4.35452
    endloop
  endfacet
  facet normal 1 0 0
    outer loop
      vertex 0 2 0
      vertex 0 46.8759 5.41796
      vertex 0 19.6088 4.31369
    endloop
  endfacet
  facet normal 1 0 0
    outer loop
      vertex 0 2 0
      vertex 0 19.6088 4.31369
      vertex 0 19.4 4.3
    endloop
  endfacet
  facet normal 1 0 0
    outer loop
      vertex 0 2 0
      vertex 0 19.4 4.3
      vertex 0 15.6 4.3
    endloop
  endfacet
  facet normal 1 0 0
    outer loop
      vertex 0 14.0137 6.10884
      vertex 0 2 0
      vertex 0 14 5.9
    endloop
  endfacet
  facet normal 1 0 0
    outer loop
      vertex 0 14 5.9
      vertex 0 2 0
      vertex 0 14.0137 5.69116
    endloop
  endfacet
  facet normal 1 0 0
    outer loop
      vertex 0 14.0137 5.69116
      vertex 0 2 0
      vertex 0 14.0545 5.48589
    endloop
  endfacet
  facet normal 1 0 0
    outer loop
      vertex 0 14.0545 5.48589
      vertex 0 2 0
      vertex 0 14.1218 5.28771
    endloop
  endfacet
  facet normal 1 0 0
    outer loop
      vertex 0 47.15 5.4
      vertex 0 2 0
      vertex 0 90.5 0
    endloop
  endfacet
  facet normal 1 0 0
    outer loop
      vertex 0 15.3912 4.31369
      vertex 0 2 0
      vertex 0 15.6 4.3
    endloop
  endfacet
  facet normal 1 0 0
    outer loop
      vertex 0 15.1859 4.35452
      vertex 0 2 0
      vertex 0 15.3912 4.31369
    endloop
  endfacet
  facet normal 1 0 0
    outer loop
      vertex 0 14.9877 4.42179
      vertex 0 2 0
      vertex 0 15.1859 4.35452
    endloop
  endfacet
  facet normal 1 0 0
    outer loop
      vertex 0 14.8 4.51436
      vertex 0 2 0
      vertex 0 14.9877 4.42179
    endloop
  endfacet
  facet normal 1 0 0
    outer loop
      vertex 0 14.626 4.63063
      vertex 0 2 0
      vertex 0 14.8 4.51436
    endloop
  endfacet
  facet normal 1 0 0
    outer loop
      vertex 0 14.4686 4.76863
      vertex 0 2 0
      vertex 0 14.626 4.63063
    endloop
  endfacet
  facet normal 1 0 0
    outer loop
      vertex 0 14.3306 4.92598
      vertex 0 2 0
      vertex 0 14.4686 4.76863
    endloop
  endfacet
  facet normal 1 0 0
    outer loop
      vertex 0 14.2144 5.1
      vertex 0 2 0
      vertex 0 14.3306 4.92598
    endloop
  endfacet
  facet normal 1 0 0
    outer loop
      vertex 0 14.1218 5.28771
      vertex 0 2 0
      vertex 0 14.2144 5.1
    endloop
  endfacet
  facet normal 0.99786 0.065384 0
    outer loop
      vertex 0.0171051 1.73895 26.7
      vertex 0 2 0
      vertex 0 2 26.7
    endloop
  endfacet
  facet normal 0.99786 0.065384 0
    outer loop
      vertex 0 2 0
      vertex 0.0171051 1.73895 26.7
      vertex 0.0171051 1.73895 0
    endloop
  endfacet
  facet normal 0 1 0
    outer loop
      vertex 16.134 0 24.1
      vertex 15.3068 0 9.17006
      vertex 14.85 0 9.2
    endloop
  endfacet
  facet normal 0 1 0
    outer loop
      vertex 26.3821 0 9.68947
      vertex 15.7559 0 9.08074
      vertex 15.3068 0 9.17006
    endloop
  endfacet
  facet normal 0 1 0
    outer loop
      vertex 26.3821 0 9.68947
      vertex 16.1894 0 8.93358
      vertex 15.7559 0 9.08074
    endloop
  endfacet
  facet normal 0 1 0
    outer loop
      vertex 26.3821 0 9.68947
      vertex 16.6 0 8.73109
      vertex 16.1894 0 8.93358
    endloop
  endfacet
  facet normal 0 1 0
    outer loop
      vertex 20.8696 0 5.77269
      vertex 26.35 0 9.2
      vertex 26.3821 0 8.71053
    endloop
  endfacet
  facet normal 0 1 0
    outer loop
      vertex 26.3821 0 9.68947
      vertex 16.9807 0 8.47674
      vertex 16.6 0 8.73109
    endloop
  endfacet
  facet normal 0 1 0
    outer loop
      vertex 20.9778 0 5.67782
      vertex 26.3821 0 8.71053
      vertex 26.4778 0 8.22943
    endloop
  endfacet
  facet normal 0 1 0
    outer loop
      vertex 26.3821 0 9.68947
      vertex 17.3249 0 8.17487
      vertex 16.9807 0 8.47674
    endloop
  endfacet
  facet normal 0 1 0
    outer loop
      vertex 26.3821 0 9.68947
      vertex 17.6267 0 7.83066
      vertex 17.3249 0 8.17487
    endloop
  endfacet
  facet normal 0 1 0
    outer loop
      vertex 21.1526 0 5.45
      vertex 26.4778 0 8.22943
      vertex 26.6355 0 7.76494
    endloop
  endfacet
  facet normal 0 1 0
    outer loop
      vertex 26.3821 0 9.68947
      vertex 20.4847 0 5.96252
      vertex 17.6267 0 7.83066
    endloop
  endfacet
  facet normal 0 1 0
    outer loop
      vertex 21.2163 0 5.32095
      vertex 26.6355 0 7.76494
      vertex 26.8524 0 7.325
    endloop
  endfacet
  facet normal -0 1 -0
    outer loop
      vertex 20.3436 0 5.99059
      vertex 17.6267 0 7.83066
      vertex 20.4847 0 5.96252
    endloop
  endfacet
  facet normal 0 1 0
    outer loop
      vertex 21.2906 0 5.04358
      vertex 26.8524 0 7.325
      vertex 27.1249 0 6.91714
    endloop
  endfacet
  facet normal 0 1 0
    outer loop
      vertex 17.6267 0 7.83066
      vertex 20.3436 0 5.99059
      vertex 17.8811 0 7.45
    endloop
  endfacet
  facet normal 0 1 0
    outer loop
      vertex 21.2906 0 4.75642
      vertex 27.1249 0 6.91714
      vertex 27.4483 0 6.54835
    endloop
  endfacet
  facet normal 0 1 0
    outer loop
      vertex 21.2625 0 4.6153
      vertex 27.4483 0 6.54835
      vertex 27.8171 0 6.22493
    endloop
  endfacet
  facet normal -0 1 -0
    outer loop
      vertex 20.2 0 6
      vertex 17.8811 0 7.45
      vertex 20.3436 0 5.99059
    endloop
  endfacet
  facet normal 0 1 -0
    outer loop
      vertex 19.9153 0 5.96252
      vertex 18.0836 0 7.03939
      vertex 20.0564 0 5.99059
    endloop
  endfacet
  facet normal 0 1 -0
    outer loop
      vertex 20.0564 0 5.99059
      vertex 18.0836 0 7.03939
      vertex 20.2 0 6
    endloop
  endfacet
  facet normal 0 1 0
    outer loop
      vertex 17.8811 0 7.45
      vertex 20.2 0 6
      vertex 18.0836 0 7.03939
    endloop
  endfacet
  facet normal 0 1 0
    outer loop
      vertex 21.1526 0 4.35
      vertex 27.8171 0 6.22493
      vertex 28.225 0 5.9524
    endloop
  endfacet
  facet normal 0 1 0
    outer loop
      vertex 26.3821 0 9.68947
      vertex 20.621 0 5.91627
      vertex 20.4847 0 5.96252
    endloop
  endfacet
  facet normal 0 1 0
    outer loop
      vertex 26.35 0 9.2
      vertex 20.75 0 5.85263
      vertex 20.621 0 5.91627
    endloop
  endfacet
  facet normal 0 1 0
    outer loop
      vertex 26.35 0 9.2
      vertex 20.8696 0 5.77269
      vertex 20.75 0 5.85263
    endloop
  endfacet
  facet normal 0 1 0
    outer loop
      vertex 21.0727 0 4.23036
      vertex 28.225 0 5.9524
      vertex 28.6649 0 5.73545
    endloop
  endfacet
  facet normal 0 1 0
    outer loop
      vertex 26.3821 0 8.71053
      vertex 20.9778 0 5.67782
      vertex 20.8696 0 5.77269
    endloop
  endfacet
  facet normal 0 1 0
    outer loop
      vertex 20.9778 0 4.12218
      vertex 28.6649 0 5.73545
      vertex 29.1294 0 5.57778
    endloop
  endfacet
  facet normal 0 1 0
    outer loop
      vertex 26.4778 0 8.22943
      vertex 21.0727 0 5.56964
      vertex 20.9778 0 5.67782
    endloop
  endfacet
  facet normal 0 1 0
    outer loop
      vertex 20.75 0 3.94737
      vertex 29.1294 0 5.57778
      vertex 29.6105 0 5.48208
    endloop
  endfacet
  facet normal 0 1 0
    outer loop
      vertex 20.621 0 3.88373
      vertex 29.6105 0 5.48208
      vertex 30.1 0 5.45
    endloop
  endfacet
  facet normal 0 1 0
    outer loop
      vertex 26.4778 0 8.22943
      vertex 21.1526 0 5.45
      vertex 21.0727 0 5.56964
    endloop
  endfacet
  facet normal 0 1 -0
    outer loop
      vertex 28.066 0 24.1
      vertex 16.134 0 26
      vertex 28.066 0 26
    endloop
  endfacet
  facet normal 0 1 0
    outer loop
      vertex 16.134 0 26
      vertex 28.066 0 24.1
      vertex 16.134 0 24.1
    endloop
  endfacet
  facet normal 0 1 0
    outer loop
      vertex 28.066 0 26
      vertex 42.2 0 26.7
      vertex 36.466 0 26
    endloop
  endfacet
  facet normal 0 1 0
    outer loop
      vertex 42.2 0 26.7
      vertex 36.466 0 24.1
      vertex 36.466 0 26
    endloop
  endfacet
  facet normal 0 1 -0
    outer loop
      vertex 30.1 0 12.95
      vertex 28.066 0 24.1
      vertex 36.466 0 24.1
    endloop
  endfacet
  facet normal 0 1 -0
    outer loop
      vertex 28.6649 0 12.6645
      vertex 28.066 0 24.1
      vertex 29.1294 0 12.8222
    endloop
  endfacet
  facet normal 0 1 0
    outer loop
      vertex 30.1 0 12.95
      vertex 36.466 0 24.1
      vertex 35.1 0 12.95
    endloop
  endfacet
  facet normal 0 1 -0
    outer loop
      vertex 37.3829 0 12.1751
      vertex 36.466 0 24.1
      vertex 42.2 0 26.7
    endloop
  endfacet
  facet normal 0 1 0
    outer loop
      vertex 36.466 0 24.1
      vertex 35.5895 0 12.9179
      vertex 35.1 0 12.95
    endloop
  endfacet
  facet normal 0 1 0
    outer loop
      vertex 36.466 0 24.1
      vertex 36.0706 0 12.8222
      vertex 35.5895 0 12.9179
    endloop
  endfacet
  facet normal 0 1 0
    outer loop
      vertex 36.466 0 24.1
      vertex 36.5351 0 12.6645
      vertex 36.0706 0 12.8222
    endloop
  endfacet
  facet normal 0 1 0
    outer loop
      vertex 36.466 0 24.1
      vertex 36.975 0 12.4476
      vertex 36.5351 0 12.6645
    endloop
  endfacet
  facet normal 0 1 0
    outer loop
      vertex 36.466 0 24.1
      vertex 37.3829 0 12.1751
      vertex 36.975 0 12.4476
    endloop
  endfacet
  facet normal 0 1 0
    outer loop
      vertex 42.2 0 26.7
      vertex 37.7516 0 11.8517
      vertex 37.3829 0 12.1751
    endloop
  endfacet
  facet normal 0 1 0
    outer loop
      vertex 42.2 0 26.7
      vertex 38.0751 0 11.4829
      vertex 37.7516 0 11.8517
    endloop
  endfacet
  facet normal 0 1 0
    outer loop
      vertex 42.2 0 26.7
      vertex 38.3476 0 11.075
      vertex 38.0751 0 11.4829
    endloop
  endfacet
  facet normal 0 1 0
    outer loop
      vertex 42.2 0 26.7
      vertex 38.5645 0 10.6351
      vertex 38.3476 0 11.075
    endloop
  endfacet
  facet normal 0 1 0
    outer loop
      vertex 42.2 0 26.7
      vertex 38.7222 0 10.1706
      vertex 38.5645 0 10.6351
    endloop
  endfacet
  facet normal 0 1 0
    outer loop
      vertex 42.2 0 26.7
      vertex 38.8179 0 9.68947
      vertex 38.7222 0 10.1706
    endloop
  endfacet
  facet normal 0 1 -0
    outer loop
      vertex 42.2 0 0
      vertex 38.8179 0 9.68947
      vertex 42.2 0 26.7
    endloop
  endfacet
  facet normal 0 1 0
    outer loop
      vertex 38.8179 0 9.68947
      vertex 42.2 0 0
      vertex 38.85 0 9.2
    endloop
  endfacet
  facet normal 0 1 0
    outer loop
      vertex 42.2 0 0
      vertex 30.1 0 5.45
      vertex 35.1 0 5.45
    endloop
  endfacet
  facet normal 0 1 0
    outer loop
      vertex 26.6355 0 7.76494
      vertex 21.2163 0 5.32095
      vertex 21.1526 0 5.45
    endloop
  endfacet
  facet normal 0 1 0
    outer loop
      vertex 26.8524 0 7.325
      vertex 21.2625 0 5.1847
      vertex 21.2163 0 5.32095
    endloop
  endfacet
  facet normal 0 1 0
    outer loop
      vertex 26.8524 0 7.325
      vertex 21.2906 0 5.04358
      vertex 21.2625 0 5.1847
    endloop
  endfacet
  facet normal 0 1 0
    outer loop
      vertex 27.1249 0 6.91714
      vertex 21.3 0 4.9
      vertex 21.2906 0 5.04358
    endloop
  endfacet
  facet normal 0 1 0
    outer loop
      vertex 27.1249 0 6.91714
      vertex 21.2906 0 4.75642
      vertex 21.3 0 4.9
    endloop
  endfacet
  facet normal 0 1 0
    outer loop
      vertex 27.4483 0 6.54835
      vertex 21.2625 0 4.6153
      vertex 21.2906 0 4.75642
    endloop
  endfacet
  facet normal 0 1 0
    outer loop
      vertex 27.8171 0 6.22493
      vertex 21.2163 0 4.47905
      vertex 21.2625 0 4.6153
    endloop
  endfacet
  facet normal 0 1 0
    outer loop
      vertex 42.2 0 0
      vertex 35.1 0 5.45
      vertex 35.5895 0 5.48208
    endloop
  endfacet
  facet normal 0 1 0
    outer loop
      vertex 27.8171 0 6.22493
      vertex 21.1526 0 4.35
      vertex 21.2163 0 4.47905
    endloop
  endfacet
  facet normal 0 1 0
    outer loop
      vertex 28.225 0 5.9524
      vertex 21.0727 0 4.23036
      vertex 21.1526 0 4.35
    endloop
  endfacet
  facet normal 0 1 0
    outer loop
      vertex 28.6649 0 5.73545
      vertex 20.9778 0 4.12218
      vertex 21.0727 0 4.23036
    endloop
  endfacet
  facet normal 0 1 0
    outer loop
      vertex 29.1294 0 5.57778
      vertex 20.8696 0 4.02731
      vertex 20.9778 0 4.12218
    endloop
  endfacet
  facet normal -0 1 0
    outer loop
      vertex 20.621 0 3.88373
      vertex 30.1 0 5.45
      vertex 42.2 0 0
    endloop
  endfacet
  facet normal 0 1 0
    outer loop
      vertex 29.1294 0 5.57778
      vertex 20.75 0 3.94737
      vertex 20.8696 0 4.02731
    endloop
  endfacet
  facet normal 0 1 0
    outer loop
      vertex 29.6105 0 5.48208
      vertex 20.621 0 3.88373
      vertex 20.75 0 3.94737
    endloop
  endfacet
  facet normal 0 1 0
    outer loop
      vertex 20.621 0 3.88373
      vertex 42.2 0 0
      vertex 20.4847 0 3.83748
    endloop
  endfacet
  facet normal 0 1 0
    outer loop
      vertex 16.6 0 2.66891
      vertex 20.2 0 3.8
      vertex 20.3436 0 3.80941
    endloop
  endfacet
  facet normal 0 1 0
    outer loop
      vertex 20.2 0 3.8
      vertex 17.3249 0 3.22513
      vertex 17.6267 0 3.56933
    endloop
  endfacet
  facet normal -0 1 0
    outer loop
      vertex 16.1894 0 2.46642
      vertex 20.4847 0 3.83748
      vertex 42.2 0 0
    endloop
  endfacet
  facet normal 0 1 0
    outer loop
      vertex 20.2 0 3.8
      vertex 16.9807 0 2.92326
      vertex 17.3249 0 3.22513
    endloop
  endfacet
  facet normal 0 1 0
    outer loop
      vertex 20.4847 0 3.83748
      vertex 16.1894 0 2.46642
      vertex 20.3436 0 3.80941
    endloop
  endfacet
  facet normal 0 1 0
    outer loop
      vertex 20.2 0 3.8
      vertex 16.6 0 2.66891
      vertex 16.9807 0 2.92326
    endloop
  endfacet
  facet normal 0 1 0
    outer loop
      vertex 20.3436 0 3.80941
      vertex 16.1894 0 2.46642
      vertex 16.6 0 2.66891
    endloop
  endfacet
  facet normal 0 1 0
    outer loop
      vertex 16.1894 0 2.46642
      vertex 42.2 0 0
      vertex 15.7559 0 2.31926
    endloop
  endfacet
  facet normal 0 1 0
    outer loop
      vertex 15.3068 0 2.22994
      vertex 2 0 0
      vertex 14.85 0 2.2
    endloop
  endfacet
  facet normal 0 1 0
    outer loop
      vertex 2 0 0
      vertex 15.3068 0 2.22994
      vertex 42.2 0 0
    endloop
  endfacet
  facet normal 0 1 0
    outer loop
      vertex 15.7559 0 2.31926
      vertex 42.2 0 0
      vertex 15.3068 0 2.22994
    endloop
  endfacet
  facet normal 0 1 0
    outer loop
      vertex 36.0706 0 5.57778
      vertex 42.2 0 0
      vertex 35.5895 0 5.48208
    endloop
  endfacet
  facet normal 0 1 0
    outer loop
      vertex 36.5351 0 5.73545
      vertex 42.2 0 0
      vertex 36.0706 0 5.57778
    endloop
  endfacet
  facet normal 0 1 0
    outer loop
      vertex 36.975 0 5.9524
      vertex 42.2 0 0
      vertex 36.5351 0 5.73545
    endloop
  endfacet
  facet normal 0 1 0
    outer loop
      vertex 37.3829 0 6.22493
      vertex 42.2 0 0
      vertex 36.975 0 5.9524
    endloop
  endfacet
  facet normal 0 1 0
    outer loop
      vertex 37.7516 0 6.54835
      vertex 42.2 0 0
      vertex 37.3829 0 6.22493
    endloop
  endfacet
  facet normal 0 1 0
    outer loop
      vertex 38.0751 0 6.91714
      vertex 42.2 0 0
      vertex 37.7516 0 6.54835
    endloop
  endfacet
  facet normal 0 1 0
    outer loop
      vertex 38.3476 0 7.325
      vertex 42.2 0 0
      vertex 38.0751 0 6.91714
    endloop
  endfacet
  facet normal 0 1 0
    outer loop
      vertex 38.5645 0 7.76494
      vertex 42.2 0 0
      vertex 38.3476 0 7.325
    endloop
  endfacet
  facet normal 0 1 0
    outer loop
      vertex 38.7222 0 8.22943
      vertex 42.2 0 0
      vertex 38.5645 0 7.76494
    endloop
  endfacet
  facet normal 0 1 0
    outer loop
      vertex 38.8179 0 8.71053
      vertex 42.2 0 0
      vertex 38.7222 0 8.22943
    endloop
  endfacet
  facet normal 0 1 0
    outer loop
      vertex 38.85 0 9.2
      vertex 42.2 0 0
      vertex 38.8179 0 8.71053
    endloop
  endfacet
  facet normal 0 1 0
    outer loop
      vertex 42.2 0 26.7
      vertex 28.066 0 26
      vertex 2 0 26.7
    endloop
  endfacet
  facet normal 0 1 -0
    outer loop
      vertex 16.134 0 26
      vertex 2 0 26.7
      vertex 28.066 0 26
    endloop
  endfacet
  facet normal 0 1 -0
    outer loop
      vertex 7.734 0 26
      vertex 2 0 26.7
      vertex 16.134 0 26
    endloop
  endfacet
  facet normal 0 1 -0
    outer loop
      vertex 7.734 0 24.1
      vertex 2 0 26.7
      vertex 7.734 0 26
    endloop
  endfacet
  facet normal 0 1 0
    outer loop
      vertex 28.066 0 24.1
      vertex 30.1 0 12.95
      vertex 29.6105 0 12.9179
    endloop
  endfacet
  facet normal 0 1 0
    outer loop
      vertex 28.066 0 24.1
      vertex 29.6105 0 12.9179
      vertex 29.1294 0 12.8222
    endloop
  endfacet
  facet normal 0 1 -0
    outer loop
      vertex 28.225 0 12.4476
      vertex 28.066 0 24.1
      vertex 28.6649 0 12.6645
    endloop
  endfacet
  facet normal 0 1 0
    outer loop
      vertex 27.8171 0 12.1751
      vertex 28.066 0 24.1
      vertex 28.225 0 12.4476
    endloop
  endfacet
  facet normal 0 1 0
    outer loop
      vertex 28.066 0 24.1
      vertex 27.8171 0 12.1751
      vertex 16.134 0 24.1
    endloop
  endfacet
  facet normal 0 1 -0
    outer loop
      vertex 27.4483 0 11.8517
      vertex 16.134 0 24.1
      vertex 27.8171 0 12.1751
    endloop
  endfacet
  facet normal 0 1 -0
    outer loop
      vertex 27.1249 0 11.4829
      vertex 16.134 0 24.1
      vertex 27.4483 0 11.8517
    endloop
  endfacet
  facet normal 0 1 0
    outer loop
      vertex 9.35 0 9.2
      vertex 16.134 0 24.1
      vertex 14.85 0 9.2
    endloop
  endfacet
  facet normal 0 1 0
    outer loop
      vertex 15.3068 0 9.17006
      vertex 16.134 0 24.1
      vertex 27.1249 0 11.4829
    endloop
  endfacet
  facet normal 0 1 0
    outer loop
      vertex 15.3068 0 9.17006
      vertex 27.1249 0 11.4829
      vertex 26.8524 0 11.075
    endloop
  endfacet
  facet normal 0 1 0
    outer loop
      vertex 15.3068 0 9.17006
      vertex 26.8524 0 11.075
      vertex 26.6355 0 10.6351
    endloop
  endfacet
  facet normal 0 1 0
    outer loop
      vertex 15.3068 0 9.17006
      vertex 26.6355 0 10.6351
      vertex 26.4778 0 10.1706
    endloop
  endfacet
  facet normal 0 1 0
    outer loop
      vertex 15.3068 0 9.17006
      vertex 26.4778 0 10.1706
      vertex 26.3821 0 9.68947
    endloop
  endfacet
  facet normal 0 1 0
    outer loop
      vertex 20.621 0 5.91627
      vertex 26.3821 0 9.68947
      vertex 26.35 0 9.2
    endloop
  endfacet
  facet normal 0 1 0
    outer loop
      vertex 16.134 0 24.1
      vertex 9.35 0 9.2
      vertex 7.734 0 24.1
    endloop
  endfacet
  facet normal 0 1 -0
    outer loop
      vertex 8.89316 0 9.17006
      vertex 7.734 0 24.1
      vertex 9.35 0 9.2
    endloop
  endfacet
  facet normal 0 1 -0
    outer loop
      vertex 8.44413 0 9.08074
      vertex 7.734 0 24.1
      vertex 8.89316 0 9.17006
    endloop
  endfacet
  facet normal 0 1 -0
    outer loop
      vertex 8.01061 0 8.93358
      vertex 7.734 0 24.1
      vertex 8.44413 0 9.08074
    endloop
  endfacet
  facet normal 0 1 0
    outer loop
      vertex 7.6 0 8.73109
      vertex 7.734 0 24.1
      vertex 8.01061 0 8.93358
    endloop
  endfacet
  facet normal 0 1 0
    outer loop
      vertex 7.21933 0 8.47674
      vertex 7.734 0 24.1
      vertex 7.6 0 8.73109
    endloop
  endfacet
  facet normal 0 1 0
    outer loop
      vertex 7.734 0 24.1
      vertex 7.21933 0 8.47674
      vertex 2 0 26.7
    endloop
  endfacet
  facet normal 0 1 -0
    outer loop
      vertex 6.87513 0 8.17487
      vertex 2 0 26.7
      vertex 7.21933 0 8.47674
    endloop
  endfacet
  facet normal 0 1 -0
    outer loop
      vertex 6.57326 0 7.83066
      vertex 2 0 26.7
      vertex 6.87513 0 8.17487
    endloop
  endfacet
  facet normal 0 1 -0
    outer loop
      vertex 6.31891 0 7.45
      vertex 2 0 26.7
      vertex 6.57326 0 7.83066
    endloop
  endfacet
  facet normal 0 1 -0
    outer loop
      vertex 6.11642 0 7.03939
      vertex 2 0 26.7
      vertex 6.31891 0 7.45
    endloop
  endfacet
  facet normal 0 1 -0
    outer loop
      vertex 5.96926 0 6.60587
      vertex 2 0 26.7
      vertex 6.11642 0 7.03939
    endloop
  endfacet
  facet normal 0 1 0
    outer loop
      vertex 2 0 0
      vertex 5.96926 0 6.60587
      vertex 5.87994 0 6.15684
    endloop
  endfacet
  facet normal 0 1 0
    outer loop
      vertex 2 0 0
      vertex 5.87994 0 6.15684
      vertex 5.85 0 5.7
    endloop
  endfacet
  facet normal 0 1 0
    outer loop
      vertex 2 0 0
      vertex 5.85 0 5.7
      vertex 5.87994 0 5.24316
    endloop
  endfacet
  facet normal 0 1 0
    outer loop
      vertex 14.85 0 2.2
      vertex 2 0 0
      vertex 9.35 0 2.2
    endloop
  endfacet
  facet normal 0 1 0
    outer loop
      vertex 5.96926 0 6.60587
      vertex 2 0 0
      vertex 2 0 26.7
    endloop
  endfacet
  facet normal 0 1 0
    outer loop
      vertex 5.96926 0 4.79413
      vertex 2 0 0
      vertex 5.87994 0 5.24316
    endloop
  endfacet
  facet normal 0 1 0
    outer loop
      vertex 6.11642 0 4.36061
      vertex 2 0 0
      vertex 5.96926 0 4.79413
    endloop
  endfacet
  facet normal 0 1 0
    outer loop
      vertex 6.31891 0 3.95
      vertex 2 0 0
      vertex 6.11642 0 4.36061
    endloop
  endfacet
  facet normal 0 1 0
    outer loop
      vertex 6.57326 0 3.56933
      vertex 2 0 0
      vertex 6.31891 0 3.95
    endloop
  endfacet
  facet normal 0 1 0
    outer loop
      vertex 6.87513 0 3.22513
      vertex 2 0 0
      vertex 6.57326 0 3.56933
    endloop
  endfacet
  facet normal 0 1 0
    outer loop
      vertex 7.21933 0 2.92326
      vertex 2 0 0
      vertex 6.87513 0 3.22513
    endloop
  endfacet
  facet normal 0 1 0
    outer loop
      vertex 7.6 0 2.66891
      vertex 2 0 0
      vertex 7.21933 0 2.92326
    endloop
  endfacet
  facet normal 0 1 0
    outer loop
      vertex 8.01061 0 2.46642
      vertex 2 0 0
      vertex 7.6 0 2.66891
    endloop
  endfacet
  facet normal 0 1 0
    outer loop
      vertex 8.44413 0 2.31926
      vertex 2 0 0
      vertex 8.01061 0 2.46642
    endloop
  endfacet
  facet normal 0 1 0
    outer loop
      vertex 8.89316 0 2.22994
      vertex 2 0 0
      vertex 8.44413 0 2.31926
    endloop
  endfacet
  facet normal 0 1 0
    outer loop
      vertex 9.35 0 2.2
      vertex 2 0 0
      vertex 8.89316 0 2.22994
    endloop
  endfacet
  facet normal 0 1 0
    outer loop
      vertex 18.0836 0 7.03939
      vertex 19.9153 0 5.96252
      vertex 18.2307 0 6.60587
    endloop
  endfacet
  facet normal 0 1 -0
    outer loop
      vertex 19.779 0 5.91627
      vertex 18.2307 0 6.60587
      vertex 19.9153 0 5.96252
    endloop
  endfacet
  facet normal 0 1 -0
    outer loop
      vertex 19.65 0 5.85263
      vertex 18.2307 0 6.60587
      vertex 19.779 0 5.91627
    endloop
  endfacet
  facet normal 0 1 0
    outer loop
      vertex 18.2307 0 6.60587
      vertex 19.65 0 5.85263
      vertex 18.3201 0 6.15684
    endloop
  endfacet
  facet normal 0 1 -0
    outer loop
      vertex 19.5304 0 5.77269
      vertex 18.3201 0 6.15684
      vertex 19.65 0 5.85263
    endloop
  endfacet
  facet normal 0 1 -0
    outer loop
      vertex 19.4222 0 5.67782
      vertex 18.3201 0 6.15684
      vertex 19.5304 0 5.77269
    endloop
  endfacet
  facet normal 0 1 -0
    outer loop
      vertex 19.3273 0 5.56964
      vertex 18.3201 0 6.15684
      vertex 19.4222 0 5.67782
    endloop
  endfacet
  facet normal 0 1 0
    outer loop
      vertex 18.3201 0 6.15684
      vertex 19.3273 0 5.56964
      vertex 18.35 0 5.7
    endloop
  endfacet
  facet normal 0 1 -0
    outer loop
      vertex 19.2474 0 5.45
      vertex 18.35 0 5.7
      vertex 19.3273 0 5.56964
    endloop
  endfacet
  facet normal 0 1 -0
    outer loop
      vertex 19.1837 0 5.32095
      vertex 18.35 0 5.7
      vertex 19.2474 0 5.45
    endloop
  endfacet
  facet normal 0 1 0
    outer loop
      vertex 19.1837 0 5.32095
      vertex 18.3201 0 5.24316
      vertex 18.35 0 5.7
    endloop
  endfacet
  facet normal 0 1 -0
    outer loop
      vertex 19.1375 0 5.1847
      vertex 18.3201 0 5.24316
      vertex 19.1837 0 5.32095
    endloop
  endfacet
  facet normal 0 1 -0
    outer loop
      vertex 19.1094 0 5.04358
      vertex 18.3201 0 5.24316
      vertex 19.1375 0 5.1847
    endloop
  endfacet
  facet normal 0 1 -0
    outer loop
      vertex 19.1 0 4.9
      vertex 18.3201 0 5.24316
      vertex 19.1094 0 5.04358
    endloop
  endfacet
  facet normal 0 1 0
    outer loop
      vertex 19.1 0 4.9
      vertex 18.2307 0 4.79413
      vertex 18.3201 0 5.24316
    endloop
  endfacet
  facet normal 0 1 0
    outer loop
      vertex 19.1094 0 4.75642
      vertex 18.2307 0 4.79413
      vertex 19.1 0 4.9
    endloop
  endfacet
  facet normal 0 1 0
    outer loop
      vertex 19.1375 0 4.6153
      vertex 18.2307 0 4.79413
      vertex 19.1094 0 4.75642
    endloop
  endfacet
  facet normal 0 1 0
    outer loop
      vertex 18.0836 0 4.36061
      vertex 19.1375 0 4.6153
      vertex 19.1837 0 4.47905
    endloop
  endfacet
  facet normal 0 1 0
    outer loop
      vertex 19.1375 0 4.6153
      vertex 18.0836 0 4.36061
      vertex 18.2307 0 4.79413
    endloop
  endfacet
  facet normal 0 1 0
    outer loop
      vertex 19.2474 0 4.35
      vertex 18.0836 0 4.36061
      vertex 19.1837 0 4.47905
    endloop
  endfacet
  facet normal 0 1 0
    outer loop
      vertex 19.3273 0 4.23036
      vertex 18.0836 0 4.36061
      vertex 19.2474 0 4.35
    endloop
  endfacet
  facet normal 0 1 0
    outer loop
      vertex 17.8811 0 3.95
      vertex 19.3273 0 4.23036
      vertex 19.4222 0 4.12218
    endloop
  endfacet
  facet normal 0 1 0
    outer loop
      vertex 17.8811 0 3.95
      vertex 19.4222 0 4.12218
      vertex 19.5304 0 4.02731
    endloop
  endfacet
  facet normal 0 1 0
    outer loop
      vertex 19.3273 0 4.23036
      vertex 17.8811 0 3.95
      vertex 18.0836 0 4.36061
    endloop
  endfacet
  facet normal 0 1 0
    outer loop
      vertex 17.6267 0 3.56933
      vertex 19.5304 0 4.02731
      vertex 19.65 0 3.94737
    endloop
  endfacet
  facet normal 0 1 0
    outer loop
      vertex 17.6267 0 3.56933
      vertex 19.65 0 3.94737
      vertex 19.779 0 3.88373
    endloop
  endfacet
  facet normal 0 1 0
    outer loop
      vertex 17.6267 0 3.56933
      vertex 19.779 0 3.88373
      vertex 19.9153 0 3.83748
    endloop
  endfacet
  facet normal 0 1 0
    outer loop
      vertex 17.6267 0 3.56933
      vertex 19.9153 0 3.83748
      vertex 20.0564 0 3.80941
    endloop
  endfacet
  facet normal 0 1 0
    outer loop
      vertex 17.6267 0 3.56933
      vertex 20.0564 0 3.80941
      vertex 20.2 0 3.8
    endloop
  endfacet
  facet normal 0 1 0
    outer loop
      vertex 19.5304 0 4.02731
      vertex 17.6267 0 3.56933
      vertex 17.8811 0 3.95
    endloop
  endfacet
  facet normal 0.831456 0.555591 0
    outer loop
      vertex 0.4133 0.782471 26.7
      vertex 0.267944 1 0
      vertex 0.267944 1 26.7
    endloop
  endfacet
  facet normal 0.831456 0.555591 0
    outer loop
      vertex 0.267944 1 0
      vertex 0.4133 0.782471 26.7
      vertex 0.4133 0.782471 0
    endloop
  endfacet
  facet normal -0.555758 -0.831344 0
    outer loop
      vertex 43.2 92.2321 0
      vertex 43.4175 92.0867 26.7
      vertex 43.2 92.2321 26.7
    endloop
  endfacet
  facet normal -0.555758 -0.831344 -0
    outer loop
      vertex 43.4175 92.0867 26.7
      vertex 43.2 92.2321 0
      vertex 43.4175 92.0867 0
    endloop
  endfacet
  facet normal -0.751819 0.65937 0
    outer loop
      vertex 43.6142 0.585785 0
      vertex 43.7867 0.782471 26.7
      vertex 43.7867 0.782471 0
    endloop
  endfacet
  facet normal -0.751819 0.65937 0
    outer loop
      vertex 43.7867 0.782471 26.7
      vertex 43.6142 0.585785 0
      vertex 43.6142 0.585785 26.7
    endloop
  endfacet
  facet normal 0 -1 0
    outer loop
      vertex 2 92.5 0
      vertex 42.2 92.5 26.7
      vertex 2 92.5 26.7
    endloop
  endfacet
  facet normal 0 -1 -0
    outer loop
      vertex 42.2 92.5 26.7
      vertex 2 92.5 0
      vertex 42.2 92.5 0
    endloop
  endfacet
  facet normal 0.980785 -0.19509 0
    outer loop
      vertex 0.0171051 90.761 26.7
      vertex 0.0681458 91.0176 0
      vertex 0.0681458 91.0176 26.7
    endloop
  endfacet
  facet normal 0.980785 -0.19509 0
    outer loop
      vertex 0.0681458 91.0176 0
      vertex 0.0171051 90.761 26.7
      vertex 0.0171051 90.761 0
    endloop
  endfacet
  facet normal 0.89685 -0.442335 0
    outer loop
      vertex 0.152237 91.2654 26.7
      vertex 0.267944 91.5 0
      vertex 0.267944 91.5 26.7
    endloop
  endfacet
  facet normal 0.89685 -0.442335 0
    outer loop
      vertex 0.267944 91.5 0
      vertex 0.152237 91.2654 26.7
      vertex 0.152237 91.2654 0
    endloop
  endfacet
  facet normal 0.831422 -0.555642 0
    outer loop
      vertex 0.267944 91.5 26.7
      vertex 0.4133 91.7175 0
      vertex 0.4133 91.7175 26.7
    endloop
  endfacet
  facet normal 0.831422 -0.555642 0
    outer loop
      vertex 0.4133 91.7175 0
      vertex 0.267944 91.5 26.7
      vertex 0.267944 91.5 0
    endloop
  endfacet
  facet normal 0.442268 -0.896883 0
    outer loop
      vertex 1 92.2321 0
      vertex 1.23463 92.3478 26.7
      vertex 1 92.2321 26.7
    endloop
  endfacet
  facet normal 0.442268 -0.896883 0
    outer loop
      vertex 1.23463 92.3478 26.7
      vertex 1 92.2321 0
      vertex 1.23463 92.3478 0
    endloop
  endfacet
  facet normal -0.751842 -0.659343 0
    outer loop
      vertex 43.7867 91.7175 0
      vertex 43.6142 91.9142 26.7
      vertex 43.6142 91.9142 0
    endloop
  endfacet
  facet normal -0.751842 -0.659343 0
    outer loop
      vertex 43.6142 91.9142 26.7
      vertex 43.7867 91.7175 0
      vertex 43.7867 91.7175 26.7
    endloop
  endfacet
  facet normal -0.555642 0.831422 0
    outer loop
      vertex 43.4175 0.4133 0
      vertex 43.2 0.267944 26.7
      vertex 43.4175 0.4133 26.7
    endloop
  endfacet
  facet normal -0.555642 0.831422 0
    outer loop
      vertex 43.2 0.267944 26.7
      vertex 43.4175 0.4133 0
      vertex 43.2 0.267944 0
    endloop
  endfacet
  facet normal 0.0653646 -0.997861 0
    outer loop
      vertex 1.73895 92.4829 0
      vertex 2 92.5 26.7
      vertex 1.73895 92.4829 26.7
    endloop
  endfacet
  facet normal 0.0653646 -0.997861 0
    outer loop
      vertex 2 92.5 26.7
      vertex 1.73895 92.4829 0
      vertex 2 92.5 0
    endloop
  endfacet
  facet normal 0.065384 0.99786 -0
    outer loop
      vertex 2 0 0
      vertex 1.73895 0.0171051 26.7
      vertex 2 0 26.7
    endloop
  endfacet
  facet normal 0.065384 0.99786 0
    outer loop
      vertex 1.73895 0.0171051 26.7
      vertex 2 0 0
      vertex 1.73895 0.0171051 0
    endloop
  endfacet
  facet normal -0.831344 -0.555758 0
    outer loop
      vertex 43.9321 91.5 0
      vertex 43.7867 91.7175 26.7
      vertex 43.7867 91.7175 0
    endloop
  endfacet
  facet normal -0.831344 -0.555758 0
    outer loop
      vertex 43.7867 91.7175 26.7
      vertex 43.9321 91.5 0
      vertex 43.9321 91.5 26.7
    endloop
  endfacet
  facet normal 0.321463 -0.946922 0
    outer loop
      vertex 1.23463 92.3478 0
      vertex 1.48236 92.4319 26.7
      vertex 1.23463 92.3478 26.7
    endloop
  endfacet
  facet normal 0.321463 -0.946922 0
    outer loop
      vertex 1.48236 92.4319 26.7
      vertex 1.23463 92.3478 0
      vertex 1.48236 92.4319 0
    endloop
  endfacet
  facet normal -0.0653771 -0.997861 0
    outer loop
      vertex 42.2 92.5 0
      vertex 42.461 92.4829 26.7
      vertex 42.2 92.5 26.7
    endloop
  endfacet
  facet normal -0.0653771 -0.997861 -0
    outer loop
      vertex 42.461 92.4829 26.7
      vertex 42.2 92.5 0
      vertex 42.461 92.4829 0
    endloop
  endfacet
  facet normal 0.751847 0.659337 0
    outer loop
      vertex 0.585785 0.585785 26.7
      vertex 0.4133 0.782471 0
      vertex 0.4133 0.782471 26.7
    endloop
  endfacet
  facet normal 0.751847 0.659337 0
    outer loop
      vertex 0.4133 0.782471 0
      vertex 0.585785 0.585785 26.7
      vertex 0.585785 0.585785 0
    endloop
  endfacet
  facet normal 0.555591 0.831456 -0
    outer loop
      vertex 1 0.267944 0
      vertex 0.782471 0.4133 26.7
      vertex 1 0.267944 26.7
    endloop
  endfacet
  facet normal 0.555591 0.831456 0
    outer loop
      vertex 0.782471 0.4133 26.7
      vertex 1 0.267944 0
      vertex 0.782471 0.4133 0
    endloop
  endfacet
  facet normal 0.980784 0.195097 0
    outer loop
      vertex 0.0681458 1.48236 26.7
      vertex 0.0171051 1.73895 0
      vertex 0.0171051 1.73895 26.7
    endloop
  endfacet
  facet normal 0.980784 0.195097 0
    outer loop
      vertex 0.0171051 1.73895 0
      vertex 0.0681458 1.48236 26.7
      vertex 0.0681458 1.48236 0
    endloop
  endfacet
  facet normal 0.659337 0.751847 -0
    outer loop
      vertex 0.782471 0.4133 0
      vertex 0.585785 0.585785 26.7
      vertex 0.782471 0.4133 26.7
    endloop
  endfacet
  facet normal 0.659337 0.751847 0
    outer loop
      vertex 0.585785 0.585785 26.7
      vertex 0.782471 0.4133 0
      vertex 0.585785 0.585785 0
    endloop
  endfacet
  facet normal 0.555707 -0.831378 0
    outer loop
      vertex 0.782471 92.0867 0
      vertex 1 92.2321 26.7
      vertex 0.782471 92.0867 26.7
    endloop
  endfacet
  facet normal 0.555707 -0.831378 0
    outer loop
      vertex 1 92.2321 26.7
      vertex 0.782471 92.0867 0
      vertex 1 92.2321 0
    endloop
  endfacet
  facet normal 0.997859 -0.0653965 0
    outer loop
      vertex 0 90.5 26.7
      vertex 0.0171051 90.761 0
      vertex 0.0171051 90.761 26.7
    endloop
  endfacet
  facet normal 0.997859 -0.0653965 0
    outer loop
      vertex 0.0171051 90.761 0
      vertex 0 90.5 26.7
      vertex 0 90.5 0
    endloop
  endfacet
  facet normal 0.44229 0.896872 -0
    outer loop
      vertex 1.23463 0.152237 0
      vertex 1 0.267944 26.7
      vertex 1.23463 0.152237 26.7
    endloop
  endfacet
  facet normal 0.44229 0.896872 0
    outer loop
      vertex 1 0.267944 26.7
      vertex 1.23463 0.152237 0
      vertex 1 0.267944 0
    endloop
  endfacet
  facet normal 0.896872 0.44229 0
    outer loop
      vertex 0.267944 1 26.7
      vertex 0.152237 1.23463 0
      vertex 0.152237 1.23463 26.7
    endloop
  endfacet
  facet normal 0.896872 0.44229 0
    outer loop
      vertex 0.152237 1.23463 0
      vertex 0.267944 1 26.7
      vertex 0.267944 1 0
    endloop
  endfacet
  facet normal 0.946932 0.321433 0
    outer loop
      vertex 0.152237 1.23463 26.7
      vertex 0.0681458 1.48236 0
      vertex 0.0681458 1.48236 26.7
    endloop
  endfacet
  facet normal 0.946932 0.321433 0
    outer loop
      vertex 0.0681458 1.48236 0
      vertex 0.152237 1.23463 26.7
      vertex 0.152237 1.23463 0
    endloop
  endfacet
  facet normal -1 0 0
    outer loop
      vertex 44.2 48.732 7.7741
      vertex 44.2 90.5 0
      vertex 44.2 48.75 7.5
    endloop
  endfacet
  facet normal -1 0 0
    outer loop
      vertex 44.2 90.5 0
      vertex 44.2 48.732 7.22589
      vertex 44.2 48.75 7.5
    endloop
  endfacet
  facet normal -1 0 0
    outer loop
      vertex 44.2 90.5 0
      vertex 44.2 48.6784 6.95648
      vertex 44.2 48.732 7.22589
    endloop
  endfacet
  facet normal -1 0 0
    outer loop
      vertex 44.2 90.5 0
      vertex 44.2 48.5901 6.69636
      vertex 44.2 48.6784 6.95648
    endloop
  endfacet
  facet normal -1 0 0
    outer loop
      vertex 44.2 90.5 0
      vertex 44.2 48.4687 6.45
      vertex 44.2 48.5901 6.69636
    endloop
  endfacet
  facet normal -1 0 0
    outer loop
      vertex 44.2 90.5 0
      vertex 44.2 48.316 6.2216
      vertex 44.2 48.4687 6.45
    endloop
  endfacet
  facet normal -1 0 0
    outer loop
      vertex 44.2 90.5 0
      vertex 44.2 48.1349 6.01508
      vertex 44.2 48.316 6.2216
    endloop
  endfacet
  facet normal -1 0 0
    outer loop
      vertex 44.2 90.5 0
      vertex 44.2 47.9284 5.83396
      vertex 44.2 48.1349 6.01508
    endloop
  endfacet
  facet normal -1 0 0
    outer loop
      vertex 44.2 90.5 0
      vertex 44.2 47.7 5.68135
      vertex 44.2 47.9284 5.83396
    endloop
  endfacet
  facet normal -1 0 0
    outer loop
      vertex 44.2 90.5 0
      vertex 44.2 47.4536 5.55985
      vertex 44.2 47.7 5.68135
    endloop
  endfacet
  facet normal -1 0 0
    outer loop
      vertex 44.2 90.5 0
      vertex 44.2 47.1935 5.47156
      vertex 44.2 47.4536 5.55985
    endloop
  endfacet
  facet normal -1 0 0
    outer loop
      vertex 44.2 90.5 0
      vertex 44.2 46.9241 5.41796
      vertex 44.2 47.1935 5.47156
    endloop
  endfacet
  facet normal -1 0 0
    outer loop
      vertex 44.2 90.5 0
      vertex 44.2 46.65 5.4
      vertex 44.2 46.9241 5.41796
    endloop
  endfacet
  facet normal -1 0 0
    outer loop
      vertex 44.2 2 0
      vertex 44.2 46.65 5.4
      vertex 44.2 90.5 0
    endloop
  endfacet
  facet normal -1 0 0
    outer loop
      vertex 44.2 44.568 7.22589
      vertex 44.2 37.95 7.5
      vertex 44.2 44.55 7.5
    endloop
  endfacet
  facet normal -1 0 0
    outer loop
      vertex 44.2 37.932 7.22589
      vertex 44.2 44.568 7.22589
      vertex 44.2 44.6216 6.95648
    endloop
  endfacet
  facet normal -1 0 0
    outer loop
      vertex 44.2 37.8784 6.95648
      vertex 44.2 44.6216 6.95648
      vertex 44.2 44.7099 6.69636
    endloop
  endfacet
  facet normal -1 0 0
    outer loop
      vertex 44.2 37.7901 6.69636
      vertex 44.2 44.7099 6.69636
      vertex 44.2 44.8313 6.45
    endloop
  endfacet
  facet normal -1 0 0
    outer loop
      vertex 44.2 37.6687 6.45
      vertex 44.2 44.8313 6.45
      vertex 44.2 44.984 6.2216
    endloop
  endfacet
  facet normal -1 0 0
    outer loop
      vertex 44.2 37.516 6.2216
      vertex 44.2 44.984 6.2216
      vertex 44.2 45.1651 6.01508
    endloop
  endfacet
  facet normal -1 0 0
    outer loop
      vertex 44.2 37.3349 6.01508
      vertex 44.2 45.1651 6.01508
      vertex 44.2 45.3716 5.83396
    endloop
  endfacet
  facet normal -1 0 0
    outer loop
      vertex 44.2 37.1284 5.83396
      vertex 44.2 45.3716 5.83396
      vertex 44.2 45.6 5.68135
    endloop
  endfacet
  facet normal -1 0 0
    outer loop
      vertex 44.2 36.9 5.68135
      vertex 44.2 45.6 5.68135
      vertex 44.2 45.8464 5.55985
    endloop
  endfacet
  facet normal -1 0 0
    outer loop
      vertex 44.2 36.6536 5.55985
      vertex 44.2 45.8464 5.55985
      vertex 44.2 46.1065 5.47156
    endloop
  endfacet
  facet normal -1 0 0
    outer loop
      vertex 44.2 44.568 7.22589
      vertex 44.2 37.932 7.22589
      vertex 44.2 37.95 7.5
    endloop
  endfacet
  facet normal -1 0 0
    outer loop
      vertex 44.2 44.6216 6.95648
      vertex 44.2 37.8784 6.95648
      vertex 44.2 37.932 7.22589
    endloop
  endfacet
  facet normal -1 0 0
    outer loop
      vertex 44.2 36.3935 5.47156
      vertex 44.2 46.1065 5.47156
      vertex 44.2 46.3759 5.41796
    endloop
  endfacet
  facet normal -1 0 0
    outer loop
      vertex 44.2 44.7099 6.69636
      vertex 44.2 37.7901 6.69636
      vertex 44.2 37.8784 6.95648
    endloop
  endfacet
  facet normal -1 0 0
    outer loop
      vertex 44.2 44.8313 6.45
      vertex 44.2 37.6687 6.45
      vertex 44.2 37.7901 6.69636
    endloop
  endfacet
  facet normal -1 0 -0
    outer loop
      vertex 44.2 35.85 5.4
      vertex 44.2 46.65 5.4
      vertex 44.2 2 0
    endloop
  endfacet
  facet normal -1 0 0
    outer loop
      vertex 44.2 44.984 6.2216
      vertex 44.2 37.516 6.2216
      vertex 44.2 37.6687 6.45
    endloop
  endfacet
  facet normal -1 0 0
    outer loop
      vertex 44.2 45.1651 6.01508
      vertex 44.2 37.3349 6.01508
      vertex 44.2 37.516 6.2216
    endloop
  endfacet
  facet normal -1 0 0
    outer loop
      vertex 44.2 45.3716 5.83396
      vertex 44.2 37.1284 5.83396
      vertex 44.2 37.3349 6.01508
    endloop
  endfacet
  facet normal -1 0 0
    outer loop
      vertex 44.2 45.6 5.68135
      vertex 44.2 36.9 5.68135
      vertex 44.2 37.1284 5.83396
    endloop
  endfacet
  facet normal -1 0 0
    outer loop
      vertex 44.2 45.8464 5.55985
      vertex 44.2 36.6536 5.55985
      vertex 44.2 36.9 5.68135
    endloop
  endfacet
  facet normal -1 0 0
    outer loop
      vertex 44.2 46.1065 5.47156
      vertex 44.2 36.3935 5.47156
      vertex 44.2 36.6536 5.55985
    endloop
  endfacet
  facet normal -1 0 0
    outer loop
      vertex 44.2 46.3759 5.41796
      vertex 44.2 36.1241 5.41796
      vertex 44.2 36.3935 5.47156
    endloop
  endfacet
  facet normal -1 -0 0
    outer loop
      vertex 44.2 46.3759 5.41796
      vertex 44.2 35.85 5.4
      vertex 44.2 36.1241 5.41796
    endloop
  endfacet
  facet normal -1 0 0
    outer loop
      vertex 44.2 46.65 5.4
      vertex 44.2 35.85 5.4
      vertex 44.2 46.3759 5.41796
    endloop
  endfacet
  facet normal -1 -0 0
    outer loop
      vertex 44.2 33.768 7.22589
      vertex 44.2 2 0
      vertex 44.2 33.75 7.5
    endloop
  endfacet
  facet normal -1 -0 0
    outer loop
      vertex 44.2 33.8216 6.95648
      vertex 44.2 2 0
      vertex 44.2 33.768 7.22589
    endloop
  endfacet
  facet normal -1 -0 0
    outer loop
      vertex 44.2 33.9099 6.69636
      vertex 44.2 2 0
      vertex 44.2 33.8216 6.95648
    endloop
  endfacet
  facet normal -1 -0 0
    outer loop
      vertex 44.2 34.0313 6.45
      vertex 44.2 2 0
      vertex 44.2 33.9099 6.69636
    endloop
  endfacet
  facet normal -1 -0 0
    outer loop
      vertex 44.2 34.184 6.2216
      vertex 44.2 2 0
      vertex 44.2 34.0313 6.45
    endloop
  endfacet
  facet normal -1 -0 0
    outer loop
      vertex 44.2 34.3651 6.01508
      vertex 44.2 2 0
      vertex 44.2 34.184 6.2216
    endloop
  endfacet
  facet normal -1 -0 0
    outer loop
      vertex 44.2 34.5716 5.83396
      vertex 44.2 2 0
      vertex 44.2 34.3651 6.01508
    endloop
  endfacet
  facet normal -1 -0 0
    outer loop
      vertex 44.2 34.8 5.68135
      vertex 44.2 2 0
      vertex 44.2 34.5716 5.83396
    endloop
  endfacet
  facet normal -1 -0 0
    outer loop
      vertex 44.2 35.0464 5.55985
      vertex 44.2 2 0
      vertex 44.2 34.8 5.68135
    endloop
  endfacet
  facet normal -1 -0 0
    outer loop
      vertex 44.2 35.3065 5.47156
      vertex 44.2 2 0
      vertex 44.2 35.0464 5.55985
    endloop
  endfacet
  facet normal -1 -0 0
    outer loop
      vertex 44.2 35.5759 5.41796
      vertex 44.2 2 0
      vertex 44.2 35.3065 5.47156
    endloop
  endfacet
  facet normal -1 -0 0
    outer loop
      vertex 44.2 35.85 5.4
      vertex 44.2 2 0
      vertex 44.2 35.5759 5.41796
    endloop
  endfacet
  facet normal -1 0 0
    outer loop
      vertex 44.2 48.6784 8.04352
      vertex 44.2 90.5 0
      vertex 44.2 48.732 7.7741
    endloop
  endfacet
  facet normal -1 0 0
    outer loop
      vertex 44.2 90.5 0
      vertex 44.2 48.6784 8.04352
      vertex 44.2 90.5 26.7
    endloop
  endfacet
  facet normal -1 0 0
    outer loop
      vertex 44.2 48.5901 8.30363
      vertex 44.2 90.5 26.7
      vertex 44.2 48.6784 8.04352
    endloop
  endfacet
  facet normal -1 0 0
    outer loop
      vertex 44.2 48.4687 8.55
      vertex 44.2 90.5 26.7
      vertex 44.2 48.5901 8.30363
    endloop
  endfacet
  facet normal -1 0 0
    outer loop
      vertex 44.2 48.316 8.7784
      vertex 44.2 90.5 26.7
      vertex 44.2 48.4687 8.55
    endloop
  endfacet
  facet normal -1 0 0
    outer loop
      vertex 44.2 48.1349 8.98492
      vertex 44.2 90.5 26.7
      vertex 44.2 48.316 8.7784
    endloop
  endfacet
  facet normal -1 0 0
    outer loop
      vertex 44.2 47.9284 9.16604
      vertex 44.2 90.5 26.7
      vertex 44.2 48.1349 8.98492
    endloop
  endfacet
  facet normal -1 0 0
    outer loop
      vertex 44.2 47.7 9.31865
      vertex 44.2 90.5 26.7
      vertex 44.2 47.9284 9.16604
    endloop
  endfacet
  facet normal -1 0 0
    outer loop
      vertex 44.2 47.4536 9.44015
      vertex 44.2 90.5 26.7
      vertex 44.2 47.7 9.31865
    endloop
  endfacet
  facet normal -1 0 0
    outer loop
      vertex 44.2 47.1935 9.52844
      vertex 44.2 90.5 26.7
      vertex 44.2 47.4536 9.44015
    endloop
  endfacet
  facet normal -1 0 0
    outer loop
      vertex 44.2 46.9241 9.58203
      vertex 44.2 90.5 26.7
      vertex 44.2 47.1935 9.52844
    endloop
  endfacet
  facet normal -1 0 0
    outer loop
      vertex 44.2 46.65 9.6
      vertex 44.2 90.5 26.7
      vertex 44.2 46.9241 9.58203
    endloop
  endfacet
  facet normal -1 0 0
    outer loop
      vertex 44.2 2 26.7
      vertex 44.2 46.65 9.6
      vertex 44.2 46.3759 9.58203
    endloop
  endfacet
  facet normal -1 0 0
    outer loop
      vertex 44.2 36.1241 9.58203
      vertex 44.2 46.3759 9.58203
      vertex 44.2 46.1065 9.52844
    endloop
  endfacet
  facet normal -1 0 0
    outer loop
      vertex 44.2 36.3935 9.52844
      vertex 44.2 46.1065 9.52844
      vertex 44.2 45.8464 9.44015
    endloop
  endfacet
  facet normal -1 0 0
    outer loop
      vertex 44.2 37.95 7.5
      vertex 44.2 44.568 7.7741
      vertex 44.2 44.55 7.5
    endloop
  endfacet
  facet normal -1 0 0
    outer loop
      vertex 44.2 37.932 7.7741
      vertex 44.2 44.568 7.7741
      vertex 44.2 37.95 7.5
    endloop
  endfacet
  facet normal -1 0 0
    outer loop
      vertex 44.2 44.568 7.7741
      vertex 44.2 37.932 7.7741
      vertex 44.2 44.6216 8.04352
    endloop
  endfacet
  facet normal -1 0 0
    outer loop
      vertex 44.2 37.8784 8.04352
      vertex 44.2 44.6216 8.04352
      vertex 44.2 37.932 7.7741
    endloop
  endfacet
  facet normal -1 0 0
    outer loop
      vertex 44.2 44.6216 8.04352
      vertex 44.2 37.8784 8.04352
      vertex 44.2 44.7099 8.30363
    endloop
  endfacet
  facet normal -1 0 0
    outer loop
      vertex 44.2 37.7901 8.30363
      vertex 44.2 44.7099 8.30363
      vertex 44.2 37.8784 8.04352
    endloop
  endfacet
  facet normal -1 0 0
    outer loop
      vertex 44.2 44.7099 8.30363
      vertex 44.2 37.7901 8.30363
      vertex 44.2 44.8313 8.55
    endloop
  endfacet
  facet normal -1 0 0
    outer loop
      vertex 44.2 37.6687 8.55
      vertex 44.2 44.8313 8.55
      vertex 44.2 37.7901 8.30363
    endloop
  endfacet
  facet normal -1 0 0
    outer loop
      vertex 44.2 44.8313 8.55
      vertex 44.2 37.6687 8.55
      vertex 44.2 44.984 8.7784
    endloop
  endfacet
  facet normal -1 0 0
    outer loop
      vertex 44.2 37.516 8.7784
      vertex 44.2 44.984 8.7784
      vertex 44.2 37.6687 8.55
    endloop
  endfacet
  facet normal -1 0 0
    outer loop
      vertex 44.2 44.984 8.7784
      vertex 44.2 37.516 8.7784
      vertex 44.2 45.1651 8.98492
    endloop
  endfacet
  facet normal -1 0 0
    outer loop
      vertex 44.2 37.3349 8.98492
      vertex 44.2 45.1651 8.98492
      vertex 44.2 37.516 8.7784
    endloop
  endfacet
  facet normal -1 0 0
    outer loop
      vertex 44.2 45.1651 8.98492
      vertex 44.2 37.3349 8.98492
      vertex 44.2 45.3716 9.16604
    endloop
  endfacet
  facet normal -1 0 0
    outer loop
      vertex 44.2 37.1284 9.16604
      vertex 44.2 45.3716 9.16604
      vertex 44.2 37.3349 8.98492
    endloop
  endfacet
  facet normal -1 0 0
    outer loop
      vertex 44.2 45.3716 9.16604
      vertex 44.2 37.1284 9.16604
      vertex 44.2 45.6 9.31865
    endloop
  endfacet
  facet normal -1 0 0
    outer loop
      vertex 44.2 36.9 9.31865
      vertex 44.2 45.6 9.31865
      vertex 44.2 37.1284 9.16604
    endloop
  endfacet
  facet normal -1 0 0
    outer loop
      vertex 44.2 45.6 9.31865
      vertex 44.2 36.9 9.31865
      vertex 44.2 45.8464 9.44015
    endloop
  endfacet
  facet normal -1 0 0
    outer loop
      vertex 44.2 36.6536 9.44015
      vertex 44.2 45.8464 9.44015
      vertex 44.2 36.9 9.31865
    endloop
  endfacet
  facet normal -1 0 0
    outer loop
      vertex 44.2 36.3935 9.52844
      vertex 44.2 45.8464 9.44015
      vertex 44.2 36.6536 9.44015
    endloop
  endfacet
  facet normal -1 0 0
    outer loop
      vertex 44.2 46.1065 9.52844
      vertex 44.2 36.3935 9.52844
      vertex 44.2 36.1241 9.58203
    endloop
  endfacet
  facet normal -1 0 0
    outer loop
      vertex 44.2 46.3759 9.58203
      vertex 44.2 36.1241 9.58203
      vertex 44.2 2 26.7
    endloop
  endfacet
  facet normal -1 0 0
    outer loop
      vertex 44.2 2 26.7
      vertex 44.2 36.1241 9.58203
      vertex 44.2 35.85 9.6
    endloop
  endfacet
  facet normal -1 0 0
    outer loop
      vertex 44.2 2 26.7
      vertex 44.2 35.85 9.6
      vertex 44.2 35.5759 9.58203
    endloop
  endfacet
  facet normal -1 0 0
    outer loop
      vertex 44.2 2 26.7
      vertex 44.2 35.5759 9.58203
      vertex 44.2 35.3065 9.52844
    endloop
  endfacet
  facet normal -1 0 0
    outer loop
      vertex 44.2 2 0
      vertex 44.2 33.768 7.7741
      vertex 44.2 33.75 7.5
    endloop
  endfacet
  facet normal -1 0 0
    outer loop
      vertex 44.2 2 0
      vertex 44.2 33.8216 8.04352
      vertex 44.2 33.768 7.7741
    endloop
  endfacet
  facet normal -1 0 0
    outer loop
      vertex 44.2 2 26.7
      vertex 44.2 33.8216 8.04352
      vertex 44.2 2 0
    endloop
  endfacet
  facet normal -1 0 0
    outer loop
      vertex 44.2 33.8216 8.04352
      vertex 44.2 2 26.7
      vertex 44.2 33.9099 8.30363
    endloop
  endfacet
  facet normal -1 0 0
    outer loop
      vertex 44.2 33.9099 8.30363
      vertex 44.2 2 26.7
      vertex 44.2 34.0313 8.55
    endloop
  endfacet
  facet normal -1 0 0
    outer loop
      vertex 44.2 34.0313 8.55
      vertex 44.2 2 26.7
      vertex 44.2 34.184 8.7784
    endloop
  endfacet
  facet normal -1 0 0
    outer loop
      vertex 44.2 34.184 8.7784
      vertex 44.2 2 26.7
      vertex 44.2 34.3651 8.98492
    endloop
  endfacet
  facet normal -1 0 0
    outer loop
      vertex 44.2 34.3651 8.98492
      vertex 44.2 2 26.7
      vertex 44.2 34.5716 9.16604
    endloop
  endfacet
  facet normal -1 0 0
    outer loop
      vertex 44.2 34.5716 9.16604
      vertex 44.2 2 26.7
      vertex 44.2 34.8 9.31865
    endloop
  endfacet
  facet normal -1 0 0
    outer loop
      vertex 44.2 34.8 9.31865
      vertex 44.2 2 26.7
      vertex 44.2 35.0464 9.44015
    endloop
  endfacet
  facet normal -1 0 0
    outer loop
      vertex 44.2 35.0464 9.44015
      vertex 44.2 2 26.7
      vertex 44.2 35.3065 9.52844
    endloop
  endfacet
  facet normal -1 0 0
    outer loop
      vertex 44.2 46.65 9.6
      vertex 44.2 2 26.7
      vertex 44.2 90.5 26.7
    endloop
  endfacet
  facet normal -0.997861 0.0653646 0
    outer loop
      vertex 44.1829 1.73895 0
      vertex 44.2 2 26.7
      vertex 44.2 2 0
    endloop
  endfacet
  facet normal -0.997861 0.0653646 0
    outer loop
      vertex 44.2 2 26.7
      vertex 44.1829 1.73895 0
      vertex 44.1829 1.73895 26.7
    endloop
  endfacet
  facet normal 0.321433 0.946932 -0
    outer loop
      vertex 1.48236 0.0681458 0
      vertex 1.23463 0.152237 26.7
      vertex 1.48236 0.0681458 26.7
    endloop
  endfacet
  facet normal 0.321433 0.946932 0
    outer loop
      vertex 1.23463 0.152237 26.7
      vertex 1.48236 0.0681458 0
      vertex 1.23463 0.152237 0
    endloop
  endfacet
  facet normal -0.89686 -0.442314 0
    outer loop
      vertex 44.0478 91.2654 0
      vertex 43.9321 91.5 26.7
      vertex 43.9321 91.5 0
    endloop
  endfacet
  facet normal -0.89686 -0.442314 0
    outer loop
      vertex 43.9321 91.5 26.7
      vertex 44.0478 91.2654 0
      vertex 44.0478 91.2654 26.7
    endloop
  endfacet
  facet normal -0.659311 0.751871 0
    outer loop
      vertex 43.6142 0.585785 0
      vertex 43.4175 0.4133 26.7
      vertex 43.6142 0.585785 26.7
    endloop
  endfacet
  facet normal -0.659311 0.751871 0
    outer loop
      vertex 43.4175 0.4133 26.7
      vertex 43.6142 0.585785 0
      vertex 43.4175 0.4133 0
    endloop
  endfacet
  facet normal -0.321382 -0.94695 0
    outer loop
      vertex 42.7176 92.4319 0
      vertex 42.9654 92.3478 26.7
      vertex 42.7176 92.4319 26.7
    endloop
  endfacet
  facet normal -0.321382 -0.94695 -0
    outer loop
      vertex 42.9654 92.3478 26.7
      vertex 42.7176 92.4319 0
      vertex 42.9654 92.3478 0
    endloop
  endfacet
  facet normal -0.659343 -0.751842 0
    outer loop
      vertex 43.4175 92.0867 0
      vertex 43.6142 91.9142 26.7
      vertex 43.4175 92.0867 26.7
    endloop
  endfacet
  facet normal -0.659343 -0.751842 -0
    outer loop
      vertex 43.6142 91.9142 26.7
      vertex 43.4175 92.0867 0
      vertex 43.6142 91.9142 0
    endloop
  endfacet
  facet normal 0.94696 -0.321352 0
    outer loop
      vertex 0.0681458 91.0176 26.7
      vertex 0.152237 91.2654 0
      vertex 0.152237 91.2654 26.7
    endloop
  endfacet
  facet normal 0.94696 -0.321352 0
    outer loop
      vertex 0.152237 91.2654 0
      vertex 0.0681458 91.0176 26.7
      vertex 0.0681458 91.0176 0
    endloop
  endfacet
  facet normal -0.442314 -0.89686 0
    outer loop
      vertex 42.9654 92.3478 0
      vertex 43.2 92.2321 26.7
      vertex 42.9654 92.3478 26.7
    endloop
  endfacet
  facet normal -0.442314 -0.89686 -0
    outer loop
      vertex 43.2 92.2321 26.7
      vertex 42.9654 92.3478 0
      vertex 43.2 92.2321 0
    endloop
  endfacet
  facet normal -0.321352 0.94696 0
    outer loop
      vertex 42.9654 0.152237 0
      vertex 42.7176 0.0681458 26.7
      vertex 42.9654 0.152237 26.7
    endloop
  endfacet
  facet normal -0.321352 0.94696 0
    outer loop
      vertex 42.7176 0.0681458 26.7
      vertex 42.9654 0.152237 0
      vertex 42.7176 0.0681458 0
    endloop
  endfacet
  facet normal 0.194947 -0.980814 0
    outer loop
      vertex 1.48236 92.4319 0
      vertex 1.73895 92.4829 26.7
      vertex 1.48236 92.4319 26.7
    endloop
  endfacet
  facet normal 0.194947 -0.980814 0
    outer loop
      vertex 1.73895 92.4829 26.7
      vertex 1.48236 92.4319 0
      vertex 1.73895 92.4829 0
    endloop
  endfacet
  facet normal -0.980814 0.194947 0
    outer loop
      vertex 44.1319 1.48236 0
      vertex 44.1829 1.73895 26.7
      vertex 44.1829 1.73895 0
    endloop
  endfacet
  facet normal -0.980814 0.194947 0
    outer loop
      vertex 44.1829 1.73895 26.7
      vertex 44.1319 1.48236 0
      vertex 44.1319 1.48236 26.7
    endloop
  endfacet
  facet normal 0 0 1
    outer loop
      vertex 42.2 0 0
      vertex 6.07861 4.22631 0
      vertex 6.1 3.9 0
    endloop
  endfacet
  facet normal 0 0 1
    outer loop
      vertex 6.52829 42.9872 0
      vertex 6.01481 4.54705 0
      vertex 6.07861 4.22631 0
    endloop
  endfacet
  facet normal 0 0 1
    outer loop
      vertex 6.52829 42.9872 0
      vertex 5.9097 4.85671 0
      vertex 6.01481 4.54705 0
    endloop
  endfacet
  facet normal 0 0 1
    outer loop
      vertex 6.52829 42.9872 0
      vertex 5.76506 5.15 0
      vertex 5.9097 4.85671 0
    endloop
  endfacet
  facet normal 0 0 1
    outer loop
      vertex 3.6 6.4 0
      vertex 6.1 42.9591 0
      vertex 5.67171 42.9872 0
    endloop
  endfacet
  facet normal 0 0 1
    outer loop
      vertex 3.6 6.4 0
      vertex 5.67171 42.9872 0
      vertex 5.67045 42.9872 0
    endloop
  endfacet
  facet normal 0 0 1
    outer loop
      vertex 3.27368 6.37861 0
      vertex 5.67045 42.9872 0
      vertex 5.66921 42.9875 0
    endloop
  endfacet
  facet normal 0 0 1
    outer loop
      vertex 6.52829 42.9872 0
      vertex 5.58338 5.4219 0
      vertex 5.76506 5.15 0
    endloop
  endfacet
  facet normal 0 0 1
    outer loop
      vertex 6.52829 42.9872 0
      vertex 5.36777 5.66777 0
      vertex 5.58338 5.4219 0
    endloop
  endfacet
  facet normal 0 0 1
    outer loop
      vertex 3.27368 6.37861 0
      vertex 5.66921 42.9875 0
      vertex 5.24825 43.0712 0
    endloop
  endfacet
  facet normal 0 0 1
    outer loop
      vertex 6.52829 42.9872 0
      vertex 5.1219 5.88338 0
      vertex 5.36777 5.66777 0
    endloop
  endfacet
  facet normal 0 0 1
    outer loop
      vertex 6.52829 42.9872 0
      vertex 4.85 6.06506 0
      vertex 5.1219 5.88338 0
    endloop
  endfacet
  facet normal 0 0 1
    outer loop
      vertex 2.95295 6.31481 0
      vertex 5.24825 43.0712 0
      vertex 4.84182 43.2092 0
    endloop
  endfacet
  facet normal 0 0 1
    outer loop
      vertex 2.95295 6.31481 0
      vertex 4.84182 43.2092 0
      vertex 4.84062 43.2096 0
    endloop
  endfacet
  facet normal 0 0 1
    outer loop
      vertex 6.52829 42.9872 0
      vertex 4.55671 6.2097 0
      vertex 4.85 6.06506 0
    endloop
  endfacet
  facet normal 0 0 1
    outer loop
      vertex 2.64329 6.2097 0
      vertex 4.84062 43.2096 0
      vertex 4.45568 43.3994 0
    endloop
  endfacet
  facet normal 0 0 1
    outer loop
      vertex 2.64329 6.2097 0
      vertex 4.45568 43.3994 0
      vertex 4.45455 43.4 0
    endloop
  endfacet
  facet normal 0 0 1
    outer loop
      vertex 2.35 6.06506 0
      vertex 4.45455 43.4 0
      vertex 4.45349 43.4007 0
    endloop
  endfacet
  facet normal 0 0 1
    outer loop
      vertex 6.52829 42.9872 0
      vertex 4.24705 6.31481 0
      vertex 4.55671 6.2097 0
    endloop
  endfacet
  facet normal 0 0 1
    outer loop
      vertex 2.35 6.06506 0
      vertex 4.45349 43.4007 0
      vertex 4.09662 43.6391 0
    endloop
  endfacet
  facet normal 0 0 1
    outer loop
      vertex 2.0781 5.88338 0
      vertex 4.09662 43.6391 0
      vertex 4.09567 43.64 0
    endloop
  endfacet
  facet normal 0 0 1
    outer loop
      vertex 6.1 42.9591 0
      vertex 3.92632 6.37861 0
      vertex 4.24705 6.31481 0
    endloop
  endfacet
  facet normal 0 0 1
    outer loop
      vertex 2.0781 5.88338 0
      vertex 4.09567 43.64 0
      vertex 3.77297 43.923 0
    endloop
  endfacet
  facet normal 0 0 1
    outer loop
      vertex 1.83223 5.66777 0
      vertex 3.77297 43.923 0
      vertex 3.77214 43.9239 0
    endloop
  endfacet
  facet normal 0 0 1
    outer loop
      vertex 6.1 42.9591 0
      vertex 3.6 6.4 0
      vertex 3.92632 6.37861 0
    endloop
  endfacet
  facet normal 0 0 1
    outer loop
      vertex 1.83223 5.66777 0
      vertex 3.77214 43.9239 0
      vertex 3.48915 44.2466 0
    endloop
  endfacet
  facet normal 0 0 1
    outer loop
      vertex 1.61662 5.4219 0
      vertex 3.48915 44.2466 0
      vertex 3.48844 44.2477 0
    endloop
  endfacet
  facet normal 0 0 1
    outer loop
      vertex 5.67045 42.9872 0
      vertex 3.27368 6.37861 0
      vertex 3.6 6.4 0
    endloop
  endfacet
  facet normal 0 0 1
    outer loop
      vertex 1.61662 5.4219 0
      vertex 3.48844 44.2477 0
      vertex 3.24999 44.6045 0
    endloop
  endfacet
  facet normal 0 0 1
    outer loop
      vertex 1.43494 5.15 0
      vertex 3.24999 44.6045 0
      vertex 3.06015 44.9895 0
    endloop
  endfacet
  facet normal 0 0 1
    outer loop
      vertex 1.43494 5.15 0
      vertex 3.06015 44.9895 0
      vertex 3.0596 44.9906 0
    endloop
  endfacet
  facet normal 0 0 1
    outer loop
      vertex 1.2903 4.85671 0
      vertex 3.0596 44.9906 0
      vertex 3.05919 44.9918 0
    endloop
  endfacet
  facet normal 0 0 1
    outer loop
      vertex 5.24825 43.0712 0
      vertex 2.95295 6.31481 0
      vertex 3.27368 6.37861 0
    endloop
  endfacet
  facet normal 0 0 1
    outer loop
      vertex 1.2903 4.85671 0
      vertex 3.05919 44.9918 0
      vertex 2.92122 45.3983 0
    endloop
  endfacet
  facet normal 0 0 1
    outer loop
      vertex 0 2 0
      vertex 2.92122 45.3983 0
      vertex 2.92098 45.3995 0
    endloop
  endfacet
  facet normal 0 0 1
    outer loop
      vertex 0 2 0
      vertex 2.92098 45.3995 0
      vertex 2.83724 45.8204 0
    endloop
  endfacet
  facet normal 0 0 1
    outer loop
      vertex 1.58519 54.853 0
      vertex 2.83724 45.8204 0
      vertex 2.80917 46.2487 0
    endloop
  endfacet
  facet normal 0 0 1
    outer loop
      vertex 1.58519 54.853 0
      vertex 2.80917 46.2487 0
      vertex 2.80909 46.25 0
    endloop
  endfacet
  facet normal 0 0 1
    outer loop
      vertex 2.92122 47.1017 0
      vertex 1.83494 54.25 0
      vertex 2.92098 47.1005 0
    endloop
  endfacet
  facet normal 0 0 1
    outer loop
      vertex 4.84062 43.2096 0
      vertex 2.64329 6.2097 0
      vertex 2.95295 6.31481 0
    endloop
  endfacet
  facet normal 0 0 1
    outer loop
      vertex 2.92098 47.1005 0
      vertex 1.83494 54.25 0
      vertex 2.83724 46.6796 0
    endloop
  endfacet
  facet normal 0 0 1
    outer loop
      vertex 4.45455 43.4 0
      vertex 2.35 6.06506 0
      vertex 2.64329 6.2097 0
    endloop
  endfacet
  facet normal 0 0 1
    outer loop
      vertex 1.6903 54.5433 0
      vertex 2.83724 46.6796 0
      vertex 1.83494 54.25 0
    endloop
  endfacet
  facet normal 0 0 1
    outer loop
      vertex 4.09662 43.6391 0
      vertex 2.0781 5.88338 0
      vertex 2.35 6.06506 0
    endloop
  endfacet
  facet normal 0 0 1
    outer loop
      vertex 2.83724 46.6796 0
      vertex 1.6903 54.5433 0
      vertex 2.80917 46.2513 0
    endloop
  endfacet
  facet normal 0 0 1
    outer loop
      vertex 2.80917 46.2513 0
      vertex 1.6903 54.5433 0
      vertex 2.80909 46.25 0
    endloop
  endfacet
  facet normal 0 0 1
    outer loop
      vertex 3.77297 43.923 0
      vertex 1.83223 5.66777 0
      vertex 2.0781 5.88338 0
    endloop
  endfacet
  facet normal 0 0 1
    outer loop
      vertex 1.58519 54.853 0
      vertex 2.80909 46.25 0
      vertex 1.6903 54.5433 0
    endloop
  endfacet
  facet normal 0 0 1
    outer loop
      vertex 3.48915 44.2466 0
      vertex 1.61662 5.4219 0
      vertex 1.83223 5.66777 0
    endloop
  endfacet
  facet normal 0 0 1
    outer loop
      vertex 2.83724 45.8204 0
      vertex 1.58519 54.853 0
      vertex 1.52139 55.1737 0
    endloop
  endfacet
  facet normal 0 0 1
    outer loop
      vertex 2.83724 45.8204 0
      vertex 1.52139 55.1737 0
      vertex 0 2 0
    endloop
  endfacet
  facet normal 0 0 1
    outer loop
      vertex 0 2 0
      vertex 1.52139 55.1737 0
      vertex 1.5 55.5 0
    endloop
  endfacet
  facet normal 0 0 1
    outer loop
      vertex 3.24999 44.6045 0
      vertex 1.43494 5.15 0
      vertex 1.61662 5.4219 0
    endloop
  endfacet
  facet normal 0 0 1
    outer loop
      vertex 9.2 65.5 0
      vertex 35 65.5 0
      vertex 35 91.29 0
    endloop
  endfacet
  facet normal 0 0 1
    outer loop
      vertex 8.95001 47.8955 0
      vertex 35 65.5 0
      vertex 9.2 65.5 0
    endloop
  endfacet
  facet normal 0 0 1
    outer loop
      vertex 35 65.5 0
      vertex 8.95001 47.8955 0
      vertex 34.9212 47.1017 0
    endloop
  endfacet
  facet normal -0 -0 1
    outer loop
      vertex 8.95057 47.8943 0
      vertex 34.9212 47.1017 0
      vertex 8.95001 47.8955 0
    endloop
  endfacet
  facet normal -0 -0 1
    outer loop
      vertex 9.1404 47.5094 0
      vertex 34.9212 47.1017 0
      vertex 8.95057 47.8943 0
    endloop
  endfacet
  facet normal -0 -0 1
    outer loop
      vertex 9.27837 47.1029 0
      vertex 34.9212 47.1017 0
      vertex 9.1404 47.5094 0
    endloop
  endfacet
  facet normal 0 0 1
    outer loop
      vertex 34.8091 46.25 0
      vertex 9.39083 46.2513 0
      vertex 9.39091 46.25 0
    endloop
  endfacet
  facet normal 0 0 1
    outer loop
      vertex 34.8092 46.2513 0
      vertex 9.39083 46.2513 0
      vertex 34.8091 46.25 0
    endloop
  endfacet
  facet normal 0 -0 1
    outer loop
      vertex 9.39083 46.2513 0
      vertex 34.8092 46.2513 0
      vertex 9.36276 46.6796 0
    endloop
  endfacet
  facet normal 0 0 1
    outer loop
      vertex 34.8372 46.6796 0
      vertex 9.36276 46.6796 0
      vertex 34.8092 46.2513 0
    endloop
  endfacet
  facet normal 0 -0 1
    outer loop
      vertex 9.27877 47.1017 0
      vertex 34.9212 47.1017 0
      vertex 9.27837 47.1029 0
    endloop
  endfacet
  facet normal 0 0 1
    outer loop
      vertex 9.2 65.5 0
      vertex 35 91.29 0
      vertex 9.2 91.29 0
    endloop
  endfacet
  facet normal 0 -0 1
    outer loop
      vertex 9.36276 46.6796 0
      vertex 34.8372 46.6796 0
      vertex 9.27902 47.1005 0
    endloop
  endfacet
  facet normal 0 0 1
    outer loop
      vertex 34.921 47.1005 0
      vertex 9.27902 47.1005 0
      vertex 34.8372 46.6796 0
    endloop
  endfacet
  facet normal 0 -0 1
    outer loop
      vertex 9.27902 47.1005 0
      vertex 34.921 47.1005 0
      vertex 9.27877 47.1017 0
    endloop
  endfacet
  facet normal 0 0 1
    outer loop
      vertex 34.9212 47.1017 0
      vertex 9.27877 47.1017 0
      vertex 34.921 47.1005 0
    endloop
  endfacet
  facet normal 0 0 1
    outer loop
      vertex 9.2 65.5 0
      vertex 8.71156 48.2523 0
      vertex 8.95001 47.8955 0
    endloop
  endfacet
  facet normal 0 0 1
    outer loop
      vertex 9.2 65.5 0
      vertex 8.71085 48.2534 0
      vertex 8.71156 48.2523 0
    endloop
  endfacet
  facet normal 0 0 1
    outer loop
      vertex 9.2 65.5 0
      vertex 8.42786 48.5761 0
      vertex 8.71085 48.2534 0
    endloop
  endfacet
  facet normal 0 0 1
    outer loop
      vertex 9.2 65.5 0
      vertex 8.42702 48.577 0
      vertex 8.42786 48.5761 0
    endloop
  endfacet
  facet normal 0 0 1
    outer loop
      vertex 9.2 65.5 0
      vertex 8.42607 48.5779 0
      vertex 8.42702 48.577 0
    endloop
  endfacet
  facet normal 0 0 1
    outer loop
      vertex 9.2 65.5 0
      vertex 8.10338 48.8609 0
      vertex 8.42607 48.5779 0
    endloop
  endfacet
  facet normal 0 0 1
    outer loop
      vertex 5.5219 57.4834 0
      vertex 9.2 65.5 0
      vertex 8 65.5 0
    endloop
  endfacet
  facet normal 0 0 1
    outer loop
      vertex 9.2 65.5 0
      vertex 7.74651 49.0993 0
      vertex 8.10338 48.8609 0
    endloop
  endfacet
  facet normal 0 0 1
    outer loop
      vertex 37.7 55.5 0
      vertex 36.4535 49.0993 0
      vertex 36.4545 49.1 0
    endloop
  endfacet
  facet normal 0 -0 1
    outer loop
      vertex 35.25 47.8955 0
      vertex 37.7 55.5 0
      vertex 35 65.5 0
    endloop
  endfacet
  facet normal 0 0 1
    outer loop
      vertex 37.7 55.5 0
      vertex 36.0966 48.8609 0
      vertex 36.4535 49.0993 0
    endloop
  endfacet
  facet normal 0 0 1
    outer loop
      vertex 37.7 55.5 0
      vertex 36.0957 48.86 0
      vertex 36.0966 48.8609 0
    endloop
  endfacet
  facet normal 0 0 1
    outer loop
      vertex 37.7 55.5 0
      vertex 35.773 48.577 0
      vertex 36.0957 48.86 0
    endloop
  endfacet
  facet normal 0 0 1
    outer loop
      vertex 37.7 55.5 0
      vertex 35.7721 48.5761 0
      vertex 35.773 48.577 0
    endloop
  endfacet
  facet normal 0 0 1
    outer loop
      vertex 37.7 55.5 0
      vertex 35.4891 48.2534 0
      vertex 35.7721 48.5761 0
    endloop
  endfacet
  facet normal 0 0 1
    outer loop
      vertex 37.7 55.5 0
      vertex 35.4884 48.2523 0
      vertex 35.4891 48.2534 0
    endloop
  endfacet
  facet normal 0 0 1
    outer loop
      vertex 37.7 55.5 0
      vertex 35.25 47.8955 0
      vertex 35.4884 48.2523 0
    endloop
  endfacet
  facet normal 0 0 1
    outer loop
      vertex 35.25 47.8955 0
      vertex 35 65.5 0
      vertex 35.0602 47.5105 0
    endloop
  endfacet
  facet normal 0 0 1
    outer loop
      vertex 35.0602 47.5105 0
      vertex 35 65.5 0
      vertex 35.0596 47.5094 0
    endloop
  endfacet
  facet normal 0 0 1
    outer loop
      vertex 35.0596 47.5094 0
      vertex 35 65.5 0
      vertex 35.0592 47.5082 0
    endloop
  endfacet
  facet normal 0 0 1
    outer loop
      vertex 35.0592 47.5082 0
      vertex 35 65.5 0
      vertex 34.9212 47.1017 0
    endloop
  endfacet
  facet normal -0 0 1
    outer loop
      vertex 7.08074 87.8941 0
      vertex 8 65.5 0
      vertex 7.17006 88.3432 0
    endloop
  endfacet
  facet normal -0 0 1
    outer loop
      vertex 6.93358 87.4606 0
      vertex 8 65.5 0
      vertex 7.08074 87.8941 0
    endloop
  endfacet
  facet normal 0 0 1
    outer loop
      vertex 9.2 65.5 0
      vertex 6.47861 55.8263 0
      vertex 6.5 55.5 0
    endloop
  endfacet
  facet normal -0 0 1
    outer loop
      vertex 6.73109 87.05 0
      vertex 8 65.5 0
      vertex 6.93358 87.4606 0
    endloop
  endfacet
  facet normal -0 0 1
    outer loop
      vertex 6.47674 86.6693 0
      vertex 8 65.5 0
      vertex 6.73109 87.05 0
    endloop
  endfacet
  facet normal -0 0 1
    outer loop
      vertex 6.47861 55.1737 0
      vertex 7.35818 49.2908 0
      vertex 6.5 55.5 0
    endloop
  endfacet
  facet normal -0 0 1
    outer loop
      vertex 6.41481 54.853 0
      vertex 7.35818 49.2908 0
      vertex 6.47861 55.1737 0
    endloop
  endfacet
  facet normal -0 0 1
    outer loop
      vertex 6.3097 54.5433 0
      vertex 7.35818 49.2908 0
      vertex 6.41481 54.853 0
    endloop
  endfacet
  facet normal -0 0 1
    outer loop
      vertex 6.16506 54.25 0
      vertex 7.35818 49.2908 0
      vertex 6.3097 54.5433 0
    endloop
  endfacet
  facet normal 0 0 1
    outer loop
      vertex 9.2 65.5 0
      vertex 6.5 55.5 0
      vertex 7.35818 49.2908 0
    endloop
  endfacet
  facet normal -0 0 1
    outer loop
      vertex 6.17487 86.3251 0
      vertex 8 65.5 0
      vertex 6.47674 86.6693 0
    endloop
  endfacet
  facet normal 0 0 1
    outer loop
      vertex 9.2 65.5 0
      vertex 6.41481 56.147 0
      vertex 6.47861 55.8263 0
    endloop
  endfacet
  facet normal 0 0 1
    outer loop
      vertex 9.2 65.5 0
      vertex 6.3097 56.4567 0
      vertex 6.41481 56.147 0
    endloop
  endfacet
  facet normal -0 0 1
    outer loop
      vertex 5.83066 86.0233 0
      vertex 8 65.5 0
      vertex 6.17487 86.3251 0
    endloop
  endfacet
  facet normal 0 0 1
    outer loop
      vertex 9.2 65.5 0
      vertex 6.16506 56.75 0
      vertex 6.3097 56.4567 0
    endloop
  endfacet
  facet normal 0 0 1
    outer loop
      vertex 9.2 65.5 0
      vertex 5.98338 57.0219 0
      vertex 6.16506 56.75 0
    endloop
  endfacet
  facet normal -0 0 1
    outer loop
      vertex 5.45 85.7689 0
      vertex 8 65.5 0
      vertex 5.83066 86.0233 0
    endloop
  endfacet
  facet normal 0 0 1
    outer loop
      vertex 9.2 65.5 0
      vertex 5.76777 57.2678 0
      vertex 5.98338 57.0219 0
    endloop
  endfacet
  facet normal 0 0 1
    outer loop
      vertex 9.2 65.5 0
      vertex 5.5219 57.4834 0
      vertex 5.76777 57.2678 0
    endloop
  endfacet
  facet normal -0 0 1
    outer loop
      vertex 5.03939 85.5664 0
      vertex 8 65.5 0
      vertex 5.45 85.7689 0
    endloop
  endfacet
  facet normal 0 0 1
    outer loop
      vertex 8 65.5 0
      vertex 5.25 57.6651 0
      vertex 5.5219 57.4834 0
    endloop
  endfacet
  facet normal -0 0 1
    outer loop
      vertex 4.60587 85.4193 0
      vertex 8 65.5 0
      vertex 5.03939 85.5664 0
    endloop
  endfacet
  facet normal 0 0 1
    outer loop
      vertex 8 65.5 0
      vertex 4.95671 57.8097 0
      vertex 5.25 57.6651 0
    endloop
  endfacet
  facet normal 0 0 1
    outer loop
      vertex 8 65.5 0
      vertex 4.64705 57.9148 0
      vertex 4.95671 57.8097 0
    endloop
  endfacet
  facet normal -0 0 1
    outer loop
      vertex 4.15684 85.3299 0
      vertex 8 65.5 0
      vertex 4.60587 85.4193 0
    endloop
  endfacet
  facet normal 0 0 1
    outer loop
      vertex 8 65.5 0
      vertex 4.32631 57.9786 0
      vertex 4.64705 57.9148 0
    endloop
  endfacet
  facet normal -0 0 1
    outer loop
      vertex 3.7 85.3 0
      vertex 8 65.5 0
      vertex 4.15684 85.3299 0
    endloop
  endfacet
  facet normal 0 0 1
    outer loop
      vertex 8 65.5 0
      vertex 4 58 0
      vertex 4.32631 57.9786 0
    endloop
  endfacet
  facet normal 0 0 1
    outer loop
      vertex 3.24316 85.3299 0
      vertex 8 65.5 0
      vertex 3.7 85.3 0
    endloop
  endfacet
  facet normal 0 0 1
    outer loop
      vertex 8 65.5 0
      vertex 3.67368 57.9786 0
      vertex 4 58 0
    endloop
  endfacet
  facet normal 0 0 1
    outer loop
      vertex 2.79413 85.4193 0
      vertex 8 65.5 0
      vertex 3.24316 85.3299 0
    endloop
  endfacet
  facet normal 0 0 1
    outer loop
      vertex 8 65.5 0
      vertex 3.35295 57.9148 0
      vertex 3.67368 57.9786 0
    endloop
  endfacet
  facet normal 0 0 1
    outer loop
      vertex 2.36061 85.5664 0
      vertex 8 65.5 0
      vertex 2.79413 85.4193 0
    endloop
  endfacet
  facet normal 0 0 1
    outer loop
      vertex 8 65.5 0
      vertex 3.04329 57.8097 0
      vertex 3.35295 57.9148 0
    endloop
  endfacet
  facet normal 0 0 1
    outer loop
      vertex 1.95 85.7689 0
      vertex 8 65.5 0
      vertex 2.36061 85.5664 0
    endloop
  endfacet
  facet normal 0 0 1
    outer loop
      vertex 8 65.5 0
      vertex 2.75 57.6651 0
      vertex 3.04329 57.8097 0
    endloop
  endfacet
  facet normal 0 0 1
    outer loop
      vertex 1.56933 86.0233 0
      vertex 8 65.5 0
      vertex 1.95 85.7689 0
    endloop
  endfacet
  facet normal 0 0 1
    outer loop
      vertex 8 65.5 0
      vertex 2.4781 57.4834 0
      vertex 2.75 57.6651 0
    endloop
  endfacet
  facet normal 0 0 1
    outer loop
      vertex 8 65.5 0
      vertex 1.56933 86.0233 0
      vertex 2.4781 57.4834 0
    endloop
  endfacet
  facet normal 0 0 1
    outer loop
      vertex 2.4781 57.4834 0
      vertex 1.56933 86.0233 0
      vertex 2.23223 57.2678 0
    endloop
  endfacet
  facet normal 0 0 1
    outer loop
      vertex 1.22513 86.3251 0
      vertex 2.23223 57.2678 0
      vertex 1.56933 86.0233 0
    endloop
  endfacet
  facet normal 0 0 1
    outer loop
      vertex 2.23223 57.2678 0
      vertex 1.22513 86.3251 0
      vertex 2.01662 57.0219 0
    endloop
  endfacet
  facet normal 0 0 1
    outer loop
      vertex 0.923263 86.6693 0
      vertex 2.01662 57.0219 0
      vertex 1.22513 86.3251 0
    endloop
  endfacet
  facet normal 0 0 1
    outer loop
      vertex 2.01662 57.0219 0
      vertex 0.923263 86.6693 0
      vertex 1.83494 56.75 0
    endloop
  endfacet
  facet normal 0 0 1
    outer loop
      vertex 0.668911 87.05 0
      vertex 1.83494 56.75 0
      vertex 0.923263 86.6693 0
    endloop
  endfacet
  facet normal 0 0 1
    outer loop
      vertex 1.83494 56.75 0
      vertex 0.668911 87.05 0
      vertex 1.6903 56.4567 0
    endloop
  endfacet
  facet normal 0 0 1
    outer loop
      vertex 3.0596 44.9906 0
      vertex 1.2903 4.85671 0
      vertex 1.43494 5.15 0
    endloop
  endfacet
  facet normal 0 0 1
    outer loop
      vertex 0.466421 87.4606 0
      vertex 1.6903 56.4567 0
      vertex 0.668911 87.05 0
    endloop
  endfacet
  facet normal 0 0 1
    outer loop
      vertex 1.6903 56.4567 0
      vertex 0.466421 87.4606 0
      vertex 1.58519 56.147 0
    endloop
  endfacet
  facet normal 0 0 1
    outer loop
      vertex 0.319259 87.8941 0
      vertex 1.58519 56.147 0
      vertex 0.466421 87.4606 0
    endloop
  endfacet
  facet normal 0 0 1
    outer loop
      vertex 1.58519 56.147 0
      vertex 0.319259 87.8941 0
      vertex 1.52139 55.8263 0
    endloop
  endfacet
  facet normal 0 0 1
    outer loop
      vertex 0.229942 88.3432 0
      vertex 1.52139 55.8263 0
      vertex 0.319259 87.8941 0
    endloop
  endfacet
  facet normal 0 0 1
    outer loop
      vertex 2.92122 45.3983 0
      vertex 0 2 0
      vertex 1.2903 4.85671 0
    endloop
  endfacet
  facet normal 0 0 1
    outer loop
      vertex 1.18519 4.54705 0
      vertex 0 2 0
      vertex 1.12139 4.22631 0
    endloop
  endfacet
  facet normal 0 0 1
    outer loop
      vertex 1.1 3.9 0
      vertex 0 2 0
      vertex 1 0.267944 0
    endloop
  endfacet
  facet normal 0 0 1
    outer loop
      vertex 1.12139 4.22631 0
      vertex 0 2 0
      vertex 1.1 3.9 0
    endloop
  endfacet
  facet normal 0 0 1
    outer loop
      vertex 1 0.267944 0
      vertex 0 2 0
      vertex 0.782471 0.4133 0
    endloop
  endfacet
  facet normal 0 0 1
    outer loop
      vertex 1.2903 4.85671 0
      vertex 0 2 0
      vertex 1.18519 4.54705 0
    endloop
  endfacet
  facet normal 0 0 1
    outer loop
      vertex 0.782471 0.4133 0
      vertex 0 2 0
      vertex 0.585785 0.585785 0
    endloop
  endfacet
  facet normal 0 0 1
    outer loop
      vertex 1.52139 55.8263 0
      vertex 0.229942 88.3432 0
      vertex 1.5 55.5 0
    endloop
  endfacet
  facet normal 0 0 1
    outer loop
      vertex 0.585785 0.585785 0
      vertex 0 2 0
      vertex 0.4133 0.782471 0
    endloop
  endfacet
  facet normal 0 0 1
    outer loop
      vertex 0 90.5 0
      vertex 1.5 55.5 0
      vertex 0.229942 88.3432 0
    endloop
  endfacet
  facet normal 0 0 1
    outer loop
      vertex 0 90.5 0
      vertex 0.229942 88.3432 0
      vertex 0.2 88.8 0
    endloop
  endfacet
  facet normal 0 0 1
    outer loop
      vertex 0.229942 89.2568 0
      vertex 0 90.5 0
      vertex 0.2 88.8 0
    endloop
  endfacet
  facet normal 0 0 1
    outer loop
      vertex 1.5 55.5 0
      vertex 0 90.5 0
      vertex 0 2 0
    endloop
  endfacet
  facet normal 0 0 1
    outer loop
      vertex 0 90.5 0
      vertex 0.152237 91.2654 0
      vertex 0.0681458 91.0176 0
    endloop
  endfacet
  facet normal 0 0 1
    outer loop
      vertex 0.4133 0.782471 0
      vertex 0 2 0
      vertex 0.267944 1 0
    endloop
  endfacet
  facet normal 0 0 1
    outer loop
      vertex 0 90.5 0
      vertex 0.0681458 91.0176 0
      vertex 0.0171051 90.761 0
    endloop
  endfacet
  facet normal 0 0 1
    outer loop
      vertex 0.267944 1 0
      vertex 0 2 0
      vertex 0.152237 1.23463 0
    endloop
  endfacet
  facet normal 0 0 1
    outer loop
      vertex 0.152237 1.23463 0
      vertex 0 2 0
      vertex 0.0681458 1.48236 0
    endloop
  endfacet
  facet normal 0 0 1
    outer loop
      vertex 0.0681458 1.48236 0
      vertex 0 2 0
      vertex 0.0171051 1.73895 0
    endloop
  endfacet
  facet normal -0 0 1
    outer loop
      vertex 5.98338 53.9781 0
      vertex 7.35818 49.2908 0
      vertex 6.16506 54.25 0
    endloop
  endfacet
  facet normal 0 0 1
    outer loop
      vertex 7.35818 49.2908 0
      vertex 5.98338 53.9781 0
      vertex 6.95175 49.4288 0
    endloop
  endfacet
  facet normal -0 0 1
    outer loop
      vertex 5.76777 53.7322 0
      vertex 6.95175 49.4288 0
      vertex 5.98338 53.9781 0
    endloop
  endfacet
  facet normal 0 0 1
    outer loop
      vertex 6.95175 49.4288 0
      vertex 5.76777 53.7322 0
      vertex 6.53079 49.5125 0
    endloop
  endfacet
  facet normal -0 0 1
    outer loop
      vertex 5.5219 53.5166 0
      vertex 6.53079 49.5125 0
      vertex 5.76777 53.7322 0
    endloop
  endfacet
  facet normal 0 0 1
    outer loop
      vertex 6.53079 49.5125 0
      vertex 5.5219 53.5166 0
      vertex 6.52955 49.5128 0
    endloop
  endfacet
  facet normal 0 0 1
    outer loop
      vertex 6.52955 49.5128 0
      vertex 5.5219 53.5166 0
      vertex 6.52829 49.5128 0
    endloop
  endfacet
  facet normal -0 0 1
    outer loop
      vertex 5.25 53.3349 0
      vertex 6.52829 49.5128 0
      vertex 5.5219 53.5166 0
    endloop
  endfacet
  facet normal 0 0 1
    outer loop
      vertex 6.52829 49.5128 0
      vertex 5.25 53.3349 0
      vertex 6.1 49.5409 0
    endloop
  endfacet
  facet normal -0 0 1
    outer loop
      vertex 4.95671 53.1903 0
      vertex 6.1 49.5409 0
      vertex 5.25 53.3349 0
    endloop
  endfacet
  facet normal 0 0 1
    outer loop
      vertex 6.1 49.5409 0
      vertex 4.95671 53.1903 0
      vertex 5.67171 49.5128 0
    endloop
  endfacet
  facet normal 0 0 1
    outer loop
      vertex 5.67171 49.5128 0
      vertex 4.95671 53.1903 0
      vertex 5.67045 49.5128 0
    endloop
  endfacet
  facet normal -0 0 1
    outer loop
      vertex 4.64705 53.0852 0
      vertex 5.67045 49.5128 0
      vertex 4.95671 53.1903 0
    endloop
  endfacet
  facet normal 0 0 1
    outer loop
      vertex 5.67045 49.5128 0
      vertex 4.64705 53.0852 0
      vertex 5.66921 49.5125 0
    endloop
  endfacet
  facet normal 0 0 1
    outer loop
      vertex 5.66921 49.5125 0
      vertex 4.64705 53.0852 0
      vertex 5.24825 49.4288 0
    endloop
  endfacet
  facet normal -0 0 1
    outer loop
      vertex 4.32631 53.0214 0
      vertex 5.24825 49.4288 0
      vertex 4.64705 53.0852 0
    endloop
  endfacet
  facet normal 0 0 1
    outer loop
      vertex 5.24825 49.4288 0
      vertex 4.32631 53.0214 0
      vertex 4.84182 49.2908 0
    endloop
  endfacet
  facet normal -0 0 1
    outer loop
      vertex 4 53 0
      vertex 4.84182 49.2908 0
      vertex 4.32631 53.0214 0
    endloop
  endfacet
  facet normal 0 0 1
    outer loop
      vertex 4.84182 49.2908 0
      vertex 4 53 0
      vertex 4.84062 49.2904 0
    endloop
  endfacet
  facet normal 0 0 1
    outer loop
      vertex 4.84062 49.2904 0
      vertex 4 53 0
      vertex 4.45568 49.1006 0
    endloop
  endfacet
  facet normal 0 0 1
    outer loop
      vertex 3.67368 53.0214 0
      vertex 4.45568 49.1006 0
      vertex 4 53 0
    endloop
  endfacet
  facet normal 0 0 1
    outer loop
      vertex 4.45568 49.1006 0
      vertex 3.67368 53.0214 0
      vertex 4.45455 49.1 0
    endloop
  endfacet
  facet normal 0 0 1
    outer loop
      vertex 4.45455 49.1 0
      vertex 3.67368 53.0214 0
      vertex 4.45349 49.0993 0
    endloop
  endfacet
  facet normal 0 0 1
    outer loop
      vertex 3.35295 53.0852 0
      vertex 4.45349 49.0993 0
      vertex 3.67368 53.0214 0
    endloop
  endfacet
  facet normal 0 0 1
    outer loop
      vertex 4.45349 49.0993 0
      vertex 3.35295 53.0852 0
      vertex 4.09662 48.8609 0
    endloop
  endfacet
  facet normal 0 0 1
    outer loop
      vertex 4.09662 48.8609 0
      vertex 3.35295 53.0852 0
      vertex 4.09567 48.86 0
    endloop
  endfacet
  facet normal 0 0 1
    outer loop
      vertex 3.04329 53.1903 0
      vertex 4.09567 48.86 0
      vertex 3.35295 53.0852 0
    endloop
  endfacet
  facet normal 0 0 1
    outer loop
      vertex 4.09567 48.86 0
      vertex 3.04329 53.1903 0
      vertex 3.77297 48.577 0
    endloop
  endfacet
  facet normal 0 0 1
    outer loop
      vertex 2.75 53.3349 0
      vertex 3.77297 48.577 0
      vertex 3.04329 53.1903 0
    endloop
  endfacet
  facet normal 0 0 1
    outer loop
      vertex 3.77297 48.577 0
      vertex 2.75 53.3349 0
      vertex 3.77214 48.5761 0
    endloop
  endfacet
  facet normal 0 0 1
    outer loop
      vertex 3.77214 48.5761 0
      vertex 2.75 53.3349 0
      vertex 3.48915 48.2534 0
    endloop
  endfacet
  facet normal 0 0 1
    outer loop
      vertex 2.4781 53.5166 0
      vertex 3.48915 48.2534 0
      vertex 2.75 53.3349 0
    endloop
  endfacet
  facet normal 0 0 1
    outer loop
      vertex 3.48915 48.2534 0
      vertex 2.4781 53.5166 0
      vertex 3.48844 48.2523 0
    endloop
  endfacet
  facet normal 0 0 1
    outer loop
      vertex 3.48844 48.2523 0
      vertex 2.4781 53.5166 0
      vertex 3.24999 47.8955 0
    endloop
  endfacet
  facet normal 0 0 1
    outer loop
      vertex 2.23223 53.7322 0
      vertex 3.24999 47.8955 0
      vertex 2.4781 53.5166 0
    endloop
  endfacet
  facet normal 0 0 1
    outer loop
      vertex 3.24999 47.8955 0
      vertex 2.23223 53.7322 0
      vertex 3.06015 47.5105 0
    endloop
  endfacet
  facet normal 0 0 1
    outer loop
      vertex 3.06015 47.5105 0
      vertex 2.23223 53.7322 0
      vertex 3.0596 47.5094 0
    endloop
  endfacet
  facet normal 0 0 1
    outer loop
      vertex 2.01662 53.9781 0
      vertex 3.0596 47.5094 0
      vertex 2.23223 53.7322 0
    endloop
  endfacet
  facet normal 0 0 1
    outer loop
      vertex 3.0596 47.5094 0
      vertex 2.01662 53.9781 0
      vertex 3.05919 47.5082 0
    endloop
  endfacet
  facet normal 0 0 1
    outer loop
      vertex 3.05919 47.5082 0
      vertex 2.01662 53.9781 0
      vertex 2.92122 47.1017 0
    endloop
  endfacet
  facet normal 0 0 1
    outer loop
      vertex 1.83494 54.25 0
      vertex 2.92122 47.1017 0
      vertex 2.01662 53.9781 0
    endloop
  endfacet
  facet normal -0 0 1
    outer loop
      vertex 42.6786 55.1737 0
      vertex 42.7 26.9 0
      vertex 42.7 55.5 0
    endloop
  endfacet
  facet normal 0 0 1
    outer loop
      vertex 42.6786 55.1737 0
      vertex 42.6786 27.2263 0
      vertex 42.7 26.9 0
    endloop
  endfacet
  facet normal -0 0 1
    outer loop
      vertex 42.6148 54.853 0
      vertex 42.6786 27.2263 0
      vertex 42.6786 55.1737 0
    endloop
  endfacet
  facet normal 0 0 1
    outer loop
      vertex 42.6148 54.853 0
      vertex 42.6148 27.547 0
      vertex 42.6786 27.2263 0
    endloop
  endfacet
  facet normal 0 0 1
    outer loop
      vertex 41.3909 46.25 0
      vertex 42.6148 54.853 0
      vertex 42.5097 54.5433 0
    endloop
  endfacet
  facet normal 0 0 1
    outer loop
      vertex 42.6148 54.853 0
      vertex 41.3909 46.25 0
      vertex 42.6148 27.547 0
    endloop
  endfacet
  facet normal 0 0 1
    outer loop
      vertex 41.3628 46.6796 0
      vertex 42.5097 54.5433 0
      vertex 42.3651 54.25 0
    endloop
  endfacet
  facet normal -0 0 1
    outer loop
      vertex 41.3908 46.2487 0
      vertex 42.6148 27.547 0
      vertex 41.3909 46.25 0
    endloop
  endfacet
  facet normal 0 0 1
    outer loop
      vertex 41.2788 47.1017 0
      vertex 42.3651 54.25 0
      vertex 42.1834 53.9781 0
    endloop
  endfacet
  facet normal -0 0 1
    outer loop
      vertex 41.3628 45.8204 0
      vertex 42.6148 27.547 0
      vertex 41.3908 46.2487 0
    endloop
  endfacet
  facet normal 0 0 1
    outer loop
      vertex 41.1404 47.5094 0
      vertex 42.1834 53.9781 0
      vertex 41.9678 53.7322 0
    endloop
  endfacet
  facet normal 0 0 1
    outer loop
      vertex 42.6148 27.547 0
      vertex 41.3628 45.8204 0
      vertex 42.5097 27.8567 0
    endloop
  endfacet
  facet normal 0 0 1
    outer loop
      vertex 40.95 47.8955 0
      vertex 41.9678 53.7322 0
      vertex 41.7219 53.5166 0
    endloop
  endfacet
  facet normal -0 0 1
    outer loop
      vertex 41.279 45.3995 0
      vertex 42.5097 27.8567 0
      vertex 41.3628 45.8204 0
    endloop
  endfacet
  facet normal 0 0 1
    outer loop
      vertex 40.7109 48.2534 0
      vertex 41.7219 53.5166 0
      vertex 41.45 53.3349 0
    endloop
  endfacet
  facet normal -0 0 1
    outer loop
      vertex 41.2788 45.3983 0
      vertex 42.5097 27.8567 0
      vertex 41.279 45.3995 0
    endloop
  endfacet
  facet normal 0 0 1
    outer loop
      vertex 42.5097 27.8567 0
      vertex 41.2788 45.3983 0
      vertex 42.3651 28.15 0
    endloop
  endfacet
  facet normal 0 0 1
    outer loop
      vertex 42.5097 54.5433 0
      vertex 41.3908 46.2513 0
      vertex 41.3909 46.25 0
    endloop
  endfacet
  facet normal 0 0 1
    outer loop
      vertex 42.5097 54.5433 0
      vertex 41.3628 46.6796 0
      vertex 41.3908 46.2513 0
    endloop
  endfacet
  facet normal 0 0 1
    outer loop
      vertex 42.3651 54.25 0
      vertex 41.279 47.1005 0
      vertex 41.3628 46.6796 0
    endloop
  endfacet
  facet normal 0 0 1
    outer loop
      vertex 42.3651 54.25 0
      vertex 41.2788 47.1017 0
      vertex 41.279 47.1005 0
    endloop
  endfacet
  facet normal 0 0 1
    outer loop
      vertex 42.1834 53.9781 0
      vertex 41.2784 47.1029 0
      vertex 41.2788 47.1017 0
    endloop
  endfacet
  facet normal 0 0 1
    outer loop
      vertex 40.427 48.577 0
      vertex 41.45 53.3349 0
      vertex 41.1567 53.1903 0
    endloop
  endfacet
  facet normal 0 0 1
    outer loop
      vertex 42.1834 53.9781 0
      vertex 41.1404 47.5094 0
      vertex 41.2784 47.1029 0
    endloop
  endfacet
  facet normal 0 0 1
    outer loop
      vertex 41.9678 53.7322 0
      vertex 40.9506 47.8943 0
      vertex 41.1404 47.5094 0
    endloop
  endfacet
  facet normal 0 0 1
    outer loop
      vertex 41.9678 53.7322 0
      vertex 40.95 47.8955 0
      vertex 40.9506 47.8943 0
    endloop
  endfacet
  facet normal 0 0 1
    outer loop
      vertex 40.1034 48.8609 0
      vertex 41.1567 53.1903 0
      vertex 40.847 53.0852 0
    endloop
  endfacet
  facet normal 0 0 1
    outer loop
      vertex 41.7219 53.5166 0
      vertex 40.7116 48.2523 0
      vertex 40.95 47.8955 0
    endloop
  endfacet
  facet normal 0 0 1
    outer loop
      vertex 41.7219 53.5166 0
      vertex 40.7109 48.2534 0
      vertex 40.7116 48.2523 0
    endloop
  endfacet
  facet normal 0 0 1
    outer loop
      vertex 39.7465 49.0993 0
      vertex 40.847 53.0852 0
      vertex 40.5263 53.0214 0
    endloop
  endfacet
  facet normal 0 0 1
    outer loop
      vertex 41.45 53.3349 0
      vertex 40.4279 48.5761 0
      vertex 40.7109 48.2534 0
    endloop
  endfacet
  facet normal 0 0 1
    outer loop
      vertex 41.45 53.3349 0
      vertex 40.427 48.577 0
      vertex 40.4279 48.5761 0
    endloop
  endfacet
  facet normal 0 0 1
    outer loop
      vertex 41.1567 53.1903 0
      vertex 40.4261 48.5779 0
      vertex 40.427 48.577 0
    endloop
  endfacet
  facet normal 0 0 1
    outer loop
      vertex 39.7443 49.1006 0
      vertex 40.5263 53.0214 0
      vertex 40.2 53 0
    endloop
  endfacet
  facet normal 0 0 1
    outer loop
      vertex 41.1567 53.1903 0
      vertex 40.1034 48.8609 0
      vertex 40.4261 48.5779 0
    endloop
  endfacet
  facet normal 0 0 1
    outer loop
      vertex 39.3582 49.2908 0
      vertex 40.2 53 0
      vertex 39.8737 53.0214 0
    endloop
  endfacet
  facet normal 0 0 1
    outer loop
      vertex 40.847 53.0852 0
      vertex 39.7465 49.0993 0
      vertex 40.1034 48.8609 0
    endloop
  endfacet
  facet normal 0 0 1
    outer loop
      vertex 40.5263 53.0214 0
      vertex 39.7455 49.1 0
      vertex 39.7465 49.0993 0
    endloop
  endfacet
  facet normal 0 0 1
    outer loop
      vertex 40.5263 53.0214 0
      vertex 39.7443 49.1006 0
      vertex 39.7455 49.1 0
    endloop
  endfacet
  facet normal 0 0 1
    outer loop
      vertex 38.9517 49.4288 0
      vertex 39.8737 53.0214 0
      vertex 39.553 53.0852 0
    endloop
  endfacet
  facet normal 0 0 1
    outer loop
      vertex 40.2 53 0
      vertex 39.3594 49.2904 0
      vertex 39.7443 49.1006 0
    endloop
  endfacet
  facet normal 0 0 1
    outer loop
      vertex 40.2 53 0
      vertex 39.3582 49.2908 0
      vertex 39.3594 49.2904 0
    endloop
  endfacet
  facet normal 0 0 1
    outer loop
      vertex 38.5295 49.5128 0
      vertex 39.553 53.0852 0
      vertex 39.2433 53.1903 0
    endloop
  endfacet
  facet normal 0 0 1
    outer loop
      vertex 39.8737 53.0214 0
      vertex 38.9517 49.4288 0
      vertex 39.3582 49.2908 0
    endloop
  endfacet
  facet normal 0 0 1
    outer loop
      vertex 38.1 49.5409 0
      vertex 39.2433 53.1903 0
      vertex 38.95 53.3349 0
    endloop
  endfacet
  facet normal 0 0 1
    outer loop
      vertex 37.6717 49.5128 0
      vertex 38.95 53.3349 0
      vertex 38.6781 53.5166 0
    endloop
  endfacet
  facet normal 0 0 1
    outer loop
      vertex 39.553 53.0852 0
      vertex 38.5308 49.5125 0
      vertex 38.9517 49.4288 0
    endloop
  endfacet
  facet normal 0 0 1
    outer loop
      vertex 39.553 53.0852 0
      vertex 38.5295 49.5128 0
      vertex 38.5308 49.5125 0
    endloop
  endfacet
  facet normal 0 0 1
    outer loop
      vertex 39.2433 53.1903 0
      vertex 38.5283 49.5128 0
      vertex 38.5295 49.5128 0
    endloop
  endfacet
  facet normal 0 0 1
    outer loop
      vertex 37.6692 49.5125 0
      vertex 38.6781 53.5166 0
      vertex 38.4322 53.7322 0
    endloop
  endfacet
  facet normal 0 0 1
    outer loop
      vertex 37.2482 49.4288 0
      vertex 38.4322 53.7322 0
      vertex 38.2166 53.9781 0
    endloop
  endfacet
  facet normal 0 0 1
    outer loop
      vertex 39.2433 53.1903 0
      vertex 38.1 49.5409 0
      vertex 38.5283 49.5128 0
    endloop
  endfacet
  facet normal 0 0 1
    outer loop
      vertex 36.8406 49.2904 0
      vertex 38.2166 53.9781 0
      vertex 38.0349 54.25 0
    endloop
  endfacet
  facet normal 0 0 1
    outer loop
      vertex 36.8406 49.2904 0
      vertex 38.0349 54.25 0
      vertex 37.8903 54.5433 0
    endloop
  endfacet
  facet normal 0 0 1
    outer loop
      vertex 36.8406 49.2904 0
      vertex 37.8903 54.5433 0
      vertex 37.7852 54.853 0
    endloop
  endfacet
  facet normal 0 0 1
    outer loop
      vertex 36.8406 49.2904 0
      vertex 37.7852 54.853 0
      vertex 37.7214 55.1737 0
    endloop
  endfacet
  facet normal 0 0 1
    outer loop
      vertex 38.95 53.3349 0
      vertex 37.6717 49.5128 0
      vertex 38.1 49.5409 0
    endloop
  endfacet
  facet normal 0 0 1
    outer loop
      vertex 36.8406 49.2904 0
      vertex 37.7214 55.1737 0
      vertex 37.7 55.5 0
    endloop
  endfacet
  facet normal -0 0 1
    outer loop
      vertex 43.5311 90.55 0
      vertex 44.2 90.5 0
      vertex 44.1829 90.761 0
    endloop
  endfacet
  facet normal 0 0 1
    outer loop
      vertex 44.2 90.5 0
      vertex 42.7 55.5 0
      vertex 44.2 2 0
    endloop
  endfacet
  facet normal 0 0 1
    outer loop
      vertex 43.5311 90.55 0
      vertex 44.1829 90.761 0
      vertex 44.1319 91.0176 0
    endloop
  endfacet
  facet normal 0 0 1
    outer loop
      vertex 44.2 90.5 0
      vertex 44 88.8 0
      vertex 43.9701 88.3432 0
    endloop
  endfacet
  facet normal 0 0 1
    outer loop
      vertex 43.2767 90.9307 0
      vertex 44.1319 91.0176 0
      vertex 44.0478 91.2654 0
    endloop
  endfacet
  facet normal 0 0 1
    outer loop
      vertex 44.2 90.5 0
      vertex 43.9701 88.3432 0
      vertex 42.7 55.5 0
    endloop
  endfacet
  facet normal -0 0 1
    outer loop
      vertex 42.7 26.9 0
      vertex 44.2 2 0
      vertex 42.7 55.5 0
    endloop
  endfacet
  facet normal 0 0 1
    outer loop
      vertex 44.2 90.5 0
      vertex 43.9701 89.2568 0
      vertex 44 88.8 0
    endloop
  endfacet
  facet normal 0 0 1
    outer loop
      vertex 43.2767 90.9307 0
      vertex 44.0478 91.2654 0
      vertex 43.9321 91.5 0
    endloop
  endfacet
  facet normal 0 0 1
    outer loop
      vertex 44.2 90.5 0
      vertex 43.8807 89.7059 0
      vertex 43.9701 89.2568 0
    endloop
  endfacet
  facet normal 0 0 1
    outer loop
      vertex 43.2767 90.9307 0
      vertex 43.9321 91.5 0
      vertex 43.7867 91.7175 0
    endloop
  endfacet
  facet normal 0 0 1
    outer loop
      vertex 44.2 90.5 0
      vertex 43.7336 90.1394 0
      vertex 43.8807 89.7059 0
    endloop
  endfacet
  facet normal 0 0 1
    outer loop
      vertex 42.9749 91.2749 0
      vertex 43.7867 91.7175 0
      vertex 43.6142 91.9142 0
    endloop
  endfacet
  facet normal 0 0 1
    outer loop
      vertex 44.2 90.5 0
      vertex 43.5311 90.55 0
      vertex 43.7336 90.1394 0
    endloop
  endfacet
  facet normal 0 0 1
    outer loop
      vertex 42.9749 91.2749 0
      vertex 43.6142 91.9142 0
      vertex 43.4175 92.0867 0
    endloop
  endfacet
  facet normal 0 0 1
    outer loop
      vertex 44.1319 91.0176 0
      vertex 43.2767 90.9307 0
      vertex 43.5311 90.55 0
    endloop
  endfacet
  facet normal 0 0 1
    outer loop
      vertex 42.6307 91.5767 0
      vertex 43.4175 92.0867 0
      vertex 43.2 92.2321 0
    endloop
  endfacet
  facet normal 0 0 1
    outer loop
      vertex 43.7867 91.7175 0
      vertex 42.9749 91.2749 0
      vertex 43.2767 90.9307 0
    endloop
  endfacet
  facet normal 0 0 1
    outer loop
      vertex 42.6307 91.5767 0
      vertex 43.2 92.2321 0
      vertex 42.9654 92.3478 0
    endloop
  endfacet
  facet normal 0 0 1
    outer loop
      vertex 42.6307 91.5767 0
      vertex 42.9654 92.3478 0
      vertex 42.7176 92.4319 0
    endloop
  endfacet
  facet normal 0 0 1
    outer loop
      vertex 43.4175 92.0867 0
      vertex 42.6307 91.5767 0
      vertex 42.9749 91.2749 0
    endloop
  endfacet
  facet normal 0 0 1
    outer loop
      vertex 42.25 91.8311 0
      vertex 42.7176 92.4319 0
      vertex 42.461 92.4829 0
    endloop
  endfacet
  facet normal 0 0 1
    outer loop
      vertex 42.7176 92.4319 0
      vertex 42.25 91.8311 0
      vertex 42.6307 91.5767 0
    endloop
  endfacet
  facet normal 0 0 1
    outer loop
      vertex 42.2 92.5 0
      vertex 42.25 91.8311 0
      vertex 42.461 92.4829 0
    endloop
  endfacet
  facet normal 0 0 1
    outer loop
      vertex 42.2 92.5 0
      vertex 41.8394 92.0336 0
      vertex 42.25 91.8311 0
    endloop
  endfacet
  facet normal 0 0 1
    outer loop
      vertex 42.2 92.5 0
      vertex 41.4059 92.1807 0
      vertex 41.8394 92.0336 0
    endloop
  endfacet
  facet normal 0 0 1
    outer loop
      vertex 42.2 92.5 0
      vertex 40.9568 92.2701 0
      vertex 41.4059 92.1807 0
    endloop
  endfacet
  facet normal 0 0 1
    outer loop
      vertex 42.2 92.5 0
      vertex 40.5 92.3 0
      vertex 40.9568 92.2701 0
    endloop
  endfacet
  facet normal 0 0 1
    outer loop
      vertex 42.2 92.5 0
      vertex 40.0432 92.2701 0
      vertex 40.5 92.3 0
    endloop
  endfacet
  facet normal 0 0 1
    outer loop
      vertex 38.2166 53.9781 0
      vertex 36.8406 49.2904 0
      vertex 36.8418 49.2908 0
    endloop
  endfacet
  facet normal 0 0 1
    outer loop
      vertex 37.7214 55.8263 0
      vertex 35 65.5 0
      vertex 37.7 55.5 0
    endloop
  endfacet
  facet normal 0 0 1
    outer loop
      vertex 37.7 55.5 0
      vertex 36.4557 49.1006 0
      vertex 36.8406 49.2904 0
    endloop
  endfacet
  facet normal 0 0 1
    outer loop
      vertex 37.7 55.5 0
      vertex 36.4545 49.1 0
      vertex 36.4557 49.1006 0
    endloop
  endfacet
  facet normal 0 0 1
    outer loop
      vertex 36.2 65.5 0
      vertex 37.0299 88.3432 0
      vertex 36.2 92.49 0
    endloop
  endfacet
  facet normal 0 0 1
    outer loop
      vertex 37.0299 89.2568 0
      vertex 36.2 92.49 0
      vertex 37 88.8 0
    endloop
  endfacet
  facet normal 0 0 1
    outer loop
      vertex 37.1193 89.7059 0
      vertex 36.2 92.49 0
      vertex 37.0299 89.2568 0
    endloop
  endfacet
  facet normal 0 0 1
    outer loop
      vertex 37.2664 90.1394 0
      vertex 36.2 92.49 0
      vertex 37.1193 89.7059 0
    endloop
  endfacet
  facet normal 0 0 1
    outer loop
      vertex 37.4689 90.55 0
      vertex 36.2 92.49 0
      vertex 37.2664 90.1394 0
    endloop
  endfacet
  facet normal 0 0 1
    outer loop
      vertex 37.7233 90.9307 0
      vertex 36.2 92.49 0
      vertex 37.4689 90.55 0
    endloop
  endfacet
  facet normal 0 0 1
    outer loop
      vertex 38.0251 91.2749 0
      vertex 36.2 92.49 0
      vertex 37.7233 90.9307 0
    endloop
  endfacet
  facet normal 0 0 1
    outer loop
      vertex 38.3693 91.5767 0
      vertex 36.2 92.49 0
      vertex 38.0251 91.2749 0
    endloop
  endfacet
  facet normal 0 0 1
    outer loop
      vertex 38.75 91.8311 0
      vertex 36.2 92.49 0
      vertex 38.3693 91.5767 0
    endloop
  endfacet
  facet normal 0 0 1
    outer loop
      vertex 39.1606 92.0336 0
      vertex 36.2 92.49 0
      vertex 38.75 91.8311 0
    endloop
  endfacet
  facet normal 0 0 1
    outer loop
      vertex 39.5941 92.1807 0
      vertex 36.2 92.49 0
      vertex 39.1606 92.0336 0
    endloop
  endfacet
  facet normal 0 0 1
    outer loop
      vertex 40.0432 92.2701 0
      vertex 36.2 92.49 0
      vertex 39.5941 92.1807 0
    endloop
  endfacet
  facet normal 0 0 1
    outer loop
      vertex 42.2 92.5 0
      vertex 36.2 92.49 0
      vertex 40.0432 92.2701 0
    endloop
  endfacet
  facet normal 0 0 1
    outer loop
      vertex 42.2 92.5 0
      vertex 8 92.49 0
      vertex 36.2 92.49 0
    endloop
  endfacet
  facet normal 0 0 1
    outer loop
      vertex 7.17006 88.3432 0
      vertex 8 92.49 0
      vertex 7.2 88.8 0
    endloop
  endfacet
  facet normal 0 0 1
    outer loop
      vertex 8 92.49 0
      vertex 7.17006 88.3432 0
      vertex 8 65.5 0
    endloop
  endfacet
  facet normal 0 0 1
    outer loop
      vertex 9.2 65.5 0
      vertex 7.74545 49.1 0
      vertex 7.74651 49.0993 0
    endloop
  endfacet
  facet normal 0 0 1
    outer loop
      vertex 9.2 65.5 0
      vertex 7.74432 49.1006 0
      vertex 7.74545 49.1 0
    endloop
  endfacet
  facet normal 0 0 1
    outer loop
      vertex 9.2 65.5 0
      vertex 7.35938 49.2904 0
      vertex 7.74432 49.1006 0
    endloop
  endfacet
  facet normal 0 0 1
    outer loop
      vertex 9.2 65.5 0
      vertex 7.35818 49.2908 0
      vertex 7.35938 49.2904 0
    endloop
  endfacet
  facet normal 0 0 1
    outer loop
      vertex 8 92.49 0
      vertex 7.17006 89.2568 0
      vertex 7.2 88.8 0
    endloop
  endfacet
  facet normal 0 0 1
    outer loop
      vertex 8 92.49 0
      vertex 7.08074 89.7059 0
      vertex 7.17006 89.2568 0
    endloop
  endfacet
  facet normal 0 0 1
    outer loop
      vertex 8 92.49 0
      vertex 6.93358 90.1394 0
      vertex 7.08074 89.7059 0
    endloop
  endfacet
  facet normal 0 0 1
    outer loop
      vertex 8 92.49 0
      vertex 6.73109 90.55 0
      vertex 6.93358 90.1394 0
    endloop
  endfacet
  facet normal 0 0 1
    outer loop
      vertex 8 92.49 0
      vertex 6.47674 90.9307 0
      vertex 6.73109 90.55 0
    endloop
  endfacet
  facet normal 0 0 1
    outer loop
      vertex 8 92.49 0
      vertex 6.17487 91.2749 0
      vertex 6.47674 90.9307 0
    endloop
  endfacet
  facet normal 0 0 1
    outer loop
      vertex 8 92.49 0
      vertex 5.83066 91.5767 0
      vertex 6.17487 91.2749 0
    endloop
  endfacet
  facet normal 0 0 1
    outer loop
      vertex 8 92.49 0
      vertex 5.45 91.8311 0
      vertex 5.83066 91.5767 0
    endloop
  endfacet
  facet normal 0 0 1
    outer loop
      vertex 8 92.49 0
      vertex 5.03939 92.0336 0
      vertex 5.45 91.8311 0
    endloop
  endfacet
  facet normal 0 0 1
    outer loop
      vertex 8 92.49 0
      vertex 4.60587 92.1807 0
      vertex 5.03939 92.0336 0
    endloop
  endfacet
  facet normal 0 0 1
    outer loop
      vertex 8 92.49 0
      vertex 4.15684 92.2701 0
      vertex 4.60587 92.1807 0
    endloop
  endfacet
  facet normal 0 0 1
    outer loop
      vertex 8 92.49 0
      vertex 3.7 92.3 0
      vertex 4.15684 92.2701 0
    endloop
  endfacet
  facet normal -0 0 1
    outer loop
      vertex 2 92.5 0
      vertex 8 92.49 0
      vertex 42.2 92.5 0
    endloop
  endfacet
  facet normal 0 0 1
    outer loop
      vertex 2 92.5 0
      vertex 3.7 92.3 0
      vertex 8 92.49 0
    endloop
  endfacet
  facet normal 0 0 1
    outer loop
      vertex 2 92.5 0
      vertex 3.24316 92.2701 0
      vertex 3.7 92.3 0
    endloop
  endfacet
  facet normal 0 0 1
    outer loop
      vertex 2 92.5 0
      vertex 2.79413 92.1807 0
      vertex 3.24316 92.2701 0
    endloop
  endfacet
  facet normal 0 0 1
    outer loop
      vertex 2 92.5 0
      vertex 2.36061 92.0336 0
      vertex 2.79413 92.1807 0
    endloop
  endfacet
  facet normal 0 0 1
    outer loop
      vertex 2 92.5 0
      vertex 1.95 91.8311 0
      vertex 2.36061 92.0336 0
    endloop
  endfacet
  facet normal -0 0 1
    outer loop
      vertex 1.73895 92.4829 0
      vertex 1.95 91.8311 0
      vertex 2 92.5 0
    endloop
  endfacet
  facet normal -0 0 1
    outer loop
      vertex 1.48236 92.4319 0
      vertex 1.95 91.8311 0
      vertex 1.73895 92.4829 0
    endloop
  endfacet
  facet normal 0 0 1
    outer loop
      vertex 1.95 91.8311 0
      vertex 1.48236 92.4319 0
      vertex 1.56933 91.5767 0
    endloop
  endfacet
  facet normal -0 0 1
    outer loop
      vertex 1.23463 92.3478 0
      vertex 1.56933 91.5767 0
      vertex 1.48236 92.4319 0
    endloop
  endfacet
  facet normal -0 0 1
    outer loop
      vertex 1 92.2321 0
      vertex 1.56933 91.5767 0
      vertex 1.23463 92.3478 0
    endloop
  endfacet
  facet normal -0 0 1
    outer loop
      vertex 0.782471 92.0867 0
      vertex 1.56933 91.5767 0
      vertex 1 92.2321 0
    endloop
  endfacet
  facet normal 0 0 1
    outer loop
      vertex 1.56933 91.5767 0
      vertex 0.782471 92.0867 0
      vertex 1.22513 91.2749 0
    endloop
  endfacet
  facet normal -0 0 1
    outer loop
      vertex 0.585785 91.9142 0
      vertex 1.22513 91.2749 0
      vertex 0.782471 92.0867 0
    endloop
  endfacet
  facet normal -0 0 1
    outer loop
      vertex 0.4133 91.7175 0
      vertex 1.22513 91.2749 0
      vertex 0.585785 91.9142 0
    endloop
  endfacet
  facet normal 0 0 1
    outer loop
      vertex 1.22513 91.2749 0
      vertex 0.4133 91.7175 0
      vertex 0.923263 90.9307 0
    endloop
  endfacet
  facet normal -0 0 1
    outer loop
      vertex 0.267944 91.5 0
      vertex 0.923263 90.9307 0
      vertex 0.4133 91.7175 0
    endloop
  endfacet
  facet normal -0 0 1
    outer loop
      vertex 0.152237 91.2654 0
      vertex 0.923263 90.9307 0
      vertex 0.267944 91.5 0
    endloop
  endfacet
  facet normal 0 0 1
    outer loop
      vertex 0.923263 90.9307 0
      vertex 0.152237 91.2654 0
      vertex 0.668911 90.55 0
    endloop
  endfacet
  facet normal 0 0 1
    outer loop
      vertex 0 90.5 0
      vertex 0.668911 90.55 0
      vertex 0.152237 91.2654 0
    endloop
  endfacet
  facet normal 0 0 1
    outer loop
      vertex 0.668911 90.55 0
      vertex 0 90.5 0
      vertex 0.466421 90.1394 0
    endloop
  endfacet
  facet normal 0 0 1
    outer loop
      vertex 0.466421 90.1394 0
      vertex 0 90.5 0
      vertex 0.319259 89.7059 0
    endloop
  endfacet
  facet normal 0 0 1
    outer loop
      vertex 0.319259 89.7059 0
      vertex 0 90.5 0
      vertex 0.229942 89.2568 0
    endloop
  endfacet
  facet normal -0 0 1
    outer loop
      vertex 42.6786 26.5737 0
      vertex 44.2 2 0
      vertex 42.7 26.9 0
    endloop
  endfacet
  facet normal -0 0 1
    outer loop
      vertex 42.6148 26.253 0
      vertex 44.2 2 0
      vertex 42.6786 26.5737 0
    endloop
  endfacet
  facet normal 0 0 1
    outer loop
      vertex 42.6786 55.8263 0
      vertex 43.9701 88.3432 0
      vertex 43.8807 87.8941 0
    endloop
  endfacet
  facet normal -0 0 1
    outer loop
      vertex 42.5097 25.9433 0
      vertex 44.2 2 0
      vertex 42.6148 26.253 0
    endloop
  endfacet
  facet normal 0 0 1
    outer loop
      vertex 42.6148 56.147 0
      vertex 43.8807 87.8941 0
      vertex 43.7336 87.4606 0
    endloop
  endfacet
  facet normal -0 0 1
    outer loop
      vertex 42.3651 25.65 0
      vertex 44.2 2 0
      vertex 42.5097 25.9433 0
    endloop
  endfacet
  facet normal 0 0 1
    outer loop
      vertex 42.5097 56.4567 0
      vertex 43.7336 87.4606 0
      vertex 43.5311 87.05 0
    endloop
  endfacet
  facet normal -0 0 1
    outer loop
      vertex 42.1834 25.3781 0
      vertex 44.2 2 0
      vertex 42.3651 25.65 0
    endloop
  endfacet
  facet normal 0 0 1
    outer loop
      vertex 42.3651 56.75 0
      vertex 43.5311 87.05 0
      vertex 43.2767 86.6693 0
    endloop
  endfacet
  facet normal -0 0 1
    outer loop
      vertex 41.9678 25.1322 0
      vertex 44.2 2 0
      vertex 42.1834 25.3781 0
    endloop
  endfacet
  facet normal 0 0 1
    outer loop
      vertex 42.1834 57.0219 0
      vertex 43.2767 86.6693 0
      vertex 42.9749 86.3251 0
    endloop
  endfacet
  facet normal -0 0 1
    outer loop
      vertex 41.7219 24.9166 0
      vertex 44.2 2 0
      vertex 41.9678 25.1322 0
    endloop
  endfacet
  facet normal -0 0 1
    outer loop
      vertex 41.45 24.7349 0
      vertex 44.2 2 0
      vertex 41.7219 24.9166 0
    endloop
  endfacet
  facet normal -0 0 1
    outer loop
      vertex 41.1567 24.5903 0
      vertex 44.2 2 0
      vertex 41.45 24.7349 0
    endloop
  endfacet
  facet normal 0 0 1
    outer loop
      vertex 43.9701 88.3432 0
      vertex 42.6786 55.8263 0
      vertex 42.7 55.5 0
    endloop
  endfacet
  facet normal 0 0 1
    outer loop
      vertex 41.9678 57.2678 0
      vertex 42.9749 86.3251 0
      vertex 42.6307 86.0233 0
    endloop
  endfacet
  facet normal 0 0 1
    outer loop
      vertex 43.8807 87.8941 0
      vertex 42.6148 56.147 0
      vertex 42.6786 55.8263 0
    endloop
  endfacet
  facet normal 0 0 1
    outer loop
      vertex 43.7336 87.4606 0
      vertex 42.5097 56.4567 0
      vertex 42.6148 56.147 0
    endloop
  endfacet
  facet normal 0 0 1
    outer loop
      vertex 43.5311 87.05 0
      vertex 42.3651 56.75 0
      vertex 42.5097 56.4567 0
    endloop
  endfacet
  facet normal 0 0 1
    outer loop
      vertex 36.2 65.5 0
      vertex 42.6307 86.0233 0
      vertex 42.25 85.7689 0
    endloop
  endfacet
  facet normal 0 0 1
    outer loop
      vertex 43.2767 86.6693 0
      vertex 42.1834 57.0219 0
      vertex 42.3651 56.75 0
    endloop
  endfacet
  facet normal 0 0 1
    outer loop
      vertex 42.9749 86.3251 0
      vertex 41.9678 57.2678 0
      vertex 42.1834 57.0219 0
    endloop
  endfacet
  facet normal 0 0 1
    outer loop
      vertex 36.2 65.5 0
      vertex 42.25 85.7689 0
      vertex 41.8394 85.5664 0
    endloop
  endfacet
  facet normal 0 0 1
    outer loop
      vertex 42.6307 86.0233 0
      vertex 41.7219 57.4834 0
      vertex 41.9678 57.2678 0
    endloop
  endfacet
  facet normal 0 0 1
    outer loop
      vertex 42.6307 86.0233 0
      vertex 36.2 65.5 0
      vertex 41.7219 57.4834 0
    endloop
  endfacet
  facet normal 0 0 1
    outer loop
      vertex 36.2 65.5 0
      vertex 41.8394 85.5664 0
      vertex 41.4059 85.4193 0
    endloop
  endfacet
  facet normal 0 0 1
    outer loop
      vertex 41.7219 57.4834 0
      vertex 36.2 65.5 0
      vertex 41.45 57.6651 0
    endloop
  endfacet
  facet normal 0 0 1
    outer loop
      vertex 36.2 65.5 0
      vertex 41.4059 85.4193 0
      vertex 40.9568 85.3299 0
    endloop
  endfacet
  facet normal 0 0 1
    outer loop
      vertex 41.45 57.6651 0
      vertex 36.2 65.5 0
      vertex 41.1567 57.8097 0
    endloop
  endfacet
  facet normal 0 0 1
    outer loop
      vertex 41.1567 57.8097 0
      vertex 36.2 65.5 0
      vertex 40.847 57.9148 0
    endloop
  endfacet
  facet normal 0 0 1
    outer loop
      vertex 36.2 65.5 0
      vertex 40.9568 85.3299 0
      vertex 40.5 85.3 0
    endloop
  endfacet
  facet normal 0 0 1
    outer loop
      vertex 40.847 57.9148 0
      vertex 36.2 65.5 0
      vertex 40.5263 57.9786 0
    endloop
  endfacet
  facet normal 0 0 1
    outer loop
      vertex 36.2 65.5 0
      vertex 40.5 85.3 0
      vertex 40.0432 85.3299 0
    endloop
  endfacet
  facet normal 0 0 1
    outer loop
      vertex 40.5263 57.9786 0
      vertex 36.2 65.5 0
      vertex 40.2 58 0
    endloop
  endfacet
  facet normal 0 0 1
    outer loop
      vertex 36.2 65.5 0
      vertex 40.0432 85.3299 0
      vertex 39.5941 85.4193 0
    endloop
  endfacet
  facet normal 0 0 1
    outer loop
      vertex 40.2 58 0
      vertex 36.2 65.5 0
      vertex 39.8737 57.9786 0
    endloop
  endfacet
  facet normal 0 0 1
    outer loop
      vertex 39.8737 57.9786 0
      vertex 36.2 65.5 0
      vertex 39.553 57.9148 0
    endloop
  endfacet
  facet normal 0 0 1
    outer loop
      vertex 36.2 65.5 0
      vertex 39.5941 85.4193 0
      vertex 39.1606 85.5664 0
    endloop
  endfacet
  facet normal 0 0 1
    outer loop
      vertex 39.553 57.9148 0
      vertex 36.2 65.5 0
      vertex 39.2433 57.8097 0
    endloop
  endfacet
  facet normal 0 0 1
    outer loop
      vertex 36.2 65.5 0
      vertex 39.1606 85.5664 0
      vertex 38.75 85.7689 0
    endloop
  endfacet
  facet normal 0 0 1
    outer loop
      vertex 39.2433 57.8097 0
      vertex 36.2 65.5 0
      vertex 38.95 57.6651 0
    endloop
  endfacet
  facet normal 0 0 1
    outer loop
      vertex 36.2 65.5 0
      vertex 38.75 85.7689 0
      vertex 38.3693 86.0233 0
    endloop
  endfacet
  facet normal 0 0 1
    outer loop
      vertex 38.95 57.6651 0
      vertex 36.2 65.5 0
      vertex 38.6781 57.4834 0
    endloop
  endfacet
  facet normal 0 0 1
    outer loop
      vertex 36.2 65.5 0
      vertex 38.3693 86.0233 0
      vertex 38.0251 86.3251 0
    endloop
  endfacet
  facet normal -0 0 1
    outer loop
      vertex 35 65.5 0
      vertex 38.6781 57.4834 0
      vertex 36.2 65.5 0
    endloop
  endfacet
  facet normal 0 0 1
    outer loop
      vertex 36.2 65.5 0
      vertex 38.0251 86.3251 0
      vertex 37.7233 86.6693 0
    endloop
  endfacet
  facet normal 0 0 1
    outer loop
      vertex 38.6781 57.4834 0
      vertex 35 65.5 0
      vertex 38.4322 57.2678 0
    endloop
  endfacet
  facet normal 0 0 1
    outer loop
      vertex 36.2 65.5 0
      vertex 37.7233 86.6693 0
      vertex 37.4689 87.05 0
    endloop
  endfacet
  facet normal 0 0 1
    outer loop
      vertex 38.4322 57.2678 0
      vertex 35 65.5 0
      vertex 38.2166 57.0219 0
    endloop
  endfacet
  facet normal 0 0 1
    outer loop
      vertex 36.2 65.5 0
      vertex 37.4689 87.05 0
      vertex 37.2664 87.4606 0
    endloop
  endfacet
  facet normal 0 0 1
    outer loop
      vertex 38.2166 57.0219 0
      vertex 35 65.5 0
      vertex 38.0349 56.75 0
    endloop
  endfacet
  facet normal 0 0 1
    outer loop
      vertex 36.2 65.5 0
      vertex 37.2664 87.4606 0
      vertex 37.1193 87.8941 0
    endloop
  endfacet
  facet normal 0 0 1
    outer loop
      vertex 38.6781 53.5166 0
      vertex 37.6704 49.5128 0
      vertex 37.6717 49.5128 0
    endloop
  endfacet
  facet normal 0 0 1
    outer loop
      vertex 38.6781 53.5166 0
      vertex 37.6692 49.5125 0
      vertex 37.6704 49.5128 0
    endloop
  endfacet
  facet normal 0 0 1
    outer loop
      vertex 38.0349 56.75 0
      vertex 35 65.5 0
      vertex 37.8903 56.4567 0
    endloop
  endfacet
  facet normal 0 0 1
    outer loop
      vertex 36.2 65.5 0
      vertex 37.1193 87.8941 0
      vertex 37.0299 88.3432 0
    endloop
  endfacet
  facet normal 0 0 1
    outer loop
      vertex 38.4322 53.7322 0
      vertex 37.2482 49.4288 0
      vertex 37.6692 49.5125 0
    endloop
  endfacet
  facet normal 0 0 1
    outer loop
      vertex 37.8903 56.4567 0
      vertex 35 65.5 0
      vertex 37.7852 56.147 0
    endloop
  endfacet
  facet normal 0 0 1
    outer loop
      vertex 37.7852 56.147 0
      vertex 35 65.5 0
      vertex 37.7214 55.8263 0
    endloop
  endfacet
  facet normal 0 0 1
    outer loop
      vertex 36.2 92.49 0
      vertex 37.0299 88.3432 0
      vertex 37 88.8 0
    endloop
  endfacet
  facet normal 0 0 1
    outer loop
      vertex 38.2166 53.9781 0
      vertex 36.8418 49.2908 0
      vertex 37.2482 49.4288 0
    endloop
  endfacet
  facet normal -0 0 1
    outer loop
      vertex 40.847 24.4852 0
      vertex 44.2 2 0
      vertex 41.1567 24.5903 0
    endloop
  endfacet
  facet normal -0 0 1
    outer loop
      vertex 40.5263 24.4214 0
      vertex 44.2 2 0
      vertex 40.847 24.4852 0
    endloop
  endfacet
  facet normal -0 0 1
    outer loop
      vertex 40.2 24.4 0
      vertex 44.2 2 0
      vertex 40.5263 24.4214 0
    endloop
  endfacet
  facet normal 0 0 1
    outer loop
      vertex 39.8737 24.4214 0
      vertex 44.2 2 0
      vertex 40.2 24.4 0
    endloop
  endfacet
  facet normal 0 0 1
    outer loop
      vertex 39.553 24.4852 0
      vertex 44.2 2 0
      vertex 39.8737 24.4214 0
    endloop
  endfacet
  facet normal 0 0 1
    outer loop
      vertex 39.2433 24.5903 0
      vertex 44.2 2 0
      vertex 39.553 24.4852 0
    endloop
  endfacet
  facet normal 0 -0 1
    outer loop
      vertex 42.2 0 0
      vertex 44.2 2 0
      vertex 39.2433 24.5903 0
    endloop
  endfacet
  facet normal 0 0 1
    outer loop
      vertex 44.2 2 0
      vertex 42.2 0 0
      vertex 44.1829 1.73895 0
    endloop
  endfacet
  facet normal 0 0 1
    outer loop
      vertex 44.1319 1.48236 0
      vertex 42.2 0 0
      vertex 44.0478 1.23463 0
    endloop
  endfacet
  facet normal 0 0 1
    outer loop
      vertex 43.9321 1 0
      vertex 42.2 0 0
      vertex 43.7867 0.782471 0
    endloop
  endfacet
  facet normal 0 0 1
    outer loop
      vertex 43.7867 0.782471 0
      vertex 42.2 0 0
      vertex 43.6142 0.585785 0
    endloop
  endfacet
  facet normal 0 0 1
    outer loop
      vertex 43.4175 0.4133 0
      vertex 42.2 0 0
      vertex 43.2 0.267944 0
    endloop
  endfacet
  facet normal 0 0 1
    outer loop
      vertex 43.2 0.267944 0
      vertex 42.2 0 0
      vertex 42.9654 0.152237 0
    endloop
  endfacet
  facet normal 0 0 1
    outer loop
      vertex 42.7176 0.0681458 0
      vertex 42.2 0 0
      vertex 42.461 0.0171051 0
    endloop
  endfacet
  facet normal 0 0 1
    outer loop
      vertex 42.9654 0.152237 0
      vertex 42.2 0 0
      vertex 42.7176 0.0681458 0
    endloop
  endfacet
  facet normal 0 0 1
    outer loop
      vertex 43.6142 0.585785 0
      vertex 42.2 0 0
      vertex 43.4175 0.4133 0
    endloop
  endfacet
  facet normal 0 0 1
    outer loop
      vertex 44.0478 1.23463 0
      vertex 42.2 0 0
      vertex 43.9321 1 0
    endloop
  endfacet
  facet normal 0 0 1
    outer loop
      vertex 44.1829 1.73895 0
      vertex 42.2 0 0
      vertex 44.1319 1.48236 0
    endloop
  endfacet
  facet normal 0 0 1
    outer loop
      vertex 38.95 24.7349 0
      vertex 42.2 0 0
      vertex 39.2433 24.5903 0
    endloop
  endfacet
  facet normal 0 0 1
    outer loop
      vertex 38.6781 24.9166 0
      vertex 42.2 0 0
      vertex 38.95 24.7349 0
    endloop
  endfacet
  facet normal 0 0 1
    outer loop
      vertex 38.4322 25.1322 0
      vertex 42.2 0 0
      vertex 38.6781 24.9166 0
    endloop
  endfacet
  facet normal 0 0 1
    outer loop
      vertex 6.07861 4.22631 0
      vertex 38.4322 25.1322 0
      vertex 38.2166 25.3781 0
    endloop
  endfacet
  facet normal 0 0 1
    outer loop
      vertex 6.07861 4.22631 0
      vertex 38.2166 25.3781 0
      vertex 38.0349 25.65 0
    endloop
  endfacet
  facet normal 0 0 1
    outer loop
      vertex 6.07861 4.22631 0
      vertex 38.0349 25.65 0
      vertex 37.8903 25.9433 0
    endloop
  endfacet
  facet normal 0 0 1
    outer loop
      vertex 6.07861 4.22631 0
      vertex 37.8903 25.9433 0
      vertex 37.7852 26.253 0
    endloop
  endfacet
  facet normal 0 0 1
    outer loop
      vertex 6.07861 4.22631 0
      vertex 37.7852 26.253 0
      vertex 37.7214 26.5737 0
    endloop
  endfacet
  facet normal 0 0 1
    outer loop
      vertex 36.4545 43.4 0
      vertex 38.4322 28.6678 0
      vertex 36.4557 43.3994 0
    endloop
  endfacet
  facet normal 0 0 1
    outer loop
      vertex 36.4535 43.4007 0
      vertex 38.4322 28.6678 0
      vertex 36.4545 43.4 0
    endloop
  endfacet
  facet normal 0 0 1
    outer loop
      vertex 38.4322 28.6678 0
      vertex 36.4535 43.4007 0
      vertex 38.2166 28.4219 0
    endloop
  endfacet
  facet normal 0 0 1
    outer loop
      vertex 36.0966 43.6391 0
      vertex 38.2166 28.4219 0
      vertex 36.4535 43.4007 0
    endloop
  endfacet
  facet normal 0 0 1
    outer loop
      vertex 38.2166 28.4219 0
      vertex 36.0966 43.6391 0
      vertex 38.0349 28.15 0
    endloop
  endfacet
  facet normal 0 0 1
    outer loop
      vertex 36.0957 43.64 0
      vertex 38.0349 28.15 0
      vertex 36.0966 43.6391 0
    endloop
  endfacet
  facet normal 0 0 1
    outer loop
      vertex 35.773 43.923 0
      vertex 38.0349 28.15 0
      vertex 36.0957 43.64 0
    endloop
  endfacet
  facet normal 0 0 1
    outer loop
      vertex 38.0349 28.15 0
      vertex 35.773 43.923 0
      vertex 37.8903 27.8567 0
    endloop
  endfacet
  facet normal 0 0 1
    outer loop
      vertex 35.7721 43.9239 0
      vertex 37.8903 27.8567 0
      vertex 35.773 43.923 0
    endloop
  endfacet
  facet normal 0 0 1
    outer loop
      vertex 35.4891 44.2466 0
      vertex 37.8903 27.8567 0
      vertex 35.7721 43.9239 0
    endloop
  endfacet
  facet normal -0 0 1
    outer loop
      vertex 8.71085 44.2466 0
      vertex 37.8903 27.8567 0
      vertex 35.4891 44.2466 0
    endloop
  endfacet
  facet normal 0 0 1
    outer loop
      vertex 37.8903 27.8567 0
      vertex 8.71085 44.2466 0
      vertex 37.7852 27.547 0
    endloop
  endfacet
  facet normal -0 0 1
    outer loop
      vertex 8.42786 43.9239 0
      vertex 37.7852 27.547 0
      vertex 8.71085 44.2466 0
    endloop
  endfacet
  facet normal -0 0 1
    outer loop
      vertex 8.42702 43.923 0
      vertex 37.7852 27.547 0
      vertex 8.42786 43.9239 0
    endloop
  endfacet
  facet normal 0 0 1
    outer loop
      vertex 8.71085 44.2466 0
      vertex 35.4891 44.2466 0
      vertex 35.4884 44.2477 0
    endloop
  endfacet
  facet normal 0 0 1
    outer loop
      vertex 8.71156 44.2477 0
      vertex 35.4884 44.2477 0
      vertex 35.25 44.6045 0
    endloop
  endfacet
  facet normal -0 0 1
    outer loop
      vertex 8.95057 44.6057 0
      vertex 35.25 44.6045 0
      vertex 35.0602 44.9895 0
    endloop
  endfacet
  facet normal -0 0 1
    outer loop
      vertex 9.1404 44.9906 0
      vertex 35.0602 44.9895 0
      vertex 35.0596 44.9906 0
    endloop
  endfacet
  facet normal 0 0 1
    outer loop
      vertex 9.1404 44.9906 0
      vertex 35.0596 44.9906 0
      vertex 35.0592 44.9918 0
    endloop
  endfacet
  facet normal 0 0 1
    outer loop
      vertex 9.1404 44.9906 0
      vertex 35.0592 44.9918 0
      vertex 34.9212 45.3983 0
    endloop
  endfacet
  facet normal 0 0 1
    outer loop
      vertex 9.27877 45.3983 0
      vertex 34.9212 45.3983 0
      vertex 34.921 45.3995 0
    endloop
  endfacet
  facet normal 0 0 1
    outer loop
      vertex 9.27902 45.3995 0
      vertex 34.921 45.3995 0
      vertex 34.8372 45.8204 0
    endloop
  endfacet
  facet normal 0 0 1
    outer loop
      vertex 9.39083 46.2487 0
      vertex 34.8092 46.2487 0
      vertex 34.8091 46.25 0
    endloop
  endfacet
  facet normal 0 0 1
    outer loop
      vertex 9.39083 46.2487 0
      vertex 34.8091 46.25 0
      vertex 9.39091 46.25 0
    endloop
  endfacet
  facet normal 0 0 1
    outer loop
      vertex 34.8092 46.2487 0
      vertex 9.39083 46.2487 0
      vertex 34.8372 45.8204 0
    endloop
  endfacet
  facet normal 0 0 1
    outer loop
      vertex 9.36276 45.8204 0
      vertex 34.8372 45.8204 0
      vertex 9.39083 46.2487 0
    endloop
  endfacet
  facet normal 0 0 1
    outer loop
      vertex 9.27902 45.3995 0
      vertex 34.8372 45.8204 0
      vertex 9.36276 45.8204 0
    endloop
  endfacet
  facet normal 0 0 1
    outer loop
      vertex 34.921 45.3995 0
      vertex 9.27902 45.3995 0
      vertex 9.27877 45.3983 0
    endloop
  endfacet
  facet normal 0 0 1
    outer loop
      vertex 34.9212 45.3983 0
      vertex 9.27877 45.3983 0
      vertex 9.27837 45.3971 0
    endloop
  endfacet
  facet normal 0 0 1
    outer loop
      vertex 34.9212 45.3983 0
      vertex 9.27837 45.3971 0
      vertex 9.1404 44.9906 0
    endloop
  endfacet
  facet normal 0 0 1
    outer loop
      vertex 35.0602 44.9895 0
      vertex 9.1404 44.9906 0
      vertex 8.95057 44.6057 0
    endloop
  endfacet
  facet normal 0 0 1
    outer loop
      vertex 35.25 44.6045 0
      vertex 8.95057 44.6057 0
      vertex 8.95001 44.6045 0
    endloop
  endfacet
  facet normal 0 0 1
    outer loop
      vertex 35.25 44.6045 0
      vertex 8.95001 44.6045 0
      vertex 8.71156 44.2477 0
    endloop
  endfacet
  facet normal 0 0 1
    outer loop
      vertex 35.4884 44.2477 0
      vertex 8.71156 44.2477 0
      vertex 8.71085 44.2466 0
    endloop
  endfacet
  facet normal 0 0 1
    outer loop
      vertex 37.7852 27.547 0
      vertex 8.42702 43.923 0
      vertex 37.7214 27.2263 0
    endloop
  endfacet
  facet normal -0 0 1
    outer loop
      vertex 8.42607 43.9221 0
      vertex 37.7214 27.2263 0
      vertex 8.42702 43.923 0
    endloop
  endfacet
  facet normal -0 0 1
    outer loop
      vertex 8.10338 43.6391 0
      vertex 37.7214 27.2263 0
      vertex 8.42607 43.9221 0
    endloop
  endfacet
  facet normal 0 0 1
    outer loop
      vertex 37.7214 27.2263 0
      vertex 8.10338 43.6391 0
      vertex 37.7 26.9 0
    endloop
  endfacet
  facet normal -0 0 1
    outer loop
      vertex 7.74651 43.4007 0
      vertex 37.7 26.9 0
      vertex 8.10338 43.6391 0
    endloop
  endfacet
  facet normal -0 0 1
    outer loop
      vertex 7.74545 43.4 0
      vertex 37.7 26.9 0
      vertex 7.74651 43.4007 0
    endloop
  endfacet
  facet normal 0 0 1
    outer loop
      vertex 37.7 26.9 0
      vertex 7.74545 43.4 0
      vertex 37.7214 26.5737 0
    endloop
  endfacet
  facet normal -0 0 1
    outer loop
      vertex 7.74432 43.3994 0
      vertex 37.7214 26.5737 0
      vertex 7.74545 43.4 0
    endloop
  endfacet
  facet normal -0 0 1
    outer loop
      vertex 7.35938 43.2096 0
      vertex 37.7214 26.5737 0
      vertex 7.74432 43.3994 0
    endloop
  endfacet
  facet normal 0 0 1
    outer loop
      vertex 6.07861 4.22631 0
      vertex 37.7214 26.5737 0
      vertex 7.35938 43.2096 0
    endloop
  endfacet
  facet normal 0 0 1
    outer loop
      vertex 6.07861 4.22631 0
      vertex 7.35938 43.2096 0
      vertex 7.35818 43.2092 0
    endloop
  endfacet
  facet normal 0 0 1
    outer loop
      vertex 6.07861 4.22631 0
      vertex 7.35818 43.2092 0
      vertex 6.95175 43.0712 0
    endloop
  endfacet
  facet normal 0 0 1
    outer loop
      vertex 6.07861 4.22631 0
      vertex 6.95175 43.0712 0
      vertex 6.53079 42.9875 0
    endloop
  endfacet
  facet normal 0 0 1
    outer loop
      vertex 6.07861 4.22631 0
      vertex 6.53079 42.9875 0
      vertex 6.52955 42.9872 0
    endloop
  endfacet
  facet normal 0 0 1
    outer loop
      vertex 6.07861 4.22631 0
      vertex 6.52955 42.9872 0
      vertex 6.52829 42.9872 0
    endloop
  endfacet
  facet normal 0 0 1
    outer loop
      vertex 4.24705 6.31481 0
      vertex 6.52829 42.9872 0
      vertex 6.1 42.9591 0
    endloop
  endfacet
  facet normal -0 0 1
    outer loop
      vertex 6.07861 4.22631 0
      vertex 42.2 0 0
      vertex 38.4322 25.1322 0
    endloop
  endfacet
  facet normal -0 0 1
    outer loop
      vertex 6.07861 3.57368 0
      vertex 42.2 0 0
      vertex 6.1 3.9 0
    endloop
  endfacet
  facet normal -0 0 1
    outer loop
      vertex 6.01481 3.25295 0
      vertex 42.2 0 0
      vertex 6.07861 3.57368 0
    endloop
  endfacet
  facet normal -0 0 1
    outer loop
      vertex 5.9097 2.94329 0
      vertex 42.2 0 0
      vertex 6.01481 3.25295 0
    endloop
  endfacet
  facet normal -0 0 1
    outer loop
      vertex 5.76506 2.65 0
      vertex 42.2 0 0
      vertex 5.9097 2.94329 0
    endloop
  endfacet
  facet normal -0 0 1
    outer loop
      vertex 5.58338 2.3781 0
      vertex 42.2 0 0
      vertex 5.76506 2.65 0
    endloop
  endfacet
  facet normal -0 0 1
    outer loop
      vertex 5.36777 2.13223 0
      vertex 42.2 0 0
      vertex 5.58338 2.3781 0
    endloop
  endfacet
  facet normal -0 0 1
    outer loop
      vertex 5.1219 1.91662 0
      vertex 42.2 0 0
      vertex 5.36777 2.13223 0
    endloop
  endfacet
  facet normal -0 0 1
    outer loop
      vertex 4.85 1.73494 0
      vertex 42.2 0 0
      vertex 5.1219 1.91662 0
    endloop
  endfacet
  facet normal 0 0 1
    outer loop
      vertex 2 0 0
      vertex 4.85 1.73494 0
      vertex 4.55671 1.5903 0
    endloop
  endfacet
  facet normal 0 0 1
    outer loop
      vertex 2 0 0
      vertex 4.55671 1.5903 0
      vertex 4.24705 1.48518 0
    endloop
  endfacet
  facet normal 0 0 1
    outer loop
      vertex 2 0 0
      vertex 4.24705 1.48518 0
      vertex 3.92632 1.42139 0
    endloop
  endfacet
  facet normal 0 0 1
    outer loop
      vertex 2 0 0
      vertex 3.92632 1.42139 0
      vertex 3.6 1.4 0
    endloop
  endfacet
  facet normal 0 0 1
    outer loop
      vertex 4.85 1.73494 0
      vertex 2 0 0
      vertex 42.2 0 0
    endloop
  endfacet
  facet normal 0 0 1
    outer loop
      vertex 3.27368 1.42139 0
      vertex 2 0 0
      vertex 3.6 1.4 0
    endloop
  endfacet
  facet normal 0 0 1
    outer loop
      vertex 2.95295 1.48518 0
      vertex 2 0 0
      vertex 3.27368 1.42139 0
    endloop
  endfacet
  facet normal 0 0 1
    outer loop
      vertex 2.64329 1.5903 0
      vertex 2 0 0
      vertex 2.95295 1.48518 0
    endloop
  endfacet
  facet normal 0 0 1
    outer loop
      vertex 2.35 1.73494 0
      vertex 2 0 0
      vertex 2.64329 1.5903 0
    endloop
  endfacet
  facet normal 0 0 1
    outer loop
      vertex 1.48236 0.0681458 0
      vertex 2.35 1.73494 0
      vertex 2.0781 1.91662 0
    endloop
  endfacet
  facet normal 0 0 1
    outer loop
      vertex 1 0.267944 0
      vertex 2.0781 1.91662 0
      vertex 1.83223 2.13223 0
    endloop
  endfacet
  facet normal 0 0 1
    outer loop
      vertex 2.35 1.73494 0
      vertex 1.73895 0.0171051 0
      vertex 2 0 0
    endloop
  endfacet
  facet normal 0 0 1
    outer loop
      vertex 1 0.267944 0
      vertex 1.83223 2.13223 0
      vertex 1.61662 2.3781 0
    endloop
  endfacet
  facet normal 0 0 1
    outer loop
      vertex 2.35 1.73494 0
      vertex 1.48236 0.0681458 0
      vertex 1.73895 0.0171051 0
    endloop
  endfacet
  facet normal 0 0 1
    outer loop
      vertex 1 0.267944 0
      vertex 1.61662 2.3781 0
      vertex 1.43494 2.65 0
    endloop
  endfacet
  facet normal 0 0 1
    outer loop
      vertex 1 0.267944 0
      vertex 1.43494 2.65 0
      vertex 1.2903 2.94329 0
    endloop
  endfacet
  facet normal 0 0 1
    outer loop
      vertex 2.0781 1.91662 0
      vertex 1.23463 0.152237 0
      vertex 1.48236 0.0681458 0
    endloop
  endfacet
  facet normal 0 0 1
    outer loop
      vertex 1 0.267944 0
      vertex 1.2903 2.94329 0
      vertex 1.18519 3.25295 0
    endloop
  endfacet
  facet normal 0 0 1
    outer loop
      vertex 1 0.267944 0
      vertex 1.18519 3.25295 0
      vertex 1.12139 3.57368 0
    endloop
  endfacet
  facet normal 0 0 1
    outer loop
      vertex 1 0.267944 0
      vertex 1.12139 3.57368 0
      vertex 1.1 3.9 0
    endloop
  endfacet
  facet normal 0 0 1
    outer loop
      vertex 2.0781 1.91662 0
      vertex 1 0.267944 0
      vertex 1.23463 0.152237 0
    endloop
  endfacet
  facet normal -0 0 1
    outer loop
      vertex 41.2784 45.3971 0
      vertex 42.3651 28.15 0
      vertex 41.2788 45.3983 0
    endloop
  endfacet
  facet normal -0 0 1
    outer loop
      vertex 41.1404 44.9906 0
      vertex 42.3651 28.15 0
      vertex 41.2784 45.3971 0
    endloop
  endfacet
  facet normal 0 0 1
    outer loop
      vertex 42.3651 28.15 0
      vertex 41.1404 44.9906 0
      vertex 42.1834 28.4219 0
    endloop
  endfacet
  facet normal -0 0 1
    outer loop
      vertex 40.9506 44.6057 0
      vertex 42.1834 28.4219 0
      vertex 41.1404 44.9906 0
    endloop
  endfacet
  facet normal -0 0 1
    outer loop
      vertex 40.95 44.6045 0
      vertex 42.1834 28.4219 0
      vertex 40.9506 44.6057 0
    endloop
  endfacet
  facet normal 0 0 1
    outer loop
      vertex 42.1834 28.4219 0
      vertex 40.95 44.6045 0
      vertex 41.9678 28.6678 0
    endloop
  endfacet
  facet normal -0 0 1
    outer loop
      vertex 40.7116 44.2477 0
      vertex 41.9678 28.6678 0
      vertex 40.95 44.6045 0
    endloop
  endfacet
  facet normal -0 0 1
    outer loop
      vertex 40.7109 44.2466 0
      vertex 41.9678 28.6678 0
      vertex 40.7116 44.2477 0
    endloop
  endfacet
  facet normal 0 0 1
    outer loop
      vertex 41.9678 28.6678 0
      vertex 40.7109 44.2466 0
      vertex 41.7219 28.8834 0
    endloop
  endfacet
  facet normal -0 0 1
    outer loop
      vertex 40.4279 43.9239 0
      vertex 41.7219 28.8834 0
      vertex 40.7109 44.2466 0
    endloop
  endfacet
  facet normal -0 0 1
    outer loop
      vertex 40.427 43.923 0
      vertex 41.7219 28.8834 0
      vertex 40.4279 43.9239 0
    endloop
  endfacet
  facet normal 0 0 1
    outer loop
      vertex 41.7219 28.8834 0
      vertex 40.427 43.923 0
      vertex 41.45 29.0651 0
    endloop
  endfacet
  facet normal -0 0 1
    outer loop
      vertex 40.4261 43.9221 0
      vertex 41.45 29.0651 0
      vertex 40.427 43.923 0
    endloop
  endfacet
  facet normal -0 0 1
    outer loop
      vertex 40.1034 43.6391 0
      vertex 41.45 29.0651 0
      vertex 40.4261 43.9221 0
    endloop
  endfacet
  facet normal 0 0 1
    outer loop
      vertex 41.45 29.0651 0
      vertex 40.1034 43.6391 0
      vertex 41.1567 29.2097 0
    endloop
  endfacet
  facet normal -0 0 1
    outer loop
      vertex 39.7465 43.4007 0
      vertex 41.1567 29.2097 0
      vertex 40.1034 43.6391 0
    endloop
  endfacet
  facet normal -0 0 1
    outer loop
      vertex 39.7455 43.4 0
      vertex 41.1567 29.2097 0
      vertex 39.7465 43.4007 0
    endloop
  endfacet
  facet normal 0 0 1
    outer loop
      vertex 41.1567 29.2097 0
      vertex 39.7455 43.4 0
      vertex 40.847 29.3148 0
    endloop
  endfacet
  facet normal -0 0 1
    outer loop
      vertex 39.7443 43.3994 0
      vertex 40.847 29.3148 0
      vertex 39.7455 43.4 0
    endloop
  endfacet
  facet normal -0 0 1
    outer loop
      vertex 39.3594 43.2096 0
      vertex 40.847 29.3148 0
      vertex 39.7443 43.3994 0
    endloop
  endfacet
  facet normal 0 0 1
    outer loop
      vertex 40.847 29.3148 0
      vertex 39.3594 43.2096 0
      vertex 40.5263 29.3786 0
    endloop
  endfacet
  facet normal -0 0 1
    outer loop
      vertex 39.3582 43.2092 0
      vertex 40.5263 29.3786 0
      vertex 39.3594 43.2096 0
    endloop
  endfacet
  facet normal -0 0 1
    outer loop
      vertex 38.9517 43.0712 0
      vertex 40.5263 29.3786 0
      vertex 39.3582 43.2092 0
    endloop
  endfacet
  facet normal 0 0 1
    outer loop
      vertex 40.5263 29.3786 0
      vertex 38.9517 43.0712 0
      vertex 40.2 29.4 0
    endloop
  endfacet
  facet normal -0 0 1
    outer loop
      vertex 38.5308 42.9875 0
      vertex 40.2 29.4 0
      vertex 38.9517 43.0712 0
    endloop
  endfacet
  facet normal -0 0 1
    outer loop
      vertex 38.5295 42.9872 0
      vertex 40.2 29.4 0
      vertex 38.5308 42.9875 0
    endloop
  endfacet
  facet normal 0 0 1
    outer loop
      vertex 40.2 29.4 0
      vertex 38.5295 42.9872 0
      vertex 39.8737 29.3786 0
    endloop
  endfacet
  facet normal -0 0 1
    outer loop
      vertex 38.5283 42.9872 0
      vertex 39.8737 29.3786 0
      vertex 38.5295 42.9872 0
    endloop
  endfacet
  facet normal -0 0 1
    outer loop
      vertex 38.1 42.9591 0
      vertex 39.8737 29.3786 0
      vertex 38.5283 42.9872 0
    endloop
  endfacet
  facet normal 0 0 1
    outer loop
      vertex 39.8737 29.3786 0
      vertex 38.1 42.9591 0
      vertex 39.553 29.3148 0
    endloop
  endfacet
  facet normal 0 0 1
    outer loop
      vertex 37.6717 42.9872 0
      vertex 39.553 29.3148 0
      vertex 38.1 42.9591 0
    endloop
  endfacet
  facet normal -0 0 1
    outer loop
      vertex 37.6704 42.9872 0
      vertex 39.553 29.3148 0
      vertex 37.6717 42.9872 0
    endloop
  endfacet
  facet normal 0 0 1
    outer loop
      vertex 39.553 29.3148 0
      vertex 37.6704 42.9872 0
      vertex 39.2433 29.2097 0
    endloop
  endfacet
  facet normal 0 0 1
    outer loop
      vertex 37.6692 42.9875 0
      vertex 39.2433 29.2097 0
      vertex 37.6704 42.9872 0
    endloop
  endfacet
  facet normal 0 0 1
    outer loop
      vertex 37.2482 43.0712 0
      vertex 39.2433 29.2097 0
      vertex 37.6692 42.9875 0
    endloop
  endfacet
  facet normal 0 0 1
    outer loop
      vertex 39.2433 29.2097 0
      vertex 37.2482 43.0712 0
      vertex 38.95 29.0651 0
    endloop
  endfacet
  facet normal 0 0 1
    outer loop
      vertex 36.8418 43.2092 0
      vertex 38.95 29.0651 0
      vertex 37.2482 43.0712 0
    endloop
  endfacet
  facet normal 0 0 1
    outer loop
      vertex 38.95 29.0651 0
      vertex 36.8418 43.2092 0
      vertex 38.6781 28.8834 0
    endloop
  endfacet
  facet normal 0 0 1
    outer loop
      vertex 36.8406 43.2096 0
      vertex 38.6781 28.8834 0
      vertex 36.8418 43.2092 0
    endloop
  endfacet
  facet normal 0 0 1
    outer loop
      vertex 38.6781 28.8834 0
      vertex 36.8406 43.2096 0
      vertex 38.4322 28.6678 0
    endloop
  endfacet
  facet normal 0 0 1
    outer loop
      vertex 36.4557 43.3994 0
      vertex 38.4322 28.6678 0
      vertex 36.8406 43.2096 0
    endloop
  endfacet
  facet normal 0 0 -1
    outer loop
      vertex 5.4 88.8 0
      vertex 6.8 88.8 0
      vertex 6.77348 88.3954 0
    endloop
  endfacet
  facet normal 0 0 -1
    outer loop
      vertex 5.38546 88.5781 0
      vertex 6.77348 88.3954 0
      vertex 6.69437 87.9977 0
    endloop
  endfacet
  facet normal 0 0 -1
    outer loop
      vertex 6.8 88.8 0
      vertex 5.4 88.8 0
      vertex 6.77348 89.2046 0
    endloop
  endfacet
  facet normal 0 0 -1
    outer loop
      vertex 5.34207 88.36 0
      vertex 6.69437 87.9977 0
      vertex 6.56403 87.6137 0
    endloop
  endfacet
  facet normal 0 0 -1
    outer loop
      vertex 5.38546 89.0219 0
      vertex 6.77348 89.2046 0
      vertex 5.4 88.8 0
    endloop
  endfacet
  facet normal 0 0 -1
    outer loop
      vertex 5.27059 88.1494 0
      vertex 6.56403 87.6137 0
      vertex 6.38468 87.25 0
    endloop
  endfacet
  facet normal -0 0 -1
    outer loop
      vertex 6.77348 89.2046 0
      vertex 5.38546 89.0219 0
      vertex 6.69437 89.6023 0
    endloop
  endfacet
  facet normal 0 0 -1
    outer loop
      vertex 5.17224 87.95 0
      vertex 6.38468 87.25 0
      vertex 6.1594 86.9128 0
    endloop
  endfacet
  facet normal 0 0 -1
    outer loop
      vertex 5.34207 89.24 0
      vertex 6.69437 89.6023 0
      vertex 5.38546 89.0219 0
    endloop
  endfacet
  facet normal 0 0 -1
    outer loop
      vertex 5.0487 87.7651 0
      vertex 6.1594 86.9128 0
      vertex 5.89203 86.608 0
    endloop
  endfacet
  facet normal -0 0 -1
    outer loop
      vertex 6.69437 89.6023 0
      vertex 5.34207 89.24 0
      vertex 6.56403 89.9863 0
    endloop
  endfacet
  facet normal 0 0 -1
    outer loop
      vertex 4.90208 87.5979 0
      vertex 5.89203 86.608 0
      vertex 5.58716 86.3406 0
    endloop
  endfacet
  facet normal 0 0 -1
    outer loop
      vertex 5.27059 89.4506 0
      vertex 6.56403 89.9863 0
      vertex 5.34207 89.24 0
    endloop
  endfacet
  facet normal -0 0 -1
    outer loop
      vertex 6.56403 89.9863 0
      vertex 5.27059 89.4506 0
      vertex 6.38468 90.35 0
    endloop
  endfacet
  facet normal 0 0 -1
    outer loop
      vertex 6.77348 88.3954 0
      vertex 5.38546 88.5781 0
      vertex 5.4 88.8 0
    endloop
  endfacet
  facet normal 0 0 -1
    outer loop
      vertex 6.69437 87.9977 0
      vertex 5.34207 88.36 0
      vertex 5.38546 88.5781 0
    endloop
  endfacet
  facet normal 0 0 -1
    outer loop
      vertex 6.56403 87.6137 0
      vertex 5.27059 88.1494 0
      vertex 5.34207 88.36 0
    endloop
  endfacet
  facet normal 0 0 -1
    outer loop
      vertex 4.73489 87.4513 0
      vertex 5.58716 86.3406 0
      vertex 5.25 86.1153 0
    endloop
  endfacet
  facet normal 0 0 -1
    outer loop
      vertex 6.38468 87.25 0
      vertex 5.17224 87.95 0
      vertex 5.27059 88.1494 0
    endloop
  endfacet
  facet normal 0 0 -1
    outer loop
      vertex 6.1594 86.9128 0
      vertex 5.0487 87.7651 0
      vertex 5.17224 87.95 0
    endloop
  endfacet
  facet normal 0 0 -1
    outer loop
      vertex 5.89203 86.608 0
      vertex 4.90208 87.5979 0
      vertex 5.0487 87.7651 0
    endloop
  endfacet
  facet normal 0 0 -1
    outer loop
      vertex 4.55 87.3278 0
      vertex 5.25 86.1153 0
      vertex 4.88632 85.936 0
    endloop
  endfacet
  facet normal 0 0 -1
    outer loop
      vertex 5.58716 86.3406 0
      vertex 4.73489 87.4513 0
      vertex 4.90208 87.5979 0
    endloop
  endfacet
  facet normal 0 0 -1
    outer loop
      vertex 5.25 86.1153 0
      vertex 4.55 87.3278 0
      vertex 4.73489 87.4513 0
    endloop
  endfacet
  facet normal 0 0 -1
    outer loop
      vertex 4.35056 87.2294 0
      vertex 4.88632 85.936 0
      vertex 4.50234 85.8056 0
    endloop
  endfacet
  facet normal 0 0 -1
    outer loop
      vertex 4.88632 85.936 0
      vertex 4.35056 87.2294 0
      vertex 4.55 87.3278 0
    endloop
  endfacet
  facet normal 0 0 -1
    outer loop
      vertex 4.50234 85.8056 0
      vertex 4.13999 87.1579 0
      vertex 4.35056 87.2294 0
    endloop
  endfacet
  facet normal 0 0 -1
    outer loop
      vertex 4.10463 85.7265 0
      vertex 4.13999 87.1579 0
      vertex 4.50234 85.8056 0
    endloop
  endfacet
  facet normal 0 0 -1
    outer loop
      vertex 4.10463 85.7265 0
      vertex 3.92189 87.1145 0
      vertex 4.13999 87.1579 0
    endloop
  endfacet
  facet normal 0 0 -1
    outer loop
      vertex 3.7 85.7 0
      vertex 3.92189 87.1145 0
      vertex 4.10463 85.7265 0
    endloop
  endfacet
  facet normal 0 0 -1
    outer loop
      vertex 3.7 85.7 0
      vertex 3.7 87.1 0
      vertex 3.92189 87.1145 0
    endloop
  endfacet
  facet normal 0 0 -1
    outer loop
      vertex 3.7 85.7 0
      vertex 3.4781 87.1145 0
      vertex 3.7 87.1 0
    endloop
  endfacet
  facet normal 0 0 -1
    outer loop
      vertex 3.29537 85.7265 0
      vertex 3.4781 87.1145 0
      vertex 3.7 85.7 0
    endloop
  endfacet
  facet normal 0 0 -1
    outer loop
      vertex 3.29537 85.7265 0
      vertex 3.26001 87.1579 0
      vertex 3.4781 87.1145 0
    endloop
  endfacet
  facet normal 0 0 -1
    outer loop
      vertex 2.89766 85.8056 0
      vertex 3.26001 87.1579 0
      vertex 3.29537 85.7265 0
    endloop
  endfacet
  facet normal -0 0 -1
    outer loop
      vertex 3.26001 87.1579 0
      vertex 2.89766 85.8056 0
      vertex 3.04944 87.2294 0
    endloop
  endfacet
  facet normal 0 0 -1
    outer loop
      vertex 2.51368 85.936 0
      vertex 3.04944 87.2294 0
      vertex 2.89766 85.8056 0
    endloop
  endfacet
  facet normal -0 0 -1
    outer loop
      vertex 3.04944 87.2294 0
      vertex 2.51368 85.936 0
      vertex 2.85 87.3278 0
    endloop
  endfacet
  facet normal 0 0 -1
    outer loop
      vertex 2.15 86.1153 0
      vertex 2.85 87.3278 0
      vertex 2.51368 85.936 0
    endloop
  endfacet
  facet normal -0 0 -1
    outer loop
      vertex 2.85 87.3278 0
      vertex 2.15 86.1153 0
      vertex 2.6651 87.4513 0
    endloop
  endfacet
  facet normal 0 0 -1
    outer loop
      vertex 1.81284 86.3406 0
      vertex 2.6651 87.4513 0
      vertex 2.15 86.1153 0
    endloop
  endfacet
  facet normal -0 0 -1
    outer loop
      vertex 2.6651 87.4513 0
      vertex 1.81284 86.3406 0
      vertex 2.49792 87.5979 0
    endloop
  endfacet
  facet normal 0 0 -1
    outer loop
      vertex 1.50797 86.608 0
      vertex 2.49792 87.5979 0
      vertex 1.81284 86.3406 0
    endloop
  endfacet
  facet normal -0 0 -1
    outer loop
      vertex 2.49792 87.5979 0
      vertex 1.50797 86.608 0
      vertex 2.3513 87.7651 0
    endloop
  endfacet
  facet normal 0 0 -1
    outer loop
      vertex 1.2406 86.9128 0
      vertex 2.3513 87.7651 0
      vertex 1.50797 86.608 0
    endloop
  endfacet
  facet normal -0 0 -1
    outer loop
      vertex 2.3513 87.7651 0
      vertex 1.2406 86.9128 0
      vertex 2.22776 87.95 0
    endloop
  endfacet
  facet normal 0 0 -1
    outer loop
      vertex 1.01532 87.25 0
      vertex 2.22776 87.95 0
      vertex 1.2406 86.9128 0
    endloop
  endfacet
  facet normal -0 0 -1
    outer loop
      vertex 2.22776 87.95 0
      vertex 1.01532 87.25 0
      vertex 2.1294 88.1494 0
    endloop
  endfacet
  facet normal 0 0 -1
    outer loop
      vertex 5.17224 89.65 0
      vertex 6.38468 90.35 0
      vertex 5.27059 89.4506 0
    endloop
  endfacet
  facet normal -0 0 -1
    outer loop
      vertex 6.38468 90.35 0
      vertex 5.17224 89.65 0
      vertex 6.1594 90.6872 0
    endloop
  endfacet
  facet normal 0 0 -1
    outer loop
      vertex 5.0487 89.8349 0
      vertex 6.1594 90.6872 0
      vertex 5.17224 89.65 0
    endloop
  endfacet
  facet normal -0 0 -1
    outer loop
      vertex 6.1594 90.6872 0
      vertex 5.0487 89.8349 0
      vertex 5.89203 90.992 0
    endloop
  endfacet
  facet normal 0 0 -1
    outer loop
      vertex 4.90208 90.0021 0
      vertex 5.89203 90.992 0
      vertex 5.0487 89.8349 0
    endloop
  endfacet
  facet normal -0 0 -1
    outer loop
      vertex 5.89203 90.992 0
      vertex 4.90208 90.0021 0
      vertex 5.58716 91.2594 0
    endloop
  endfacet
  facet normal 0 0 -1
    outer loop
      vertex 4.73489 90.1487 0
      vertex 5.58716 91.2594 0
      vertex 4.90208 90.0021 0
    endloop
  endfacet
  facet normal -0 0 -1
    outer loop
      vertex 5.58716 91.2594 0
      vertex 4.73489 90.1487 0
      vertex 5.25 91.4847 0
    endloop
  endfacet
  facet normal 0 0 -1
    outer loop
      vertex 4.55 90.2722 0
      vertex 5.25 91.4847 0
      vertex 4.73489 90.1487 0
    endloop
  endfacet
  facet normal -0 0 -1
    outer loop
      vertex 5.25 91.4847 0
      vertex 4.55 90.2722 0
      vertex 4.88632 91.664 0
    endloop
  endfacet
  facet normal 0 0 -1
    outer loop
      vertex 4.35056 90.3706 0
      vertex 4.88632 91.664 0
      vertex 4.55 90.2722 0
    endloop
  endfacet
  facet normal -0 0 -1
    outer loop
      vertex 4.88632 91.664 0
      vertex 4.35056 90.3706 0
      vertex 4.50234 91.7944 0
    endloop
  endfacet
  facet normal 0 0 -1
    outer loop
      vertex 4.13999 90.4421 0
      vertex 4.50234 91.7944 0
      vertex 4.35056 90.3706 0
    endloop
  endfacet
  facet normal 0 0 -1
    outer loop
      vertex 4.13999 90.4421 0
      vertex 4.10463 91.8735 0
      vertex 4.50234 91.7944 0
    endloop
  endfacet
  facet normal 0 0 -1
    outer loop
      vertex 3.92189 90.4855 0
      vertex 4.10463 91.8735 0
      vertex 4.13999 90.4421 0
    endloop
  endfacet
  facet normal 0 0 -1
    outer loop
      vertex 3.7 90.5 0
      vertex 4.10463 91.8735 0
      vertex 3.92189 90.4855 0
    endloop
  endfacet
  facet normal 0 0 -1
    outer loop
      vertex 3.7 90.5 0
      vertex 3.7 91.9 0
      vertex 4.10463 91.8735 0
    endloop
  endfacet
  facet normal 0 0 -1
    outer loop
      vertex 3.4781 90.4855 0
      vertex 3.7 91.9 0
      vertex 3.7 90.5 0
    endloop
  endfacet
  facet normal 0 0 -1
    outer loop
      vertex 3.4781 90.4855 0
      vertex 3.29537 91.8735 0
      vertex 3.7 91.9 0
    endloop
  endfacet
  facet normal 0 0 -1
    outer loop
      vertex 3.26001 90.4421 0
      vertex 3.29537 91.8735 0
      vertex 3.4781 90.4855 0
    endloop
  endfacet
  facet normal 0 0 -1
    outer loop
      vertex 2.89766 91.7944 0
      vertex 3.26001 90.4421 0
      vertex 3.04944 90.3706 0
    endloop
  endfacet
  facet normal 0 0 -1
    outer loop
      vertex 3.26001 90.4421 0
      vertex 2.89766 91.7944 0
      vertex 3.29537 91.8735 0
    endloop
  endfacet
  facet normal 0 0 -1
    outer loop
      vertex 2.51368 91.664 0
      vertex 3.04944 90.3706 0
      vertex 2.85 90.2722 0
    endloop
  endfacet
  facet normal 0 0 -1
    outer loop
      vertex 2.15 91.4847 0
      vertex 2.85 90.2722 0
      vertex 2.6651 90.1487 0
    endloop
  endfacet
  facet normal 0 0 -1
    outer loop
      vertex 3.04944 90.3706 0
      vertex 2.51368 91.664 0
      vertex 2.89766 91.7944 0
    endloop
  endfacet
  facet normal 0 0 -1
    outer loop
      vertex 1.81284 91.2594 0
      vertex 2.6651 90.1487 0
      vertex 2.49792 90.0021 0
    endloop
  endfacet
  facet normal 0 0 -1
    outer loop
      vertex 1.50797 90.992 0
      vertex 2.49792 90.0021 0
      vertex 2.3513 89.8349 0
    endloop
  endfacet
  facet normal 0 0 -1
    outer loop
      vertex 1.2406 90.6872 0
      vertex 2.3513 89.8349 0
      vertex 2.22776 89.65 0
    endloop
  endfacet
  facet normal 0 0 -1
    outer loop
      vertex 2.85 90.2722 0
      vertex 2.15 91.4847 0
      vertex 2.51368 91.664 0
    endloop
  endfacet
  facet normal 0 0 -1
    outer loop
      vertex 1.01532 90.35 0
      vertex 2.22776 89.65 0
      vertex 2.1294 89.4506 0
    endloop
  endfacet
  facet normal 0 0 -1
    outer loop
      vertex 0.835973 89.9863 0
      vertex 2.1294 89.4506 0
      vertex 2.05793 89.24 0
    endloop
  endfacet
  facet normal 0 0 -1
    outer loop
      vertex 0.705629 89.6023 0
      vertex 2.05793 89.24 0
      vertex 2.01454 89.0219 0
    endloop
  endfacet
  facet normal 0 0 -1
    outer loop
      vertex 0.62652 89.2046 0
      vertex 2.01454 89.0219 0
      vertex 2 88.8 0
    endloop
  endfacet
  facet normal 0 0 -1
    outer loop
      vertex 0.835973 87.6137 0
      vertex 2.1294 88.1494 0
      vertex 1.01532 87.25 0
    endloop
  endfacet
  facet normal 0 0 -1
    outer loop
      vertex 2.6651 90.1487 0
      vertex 1.81284 91.2594 0
      vertex 2.15 91.4847 0
    endloop
  endfacet
  facet normal -0 0 -1
    outer loop
      vertex 2.1294 88.1494 0
      vertex 0.835973 87.6137 0
      vertex 2.05793 88.36 0
    endloop
  endfacet
  facet normal 0 0 -1
    outer loop
      vertex 2.49792 90.0021 0
      vertex 1.50797 90.992 0
      vertex 1.81284 91.2594 0
    endloop
  endfacet
  facet normal 0 0 -1
    outer loop
      vertex 0.705629 87.9977 0
      vertex 2.05793 88.36 0
      vertex 0.835973 87.6137 0
    endloop
  endfacet
  facet normal 0 0 -1
    outer loop
      vertex 2.3513 89.8349 0
      vertex 1.2406 90.6872 0
      vertex 1.50797 90.992 0
    endloop
  endfacet
  facet normal -0 0 -1
    outer loop
      vertex 2.05793 88.36 0
      vertex 0.705629 87.9977 0
      vertex 2.01454 88.5781 0
    endloop
  endfacet
  facet normal 0 0 -1
    outer loop
      vertex 2.22776 89.65 0
      vertex 1.01532 90.35 0
      vertex 1.2406 90.6872 0
    endloop
  endfacet
  facet normal 0 0 -1
    outer loop
      vertex 0.62652 88.3954 0
      vertex 2.01454 88.5781 0
      vertex 0.705629 87.9977 0
    endloop
  endfacet
  facet normal 0 0 -1
    outer loop
      vertex 2.1294 89.4506 0
      vertex 0.835973 89.9863 0
      vertex 1.01532 90.35 0
    endloop
  endfacet
  facet normal -0 0 -1
    outer loop
      vertex 2.01454 88.5781 0
      vertex 0.62652 88.3954 0
      vertex 2 88.8 0
    endloop
  endfacet
  facet normal 0 0 -1
    outer loop
      vertex 2.05793 89.24 0
      vertex 0.705629 89.6023 0
      vertex 0.835973 89.9863 0
    endloop
  endfacet
  facet normal 0 0 -1
    outer loop
      vertex 0.599999 88.8 0
      vertex 2 88.8 0
      vertex 0.62652 88.3954 0
    endloop
  endfacet
  facet normal 0 0 -1
    outer loop
      vertex 2.01454 89.0219 0
      vertex 0.62652 89.2046 0
      vertex 0.705629 89.6023 0
    endloop
  endfacet
  facet normal 0 0 -1
    outer loop
      vertex 2 88.8 0
      vertex 0.599999 88.8 0
      vertex 0.62652 89.2046 0
    endloop
  endfacet
  facet normal 0 0 -1
    outer loop
      vertex 42.2 88.8 0
      vertex 43.6 88.8 0
      vertex 43.5735 88.3954 0
    endloop
  endfacet
  facet normal 0 0 -1
    outer loop
      vertex 42.1855 88.5781 0
      vertex 43.5735 88.3954 0
      vertex 43.4944 87.9977 0
    endloop
  endfacet
  facet normal 0 0 -1
    outer loop
      vertex 43.6 88.8 0
      vertex 42.2 88.8 0
      vertex 43.5735 89.2046 0
    endloop
  endfacet
  facet normal 0 0 -1
    outer loop
      vertex 42.1421 88.36 0
      vertex 43.4944 87.9977 0
      vertex 43.364 87.6137 0
    endloop
  endfacet
  facet normal 0 0 -1
    outer loop
      vertex 42.1855 89.0219 0
      vertex 43.5735 89.2046 0
      vertex 42.2 88.8 0
    endloop
  endfacet
  facet normal 0 0 -1
    outer loop
      vertex 42.0706 88.1494 0
      vertex 43.364 87.6137 0
      vertex 43.1847 87.25 0
    endloop
  endfacet
  facet normal -0 0 -1
    outer loop
      vertex 43.5735 89.2046 0
      vertex 42.1855 89.0219 0
      vertex 43.4944 89.6023 0
    endloop
  endfacet
  facet normal 0 0 -1
    outer loop
      vertex 41.9722 87.95 0
      vertex 43.1847 87.25 0
      vertex 42.9594 86.9128 0
    endloop
  endfacet
  facet normal 0 0 -1
    outer loop
      vertex 42.1421 89.24 0
      vertex 43.4944 89.6023 0
      vertex 42.1855 89.0219 0
    endloop
  endfacet
  facet normal 0 0 -1
    outer loop
      vertex 41.8487 87.7651 0
      vertex 42.9594 86.9128 0
      vertex 42.692 86.608 0
    endloop
  endfacet
  facet normal -0 0 -1
    outer loop
      vertex 43.4944 89.6023 0
      vertex 42.1421 89.24 0
      vertex 43.364 89.9863 0
    endloop
  endfacet
  facet normal 0 0 -1
    outer loop
      vertex 41.7021 87.5979 0
      vertex 42.692 86.608 0
      vertex 42.3872 86.3406 0
    endloop
  endfacet
  facet normal 0 0 -1
    outer loop
      vertex 42.0706 89.4506 0
      vertex 43.364 89.9863 0
      vertex 42.1421 89.24 0
    endloop
  endfacet
  facet normal -0 0 -1
    outer loop
      vertex 43.364 89.9863 0
      vertex 42.0706 89.4506 0
      vertex 43.1847 90.35 0
    endloop
  endfacet
  facet normal 0 0 -1
    outer loop
      vertex 43.5735 88.3954 0
      vertex 42.1855 88.5781 0
      vertex 42.2 88.8 0
    endloop
  endfacet
  facet normal 0 0 -1
    outer loop
      vertex 43.4944 87.9977 0
      vertex 42.1421 88.36 0
      vertex 42.1855 88.5781 0
    endloop
  endfacet
  facet normal 0 0 -1
    outer loop
      vertex 43.364 87.6137 0
      vertex 42.0706 88.1494 0
      vertex 42.1421 88.36 0
    endloop
  endfacet
  facet normal 0 0 -1
    outer loop
      vertex 41.5349 87.4513 0
      vertex 42.3872 86.3406 0
      vertex 42.05 86.1153 0
    endloop
  endfacet
  facet normal 0 0 -1
    outer loop
      vertex 43.1847 87.25 0
      vertex 41.9722 87.95 0
      vertex 42.0706 88.1494 0
    endloop
  endfacet
  facet normal 0 0 -1
    outer loop
      vertex 42.9594 86.9128 0
      vertex 41.8487 87.7651 0
      vertex 41.9722 87.95 0
    endloop
  endfacet
  facet normal 0 0 -1
    outer loop
      vertex 42.692 86.608 0
      vertex 41.7021 87.5979 0
      vertex 41.8487 87.7651 0
    endloop
  endfacet
  facet normal 0 0 -1
    outer loop
      vertex 41.35 87.3278 0
      vertex 42.05 86.1153 0
      vertex 41.6863 85.936 0
    endloop
  endfacet
  facet normal 0 0 -1
    outer loop
      vertex 42.3872 86.3406 0
      vertex 41.5349 87.4513 0
      vertex 41.7021 87.5979 0
    endloop
  endfacet
  facet normal 0 0 -1
    outer loop
      vertex 42.05 86.1153 0
      vertex 41.35 87.3278 0
      vertex 41.5349 87.4513 0
    endloop
  endfacet
  facet normal 0 0 -1
    outer loop
      vertex 41.1506 87.2294 0
      vertex 41.6863 85.936 0
      vertex 41.3023 85.8056 0
    endloop
  endfacet
  facet normal 0 0 -1
    outer loop
      vertex 41.6863 85.936 0
      vertex 41.1506 87.2294 0
      vertex 41.35 87.3278 0
    endloop
  endfacet
  facet normal 0 0 -1
    outer loop
      vertex 41.3023 85.8056 0
      vertex 40.94 87.1579 0
      vertex 41.1506 87.2294 0
    endloop
  endfacet
  facet normal 0 0 -1
    outer loop
      vertex 40.9046 85.7265 0
      vertex 40.94 87.1579 0
      vertex 41.3023 85.8056 0
    endloop
  endfacet
  facet normal 0 0 -1
    outer loop
      vertex 40.9046 85.7265 0
      vertex 40.7219 87.1145 0
      vertex 40.94 87.1579 0
    endloop
  endfacet
  facet normal 0 0 -1
    outer loop
      vertex 40.5 85.7 0
      vertex 40.7219 87.1145 0
      vertex 40.9046 85.7265 0
    endloop
  endfacet
  facet normal 0 0 -1
    outer loop
      vertex 40.5 85.7 0
      vertex 40.5 87.1 0
      vertex 40.7219 87.1145 0
    endloop
  endfacet
  facet normal 0 0 -1
    outer loop
      vertex 40.5 85.7 0
      vertex 40.2781 87.1145 0
      vertex 40.5 87.1 0
    endloop
  endfacet
  facet normal 0 0 -1
    outer loop
      vertex 40.0954 85.7265 0
      vertex 40.2781 87.1145 0
      vertex 40.5 85.7 0
    endloop
  endfacet
  facet normal 0 0 -1
    outer loop
      vertex 40.0954 85.7265 0
      vertex 40.06 87.1579 0
      vertex 40.2781 87.1145 0
    endloop
  endfacet
  facet normal 0 0 -1
    outer loop
      vertex 39.6977 85.8056 0
      vertex 40.06 87.1579 0
      vertex 40.0954 85.7265 0
    endloop
  endfacet
  facet normal -0 0 -1
    outer loop
      vertex 40.06 87.1579 0
      vertex 39.6977 85.8056 0
      vertex 39.8494 87.2294 0
    endloop
  endfacet
  facet normal 0 0 -1
    outer loop
      vertex 39.3137 85.936 0
      vertex 39.8494 87.2294 0
      vertex 39.6977 85.8056 0
    endloop
  endfacet
  facet normal -0 0 -1
    outer loop
      vertex 39.8494 87.2294 0
      vertex 39.3137 85.936 0
      vertex 39.65 87.3278 0
    endloop
  endfacet
  facet normal 0 0 -1
    outer loop
      vertex 38.95 86.1153 0
      vertex 39.65 87.3278 0
      vertex 39.3137 85.936 0
    endloop
  endfacet
  facet normal -0 0 -1
    outer loop
      vertex 39.65 87.3278 0
      vertex 38.95 86.1153 0
      vertex 39.4651 87.4513 0
    endloop
  endfacet
  facet normal 0 0 -1
    outer loop
      vertex 38.6128 86.3406 0
      vertex 39.4651 87.4513 0
      vertex 38.95 86.1153 0
    endloop
  endfacet
  facet normal -0 0 -1
    outer loop
      vertex 39.4651 87.4513 0
      vertex 38.6128 86.3406 0
      vertex 39.2979 87.5979 0
    endloop
  endfacet
  facet normal 0 0 -1
    outer loop
      vertex 38.308 86.608 0
      vertex 39.2979 87.5979 0
      vertex 38.6128 86.3406 0
    endloop
  endfacet
  facet normal -0 0 -1
    outer loop
      vertex 39.2979 87.5979 0
      vertex 38.308 86.608 0
      vertex 39.1513 87.7651 0
    endloop
  endfacet
  facet normal 0 0 -1
    outer loop
      vertex 38.0406 86.9128 0
      vertex 39.1513 87.7651 0
      vertex 38.308 86.608 0
    endloop
  endfacet
  facet normal -0 0 -1
    outer loop
      vertex 39.1513 87.7651 0
      vertex 38.0406 86.9128 0
      vertex 39.0278 87.95 0
    endloop
  endfacet
  facet normal 0 0 -1
    outer loop
      vertex 37.8153 87.25 0
      vertex 39.0278 87.95 0
      vertex 38.0406 86.9128 0
    endloop
  endfacet
  facet normal -0 0 -1
    outer loop
      vertex 39.0278 87.95 0
      vertex 37.8153 87.25 0
      vertex 38.9294 88.1494 0
    endloop
  endfacet
  facet normal 0 0 -1
    outer loop
      vertex 41.9722 89.65 0
      vertex 43.1847 90.35 0
      vertex 42.0706 89.4506 0
    endloop
  endfacet
  facet normal -0 0 -1
    outer loop
      vertex 43.1847 90.35 0
      vertex 41.9722 89.65 0
      vertex 42.9594 90.6872 0
    endloop
  endfacet
  facet normal 0 0 -1
    outer loop
      vertex 41.8487 89.8349 0
      vertex 42.9594 90.6872 0
      vertex 41.9722 89.65 0
    endloop
  endfacet
  facet normal -0 0 -1
    outer loop
      vertex 42.9594 90.6872 0
      vertex 41.8487 89.8349 0
      vertex 42.692 90.992 0
    endloop
  endfacet
  facet normal 0 0 -1
    outer loop
      vertex 41.7021 90.0021 0
      vertex 42.692 90.992 0
      vertex 41.8487 89.8349 0
    endloop
  endfacet
  facet normal -0 0 -1
    outer loop
      vertex 42.692 90.992 0
      vertex 41.7021 90.0021 0
      vertex 42.3872 91.2594 0
    endloop
  endfacet
  facet normal 0 0 -1
    outer loop
      vertex 41.5349 90.1487 0
      vertex 42.3872 91.2594 0
      vertex 41.7021 90.0021 0
    endloop
  endfacet
  facet normal -0 0 -1
    outer loop
      vertex 42.3872 91.2594 0
      vertex 41.5349 90.1487 0
      vertex 42.05 91.4847 0
    endloop
  endfacet
  facet normal 0 0 -1
    outer loop
      vertex 41.35 90.2722 0
      vertex 42.05 91.4847 0
      vertex 41.5349 90.1487 0
    endloop
  endfacet
  facet normal -0 0 -1
    outer loop
      vertex 42.05 91.4847 0
      vertex 41.35 90.2722 0
      vertex 41.6863 91.664 0
    endloop
  endfacet
  facet normal 0 0 -1
    outer loop
      vertex 41.1506 90.3706 0
      vertex 41.6863 91.664 0
      vertex 41.35 90.2722 0
    endloop
  endfacet
  facet normal -0 0 -1
    outer loop
      vertex 41.6863 91.664 0
      vertex 41.1506 90.3706 0
      vertex 41.3023 91.7944 0
    endloop
  endfacet
  facet normal 0 0 -1
    outer loop
      vertex 40.94 90.4421 0
      vertex 41.3023 91.7944 0
      vertex 41.1506 90.3706 0
    endloop
  endfacet
  facet normal 0 0 -1
    outer loop
      vertex 40.94 90.4421 0
      vertex 40.9046 91.8735 0
      vertex 41.3023 91.7944 0
    endloop
  endfacet
  facet normal 0 0 -1
    outer loop
      vertex 40.7219 90.4855 0
      vertex 40.9046 91.8735 0
      vertex 40.94 90.4421 0
    endloop
  endfacet
  facet normal 0 0 -1
    outer loop
      vertex 40.5 90.5 0
      vertex 40.9046 91.8735 0
      vertex 40.7219 90.4855 0
    endloop
  endfacet
  facet normal 0 0 -1
    outer loop
      vertex 40.5 90.5 0
      vertex 40.5 91.9 0
      vertex 40.9046 91.8735 0
    endloop
  endfacet
  facet normal 0 0 -1
    outer loop
      vertex 40.2781 90.4855 0
      vertex 40.5 91.9 0
      vertex 40.5 90.5 0
    endloop
  endfacet
  facet normal 0 0 -1
    outer loop
      vertex 40.2781 90.4855 0
      vertex 40.0954 91.8735 0
      vertex 40.5 91.9 0
    endloop
  endfacet
  facet normal 0 0 -1
    outer loop
      vertex 40.06 90.4421 0
      vertex 40.0954 91.8735 0
      vertex 40.2781 90.4855 0
    endloop
  endfacet
  facet normal 0 0 -1
    outer loop
      vertex 39.6977 91.7944 0
      vertex 40.06 90.4421 0
      vertex 39.8494 90.3706 0
    endloop
  endfacet
  facet normal 0 0 -1
    outer loop
      vertex 40.06 90.4421 0
      vertex 39.6977 91.7944 0
      vertex 40.0954 91.8735 0
    endloop
  endfacet
  facet normal 0 0 -1
    outer loop
      vertex 39.3137 91.664 0
      vertex 39.8494 90.3706 0
      vertex 39.65 90.2722 0
    endloop
  endfacet
  facet normal 0 0 -1
    outer loop
      vertex 38.95 91.4847 0
      vertex 39.65 90.2722 0
      vertex 39.4651 90.1487 0
    endloop
  endfacet
  facet normal 0 0 -1
    outer loop
      vertex 39.8494 90.3706 0
      vertex 39.3137 91.664 0
      vertex 39.6977 91.7944 0
    endloop
  endfacet
  facet normal 0 0 -1
    outer loop
      vertex 38.6128 91.2594 0
      vertex 39.4651 90.1487 0
      vertex 39.2979 90.0021 0
    endloop
  endfacet
  facet normal 0 0 -1
    outer loop
      vertex 38.308 90.992 0
      vertex 39.2979 90.0021 0
      vertex 39.1513 89.8349 0
    endloop
  endfacet
  facet normal 0 0 -1
    outer loop
      vertex 38.0406 90.6872 0
      vertex 39.1513 89.8349 0
      vertex 39.0278 89.65 0
    endloop
  endfacet
  facet normal 0 0 -1
    outer loop
      vertex 39.65 90.2722 0
      vertex 38.95 91.4847 0
      vertex 39.3137 91.664 0
    endloop
  endfacet
  facet normal 0 0 -1
    outer loop
      vertex 37.8153 90.35 0
      vertex 39.0278 89.65 0
      vertex 38.9294 89.4506 0
    endloop
  endfacet
  facet normal 0 0 -1
    outer loop
      vertex 37.636 89.9863 0
      vertex 38.9294 89.4506 0
      vertex 38.8579 89.24 0
    endloop
  endfacet
  facet normal 0 0 -1
    outer loop
      vertex 37.5056 89.6023 0
      vertex 38.8579 89.24 0
      vertex 38.8145 89.0219 0
    endloop
  endfacet
  facet normal 0 0 -1
    outer loop
      vertex 37.4265 89.2046 0
      vertex 38.8145 89.0219 0
      vertex 38.8 88.8 0
    endloop
  endfacet
  facet normal 0 0 -1
    outer loop
      vertex 37.636 87.6137 0
      vertex 38.9294 88.1494 0
      vertex 37.8153 87.25 0
    endloop
  endfacet
  facet normal 0 0 -1
    outer loop
      vertex 39.4651 90.1487 0
      vertex 38.6128 91.2594 0
      vertex 38.95 91.4847 0
    endloop
  endfacet
  facet normal -0 0 -1
    outer loop
      vertex 38.9294 88.1494 0
      vertex 37.636 87.6137 0
      vertex 38.8579 88.36 0
    endloop
  endfacet
  facet normal 0 0 -1
    outer loop
      vertex 39.2979 90.0021 0
      vertex 38.308 90.992 0
      vertex 38.6128 91.2594 0
    endloop
  endfacet
  facet normal 0 0 -1
    outer loop
      vertex 37.5056 87.9977 0
      vertex 38.8579 88.36 0
      vertex 37.636 87.6137 0
    endloop
  endfacet
  facet normal 0 0 -1
    outer loop
      vertex 39.1513 89.8349 0
      vertex 38.0406 90.6872 0
      vertex 38.308 90.992 0
    endloop
  endfacet
  facet normal -0 0 -1
    outer loop
      vertex 38.8579 88.36 0
      vertex 37.5056 87.9977 0
      vertex 38.8145 88.5781 0
    endloop
  endfacet
  facet normal 0 0 -1
    outer loop
      vertex 39.0278 89.65 0
      vertex 37.8153 90.35 0
      vertex 38.0406 90.6872 0
    endloop
  endfacet
  facet normal 0 0 -1
    outer loop
      vertex 37.4265 88.3954 0
      vertex 38.8145 88.5781 0
      vertex 37.5056 87.9977 0
    endloop
  endfacet
  facet normal 0 0 -1
    outer loop
      vertex 38.9294 89.4506 0
      vertex 37.636 89.9863 0
      vertex 37.8153 90.35 0
    endloop
  endfacet
  facet normal -0 0 -1
    outer loop
      vertex 38.8145 88.5781 0
      vertex 37.4265 88.3954 0
      vertex 38.8 88.8 0
    endloop
  endfacet
  facet normal 0 0 -1
    outer loop
      vertex 38.8579 89.24 0
      vertex 37.5056 89.6023 0
      vertex 37.636 89.9863 0
    endloop
  endfacet
  facet normal 0 0 -1
    outer loop
      vertex 37.4 88.8 0
      vertex 38.8 88.8 0
      vertex 37.4265 88.3954 0
    endloop
  endfacet
  facet normal 0 0 -1
    outer loop
      vertex 38.8145 89.0219 0
      vertex 37.4265 89.2046 0
      vertex 37.5056 89.6023 0
    endloop
  endfacet
  facet normal 0 0 -1
    outer loop
      vertex 38.8 88.8 0
      vertex 37.4 88.8 0
      vertex 37.4265 89.2046 0
    endloop
  endfacet
  facet normal 0.195097 0.980784 -0
    outer loop
      vertex 1.73895 0.0171051 0
      vertex 1.48236 0.0681458 26.7
      vertex 1.73895 0.0171051 26.7
    endloop
  endfacet
  facet normal 0.195097 0.980784 0
    outer loop
      vertex 1.48236 0.0681458 26.7
      vertex 1.73895 0.0171051 0
      vertex 1.48236 0.0681458 0
    endloop
  endfacet
  facet normal -0.19494 -0.980815 0
    outer loop
      vertex 42.461 92.4829 0
      vertex 42.7176 92.4319 26.7
      vertex 42.461 92.4829 26.7
    endloop
  endfacet
  facet normal -0.19494 -0.980815 -0
    outer loop
      vertex 42.7176 92.4319 26.7
      vertex 42.461 92.4829 0
      vertex 42.7176 92.4319 0
    endloop
  endfacet
  facet normal -0.997861 -0.0653771 0
    outer loop
      vertex 44.2 90.5 0
      vertex 44.1829 90.761 26.7
      vertex 44.1829 90.761 0
    endloop
  endfacet
  facet normal -0.997861 -0.0653771 0
    outer loop
      vertex 44.1829 90.761 26.7
      vertex 44.2 90.5 0
      vertex 44.2 90.5 26.7
    endloop
  endfacet
  facet normal -0.980815 -0.19494 0
    outer loop
      vertex 44.1829 90.761 0
      vertex 44.1319 91.0176 26.7
      vertex 44.1319 91.0176 0
    endloop
  endfacet
  facet normal -0.980815 -0.19494 0
    outer loop
      vertex 44.1319 91.0176 26.7
      vertex 44.1829 90.761 0
      vertex 44.1829 90.761 26.7
    endloop
  endfacet
  facet normal -0.831378 0.555707 0
    outer loop
      vertex 43.7867 0.782471 0
      vertex 43.9321 1 26.7
      vertex 43.9321 1 0
    endloop
  endfacet
  facet normal -0.831378 0.555707 0
    outer loop
      vertex 43.9321 1 26.7
      vertex 43.7867 0.782471 0
      vertex 43.7867 0.782471 26.7
    endloop
  endfacet
  facet normal 0.65937 -0.751819 0
    outer loop
      vertex 0.585785 91.9142 0
      vertex 0.782471 92.0867 26.7
      vertex 0.585785 91.9142 26.7
    endloop
  endfacet
  facet normal 0.65937 -0.751819 0
    outer loop
      vertex 0.782471 92.0867 26.7
      vertex 0.585785 91.9142 0
      vertex 0.782471 92.0867 0
    endloop
  endfacet
  facet normal -0.442335 0.89685 0
    outer loop
      vertex 43.2 0.267944 0
      vertex 42.9654 0.152237 26.7
      vertex 43.2 0.267944 26.7
    endloop
  endfacet
  facet normal -0.442335 0.89685 0
    outer loop
      vertex 42.9654 0.152237 26.7
      vertex 43.2 0.267944 0
      vertex 42.9654 0.152237 0
    endloop
  endfacet
  facet normal -0.19509 0.980785 0
    outer loop
      vertex 42.7176 0.0681458 0
      vertex 42.461 0.0171051 26.7
      vertex 42.7176 0.0681458 26.7
    endloop
  endfacet
  facet normal -0.19509 0.980785 0
    outer loop
      vertex 42.461 0.0171051 26.7
      vertex 42.7176 0.0681458 0
      vertex 42.461 0.0171051 0
    endloop
  endfacet
  facet normal -0.896883 0.442268 0
    outer loop
      vertex 43.9321 1 0
      vertex 44.0478 1.23463 26.7
      vertex 44.0478 1.23463 0
    endloop
  endfacet
  facet normal -0.896883 0.442268 0
    outer loop
      vertex 44.0478 1.23463 26.7
      vertex 43.9321 1 0
      vertex 43.9321 1 26.7
    endloop
  endfacet
  facet normal -0.659364 0 -0.751824
    outer loop
      vertex 16.9807 -2 8.47674
      vertex 17.3249 0 8.17487
      vertex 17.3249 -2 8.17487
    endloop
  endfacet
  facet normal -0.659364 0 -0.751824
    outer loop
      vertex 17.3249 0 8.17487
      vertex 16.9807 -2 8.47674
      vertex 16.9807 0 8.47674
    endloop
  endfacet
  facet normal 0.94693 -0 0.321439
    outer loop
      vertex 5.96926 -2 4.79413
      vertex 6.11642 0 4.36061
      vertex 5.96926 0 4.79413
    endloop
  endfacet
  facet normal 0.94693 0 0.321439
    outer loop
      vertex 6.11642 0 4.36061
      vertex 5.96926 -2 4.79413
      vertex 6.11642 -2 4.36061
    endloop
  endfacet
  facet normal -0.0654026 0 -0.997859
    outer loop
      vertex 14.85 -2 9.2
      vertex 15.3068 0 9.17006
      vertex 15.3068 -2 9.17006
    endloop
  endfacet
  facet normal -0.0654026 0 -0.997859
    outer loop
      vertex 15.3068 0 9.17006
      vertex 14.85 -2 9.2
      vertex 14.85 0 9.2
    endloop
  endfacet
  facet normal 0.321439 0 0.94693
    outer loop
      vertex 8.01061 0 2.46642
      vertex 8.44413 -2 2.31926
      vertex 8.44413 0 2.31926
    endloop
  endfacet
  facet normal 0.321439 0 0.94693
    outer loop
      vertex 8.44413 -2 2.31926
      vertex 8.01061 0 2.46642
      vertex 8.01061 -2 2.46642
    endloop
  endfacet
  facet normal -0.94697 0 -0.321322
    outer loop
      vertex 18.2307 -2 6.60587
      vertex 18.0836 0 7.03939
      vertex 18.2307 0 6.60587
    endloop
  endfacet
  facet normal -0.94697 -0 -0.321322
    outer loop
      vertex 18.0836 0 7.03939
      vertex 18.2307 -2 6.60587
      vertex 18.0836 -2 7.03939
    endloop
  endfacet
  facet normal 0.751824 -0 0.659364
    outer loop
      vertex 6.57326 -2 3.56933
      vertex 6.87513 0 3.22513
      vertex 6.57326 0 3.56933
    endloop
  endfacet
  facet normal 0.751824 0 0.659364
    outer loop
      vertex 6.87513 0 3.22513
      vertex 6.57326 -2 3.56933
      vertex 6.87513 -2 3.22513
    endloop
  endfacet
  facet normal 0.195095 0 -0.980784
    outer loop
      vertex 8.44413 -2 9.08074
      vertex 8.89316 0 9.17006
      vertex 8.89316 -2 9.17006
    endloop
  endfacet
  facet normal 0.195095 0 -0.980784
    outer loop
      vertex 8.89316 0 9.17006
      vertex 8.44413 -2 9.08074
      vertex 8.44413 0 9.08074
    endloop
  endfacet
  facet normal 0.896873 -0 0.442288
    outer loop
      vertex 6.11642 -2 4.36061
      vertex 6.31891 0 3.95
      vertex 6.11642 0 4.36061
    endloop
  endfacet
  facet normal 0.896873 0 0.442288
    outer loop
      vertex 6.31891 0 3.95
      vertex 6.11642 -2 4.36061
      vertex 6.31891 -2 3.95
    endloop
  endfacet
  facet normal 0 0 -1
    outer loop
      vertex 9.35 -2 9.2
      vertex 14.85 0 9.2
      vertex 14.85 -2 9.2
    endloop
  endfacet
  facet normal -0 0 -1
    outer loop
      vertex 14.85 0 9.2
      vertex 9.35 -2 9.2
      vertex 9.35 0 9.2
    endloop
  endfacet
  facet normal 0.0653969 0 0.997859
    outer loop
      vertex 8.89316 0 2.22994
      vertex 9.35 -2 2.2
      vertex 9.35 0 2.2
    endloop
  endfacet
  facet normal 0.0653969 0 0.997859
    outer loop
      vertex 9.35 -2 2.2
      vertex 8.89316 0 2.22994
      vertex 8.89316 -2 2.22994
    endloop
  endfacet
  facet normal -0.980751 0 -0.195263
    outer loop
      vertex 18.3201 -2 6.15684
      vertex 18.2307 0 6.60587
      vertex 18.3201 0 6.15684
    endloop
  endfacet
  facet normal -0.980751 -0 -0.195263
    outer loop
      vertex 18.2307 0 6.60587
      vertex 18.3201 -2 6.15684
      vertex 18.2307 -2 6.60587
    endloop
  endfacet
  facet normal -0.0654026 0 0.997859
    outer loop
      vertex 14.85 0 2.2
      vertex 15.3068 -2 2.22994
      vertex 15.3068 0 2.22994
    endloop
  endfacet
  facet normal -0.0654026 0 0.997859
    outer loop
      vertex 15.3068 -2 2.22994
      vertex 14.85 0 2.2
      vertex 14.85 -2 2.2
    endloop
  endfacet
  facet normal 0.997859 0 -0.0653969
    outer loop
      vertex 5.87994 -2 6.15684
      vertex 5.85 0 5.7
      vertex 5.87994 0 6.15684
    endloop
  endfacet
  facet normal 0.997859 0 -0.0653969
    outer loop
      vertex 5.85 0 5.7
      vertex 5.87994 -2 6.15684
      vertex 5.85 -2 5.7
    endloop
  endfacet
  facet normal -0.555532 0 -0.831495
    outer loop
      vertex 16.6 -2 8.73109
      vertex 16.9807 0 8.47674
      vertex 16.9807 -2 8.47674
    endloop
  endfacet
  facet normal -0.555532 0 -0.831495
    outer loop
      vertex 16.9807 0 8.47674
      vertex 16.6 -2 8.73109
      vertex 16.6 0 8.73109
    endloop
  endfacet
  facet normal 0.555562 0 -0.831475
    outer loop
      vertex 7.21933 -2 8.47674
      vertex 7.6 0 8.73109
      vertex 7.6 -2 8.73109
    endloop
  endfacet
  facet normal 0.555562 0 -0.831475
    outer loop
      vertex 7.6 0 8.73109
      vertex 7.21933 -2 8.47674
      vertex 7.21933 0 8.47674
    endloop
  endfacet
  facet normal -0.896864 0 0.442305
    outer loop
      vertex 17.8811 -2 3.95
      vertex 18.0836 0 4.36061
      vertex 17.8811 0 3.95
    endloop
  endfacet
  facet normal -0.896864 0 0.442305
    outer loop
      vertex 18.0836 0 4.36061
      vertex 17.8811 -2 3.95
      vertex 18.0836 -2 4.36061
    endloop
  endfacet
  facet normal 0.659364 0 0.751824
    outer loop
      vertex 6.87513 0 3.22513
      vertex 7.21933 -2 2.92326
      vertex 7.21933 0 2.92326
    endloop
  endfacet
  facet normal 0.659364 0 0.751824
    outer loop
      vertex 7.21933 -2 2.92326
      vertex 6.87513 0 3.22513
      vertex 6.87513 -2 3.22513
    endloop
  endfacet
  facet normal 0.195095 0 0.980784
    outer loop
      vertex 8.44413 0 2.31926
      vertex 8.89316 -2 2.22994
      vertex 8.89316 0 2.22994
    endloop
  endfacet
  facet normal 0.195095 0 0.980784
    outer loop
      vertex 8.89316 -2 2.22994
      vertex 8.44413 0 2.31926
      vertex 8.44413 -2 2.31926
    endloop
  endfacet
  facet normal 0.442288 0 0.896873
    outer loop
      vertex 7.6 0 2.66891
      vertex 8.01061 -2 2.46642
      vertex 8.01061 0 2.46642
    endloop
  endfacet
  facet normal 0.442288 0 0.896873
    outer loop
      vertex 8.01061 -2 2.46642
      vertex 7.6 0 2.66891
      vertex 7.6 -2 2.66891
    endloop
  endfacet
  facet normal 0.997859 -0 0.0653969
    outer loop
      vertex 5.85 -2 5.7
      vertex 5.87994 0 5.24316
      vertex 5.85 0 5.7
    endloop
  endfacet
  facet normal 0.997859 0 0.0653969
    outer loop
      vertex 5.87994 0 5.24316
      vertex 5.85 -2 5.7
      vertex 5.87994 -2 5.24316
    endloop
  endfacet
  facet normal -0.751909 0 -0.659267
    outer loop
      vertex 17.6267 -2 7.83066
      vertex 17.3249 0 8.17487
      vertex 17.6267 0 7.83066
    endloop
  endfacet
  facet normal -0.751909 -0 -0.659267
    outer loop
      vertex 17.3249 0 8.17487
      vertex 17.6267 -2 7.83066
      vertex 17.3249 -2 8.17487
    endloop
  endfacet
  facet normal 0.0653969 0 -0.997859
    outer loop
      vertex 8.89316 -2 9.17006
      vertex 9.35 0 9.2
      vertex 9.35 -2 9.2
    endloop
  endfacet
  facet normal 0.0653969 0 -0.997859
    outer loop
      vertex 9.35 0 9.2
      vertex 8.89316 -2 9.17006
      vertex 8.89316 0 9.17006
    endloop
  endfacet
  facet normal 0.751833 0 -0.659353
    outer loop
      vertex 6.87513 -2 8.17487
      vertex 6.57326 0 7.83066
      vertex 6.87513 0 8.17487
    endloop
  endfacet
  facet normal 0.751833 0 -0.659353
    outer loop
      vertex 6.57326 0 7.83066
      vertex 6.87513 -2 8.17487
      vertex 6.57326 -2 7.83066
    endloop
  endfacet
  facet normal -0.94697 0 0.321322
    outer loop
      vertex 18.0836 -2 4.36061
      vertex 18.2307 0 4.79413
      vertex 18.0836 0 4.36061
    endloop
  endfacet
  facet normal -0.94697 0 0.321322
    outer loop
      vertex 18.2307 0 4.79413
      vertex 18.0836 -2 4.36061
      vertex 18.2307 -2 4.79413
    endloop
  endfacet
  facet normal 0.321439 0 -0.94693
    outer loop
      vertex 8.01061 -2 8.93358
      vertex 8.44413 0 9.08074
      vertex 8.44413 -2 9.08074
    endloop
  endfacet
  facet normal 0.321439 0 -0.94693
    outer loop
      vertex 8.44413 0 9.08074
      vertex 8.01061 -2 8.93358
      vertex 8.01061 0 8.93358
    endloop
  endfacet
  facet normal -0.831418 0 -0.555647
    outer loop
      vertex 17.8811 -2 7.45
      vertex 17.6267 0 7.83066
      vertex 17.8811 0 7.45
    endloop
  endfacet
  facet normal -0.831418 -0 -0.555647
    outer loop
      vertex 17.6267 0 7.83066
      vertex 17.8811 -2 7.45
      vertex 17.6267 -2 7.83066
    endloop
  endfacet
  facet normal 0.831475 -0 0.555562
    outer loop
      vertex 6.31891 -2 3.95
      vertex 6.57326 0 3.56933
      vertex 6.31891 0 3.95
    endloop
  endfacet
  facet normal 0.831475 0 0.555562
    outer loop
      vertex 6.57326 0 3.56933
      vertex 6.31891 -2 3.95
      vertex 6.57326 -2 3.56933
    endloop
  endfacet
  facet normal 0.659364 0 -0.751824
    outer loop
      vertex 6.87513 -2 8.17487
      vertex 7.21933 0 8.47674
      vertex 7.21933 -2 8.47674
    endloop
  endfacet
  facet normal 0.659364 0 -0.751824
    outer loop
      vertex 7.21933 0 8.47674
      vertex 6.87513 -2 8.17487
      vertex 6.87513 0 8.17487
    endloop
  endfacet
  facet normal -0 0 1
    outer loop
      vertex 9.35 0 2.2
      vertex 14.85 -2 2.2
      vertex 14.85 0 2.2
    endloop
  endfacet
  facet normal 0 0 1
    outer loop
      vertex 14.85 -2 2.2
      vertex 9.35 0 2.2
      vertex 9.35 -2 2.2
    endloop
  endfacet
  facet normal 0.980784 0 -0.195095
    outer loop
      vertex 5.96926 -2 6.60587
      vertex 5.87994 0 6.15684
      vertex 5.96926 0 6.60587
    endloop
  endfacet
  facet normal 0.980784 0 -0.195095
    outer loop
      vertex 5.87994 0 6.15684
      vertex 5.96926 -2 6.60587
      vertex 5.87994 -2 6.15684
    endloop
  endfacet
  facet normal -0.195066 0 -0.98079
    outer loop
      vertex 15.3068 -2 9.17006
      vertex 15.7559 0 9.08074
      vertex 15.7559 -2 9.08074
    endloop
  endfacet
  facet normal -0.195066 0 -0.98079
    outer loop
      vertex 15.7559 0 9.08074
      vertex 15.3068 -2 9.17006
      vertex 15.3068 0 9.17006
    endloop
  endfacet
  facet normal 0.555562 0 0.831475
    outer loop
      vertex 7.21933 0 2.92326
      vertex 7.6 -2 2.66891
      vertex 7.6 0 2.66891
    endloop
  endfacet
  facet normal 0.555562 0 0.831475
    outer loop
      vertex 7.6 -2 2.66891
      vertex 7.21933 0 2.92326
      vertex 7.21933 -2 2.92326
    endloop
  endfacet
  facet normal -0.195066 0 0.98079
    outer loop
      vertex 15.3068 0 2.22994
      vertex 15.7559 -2 2.31926
      vertex 15.7559 0 2.31926
    endloop
  endfacet
  facet normal -0.195066 0 0.98079
    outer loop
      vertex 15.7559 -2 2.31926
      vertex 15.3068 0 2.22994
      vertex 15.3068 -2 2.22994
    endloop
  endfacet
  facet normal -0.980751 0 0.195263
    outer loop
      vertex 18.2307 -2 4.79413
      vertex 18.3201 0 5.24316
      vertex 18.2307 0 4.79413
    endloop
  endfacet
  facet normal -0.980751 0 0.195263
    outer loop
      vertex 18.3201 0 5.24316
      vertex 18.2307 -2 4.79413
      vertex 18.3201 -2 5.24316
    endloop
  endfacet
  facet normal -0.659364 0 0.751824
    outer loop
      vertex 16.9807 0 2.92326
      vertex 17.3249 -2 3.22513
      vertex 17.3249 0 3.22513
    endloop
  endfacet
  facet normal -0.659364 0 0.751824
    outer loop
      vertex 17.3249 -2 3.22513
      vertex 16.9807 0 2.92326
      vertex 16.9807 -2 2.92326
    endloop
  endfacet
  facet normal 0.831468 0 -0.555572
    outer loop
      vertex 6.57326 -2 7.83066
      vertex 6.31891 0 7.45
      vertex 6.57326 0 7.83066
    endloop
  endfacet
  facet normal 0.831468 0 -0.555572
    outer loop
      vertex 6.31891 0 7.45
      vertex 6.57326 -2 7.83066
      vertex 6.31891 -2 7.45
    endloop
  endfacet
  facet normal -0.321452 0 -0.946926
    outer loop
      vertex 15.7559 -2 9.08074
      vertex 16.1894 0 8.93358
      vertex 16.1894 -2 8.93358
    endloop
  endfacet
  facet normal -0.321452 0 -0.946926
    outer loop
      vertex 16.1894 0 8.93358
      vertex 15.7559 -2 9.08074
      vertex 15.7559 0 9.08074
    endloop
  endfacet
  facet normal -0.997865 0 0.0653099
    outer loop
      vertex 18.3201 -2 5.24316
      vertex 18.35 0 5.7
      vertex 18.3201 0 5.24316
    endloop
  endfacet
  facet normal -0.997865 0 0.0653099
    outer loop
      vertex 18.35 0 5.7
      vertex 18.3201 -2 5.24316
      vertex 18.35 -2 5.7
    endloop
  endfacet
  facet normal -0.442297 0 -0.896869
    outer loop
      vertex 16.1894 -2 8.93358
      vertex 16.6 0 8.73109
      vertex 16.6 -2 8.73109
    endloop
  endfacet
  facet normal -0.442297 0 -0.896869
    outer loop
      vertex 16.6 0 8.73109
      vertex 16.1894 -2 8.93358
      vertex 16.1894 0 8.93358
    endloop
  endfacet
  facet normal 0.980784 -0 0.195095
    outer loop
      vertex 5.87994 -2 5.24316
      vertex 5.96926 0 4.79413
      vertex 5.87994 0 5.24316
    endloop
  endfacet
  facet normal 0.980784 0 0.195095
    outer loop
      vertex 5.96926 0 4.79413
      vertex 5.87994 -2 5.24316
      vertex 5.96926 -2 4.79413
    endloop
  endfacet
  facet normal -0.555532 0 0.831495
    outer loop
      vertex 16.6 0 2.66891
      vertex 16.9807 -2 2.92326
      vertex 16.9807 0 2.92326
    endloop
  endfacet
  facet normal -0.555532 0 0.831495
    outer loop
      vertex 16.9807 -2 2.92326
      vertex 16.6 0 2.66891
      vertex 16.6 -2 2.66891
    endloop
  endfacet
  facet normal -0.896864 0 -0.442305
    outer loop
      vertex 18.0836 -2 7.03939
      vertex 17.8811 0 7.45
      vertex 18.0836 0 7.03939
    endloop
  endfacet
  facet normal -0.896864 -0 -0.442305
    outer loop
      vertex 17.8811 0 7.45
      vertex 18.0836 -2 7.03939
      vertex 17.8811 -2 7.45
    endloop
  endfacet
  facet normal -0.442297 0 0.896869
    outer loop
      vertex 16.1894 0 2.46642
      vertex 16.6 -2 2.66891
      vertex 16.6 0 2.66891
    endloop
  endfacet
  facet normal -0.442297 0 0.896869
    outer loop
      vertex 16.6 -2 2.66891
      vertex 16.1894 0 2.46642
      vertex 16.1894 -2 2.46642
    endloop
  endfacet
  facet normal -0.321452 0 0.946926
    outer loop
      vertex 15.7559 0 2.31926
      vertex 16.1894 -2 2.46642
      vertex 16.1894 0 2.46642
    endloop
  endfacet
  facet normal -0.321452 0 0.946926
    outer loop
      vertex 16.1894 -2 2.46642
      vertex 15.7559 0 2.31926
      vertex 15.7559 -2 2.31926
    endloop
  endfacet
  facet normal -0.997865 0 -0.0653099
    outer loop
      vertex 18.35 -2 5.7
      vertex 18.3201 0 6.15684
      vertex 18.35 0 5.7
    endloop
  endfacet
  facet normal -0.997865 -0 -0.0653099
    outer loop
      vertex 18.3201 0 6.15684
      vertex 18.35 -2 5.7
      vertex 18.3201 -2 6.15684
    endloop
  endfacet
  facet normal -0.831425 0 0.555637
    outer loop
      vertex 17.6267 -2 3.56933
      vertex 17.8811 0 3.95
      vertex 17.6267 0 3.56933
    endloop
  endfacet
  facet normal -0.831425 0 0.555637
    outer loop
      vertex 17.8811 0 3.95
      vertex 17.6267 -2 3.56933
      vertex 17.8811 -2 3.95
    endloop
  endfacet
  facet normal 0.896873 0 -0.442288
    outer loop
      vertex 6.31891 -2 7.45
      vertex 6.11642 0 7.03939
      vertex 6.31891 0 7.45
    endloop
  endfacet
  facet normal 0.896873 0 -0.442288
    outer loop
      vertex 6.11642 0 7.03939
      vertex 6.31891 -2 7.45
      vertex 6.11642 -2 7.03939
    endloop
  endfacet
  facet normal 0.442288 0 -0.896873
    outer loop
      vertex 7.6 -2 8.73109
      vertex 8.01061 0 8.93358
      vertex 8.01061 -2 8.93358
    endloop
  endfacet
  facet normal 0.442288 0 -0.896873
    outer loop
      vertex 8.01061 0 8.93358
      vertex 7.6 -2 8.73109
      vertex 7.6 0 8.73109
    endloop
  endfacet
  facet normal 0.94693 0 -0.321439
    outer loop
      vertex 6.11642 -2 7.03939
      vertex 5.96926 0 6.60587
      vertex 6.11642 0 7.03939
    endloop
  endfacet
  facet normal 0.94693 0 -0.321439
    outer loop
      vertex 5.96926 0 6.60587
      vertex 6.11642 -2 7.03939
      vertex 5.96926 -2 6.60587
    endloop
  endfacet
  facet normal -0.7519 0 0.659278
    outer loop
      vertex 17.3249 -2 3.22513
      vertex 17.6267 0 3.56933
      vertex 17.3249 0 3.22513
    endloop
  endfacet
  facet normal -0.7519 0 0.659278
    outer loop
      vertex 17.6267 0 3.56933
      vertex 17.3249 -2 3.22513
      vertex 17.6267 -2 3.56933
    endloop
  endfacet
  facet normal -0.946913 0 0.321489
    outer loop
      vertex 38.5645 -2 7.76494
      vertex 38.7222 0 8.22943
      vertex 38.5645 0 7.76494
    endloop
  endfacet
  facet normal -0.946913 0 0.321489
    outer loop
      vertex 38.7222 0 8.22943
      vertex 38.5645 -2 7.76494
      vertex 38.7222 -2 8.22943
    endloop
  endfacet
  facet normal -0.442232 0 -0.896901
    outer loop
      vertex 36.5351 -2 12.6645
      vertex 36.975 0 12.4476
      vertex 36.975 -2 12.4476
    endloop
  endfacet
  facet normal -0.442232 0 -0.896901
    outer loop
      vertex 36.975 0 12.4476
      vertex 36.5351 -2 12.6645
      vertex 36.5351 0 12.6645
    endloop
  endfacet
  facet normal 0 0 -1
    outer loop
      vertex 30.1 -2 12.95
      vertex 35.1 0 12.95
      vertex 35.1 -2 12.95
    endloop
  endfacet
  facet normal -0 0 -1
    outer loop
      vertex 35.1 0 12.95
      vertex 30.1 -2 12.95
      vertex 30.1 0 12.95
    endloop
  endfacet
  facet normal -0.195097 0 0.980784
    outer loop
      vertex 35.5895 0 5.48208
      vertex 36.0706 -2 5.57778
      vertex 36.0706 0 5.57778
    endloop
  endfacet
  facet normal -0.195097 0 0.980784
    outer loop
      vertex 36.0706 -2 5.57778
      vertex 35.5895 0 5.48208
      vertex 35.5895 -2 5.48208
    endloop
  endfacet
  facet normal -0.195097 0 -0.980784
    outer loop
      vertex 35.5895 -2 12.9179
      vertex 36.0706 0 12.8222
      vertex 36.0706 -2 12.8222
    endloop
  endfacet
  facet normal -0.195097 0 -0.980784
    outer loop
      vertex 36.0706 0 12.8222
      vertex 35.5895 -2 12.9179
      vertex 35.5895 0 12.9179
    endloop
  endfacet
  facet normal 0.0654366 0 -0.997857
    outer loop
      vertex 29.6105 -2 12.9179
      vertex 30.1 0 12.95
      vertex 30.1 -2 12.95
    endloop
  endfacet
  facet normal 0.0654366 0 -0.997857
    outer loop
      vertex 30.1 0 12.95
      vertex 29.6105 -2 12.9179
      vertex 29.6105 0 12.9179
    endloop
  endfacet
  facet normal 0.997856 -0 0.0654406
    outer loop
      vertex 26.35 -2 9.2
      vertex 26.3821 0 8.71053
      vertex 26.35 0 9.2
    endloop
  endfacet
  facet normal 0.997856 0 0.0654406
    outer loop
      vertex 26.3821 0 8.71053
      vertex 26.35 -2 9.2
      vertex 26.3821 -2 8.71053
    endloop
  endfacet
  facet normal -0 0 1
    outer loop
      vertex 30.1 0 5.45
      vertex 35.1 -2 5.45
      vertex 35.1 0 5.45
    endloop
  endfacet
  facet normal 0 0 1
    outer loop
      vertex 35.1 -2 5.45
      vertex 30.1 0 5.45
      vertex 30.1 -2 5.45
    endloop
  endfacet
  facet normal -0.946916 0 -0.321482
    outer loop
      vertex 38.7222 -2 10.1706
      vertex 38.5645 0 10.6351
      vertex 38.7222 0 10.1706
    endloop
  endfacet
  facet normal -0.946916 -0 -0.321482
    outer loop
      vertex 38.5645 0 10.6351
      vertex 38.7222 -2 10.1706
      vertex 38.5645 -2 10.6351
    endloop
  endfacet
  facet normal -0.0654366 0 -0.997857
    outer loop
      vertex 35.1 -2 12.95
      vertex 35.5895 0 12.9179
      vertex 35.5895 -2 12.9179
    endloop
  endfacet
  facet normal -0.0654366 0 -0.997857
    outer loop
      vertex 35.5895 0 12.9179
      vertex 35.1 -2 12.95
      vertex 35.1 0 12.95
    endloop
  endfacet
  facet normal -0.659437 0 0.75176
    outer loop
      vertex 37.3829 0 6.22493
      vertex 37.7516 -2 6.54835
      vertex 37.7516 0 6.54835
    endloop
  endfacet
  facet normal -0.659437 0 0.75176
    outer loop
      vertex 37.7516 -2 6.54835
      vertex 37.3829 0 6.22493
      vertex 37.3829 -2 6.22493
    endloop
  endfacet
  facet normal 0.831517 0 -0.5555
    outer loop
      vertex 27.1249 -2 11.4829
      vertex 26.8524 0 11.075
      vertex 27.1249 0 11.4829
    endloop
  endfacet
  facet normal 0.831517 0 -0.5555
    outer loop
      vertex 26.8524 0 11.075
      vertex 27.1249 -2 11.4829
      vertex 26.8524 -2 11.075
    endloop
  endfacet
  facet normal -0.659414 0 -0.75178
    outer loop
      vertex 37.3829 -2 12.1751
      vertex 37.7516 0 11.8517
      vertex 37.7516 -2 11.8517
    endloop
  endfacet
  facet normal -0.659414 0 -0.75178
    outer loop
      vertex 37.7516 0 11.8517
      vertex 37.3829 -2 12.1751
      vertex 37.3829 0 12.1751
    endloop
  endfacet
  facet normal -0.980784 0 0.195097
    outer loop
      vertex 38.7222 -2 8.22943
      vertex 38.8179 0 8.71053
      vertex 38.7222 0 8.22943
    endloop
  endfacet
  facet normal -0.980784 0 0.195097
    outer loop
      vertex 38.8179 0 8.71053
      vertex 38.7222 -2 8.22943
      vertex 38.8179 -2 8.71053
    endloop
  endfacet
  facet normal 0.195097 0 -0.980784
    outer loop
      vertex 29.1294 -2 12.8222
      vertex 29.6105 0 12.9179
      vertex 29.6105 -2 12.9179
    endloop
  endfacet
  facet normal 0.195097 0 -0.980784
    outer loop
      vertex 29.6105 0 12.9179
      vertex 29.1294 -2 12.8222
      vertex 29.1294 0 12.8222
    endloop
  endfacet
  facet normal 0.065396 0 0.997859
    outer loop
      vertex 29.6105 0 5.48208
      vertex 30.1 -2 5.45
      vertex 30.1 0 5.45
    endloop
  endfacet
  facet normal 0.065396 0 0.997859
    outer loop
      vertex 30.1 -2 5.45
      vertex 29.6105 0 5.48208
      vertex 29.6105 -2 5.48208
    endloop
  endfacet
  facet normal -0.065396 0 0.997859
    outer loop
      vertex 35.1 0 5.45
      vertex 35.5895 -2 5.48208
      vertex 35.5895 0 5.48208
    endloop
  endfacet
  facet normal -0.065396 0 0.997859
    outer loop
      vertex 35.5895 -2 5.48208
      vertex 35.1 0 5.45
      vertex 35.1 -2 5.45
    endloop
  endfacet
  facet normal -0.321482 0 -0.946916
    outer loop
      vertex 36.0706 -2 12.8222
      vertex 36.5351 0 12.6645
      vertex 36.5351 -2 12.6645
    endloop
  endfacet
  facet normal -0.321482 0 -0.946916
    outer loop
      vertex 36.5351 0 12.6645
      vertex 36.0706 -2 12.8222
      vertex 36.0706 0 12.8222
    endloop
  endfacet
  facet normal -0.997856 0 0.0654406
    outer loop
      vertex 38.8179 -2 8.71053
      vertex 38.85 0 9.2
      vertex 38.8179 0 8.71053
    endloop
  endfacet
  facet normal -0.997856 0 0.0654406
    outer loop
      vertex 38.85 0 9.2
      vertex 38.8179 -2 8.71053
      vertex 38.85 -2 9.2
    endloop
  endfacet
  facet normal -0.980786 0 -0.195085
    outer loop
      vertex 38.8179 -2 9.68947
      vertex 38.7222 0 10.1706
      vertex 38.8179 0 9.68947
    endloop
  endfacet
  facet normal -0.980786 -0 -0.195085
    outer loop
      vertex 38.7222 0 10.1706
      vertex 38.8179 -2 9.68947
      vertex 38.7222 -2 10.1706
    endloop
  endfacet
  facet normal -0.751759 0 0.659438
    outer loop
      vertex 37.7516 -2 6.54835
      vertex 38.0751 0 6.91714
      vertex 37.7516 0 6.54835
    endloop
  endfacet
  facet normal -0.751759 0 0.659438
    outer loop
      vertex 38.0751 0 6.91714
      vertex 37.7516 -2 6.54835
      vertex 38.0751 -2 6.91714
    endloop
  endfacet
  facet normal 0.896901 0 -0.442232
    outer loop
      vertex 26.8524 -2 11.075
      vertex 26.6355 0 10.6351
      vertex 26.8524 0 11.075
    endloop
  endfacet
  facet normal 0.896901 0 -0.442232
    outer loop
      vertex 26.6355 0 10.6351
      vertex 26.8524 -2 11.075
      vertex 26.6355 -2 10.6351
    endloop
  endfacet
  facet normal 0.659312 0 -0.751869
    outer loop
      vertex 27.4483 -2 11.8517
      vertex 27.8171 0 12.1751
      vertex 27.8171 -2 12.1751
    endloop
  endfacet
  facet normal 0.659312 0 -0.751869
    outer loop
      vertex 27.8171 0 12.1751
      vertex 27.4483 -2 11.8517
      vertex 27.4483 0 11.8517
    endloop
  endfacet
  facet normal 0.751869 0 -0.659312
    outer loop
      vertex 27.4483 -2 11.8517
      vertex 27.1249 0 11.4829
      vertex 27.4483 0 11.8517
    endloop
  endfacet
  facet normal 0.751869 0 -0.659312
    outer loop
      vertex 27.1249 0 11.4829
      vertex 27.4483 -2 11.8517
      vertex 27.1249 -2 11.4829
    endloop
  endfacet
  facet normal 0.659336 0 0.751849
    outer loop
      vertex 27.4483 0 6.54835
      vertex 27.8171 -2 6.22493
      vertex 27.8171 0 6.22493
    endloop
  endfacet
  facet normal 0.659336 0 0.751849
    outer loop
      vertex 27.8171 -2 6.22493
      vertex 27.4483 0 6.54835
      vertex 27.4483 -2 6.54835
    endloop
  endfacet
  facet normal -0.321428 0 0.946934
    outer loop
      vertex 36.0706 0 5.57778
      vertex 36.5351 -2 5.73545
      vertex 36.5351 0 5.73545
    endloop
  endfacet
  facet normal -0.321428 0 0.946934
    outer loop
      vertex 36.5351 -2 5.73545
      vertex 36.0706 0 5.57778
      vertex 36.0706 -2 5.57778
    endloop
  endfacet
  facet normal 0.442232 0 -0.896901
    outer loop
      vertex 28.225 -2 12.4476
      vertex 28.6649 0 12.6645
      vertex 28.6649 -2 12.6645
    endloop
  endfacet
  facet normal 0.442232 0 -0.896901
    outer loop
      vertex 28.6649 0 12.6645
      vertex 28.225 -2 12.4476
      vertex 28.225 0 12.4476
    endloop
  endfacet
  facet normal 0.321482 0 -0.946916
    outer loop
      vertex 28.6649 -2 12.6645
      vertex 29.1294 0 12.8222
      vertex 29.1294 -2 12.8222
    endloop
  endfacet
  facet normal 0.321482 0 -0.946916
    outer loop
      vertex 29.1294 0 12.8222
      vertex 28.6649 -2 12.6645
      vertex 28.6649 0 12.6645
    endloop
  endfacet
  facet normal 0.946913 -0 0.321489
    outer loop
      vertex 26.4778 -2 8.22943
      vertex 26.6355 0 7.76494
      vertex 26.4778 0 8.22943
    endloop
  endfacet
  facet normal 0.946913 0 0.321489
    outer loop
      vertex 26.6355 0 7.76494
      vertex 26.4778 -2 8.22943
      vertex 26.6355 -2 7.76494
    endloop
  endfacet
  facet normal 0.75186 -0 0.659323
    outer loop
      vertex 27.1249 -2 6.91714
      vertex 27.4483 0 6.54835
      vertex 27.1249 0 6.91714
    endloop
  endfacet
  facet normal 0.75186 0 0.659323
    outer loop
      vertex 27.4483 0 6.54835
      vertex 27.1249 -2 6.91714
      vertex 27.4483 -2 6.54835
    endloop
  endfacet
  facet normal -0.831517 0 -0.5555
    outer loop
      vertex 38.3476 -2 11.075
      vertex 38.0751 0 11.4829
      vertex 38.3476 0 11.075
    endloop
  endfacet
  facet normal -0.831517 -0 -0.5555
    outer loop
      vertex 38.0751 0 11.4829
      vertex 38.3476 -2 11.075
      vertex 38.0751 -2 11.4829
    endloop
  endfacet
  facet normal -0.831492 0 0.555537
    outer loop
      vertex 38.0751 -2 6.91714
      vertex 38.3476 0 7.325
      vertex 38.0751 0 6.91714
    endloop
  endfacet
  facet normal -0.831492 0 0.555537
    outer loop
      vertex 38.3476 0 7.325
      vertex 38.0751 -2 6.91714
      vertex 38.3476 -2 7.325
    endloop
  endfacet
  facet normal 0.980784 -0 0.195097
    outer loop
      vertex 26.3821 -2 8.71053
      vertex 26.4778 0 8.22943
      vertex 26.3821 0 8.71053
    endloop
  endfacet
  facet normal 0.980784 0 0.195097
    outer loop
      vertex 26.4778 0 8.22943
      vertex 26.3821 -2 8.71053
      vertex 26.4778 -2 8.22943
    endloop
  endfacet
  facet normal -0.442314 0 0.89686
    outer loop
      vertex 36.5351 0 5.73545
      vertex 36.975 -2 5.9524
      vertex 36.975 0 5.9524
    endloop
  endfacet
  facet normal -0.442314 0 0.89686
    outer loop
      vertex 36.975 -2 5.9524
      vertex 36.5351 0 5.73545
      vertex 36.5351 -2 5.73545
    endloop
  endfacet
  facet normal -0.751768 0 -0.659428
    outer loop
      vertex 38.0751 -2 11.4829
      vertex 37.7516 0 11.8517
      vertex 38.0751 0 11.4829
    endloop
  endfacet
  facet normal -0.751768 -0 -0.659428
    outer loop
      vertex 37.7516 0 11.8517
      vertex 38.0751 -2 11.4829
      vertex 37.7516 -2 11.8517
    endloop
  endfacet
  facet normal -0.896901 0 -0.442232
    outer loop
      vertex 38.5645 -2 10.6351
      vertex 38.3476 0 11.075
      vertex 38.5645 0 10.6351
    endloop
  endfacet
  facet normal -0.896901 -0 -0.442232
    outer loop
      vertex 38.3476 0 11.075
      vertex 38.5645 -2 10.6351
      vertex 38.3476 -2 11.075
    endloop
  endfacet
  facet normal -0.5555 0 -0.831517
    outer loop
      vertex 36.975 -2 12.4476
      vertex 37.3829 0 12.1751
      vertex 37.3829 -2 12.1751
    endloop
  endfacet
  facet normal -0.5555 0 -0.831517
    outer loop
      vertex 37.3829 0 12.1751
      vertex 36.975 -2 12.4476
      vertex 36.975 0 12.4476
    endloop
  endfacet
  facet normal -0.896917 0 0.442199
    outer loop
      vertex 38.3476 -2 7.325
      vertex 38.5645 0 7.76494
      vertex 38.3476 0 7.325
    endloop
  endfacet
  facet normal -0.896917 0 0.442199
    outer loop
      vertex 38.5645 0 7.76494
      vertex 38.3476 -2 7.325
      vertex 38.5645 -2 7.76494
    endloop
  endfacet
  facet normal 0.442314 0 0.89686
    outer loop
      vertex 28.225 0 5.9524
      vertex 28.6649 -2 5.73545
      vertex 28.6649 0 5.73545
    endloop
  endfacet
  facet normal 0.442314 0 0.89686
    outer loop
      vertex 28.6649 -2 5.73545
      vertex 28.225 0 5.9524
      vertex 28.225 -2 5.9524
    endloop
  endfacet
  facet normal -0.997856 0 -0.0654406
    outer loop
      vertex 38.85 -2 9.2
      vertex 38.8179 0 9.68947
      vertex 38.85 0 9.2
    endloop
  endfacet
  facet normal -0.997856 -0 -0.0654406
    outer loop
      vertex 38.8179 0 9.68947
      vertex 38.85 -2 9.2
      vertex 38.8179 -2 9.68947
    endloop
  endfacet
  facet normal 0.896917 -0 0.442199
    outer loop
      vertex 26.6355 -2 7.76494
      vertex 26.8524 0 7.325
      vertex 26.6355 0 7.76494
    endloop
  endfacet
  facet normal 0.896917 0 0.442199
    outer loop
      vertex 26.8524 0 7.325
      vertex 26.6355 -2 7.76494
      vertex 26.8524 -2 7.325
    endloop
  endfacet
  facet normal 0.555542 0 0.831489
    outer loop
      vertex 27.8171 0 6.22493
      vertex 28.225 -2 5.9524
      vertex 28.225 0 5.9524
    endloop
  endfacet
  facet normal 0.555542 0 0.831489
    outer loop
      vertex 28.225 -2 5.9524
      vertex 27.8171 0 6.22493
      vertex 27.8171 -2 6.22493
    endloop
  endfacet
  facet normal -0.555542 0 0.831489
    outer loop
      vertex 36.975 0 5.9524
      vertex 37.3829 -2 6.22493
      vertex 37.3829 0 6.22493
    endloop
  endfacet
  facet normal -0.555542 0 0.831489
    outer loop
      vertex 37.3829 -2 6.22493
      vertex 36.975 0 5.9524
      vertex 36.975 -2 5.9524
    endloop
  endfacet
  facet normal 0.195097 0 0.980784
    outer loop
      vertex 29.1294 0 5.57778
      vertex 29.6105 -2 5.48208
      vertex 29.6105 0 5.48208
    endloop
  endfacet
  facet normal 0.195097 0 0.980784
    outer loop
      vertex 29.6105 -2 5.48208
      vertex 29.1294 0 5.57778
      vertex 29.1294 -2 5.57778
    endloop
  endfacet
  facet normal 0.5555 0 -0.831517
    outer loop
      vertex 27.8171 -2 12.1751
      vertex 28.225 0 12.4476
      vertex 28.225 -2 12.4476
    endloop
  endfacet
  facet normal 0.5555 0 -0.831517
    outer loop
      vertex 28.225 0 12.4476
      vertex 27.8171 -2 12.1751
      vertex 27.8171 0 12.1751
    endloop
  endfacet
  facet normal 0.321428 0 0.946934
    outer loop
      vertex 28.6649 0 5.73545
      vertex 29.1294 -2 5.57778
      vertex 29.1294 0 5.57778
    endloop
  endfacet
  facet normal 0.321428 0 0.946934
    outer loop
      vertex 29.1294 -2 5.57778
      vertex 28.6649 0 5.73545
      vertex 28.6649 -2 5.73545
    endloop
  endfacet
  facet normal 0.997856 0 -0.0654406
    outer loop
      vertex 26.3821 -2 9.68947
      vertex 26.35 0 9.2
      vertex 26.3821 0 9.68947
    endloop
  endfacet
  facet normal 0.997856 0 -0.0654406
    outer loop
      vertex 26.35 0 9.2
      vertex 26.3821 -2 9.68947
      vertex 26.35 -2 9.2
    endloop
  endfacet
  facet normal 0.831492 -0 0.555537
    outer loop
      vertex 26.8524 -2 7.325
      vertex 27.1249 0 6.91714
      vertex 26.8524 0 7.325
    endloop
  endfacet
  facet normal 0.831492 0 0.555537
    outer loop
      vertex 27.1249 0 6.91714
      vertex 26.8524 -2 7.325
      vertex 27.1249 -2 6.91714
    endloop
  endfacet
  facet normal 0.946916 0 -0.321482
    outer loop
      vertex 26.6355 -2 10.6351
      vertex 26.4778 0 10.1706
      vertex 26.6355 0 10.6351
    endloop
  endfacet
  facet normal 0.946916 0 -0.321482
    outer loop
      vertex 26.4778 0 10.1706
      vertex 26.6355 -2 10.6351
      vertex 26.4778 -2 10.1706
    endloop
  endfacet
  facet normal 0.980786 0 -0.195085
    outer loop
      vertex 26.4778 -2 10.1706
      vertex 26.3821 0 9.68947
      vertex 26.4778 0 10.1706
    endloop
  endfacet
  facet normal 0.980786 0 -0.195085
    outer loop
      vertex 26.3821 0 9.68947
      vertex 26.4778 -2 10.1706
      vertex 26.3821 -2 9.68947
    endloop
  endfacet
  facet normal -0.980746 0 -0.195287
    outer loop
      vertex 21.2906 -2 5.04358
      vertex 21.2625 0 5.1847
      vertex 21.2906 0 5.04358
    endloop
  endfacet
  facet normal -0.980746 -0 -0.195287
    outer loop
      vertex 21.2625 0 5.1847
      vertex 21.2906 -2 5.04358
      vertex 21.2625 -2 5.1847
    endloop
  endfacet
  facet normal -0.997864 0 -0.0653289
    outer loop
      vertex 21.3 -2 4.9
      vertex 21.2906 0 5.04358
      vertex 21.3 0 4.9
    endloop
  endfacet
  facet normal -0.997864 -0 -0.0653289
    outer loop
      vertex 21.2906 0 5.04358
      vertex 21.3 -2 4.9
      vertex 21.2906 -2 5.04358
    endloop
  endfacet
  facet normal -0.442424 0 -0.896806
    outer loop
      vertex 20.621 -2 5.91627
      vertex 20.75 0 5.85263
      vertex 20.75 -2 5.85263
    endloop
  endfacet
  facet normal -0.442424 0 -0.896806
    outer loop
      vertex 20.75 0 5.85263
      vertex 20.621 -2 5.91627
      vertex 20.621 0 5.91627
    endloop
  endfacet
  facet normal 0.659272 0 0.751905
    outer loop
      vertex 19.4222 0 4.12218
      vertex 19.5304 -2 4.02731
      vertex 19.5304 0 4.02731
    endloop
  endfacet
  facet normal 0.659272 0 0.751905
    outer loop
      vertex 19.5304 -2 4.02731
      vertex 19.4222 0 4.12218
      vertex 19.4222 -2 4.12218
    endloop
  endfacet
  facet normal 0.442424 0 -0.896806
    outer loop
      vertex 19.65 -2 5.85263
      vertex 19.779 0 5.91627
      vertex 19.779 -2 5.91627
    endloop
  endfacet
  facet normal 0.442424 0 -0.896806
    outer loop
      vertex 19.779 0 5.91627
      vertex 19.65 -2 5.85263
      vertex 19.65 0 5.85263
    endloop
  endfacet
  facet normal -0.980746 0 0.195287
    outer loop
      vertex 21.2625 -2 4.6153
      vertex 21.2906 0 4.75642
      vertex 21.2625 0 4.6153
    endloop
  endfacet
  facet normal -0.980746 0 0.195287
    outer loop
      vertex 21.2906 0 4.75642
      vertex 21.2625 -2 4.6153
      vertex 21.2906 -2 4.75642
    endloop
  endfacet
  facet normal 0.896708 -0 0.442622
    outer loop
      vertex 19.1837 -2 4.47905
      vertex 19.2474 0 4.35
      vertex 19.1837 0 4.47905
    endloop
  endfacet
  facet normal 0.896708 0 0.442622
    outer loop
      vertex 19.2474 0 4.35
      vertex 19.1837 -2 4.47905
      vertex 19.2474 -2 4.35
    endloop
  endfacet
  facet normal 0.997864 0 -0.0653289
    outer loop
      vertex 19.1094 -2 5.04358
      vertex 19.1 0 4.9
      vertex 19.1094 0 5.04358
    endloop
  endfacet
  facet normal 0.997864 0 -0.0653289
    outer loop
      vertex 19.1 0 4.9
      vertex 19.1094 -2 5.04358
      vertex 19.1 -2 4.9
    endloop
  endfacet
  facet normal 0.065389 0 -0.99786
    outer loop
      vertex 20.0564 -2 5.99059
      vertex 20.2 0 6
      vertex 20.2 -2 6
    endloop
  endfacet
  facet normal 0.065389 0 -0.99786
    outer loop
      vertex 20.2 0 6
      vertex 20.0564 -2 5.99059
      vertex 20.0564 0 5.99059
    endloop
  endfacet
  facet normal -0.831601 0 -0.555374
    outer loop
      vertex 21.1526 -2 5.45
      vertex 21.0727 0 5.56964
      vertex 21.1526 0 5.45
    endloop
  endfacet
  facet normal -0.831601 -0 -0.555374
    outer loop
      vertex 21.0727 0 5.56964
      vertex 21.1526 -2 5.45
      vertex 21.0727 -2 5.56964
    endloop
  endfacet
  facet normal -0.065389 0 0.99786
    outer loop
      vertex 20.2 0 3.8
      vertex 20.3436 -2 3.80941
      vertex 20.3436 0 3.80941
    endloop
  endfacet
  facet normal -0.065389 0 0.99786
    outer loop
      vertex 20.3436 -2 3.80941
      vertex 20.2 0 3.8
      vertex 20.2 -2 3.8
    endloop
  endfacet
  facet normal 0.065389 0 0.99786
    outer loop
      vertex 20.0564 0 3.80941
      vertex 20.2 -2 3.8
      vertex 20.2 0 3.8
    endloop
  endfacet
  facet normal 0.065389 0 0.99786
    outer loop
      vertex 20.2 -2 3.8
      vertex 20.0564 0 3.80941
      vertex 20.0564 -2 3.80941
    endloop
  endfacet
  facet normal -0.659272 0 0.751905
    outer loop
      vertex 20.8696 0 4.02731
      vertex 20.9778 -2 4.12218
      vertex 20.9778 0 4.12218
    endloop
  endfacet
  facet normal -0.659272 0 0.751905
    outer loop
      vertex 20.9778 -2 4.12218
      vertex 20.8696 0 4.02731
      vertex 20.8696 -2 4.02731
    endloop
  endfacet
  facet normal 0.980746 0 -0.195287
    outer loop
      vertex 19.1375 -2 5.1847
      vertex 19.1094 0 5.04358
      vertex 19.1375 0 5.1847
    endloop
  endfacet
  facet normal 0.980746 0 -0.195287
    outer loop
      vertex 19.1094 0 5.04358
      vertex 19.1375 -2 5.1847
      vertex 19.1094 -2 5.04358
    endloop
  endfacet
  facet normal -0.831601 0 0.555374
    outer loop
      vertex 21.0727 -2 4.23036
      vertex 21.1526 0 4.35
      vertex 21.0727 0 4.23036
    endloop
  endfacet
  facet normal -0.831601 0 0.555374
    outer loop
      vertex 21.1526 0 4.35
      vertex 21.0727 -2 4.23036
      vertex 21.1526 -2 4.35
    endloop
  endfacet
  facet normal 0.751741 -0 0.659458
    outer loop
      vertex 19.3273 -2 4.23036
      vertex 19.4222 0 4.12218
      vertex 19.3273 0 4.23036
    endloop
  endfacet
  facet normal 0.751741 0 0.659458
    outer loop
      vertex 19.4222 0 4.12218
      vertex 19.3273 -2 4.23036
      vertex 19.4222 -2 4.12218
    endloop
  endfacet
  facet normal -0.947037 0 -0.321124
    outer loop
      vertex 21.2625 -2 5.1847
      vertex 21.2163 0 5.32095
      vertex 21.2625 0 5.1847
    endloop
  endfacet
  facet normal -0.947037 -0 -0.321124
    outer loop
      vertex 21.2163 0 5.32095
      vertex 21.2625 -2 5.1847
      vertex 21.2163 -2 5.32095
    endloop
  endfacet
  facet normal -0.896708 0 -0.442622
    outer loop
      vertex 21.2163 -2 5.32095
      vertex 21.1526 0 5.45
      vertex 21.2163 0 5.32095
    endloop
  endfacet
  facet normal -0.896708 -0 -0.442622
    outer loop
      vertex 21.1526 0 5.45
      vertex 21.2163 -2 5.32095
      vertex 21.1526 -2 5.45
    endloop
  endfacet
  facet normal 0.831601 -0 0.555374
    outer loop
      vertex 19.2474 -2 4.35
      vertex 19.3273 0 4.23036
      vertex 19.2474 0 4.35
    endloop
  endfacet
  facet normal 0.831601 0 0.555374
    outer loop
      vertex 19.3273 0 4.23036
      vertex 19.2474 -2 4.35
      vertex 19.3273 -2 4.23036
    endloop
  endfacet
  facet normal -0.065389 0 -0.99786
    outer loop
      vertex 20.2 -2 6
      vertex 20.3436 0 5.99059
      vertex 20.3436 -2 5.99059
    endloop
  endfacet
  facet normal -0.065389 0 -0.99786
    outer loop
      vertex 20.3436 0 5.99059
      vertex 20.2 -2 6
      vertex 20.2 0 6
    endloop
  endfacet
  facet normal -0.947037 0 0.321124
    outer loop
      vertex 21.2163 -2 4.47905
      vertex 21.2625 0 4.6153
      vertex 21.2163 0 4.47905
    endloop
  endfacet
  facet normal -0.947037 0 0.321124
    outer loop
      vertex 21.2625 0 4.6153
      vertex 21.2163 -2 4.47905
      vertex 21.2625 -2 4.6153
    endloop
  endfacet
  facet normal 0.195113 0 -0.980781
    outer loop
      vertex 19.9153 -2 5.96252
      vertex 20.0564 0 5.99059
      vertex 20.0564 -2 5.99059
    endloop
  endfacet
  facet normal 0.195113 0 -0.980781
    outer loop
      vertex 20.0564 0 5.99059
      vertex 19.9153 -2 5.96252
      vertex 19.9153 0 5.96252
    endloop
  endfacet
  facet normal -0.659272 0 -0.751905
    outer loop
      vertex 20.8696 -2 5.77269
      vertex 20.9778 0 5.67782
      vertex 20.9778 -2 5.67782
    endloop
  endfacet
  facet normal -0.659272 0 -0.751905
    outer loop
      vertex 20.9778 0 5.67782
      vertex 20.8696 -2 5.77269
      vertex 20.8696 0 5.77269
    endloop
  endfacet
  facet normal -0.997864 0 0.0653289
    outer loop
      vertex 21.2906 -2 4.75642
      vertex 21.3 0 4.9
      vertex 21.2906 0 4.75642
    endloop
  endfacet
  facet normal -0.997864 0 0.0653289
    outer loop
      vertex 21.3 0 4.9
      vertex 21.2906 -2 4.75642
      vertex 21.3 -2 4.9
    endloop
  endfacet
  facet normal 0.555694 0 -0.831387
    outer loop
      vertex 19.5304 -2 5.77269
      vertex 19.65 0 5.85263
      vertex 19.65 -2 5.85263
    endloop
  endfacet
  facet normal 0.555694 0 -0.831387
    outer loop
      vertex 19.65 0 5.85263
      vertex 19.5304 -2 5.77269
      vertex 19.5304 0 5.77269
    endloop
  endfacet
  facet normal -0.751741 0 -0.659458
    outer loop
      vertex 21.0727 -2 5.56964
      vertex 20.9778 0 5.67782
      vertex 21.0727 0 5.56964
    endloop
  endfacet
  facet normal -0.751741 -0 -0.659458
    outer loop
      vertex 20.9778 0 5.67782
      vertex 21.0727 -2 5.56964
      vertex 20.9778 -2 5.67782
    endloop
  endfacet
  facet normal -0.32133 0 0.946967
    outer loop
      vertex 20.4847 0 3.83748
      vertex 20.621 -2 3.88373
      vertex 20.621 0 3.88373
    endloop
  endfacet
  facet normal -0.32133 0 0.946967
    outer loop
      vertex 20.621 -2 3.88373
      vertex 20.4847 0 3.83748
      vertex 20.4847 -2 3.83748
    endloop
  endfacet
  facet normal -0.555694 0 0.831387
    outer loop
      vertex 20.75 0 3.94737
      vertex 20.8696 -2 4.02731
      vertex 20.8696 0 4.02731
    endloop
  endfacet
  facet normal -0.555694 0 0.831387
    outer loop
      vertex 20.8696 -2 4.02731
      vertex 20.75 0 3.94737
      vertex 20.75 -2 3.94737
    endloop
  endfacet
  facet normal 0.32133 0 -0.946967
    outer loop
      vertex 19.779 -2 5.91627
      vertex 19.9153 0 5.96252
      vertex 19.9153 -2 5.96252
    endloop
  endfacet
  facet normal 0.32133 0 -0.946967
    outer loop
      vertex 19.9153 0 5.96252
      vertex 19.779 -2 5.91627
      vertex 19.779 0 5.91627
    endloop
  endfacet
  facet normal 0.442424 0 0.896806
    outer loop
      vertex 19.65 0 3.94737
      vertex 19.779 -2 3.88373
      vertex 19.779 0 3.88373
    endloop
  endfacet
  facet normal 0.442424 0 0.896806
    outer loop
      vertex 19.779 -2 3.88373
      vertex 19.65 0 3.94737
      vertex 19.65 -2 3.94737
    endloop
  endfacet
  facet normal 0.555694 0 0.831387
    outer loop
      vertex 19.5304 0 4.02731
      vertex 19.65 -2 3.94737
      vertex 19.65 0 3.94737
    endloop
  endfacet
  facet normal 0.555694 0 0.831387
    outer loop
      vertex 19.65 -2 3.94737
      vertex 19.5304 0 4.02731
      vertex 19.5304 -2 4.02731
    endloop
  endfacet
  facet normal 0.947037 -0 0.321124
    outer loop
      vertex 19.1375 -2 4.6153
      vertex 19.1837 0 4.47905
      vertex 19.1375 0 4.6153
    endloop
  endfacet
  facet normal 0.947037 0 0.321124
    outer loop
      vertex 19.1837 0 4.47905
      vertex 19.1375 -2 4.6153
      vertex 19.1837 -2 4.47905
    endloop
  endfacet
  facet normal -0.896708 0 0.442622
    outer loop
      vertex 21.1526 -2 4.35
      vertex 21.2163 0 4.47905
      vertex 21.1526 0 4.35
    endloop
  endfacet
  facet normal -0.896708 0 0.442622
    outer loop
      vertex 21.2163 0 4.47905
      vertex 21.1526 -2 4.35
      vertex 21.2163 -2 4.47905
    endloop
  endfacet
  facet normal -0.195113 0 0.980781
    outer loop
      vertex 20.3436 0 3.80941
      vertex 20.4847 -2 3.83748
      vertex 20.4847 0 3.83748
    endloop
  endfacet
  facet normal -0.195113 0 0.980781
    outer loop
      vertex 20.4847 -2 3.83748
      vertex 20.3436 0 3.80941
      vertex 20.3436 -2 3.80941
    endloop
  endfacet
  facet normal -0.751741 0 0.659458
    outer loop
      vertex 20.9778 -2 4.12218
      vertex 21.0727 0 4.23036
      vertex 20.9778 0 4.12218
    endloop
  endfacet
  facet normal -0.751741 0 0.659458
    outer loop
      vertex 21.0727 0 4.23036
      vertex 20.9778 -2 4.12218
      vertex 21.0727 -2 4.23036
    endloop
  endfacet
  facet normal 0.659272 0 -0.751905
    outer loop
      vertex 19.4222 -2 5.67782
      vertex 19.5304 0 5.77269
      vertex 19.5304 -2 5.77269
    endloop
  endfacet
  facet normal 0.659272 0 -0.751905
    outer loop
      vertex 19.5304 0 5.77269
      vertex 19.4222 -2 5.67782
      vertex 19.4222 0 5.67782
    endloop
  endfacet
  facet normal -0.195113 0 -0.980781
    outer loop
      vertex 20.3436 -2 5.99059
      vertex 20.4847 0 5.96252
      vertex 20.4847 -2 5.96252
    endloop
  endfacet
  facet normal -0.195113 0 -0.980781
    outer loop
      vertex 20.4847 0 5.96252
      vertex 20.3436 -2 5.99059
      vertex 20.3436 0 5.99059
    endloop
  endfacet
  facet normal -0.555694 0 -0.831387
    outer loop
      vertex 20.75 -2 5.85263
      vertex 20.8696 0 5.77269
      vertex 20.8696 -2 5.77269
    endloop
  endfacet
  facet normal -0.555694 0 -0.831387
    outer loop
      vertex 20.8696 0 5.77269
      vertex 20.75 -2 5.85263
      vertex 20.75 0 5.85263
    endloop
  endfacet
  facet normal 0.896708 0 -0.442622
    outer loop
      vertex 19.2474 -2 5.45
      vertex 19.1837 0 5.32095
      vertex 19.2474 0 5.45
    endloop
  endfacet
  facet normal 0.896708 0 -0.442622
    outer loop
      vertex 19.1837 0 5.32095
      vertex 19.2474 -2 5.45
      vertex 19.1837 -2 5.32095
    endloop
  endfacet
  facet normal 0.831601 0 -0.555374
    outer loop
      vertex 19.3273 -2 5.56964
      vertex 19.2474 0 5.45
      vertex 19.3273 0 5.56964
    endloop
  endfacet
  facet normal 0.831601 0 -0.555374
    outer loop
      vertex 19.2474 0 5.45
      vertex 19.3273 -2 5.56964
      vertex 19.2474 -2 5.45
    endloop
  endfacet
  facet normal 0.195113 0 0.980781
    outer loop
      vertex 19.9153 0 3.83748
      vertex 20.0564 -2 3.80941
      vertex 20.0564 0 3.80941
    endloop
  endfacet
  facet normal 0.195113 0 0.980781
    outer loop
      vertex 20.0564 -2 3.80941
      vertex 19.9153 0 3.83748
      vertex 19.9153 -2 3.83748
    endloop
  endfacet
  facet normal 0.947037 0 -0.321124
    outer loop
      vertex 19.1837 -2 5.32095
      vertex 19.1375 0 5.1847
      vertex 19.1837 0 5.32095
    endloop
  endfacet
  facet normal 0.947037 0 -0.321124
    outer loop
      vertex 19.1375 0 5.1847
      vertex 19.1837 -2 5.32095
      vertex 19.1375 -2 5.1847
    endloop
  endfacet
  facet normal 0.980746 -0 0.195287
    outer loop
      vertex 19.1094 -2 4.75642
      vertex 19.1375 0 4.6153
      vertex 19.1094 0 4.75642
    endloop
  endfacet
  facet normal 0.980746 0 0.195287
    outer loop
      vertex 19.1375 0 4.6153
      vertex 19.1094 -2 4.75642
      vertex 19.1375 -2 4.6153
    endloop
  endfacet
  facet normal 0.32133 0 0.946967
    outer loop
      vertex 19.779 0 3.88373
      vertex 19.9153 -2 3.83748
      vertex 19.9153 0 3.83748
    endloop
  endfacet
  facet normal 0.32133 0 0.946967
    outer loop
      vertex 19.9153 -2 3.83748
      vertex 19.779 0 3.88373
      vertex 19.779 -2 3.88373
    endloop
  endfacet
  facet normal 0.997864 -0 0.0653289
    outer loop
      vertex 19.1 -2 4.9
      vertex 19.1094 0 4.75642
      vertex 19.1 0 4.9
    endloop
  endfacet
  facet normal 0.997864 0 0.0653289
    outer loop
      vertex 19.1094 0 4.75642
      vertex 19.1 -2 4.9
      vertex 19.1094 -2 4.75642
    endloop
  endfacet
  facet normal -0.32133 0 -0.946967
    outer loop
      vertex 20.4847 -2 5.96252
      vertex 20.621 0 5.91627
      vertex 20.621 -2 5.91627
    endloop
  endfacet
  facet normal -0.32133 0 -0.946967
    outer loop
      vertex 20.621 0 5.91627
      vertex 20.4847 -2 5.96252
      vertex 20.4847 0 5.96252
    endloop
  endfacet
  facet normal -0.442424 0 0.896806
    outer loop
      vertex 20.621 0 3.88373
      vertex 20.75 -2 3.94737
      vertex 20.75 0 3.94737
    endloop
  endfacet
  facet normal -0.442424 0 0.896806
    outer loop
      vertex 20.75 -2 3.94737
      vertex 20.621 0 3.88373
      vertex 20.621 -2 3.88373
    endloop
  endfacet
  facet normal 0.751741 0 -0.659458
    outer loop
      vertex 19.4222 -2 5.67782
      vertex 19.3273 0 5.56964
      vertex 19.4222 0 5.67782
    endloop
  endfacet
  facet normal 0.751741 0 -0.659458
    outer loop
      vertex 19.3273 0 5.56964
      vertex 19.4222 -2 5.67782
      vertex 19.3273 -2 5.56964
    endloop
  endfacet
  facet normal 0 0 -1
    outer loop
      vertex -2 15.6 7.5
      vertex 0 19.4 7.5
      vertex 0 15.6 7.5
    endloop
  endfacet
  facet normal -0 0 -1
    outer loop
      vertex 0 19.4 7.5
      vertex -2 15.6 7.5
      vertex -2 19.4 7.5
    endloop
  endfacet
  facet normal 0 0.195059 -0.980791
    outer loop
      vertex -2 15.1859 7.44548
      vertex 0 15.3912 7.48631
      vertex 0 15.1859 7.44548
    endloop
  endfacet
  facet normal 0 0.195059 -0.980791
    outer loop
      vertex 0 15.3912 7.48631
      vertex -2 15.1859 7.44548
      vertex -2 15.3912 7.48631
    endloop
  endfacet
  facet normal 0 0.980813 0.194949
    outer loop
      vertex 0 14.0545 5.48589
      vertex -2 14.0137 5.69116
      vertex 0 14.0137 5.69116
    endloop
  endfacet
  facet normal 0 0.980813 0.194949
    outer loop
      vertex -2 14.0137 5.69116
      vertex 0 14.0545 5.48589
      vertex -2 14.0545 5.48589
    endloop
  endfacet
  facet normal 0 -0.980813 0.194949
    outer loop
      vertex -2 20.9455 5.48589
      vertex 0 20.9863 5.69116
      vertex -2 20.9863 5.69116
    endloop
  endfacet
  facet normal 0 -0.980813 0.194949
    outer loop
      vertex 0 20.9863 5.69116
      vertex -2 20.9455 5.48589
      vertex 0 20.9455 5.48589
    endloop
  endfacet
  facet normal -0 0.321397 0.946944
    outer loop
      vertex -2 15.1859 4.35452
      vertex 0 14.9877 4.42179
      vertex 0 15.1859 4.35452
    endloop
  endfacet
  facet normal 0 0.321397 0.946944
    outer loop
      vertex 0 14.9877 4.42179
      vertex -2 15.1859 4.35452
      vertex -2 14.9877 4.42179
    endloop
  endfacet
  facet normal 0 0.896813 -0.44241
    outer loop
      vertex 0 14.1218 6.51229
      vertex -2 14.2144 6.7
      vertex 0 14.2144 6.7
    endloop
  endfacet
  facet normal 0 0.896813 -0.44241
    outer loop
      vertex -2 14.2144 6.7
      vertex 0 14.1218 6.51229
      vertex -2 14.1218 6.51229
    endloop
  endfacet
  facet normal 0 -0.896813 0.44241
    outer loop
      vertex -2 20.7856 5.1
      vertex 0 20.8782 5.28771
      vertex -2 20.8782 5.28771
    endloop
  endfacet
  facet normal 0 -0.896813 0.44241
    outer loop
      vertex 0 20.8782 5.28771
      vertex -2 20.7856 5.1
      vertex 0 20.7856 5.1
    endloop
  endfacet
  facet normal 0 -0.555593 0.831454
    outer loop
      vertex -2 20.374 4.63063
      vertex 0 20.2 4.51436
      vertex 0 20.374 4.63063
    endloop
  endfacet
  facet normal 0 -0.555593 0.831454
    outer loop
      vertex 0 20.2 4.51436
      vertex -2 20.374 4.63063
      vertex -2 20.2 4.51436
    endloop
  endfacet
  facet normal 0 0.751821 0.659367
    outer loop
      vertex 0 14.4686 4.76863
      vertex -2 14.3306 4.92598
      vertex 0 14.3306 4.92598
    endloop
  endfacet
  facet normal 0 0.751821 0.659367
    outer loop
      vertex -2 14.3306 4.92598
      vertex 0 14.4686 4.76863
      vertex -2 14.4686 4.76863
    endloop
  endfacet
  facet normal -0 0.442314 0.89686
    outer loop
      vertex -2 14.9877 4.42179
      vertex 0 14.8 4.51436
      vertex 0 14.9877 4.42179
    endloop
  endfacet
  facet normal 0 0.442314 0.89686
    outer loop
      vertex 0 14.8 4.51436
      vertex -2 14.9877 4.42179
      vertex -2 14.8 4.51436
    endloop
  endfacet
  facet normal 0 0.997855 -0.0654598
    outer loop
      vertex 0 14 5.9
      vertex -2 14.0137 6.10884
      vertex 0 14.0137 6.10884
    endloop
  endfacet
  facet normal 0 0.997855 -0.0654598
    outer loop
      vertex -2 14.0137 6.10884
      vertex 0 14 5.9
      vertex -2 14 5.9
    endloop
  endfacet
  facet normal 0 -0.195059 0.980791
    outer loop
      vertex -2 19.8141 4.35452
      vertex 0 19.6088 4.31369
      vertex 0 19.8141 4.35452
    endloop
  endfacet
  facet normal 0 -0.195059 0.980791
    outer loop
      vertex 0 19.6088 4.31369
      vertex -2 19.8141 4.35452
      vertex -2 19.6088 4.31369
    endloop
  endfacet
  facet normal 0 0.555626 -0.831432
    outer loop
      vertex -2 14.626 7.16936
      vertex 0 14.8 7.28564
      vertex 0 14.626 7.16936
    endloop
  endfacet
  facet normal 0 0.555626 -0.831432
    outer loop
      vertex 0 14.8 7.28564
      vertex -2 14.626 7.16936
      vertex -2 14.8 7.28564
    endloop
  endfacet
  facet normal 0 0.946891 0.321555
    outer loop
      vertex 0 14.1218 5.28771
      vertex -2 14.0545 5.48589
      vertex 0 14.0545 5.48589
    endloop
  endfacet
  facet normal 0 0.946891 0.321555
    outer loop
      vertex -2 14.0545 5.48589
      vertex 0 14.1218 5.28771
      vertex -2 14.1218 5.28771
    endloop
  endfacet
  facet normal 0 -0.751821 -0.659367
    outer loop
      vertex -2 20.6694 6.87402
      vertex 0 20.5314 7.03137
      vertex -2 20.5314 7.03137
    endloop
  endfacet
  facet normal 0 -0.751821 -0.659367
    outer loop
      vertex 0 20.5314 7.03137
      vertex -2 20.6694 6.87402
      vertex 0 20.6694 6.87402
    endloop
  endfacet
  facet normal 0 -0.831638 -0.555318
    outer loop
      vertex -2 20.7856 6.7
      vertex 0 20.6694 6.87402
      vertex -2 20.6694 6.87402
    endloop
  endfacet
  facet normal 0 -0.831638 -0.555318
    outer loop
      vertex 0 20.6694 6.87402
      vertex -2 20.7856 6.7
      vertex 0 20.7856 6.7
    endloop
  endfacet
  facet normal 0 0.831638 0.555318
    outer loop
      vertex 0 14.3306 4.92598
      vertex -2 14.2144 5.1
      vertex 0 14.2144 5.1
    endloop
  endfacet
  facet normal 0 0.831638 0.555318
    outer loop
      vertex -2 14.2144 5.1
      vertex 0 14.3306 4.92598
      vertex -2 14.3306 4.92598
    endloop
  endfacet
  facet normal 0 0.946891 -0.321555
    outer loop
      vertex 0 14.0545 6.31411
      vertex -2 14.1218 6.51229
      vertex 0 14.1218 6.51229
    endloop
  endfacet
  facet normal 0 0.946891 -0.321555
    outer loop
      vertex -2 14.1218 6.51229
      vertex 0 14.0545 6.31411
      vertex -2 14.0545 6.31411
    endloop
  endfacet
  facet normal 0 -0.321397 -0.946944
    outer loop
      vertex -2 19.8141 7.44548
      vertex 0 20.0123 7.37821
      vertex 0 19.8141 7.44548
    endloop
  endfacet
  facet normal -0 -0.321397 -0.946944
    outer loop
      vertex 0 20.0123 7.37821
      vertex -2 19.8141 7.44548
      vertex -2 20.0123 7.37821
    endloop
  endfacet
  facet normal -0 0.195059 0.980791
    outer loop
      vertex -2 15.3912 4.31369
      vertex 0 15.1859 4.35452
      vertex 0 15.3912 4.31369
    endloop
  endfacet
  facet normal 0 0.195059 0.980791
    outer loop
      vertex 0 15.1859 4.35452
      vertex -2 15.3912 4.31369
      vertex -2 15.1859 4.35452
    endloop
  endfacet
  facet normal -0 0 1
    outer loop
      vertex -2 19.4 4.3
      vertex 0 15.6 4.3
      vertex 0 19.4 4.3
    endloop
  endfacet
  facet normal 0 0 1
    outer loop
      vertex 0 15.6 4.3
      vertex -2 19.4 4.3
      vertex -2 15.6 4.3
    endloop
  endfacet
  facet normal -0 0.555593 0.831454
    outer loop
      vertex -2 14.8 4.51436
      vertex 0 14.626 4.63063
      vertex 0 14.8 4.51436
    endloop
  endfacet
  facet normal 0 0.555593 0.831454
    outer loop
      vertex 0 14.626 4.63063
      vertex -2 14.8 4.51436
      vertex -2 14.626 4.63063
    endloop
  endfacet
  facet normal 0 -0.659221 -0.751949
    outer loop
      vertex -2 20.374 7.16936
      vertex 0 20.5314 7.03137
      vertex 0 20.374 7.16936
    endloop
  endfacet
  facet normal -0 -0.659221 -0.751949
    outer loop
      vertex 0 20.5314 7.03137
      vertex -2 20.374 7.16936
      vertex -2 20.5314 7.03137
    endloop
  endfacet
  facet normal 0 0.659221 -0.751949
    outer loop
      vertex -2 14.4686 7.03137
      vertex 0 14.626 7.16936
      vertex 0 14.4686 7.03137
    endloop
  endfacet
  facet normal 0 0.659221 -0.751949
    outer loop
      vertex 0 14.626 7.16936
      vertex -2 14.4686 7.03137
      vertex -2 14.626 7.16936
    endloop
  endfacet
  facet normal -0 0.659248 0.751925
    outer loop
      vertex -2 14.626 4.63063
      vertex 0 14.4686 4.76863
      vertex 0 14.626 4.63063
    endloop
  endfacet
  facet normal 0 0.659248 0.751925
    outer loop
      vertex 0 14.4686 4.76863
      vertex -2 14.626 4.63063
      vertex -2 14.4686 4.76863
    endloop
  endfacet
  facet normal 0 -0.946891 -0.321555
    outer loop
      vertex -2 20.9455 6.31411
      vertex 0 20.8782 6.51229
      vertex -2 20.8782 6.51229
    endloop
  endfacet
  facet normal 0 -0.946891 -0.321555
    outer loop
      vertex 0 20.8782 6.51229
      vertex -2 20.9455 6.31411
      vertex 0 20.9455 6.31411
    endloop
  endfacet
  facet normal 0 0.0654247 -0.997858
    outer loop
      vertex -2 15.3912 7.48631
      vertex 0 15.6 7.5
      vertex 0 15.3912 7.48631
    endloop
  endfacet
  facet normal 0 0.0654247 -0.997858
    outer loop
      vertex 0 15.6 7.5
      vertex -2 15.3912 7.48631
      vertex -2 15.6 7.5
    endloop
  endfacet
  facet normal 0 -0.997855 -0.0654598
    outer loop
      vertex -2 21 5.9
      vertex 0 20.9863 6.10884
      vertex -2 20.9863 6.10884
    endloop
  endfacet
  facet normal 0 -0.997855 -0.0654598
    outer loop
      vertex 0 20.9863 6.10884
      vertex -2 21 5.9
      vertex 0 21 5.9
    endloop
  endfacet
  facet normal 0 -0.555626 -0.831432
    outer loop
      vertex -2 20.2 7.28564
      vertex 0 20.374 7.16936
      vertex 0 20.2 7.28564
    endloop
  endfacet
  facet normal -0 -0.555626 -0.831432
    outer loop
      vertex 0 20.374 7.16936
      vertex -2 20.2 7.28564
      vertex -2 20.374 7.16936
    endloop
  endfacet
  facet normal 0 -0.896813 -0.44241
    outer loop
      vertex -2 20.8782 6.51229
      vertex 0 20.7856 6.7
      vertex -2 20.7856 6.7
    endloop
  endfacet
  facet normal 0 -0.896813 -0.44241
    outer loop
      vertex 0 20.7856 6.7
      vertex -2 20.8782 6.51229
      vertex 0 20.8782 6.51229
    endloop
  endfacet
  facet normal 0 -0.0654247 0.997858
    outer loop
      vertex -2 19.6088 4.31369
      vertex 0 19.4 4.3
      vertex 0 19.6088 4.31369
    endloop
  endfacet
  facet normal 0 -0.0654247 0.997858
    outer loop
      vertex 0 19.4 4.3
      vertex -2 19.6088 4.31369
      vertex -2 19.4 4.3
    endloop
  endfacet
  facet normal 0 0.896813 0.44241
    outer loop
      vertex 0 14.2144 5.1
      vertex -2 14.1218 5.28771
      vertex 0 14.1218 5.28771
    endloop
  endfacet
  facet normal 0 0.896813 0.44241
    outer loop
      vertex -2 14.1218 5.28771
      vertex 0 14.2144 5.1
      vertex -2 14.2144 5.1
    endloop
  endfacet
  facet normal 0 -0.980813 -0.194949
    outer loop
      vertex -2 20.9863 6.10884
      vertex 0 20.9455 6.31411
      vertex -2 20.9455 6.31411
    endloop
  endfacet
  facet normal 0 -0.980813 -0.194949
    outer loop
      vertex 0 20.9455 6.31411
      vertex -2 20.9863 6.10884
      vertex 0 20.9863 6.10884
    endloop
  endfacet
  facet normal 0 -0.997855 0.0654598
    outer loop
      vertex -2 20.9863 5.69116
      vertex 0 21 5.9
      vertex -2 21 5.9
    endloop
  endfacet
  facet normal 0 -0.997855 0.0654598
    outer loop
      vertex 0 21 5.9
      vertex -2 20.9863 5.69116
      vertex 0 20.9863 5.69116
    endloop
  endfacet
  facet normal -0 0.0654247 0.997858
    outer loop
      vertex -2 15.6 4.3
      vertex 0 15.3912 4.31369
      vertex 0 15.6 4.3
    endloop
  endfacet
  facet normal 0 0.0654247 0.997858
    outer loop
      vertex 0 15.3912 4.31369
      vertex -2 15.6 4.3
      vertex -2 15.3912 4.31369
    endloop
  endfacet
  facet normal 0 0.831638 -0.555318
    outer loop
      vertex 0 14.2144 6.7
      vertex -2 14.3306 6.87402
      vertex 0 14.3306 6.87402
    endloop
  endfacet
  facet normal 0 0.831638 -0.555318
    outer loop
      vertex -2 14.3306 6.87402
      vertex 0 14.2144 6.7
      vertex -2 14.2144 6.7
    endloop
  endfacet
  facet normal 0 -0.659248 0.751925
    outer loop
      vertex -2 20.5314 4.76863
      vertex 0 20.374 4.63063
      vertex 0 20.5314 4.76863
    endloop
  endfacet
  facet normal 0 -0.659248 0.751925
    outer loop
      vertex 0 20.374 4.63063
      vertex -2 20.5314 4.76863
      vertex -2 20.374 4.63063
    endloop
  endfacet
  facet normal 0 -0.831638 0.555318
    outer loop
      vertex -2 20.6694 4.92598
      vertex 0 20.7856 5.1
      vertex -2 20.7856 5.1
    endloop
  endfacet
  facet normal 0 -0.831638 0.555318
    outer loop
      vertex 0 20.7856 5.1
      vertex -2 20.6694 4.92598
      vertex 0 20.6694 4.92598
    endloop
  endfacet
  facet normal 0 0.997855 0.0654598
    outer loop
      vertex 0 14.0137 5.69116
      vertex -2 14 5.9
      vertex 0 14 5.9
    endloop
  endfacet
  facet normal 0 0.997855 0.0654598
    outer loop
      vertex -2 14 5.9
      vertex 0 14.0137 5.69116
      vertex -2 14.0137 5.69116
    endloop
  endfacet
  facet normal 0 -0.195059 -0.980791
    outer loop
      vertex -2 19.6088 7.48631
      vertex 0 19.8141 7.44548
      vertex 0 19.6088 7.48631
    endloop
  endfacet
  facet normal -0 -0.195059 -0.980791
    outer loop
      vertex 0 19.8141 7.44548
      vertex -2 19.6088 7.48631
      vertex -2 19.8141 7.44548
    endloop
  endfacet
  facet normal 0 0.980813 -0.194949
    outer loop
      vertex 0 14.0137 6.10884
      vertex -2 14.0545 6.31411
      vertex 0 14.0545 6.31411
    endloop
  endfacet
  facet normal 0 0.980813 -0.194949
    outer loop
      vertex -2 14.0545 6.31411
      vertex 0 14.0137 6.10884
      vertex -2 14.0137 6.10884
    endloop
  endfacet
  facet normal 0 0.442314 -0.89686
    outer loop
      vertex -2 14.8 7.28564
      vertex 0 14.9877 7.37821
      vertex 0 14.8 7.28564
    endloop
  endfacet
  facet normal 0 0.442314 -0.89686
    outer loop
      vertex 0 14.9877 7.37821
      vertex -2 14.8 7.28564
      vertex -2 14.9877 7.37821
    endloop
  endfacet
  facet normal 0 -0.946891 0.321555
    outer loop
      vertex -2 20.8782 5.28771
      vertex 0 20.9455 5.48589
      vertex -2 20.9455 5.48589
    endloop
  endfacet
  facet normal 0 -0.946891 0.321555
    outer loop
      vertex 0 20.9455 5.48589
      vertex -2 20.8782 5.28771
      vertex 0 20.8782 5.28771
    endloop
  endfacet
  facet normal 0 -0.0654247 -0.997858
    outer loop
      vertex -2 19.4 7.5
      vertex 0 19.6088 7.48631
      vertex 0 19.4 7.5
    endloop
  endfacet
  facet normal -0 -0.0654247 -0.997858
    outer loop
      vertex 0 19.6088 7.48631
      vertex -2 19.4 7.5
      vertex -2 19.6088 7.48631
    endloop
  endfacet
  facet normal 0 -0.751821 0.659367
    outer loop
      vertex -2 20.5314 4.76863
      vertex 0 20.6694 4.92598
      vertex -2 20.6694 4.92598
    endloop
  endfacet
  facet normal 0 -0.751821 0.659367
    outer loop
      vertex 0 20.6694 4.92598
      vertex -2 20.5314 4.76863
      vertex 0 20.5314 4.76863
    endloop
  endfacet
  facet normal 0 0.321397 -0.946944
    outer loop
      vertex -2 14.9877 7.37821
      vertex 0 15.1859 7.44548
      vertex 0 14.9877 7.37821
    endloop
  endfacet
  facet normal 0 0.321397 -0.946944
    outer loop
      vertex 0 15.1859 7.44548
      vertex -2 14.9877 7.37821
      vertex -2 15.1859 7.44548
    endloop
  endfacet
  facet normal 0 -0.442314 0.89686
    outer loop
      vertex -2 20.2 4.51436
      vertex 0 20.0123 4.42179
      vertex 0 20.2 4.51436
    endloop
  endfacet
  facet normal 0 -0.442314 0.89686
    outer loop
      vertex 0 20.0123 4.42179
      vertex -2 20.2 4.51436
      vertex -2 20.0123 4.42179
    endloop
  endfacet
  facet normal 0 -0.321397 0.946944
    outer loop
      vertex -2 20.0123 4.42179
      vertex 0 19.8141 4.35452
      vertex 0 20.0123 4.42179
    endloop
  endfacet
  facet normal 0 -0.321397 0.946944
    outer loop
      vertex 0 19.8141 4.35452
      vertex -2 20.0123 4.42179
      vertex -2 19.8141 4.35452
    endloop
  endfacet
  facet normal 0 0.751821 -0.659367
    outer loop
      vertex 0 14.3306 6.87402
      vertex -2 14.4686 7.03137
      vertex 0 14.4686 7.03137
    endloop
  endfacet
  facet normal 0 0.751821 -0.659367
    outer loop
      vertex -2 14.4686 7.03137
      vertex 0 14.3306 6.87402
      vertex -2 14.3306 6.87402
    endloop
  endfacet
  facet normal 0 -0.442314 -0.89686
    outer loop
      vertex -2 20.0123 7.37821
      vertex 0 20.2 7.28564
      vertex 0 20.0123 7.37821
    endloop
  endfacet
  facet normal -0 -0.442314 -0.89686
    outer loop
      vertex 0 20.2 7.28564
      vertex -2 20.0123 7.37821
      vertex -2 20.2 7.28564
    endloop
  endfacet
  facet normal 0 -0.321433 0.946932
    outer loop
      vertex -2 47.9536 5.55985
      vertex 0 47.6935 5.47156
      vertex 0 47.9536 5.55985
    endloop
  endfacet
  facet normal 0 -0.321433 0.946932
    outer loop
      vertex 0 47.6935 5.47156
      vertex -2 47.9536 5.55985
      vertex -2 47.6935 5.47156
    endloop
  endfacet
  facet normal 0 0.0654196 -0.997858
    outer loop
      vertex -2 46.8759 9.58203
      vertex 0 47.15 9.6
      vertex 0 46.8759 9.58203
    endloop
  endfacet
  facet normal 0 0.0654196 -0.997858
    outer loop
      vertex 0 47.15 9.6
      vertex -2 46.8759 9.58203
      vertex -2 47.15 9.6
    endloop
  endfacet
  facet normal 0 -0.0653833 0.99786
    outer loop
      vertex -2 47.4241 5.41796
      vertex 0 47.15 5.4
      vertex 0 47.4241 5.41796
    endloop
  endfacet
  facet normal 0 -0.0653833 0.99786
    outer loop
      vertex 0 47.15 5.4
      vertex -2 47.4241 5.41796
      vertex -2 47.15 5.4
    endloop
  endfacet
  facet normal -0 0.195136 0.980776
    outer loop
      vertex -2 46.8759 5.41796
      vertex 0 46.6065 5.47156
      vertex 0 46.8759 5.41796
    endloop
  endfacet
  facet normal 0 0.195136 0.980776
    outer loop
      vertex 0 46.6065 5.47156
      vertex -2 46.8759 5.41796
      vertex -2 46.6065 5.47156
    endloop
  endfacet
  facet normal 0 -0.831322 0.555792
    outer loop
      vertex -2 48.816 6.2216
      vertex 0 48.9687 6.45
      vertex -2 48.9687 6.45
    endloop
  endfacet
  facet normal 0 -0.831322 0.555792
    outer loop
      vertex 0 48.9687 6.45
      vertex -2 48.816 6.2216
      vertex 0 48.816 6.2216
    endloop
  endfacet
  facet normal 0 -0.897005 0.442021
    outer loop
      vertex -2 48.9687 6.45
      vertex 0 49.0901 6.69636
      vertex -2 49.0901 6.69636
    endloop
  endfacet
  facet normal 0 -0.897005 0.442021
    outer loop
      vertex 0 49.0901 6.69636
      vertex -2 48.9687 6.45
      vertex 0 48.9687 6.45
    endloop
  endfacet
  facet normal 0 0.946929 0.321443
    outer loop
      vertex 0 45.2099 6.69636
      vertex -2 45.1216 6.95648
      vertex 0 45.1216 6.95648
    endloop
  endfacet
  facet normal 0 0.946929 0.321443
    outer loop
      vertex -2 45.1216 6.95648
      vertex 0 45.2099 6.69636
      vertex -2 45.2099 6.69636
    endloop
  endfacet
  facet normal 0 0.897012 -0.442007
    outer loop
      vertex 0 45.2099 8.30363
      vertex -2 45.3313 8.55
      vertex 0 45.3313 8.55
    endloop
  endfacet
  facet normal 0 0.897012 -0.442007
    outer loop
      vertex -2 45.3313 8.55
      vertex 0 45.2099 8.30363
      vertex -2 45.2099 8.30363
    endloop
  endfacet
  facet normal 0 -0.442256 0.896889
    outer loop
      vertex -2 48.2 5.68135
      vertex 0 47.9536 5.55985
      vertex 0 48.2 5.68135
    endloop
  endfacet
  facet normal 0 -0.442256 0.896889
    outer loop
      vertex 0 47.9536 5.55985
      vertex -2 48.2 5.68135
      vertex -2 47.9536 5.55985
    endloop
  endfacet
  facet normal 0 -0.751864 -0.659319
    outer loop
      vertex -2 48.816 8.7784
      vertex 0 48.6349 8.98492
      vertex -2 48.6349 8.98492
    endloop
  endfacet
  facet normal 0 -0.751864 -0.659319
    outer loop
      vertex 0 48.6349 8.98492
      vertex -2 48.816 8.7784
      vertex 0 48.816 8.7784
    endloop
  endfacet
  facet normal 0 -0.980778 0.195129
    outer loop
      vertex -2 49.1784 6.95648
      vertex 0 49.232 7.22589
      vertex -2 49.232 7.22589
    endloop
  endfacet
  facet normal 0 -0.980778 0.195129
    outer loop
      vertex 0 49.232 7.22589
      vertex -2 49.1784 6.95648
      vertex 0 49.1784 6.95648
    endloop
  endfacet
  facet normal -0 0.555565 0.831473
    outer loop
      vertex -2 46.1 5.68135
      vertex 0 45.8716 5.83396
      vertex 0 46.1 5.68135
    endloop
  endfacet
  facet normal 0 0.555565 0.831473
    outer loop
      vertex 0 45.8716 5.83396
      vertex -2 46.1 5.68135
      vertex -2 45.8716 5.83396
    endloop
  endfacet
  facet normal -0 0.321433 0.946932
    outer loop
      vertex -2 46.6065 5.47156
      vertex 0 46.3464 5.55985
      vertex 0 46.6065 5.47156
    endloop
  endfacet
  facet normal 0 0.321433 0.946932
    outer loop
      vertex 0 46.3464 5.55985
      vertex -2 46.6065 5.47156
      vertex -2 46.3464 5.55985
    endloop
  endfacet
  facet normal 0 0.555565 -0.831473
    outer loop
      vertex -2 45.8716 9.16604
      vertex 0 46.1 9.31865
      vertex 0 45.8716 9.16604
    endloop
  endfacet
  facet normal 0 0.555565 -0.831473
    outer loop
      vertex 0 46.1 9.31865
      vertex -2 45.8716 9.16604
      vertex -2 46.1 9.31865
    endloop
  endfacet
  facet normal 0 -0.751864 0.659319
    outer loop
      vertex -2 48.6349 6.01508
      vertex 0 48.816 6.2216
      vertex -2 48.816 6.2216
    endloop
  endfacet
  facet normal 0 -0.751864 0.659319
    outer loop
      vertex 0 48.816 6.2216
      vertex -2 48.6349 6.01508
      vertex 0 48.6349 6.01508
    endloop
  endfacet
  facet normal 0 0.831322 -0.555792
    outer loop
      vertex 0 45.3313 8.55
      vertex -2 45.484 8.7784
      vertex 0 45.484 8.7784
    endloop
  endfacet
  facet normal 0 0.831322 -0.555792
    outer loop
      vertex -2 45.484 8.7784
      vertex 0 45.3313 8.55
      vertex -2 45.3313 8.55
    endloop
  endfacet
  facet normal 0 -0.555565 0.831473
    outer loop
      vertex -2 48.4284 5.83396
      vertex 0 48.2 5.68135
      vertex 0 48.4284 5.83396
    endloop
  endfacet
  facet normal 0 -0.555565 0.831473
    outer loop
      vertex 0 48.2 5.68135
      vertex -2 48.4284 5.83396
      vertex -2 48.2 5.68135
    endloop
  endfacet
  facet normal 0 0.831322 0.555792
    outer loop
      vertex 0 45.484 6.2216
      vertex -2 45.3313 6.45
      vertex 0 45.3313 6.45
    endloop
  endfacet
  facet normal 0 0.831322 0.555792
    outer loop
      vertex -2 45.3313 6.45
      vertex 0 45.484 6.2216
      vertex -2 45.484 6.2216
    endloop
  endfacet
  facet normal 0 -0.946929 0.321443
    outer loop
      vertex -2 49.0901 6.69636
      vertex 0 49.1784 6.95648
      vertex -2 49.1784 6.95648
    endloop
  endfacet
  facet normal 0 -0.946929 0.321443
    outer loop
      vertex 0 49.1784 6.95648
      vertex -2 49.0901 6.69636
      vertex 0 49.0901 6.69636
    endloop
  endfacet
  facet normal 0 0.195101 -0.980783
    outer loop
      vertex -2 46.6065 9.52844
      vertex 0 46.8759 9.58203
      vertex 0 46.6065 9.52844
    endloop
  endfacet
  facet normal 0 0.195101 -0.980783
    outer loop
      vertex 0 46.8759 9.58203
      vertex -2 46.6065 9.52844
      vertex -2 46.8759 9.58203
    endloop
  endfacet
  facet normal -0 0.0653833 0.99786
    outer loop
      vertex -2 47.15 5.4
      vertex 0 46.8759 5.41796
      vertex 0 47.15 5.4
    endloop
  endfacet
  facet normal 0 0.0653833 0.99786
    outer loop
      vertex 0 46.8759 5.41796
      vertex -2 47.15 5.4
      vertex -2 46.8759 5.41796
    endloop
  endfacet
  facet normal 0 -0.831322 -0.555792
    outer loop
      vertex -2 48.9687 8.55
      vertex 0 48.816 8.7784
      vertex -2 48.816 8.7784
    endloop
  endfacet
  facet normal 0 -0.831322 -0.555792
    outer loop
      vertex 0 48.816 8.7784
      vertex -2 48.9687 8.55
      vertex 0 48.9687 8.55
    endloop
  endfacet
  facet normal 0 0.997851 0.0655259
    outer loop
      vertex 0 45.068 7.22589
      vertex -2 45.05 7.5
      vertex 0 45.05 7.5
    endloop
  endfacet
  facet normal 0 0.997851 0.0655259
    outer loop
      vertex -2 45.05 7.5
      vertex 0 45.068 7.22589
      vertex -2 45.068 7.22589
    endloop
  endfacet
  facet normal 0 0.321433 -0.946932
    outer loop
      vertex -2 46.3464 9.44015
      vertex 0 46.6065 9.52844
      vertex 0 46.3464 9.44015
    endloop
  endfacet
  facet normal 0 0.321433 -0.946932
    outer loop
      vertex 0 46.6065 9.52844
      vertex -2 46.3464 9.44015
      vertex -2 46.6065 9.52844
    endloop
  endfacet
  facet normal 0 -0.195136 0.980776
    outer loop
      vertex -2 47.6935 5.47156
      vertex 0 47.4241 5.41796
      vertex 0 47.6935 5.47156
    endloop
  endfacet
  facet normal 0 -0.195136 0.980776
    outer loop
      vertex 0 47.4241 5.41796
      vertex -2 47.6935 5.47156
      vertex -2 47.4241 5.41796
    endloop
  endfacet
  facet normal 0 -0.997851 -0.0655283
    outer loop
      vertex -2 49.25 7.5
      vertex 0 49.232 7.7741
      vertex -2 49.232 7.7741
    endloop
  endfacet
  facet normal 0 -0.997851 -0.0655283
    outer loop
      vertex 0 49.232 7.7741
      vertex -2 49.25 7.5
      vertex 0 49.25 7.5
    endloop
  endfacet
  facet normal 0 -0.946925 -0.321454
    outer loop
      vertex -2 49.1784 8.04352
      vertex 0 49.0901 8.30363
      vertex -2 49.0901 8.30363
    endloop
  endfacet
  facet normal 0 -0.946925 -0.321454
    outer loop
      vertex 0 49.0901 8.30363
      vertex -2 49.1784 8.04352
      vertex 0 49.1784 8.04352
    endloop
  endfacet
  facet normal 0 -0.659396 0.751796
    outer loop
      vertex -2 48.6349 6.01508
      vertex 0 48.4284 5.83396
      vertex 0 48.6349 6.01508
    endloop
  endfacet
  facet normal 0 -0.659396 0.751796
    outer loop
      vertex 0 48.4284 5.83396
      vertex -2 48.6349 6.01508
      vertex -2 48.4284 5.83396
    endloop
  endfacet
  facet normal 0 0.980778 0.195129
    outer loop
      vertex 0 45.1216 6.95648
      vertex -2 45.068 7.22589
      vertex 0 45.068 7.22589
    endloop
  endfacet
  facet normal 0 0.980778 0.195129
    outer loop
      vertex -2 45.068 7.22589
      vertex 0 45.1216 6.95648
      vertex -2 45.1216 6.95648
    endloop
  endfacet
  facet normal 0 0.442256 -0.896889
    outer loop
      vertex -2 46.1 9.31865
      vertex 0 46.3464 9.44015
      vertex 0 46.1 9.31865
    endloop
  endfacet
  facet normal 0 0.442256 -0.896889
    outer loop
      vertex 0 46.3464 9.44015
      vertex -2 46.1 9.31865
      vertex -2 46.3464 9.44015
    endloop
  endfacet
  facet normal 0 0.997851 -0.0655283
    outer loop
      vertex 0 45.05 7.5
      vertex -2 45.068 7.7741
      vertex 0 45.068 7.7741
    endloop
  endfacet
  facet normal 0 0.997851 -0.0655283
    outer loop
      vertex -2 45.068 7.7741
      vertex 0 45.05 7.5
      vertex -2 45.05 7.5
    endloop
  endfacet
  facet normal -0 0.442256 0.896889
    outer loop
      vertex -2 46.3464 5.55985
      vertex 0 46.1 5.68135
      vertex 0 46.3464 5.55985
    endloop
  endfacet
  facet normal 0 0.442256 0.896889
    outer loop
      vertex 0 46.1 5.68135
      vertex -2 46.3464 5.55985
      vertex -2 46.1 5.68135
    endloop
  endfacet
  facet normal 0 -0.897012 -0.442007
    outer loop
      vertex -2 49.0901 8.30363
      vertex 0 48.9687 8.55
      vertex -2 48.9687 8.55
    endloop
  endfacet
  facet normal 0 -0.897012 -0.442007
    outer loop
      vertex 0 48.9687 8.55
      vertex -2 49.0901 8.30363
      vertex 0 49.0901 8.30363
    endloop
  endfacet
  facet normal 0 -0.659396 -0.751796
    outer loop
      vertex -2 48.4284 9.16604
      vertex 0 48.6349 8.98492
      vertex 0 48.4284 9.16604
    endloop
  endfacet
  facet normal -0 -0.659396 -0.751796
    outer loop
      vertex 0 48.6349 8.98492
      vertex -2 48.4284 9.16604
      vertex -2 48.6349 8.98492
    endloop
  endfacet
  facet normal 0 0.751864 -0.659319
    outer loop
      vertex 0 45.484 8.7784
      vertex -2 45.6651 8.98492
      vertex 0 45.6651 8.98492
    endloop
  endfacet
  facet normal 0 0.751864 -0.659319
    outer loop
      vertex -2 45.6651 8.98492
      vertex 0 45.484 8.7784
      vertex -2 45.484 8.7784
    endloop
  endfacet
  facet normal 0 0.946925 -0.321454
    outer loop
      vertex 0 45.1216 8.04352
      vertex -2 45.2099 8.30363
      vertex 0 45.2099 8.30363
    endloop
  endfacet
  facet normal 0 0.946925 -0.321454
    outer loop
      vertex -2 45.2099 8.30363
      vertex 0 45.1216 8.04352
      vertex -2 45.1216 8.04352
    endloop
  endfacet
  facet normal 0 -0.997851 0.0655259
    outer loop
      vertex -2 49.232 7.22589
      vertex 0 49.25 7.5
      vertex -2 49.25 7.5
    endloop
  endfacet
  facet normal 0 -0.997851 0.0655259
    outer loop
      vertex 0 49.25 7.5
      vertex -2 49.232 7.22589
      vertex 0 49.232 7.22589
    endloop
  endfacet
  facet normal 0 -0.0654196 -0.997858
    outer loop
      vertex -2 47.15 9.6
      vertex 0 47.4241 9.58203
      vertex 0 47.15 9.6
    endloop
  endfacet
  facet normal -0 -0.0654196 -0.997858
    outer loop
      vertex 0 47.4241 9.58203
      vertex -2 47.15 9.6
      vertex -2 47.4241 9.58203
    endloop
  endfacet
  facet normal 0 0.897005 0.442021
    outer loop
      vertex 0 45.3313 6.45
      vertex -2 45.2099 6.69636
      vertex 0 45.2099 6.69636
    endloop
  endfacet
  facet normal 0 0.897005 0.442021
    outer loop
      vertex -2 45.2099 6.69636
      vertex 0 45.3313 6.45
      vertex -2 45.3313 6.45
    endloop
  endfacet
  facet normal 0 0.980779 -0.195122
    outer loop
      vertex 0 45.068 7.7741
      vertex -2 45.1216 8.04352
      vertex 0 45.1216 8.04352
    endloop
  endfacet
  facet normal 0 0.980779 -0.195122
    outer loop
      vertex -2 45.1216 8.04352
      vertex 0 45.068 7.7741
      vertex -2 45.068 7.7741
    endloop
  endfacet
  facet normal 0 -0.980779 -0.195122
    outer loop
      vertex -2 49.232 7.7741
      vertex 0 49.1784 8.04352
      vertex -2 49.1784 8.04352
    endloop
  endfacet
  facet normal 0 -0.980779 -0.195122
    outer loop
      vertex 0 49.1784 8.04352
      vertex -2 49.232 7.7741
      vertex 0 49.232 7.7741
    endloop
  endfacet
  facet normal 0 -0.195101 -0.980783
    outer loop
      vertex -2 47.4241 9.58203
      vertex 0 47.6935 9.52844
      vertex 0 47.4241 9.58203
    endloop
  endfacet
  facet normal -0 -0.195101 -0.980783
    outer loop
      vertex 0 47.6935 9.52844
      vertex -2 47.4241 9.58203
      vertex -2 47.6935 9.52844
    endloop
  endfacet
  facet normal 0 -0.321433 -0.946932
    outer loop
      vertex -2 47.6935 9.52844
      vertex 0 47.9536 9.44015
      vertex 0 47.6935 9.52844
    endloop
  endfacet
  facet normal -0 -0.321433 -0.946932
    outer loop
      vertex 0 47.9536 9.44015
      vertex -2 47.6935 9.52844
      vertex -2 47.9536 9.44015
    endloop
  endfacet
  facet normal 0 0.659396 -0.751796
    outer loop
      vertex -2 45.6651 8.98492
      vertex 0 45.8716 9.16604
      vertex 0 45.6651 8.98492
    endloop
  endfacet
  facet normal 0 0.659396 -0.751796
    outer loop
      vertex 0 45.8716 9.16604
      vertex -2 45.6651 8.98492
      vertex -2 45.8716 9.16604
    endloop
  endfacet
  facet normal 0 -0.555565 -0.831473
    outer loop
      vertex -2 48.2 9.31865
      vertex 0 48.4284 9.16604
      vertex 0 48.2 9.31865
    endloop
  endfacet
  facet normal -0 -0.555565 -0.831473
    outer loop
      vertex 0 48.4284 9.16604
      vertex -2 48.2 9.31865
      vertex -2 48.4284 9.16604
    endloop
  endfacet
  facet normal 0 -0.442256 -0.896889
    outer loop
      vertex -2 47.9536 9.44015
      vertex 0 48.2 9.31865
      vertex 0 47.9536 9.44015
    endloop
  endfacet
  facet normal -0 -0.442256 -0.896889
    outer loop
      vertex 0 48.2 9.31865
      vertex -2 47.9536 9.44015
      vertex -2 48.2 9.31865
    endloop
  endfacet
  facet normal 0 0.751864 0.659319
    outer loop
      vertex 0 45.6651 6.01508
      vertex -2 45.484 6.2216
      vertex 0 45.484 6.2216
    endloop
  endfacet
  facet normal 0 0.751864 0.659319
    outer loop
      vertex -2 45.484 6.2216
      vertex 0 45.6651 6.01508
      vertex -2 45.6651 6.01508
    endloop
  endfacet
  facet normal -0 0.659396 0.751796
    outer loop
      vertex -2 45.8716 5.83396
      vertex 0 45.6651 6.01508
      vertex 0 45.8716 5.83396
    endloop
  endfacet
  facet normal 0 0.659396 0.751796
    outer loop
      vertex 0 45.6651 6.01508
      vertex -2 45.8716 5.83396
      vertex -2 45.6651 6.01508
    endloop
  endfacet
  facet normal 0.195093 -0.980785 0
    outer loop
      vertex 4.32631 53.0214 0
      vertex 4.64705 53.0852 2.5
      vertex 4.32631 53.0214 2.5
    endloop
  endfacet
  facet normal 0.195093 -0.980785 0
    outer loop
      vertex 4.64705 53.0852 2.5
      vertex 4.32631 53.0214 0
      vertex 4.64705 53.0852 0
    endloop
  endfacet
  facet normal 0.98078 0.195116 0
    outer loop
      vertex 6.47861 55.8263 2.5
      vertex 6.41481 56.147 0
      vertex 6.41481 56.147 2.5
    endloop
  endfacet
  facet normal 0.98078 0.195116 0
    outer loop
      vertex 6.41481 56.147 0
      vertex 6.47861 55.8263 2.5
      vertex 6.47861 55.8263 0
    endloop
  endfacet
  facet normal 0.997858 0.0654128 0
    outer loop
      vertex 6.5 55.5 2.5
      vertex 6.47861 55.8263 0
      vertex 6.47861 55.8263 2.5
    endloop
  endfacet
  facet normal 0.997858 0.0654128 0
    outer loop
      vertex 6.47861 55.8263 0
      vertex 6.5 55.5 2.5
      vertex 6.5 55.5 0
    endloop
  endfacet
  facet normal -0.896872 -0.44229 0
    outer loop
      vertex 1.83494 54.25 0
      vertex 1.6903 54.5433 2.5
      vertex 1.6903 54.5433 0
    endloop
  endfacet
  facet normal -0.896872 -0.44229 0
    outer loop
      vertex 1.6903 54.5433 2.5
      vertex 1.83494 54.25 0
      vertex 1.83494 54.25 2.5
    endloop
  endfacet
  facet normal -0.751898 -0.659279 0
    outer loop
      vertex 2.23223 53.7322 0
      vertex 2.01662 53.9781 2.5
      vertex 2.01662 53.9781 0
    endloop
  endfacet
  facet normal -0.751898 -0.659279 0
    outer loop
      vertex 2.01662 53.9781 2.5
      vertex 2.23223 53.7322 0
      vertex 2.23223 53.7322 2.5
    endloop
  endfacet
  facet normal -0.831466 -0.555575 0
    outer loop
      vertex 2.01662 53.9781 0
      vertex 1.83494 54.25 2.5
      vertex 1.83494 54.25 0
    endloop
  endfacet
  facet normal -0.831466 -0.555575 0
    outer loop
      vertex 1.83494 54.25 2.5
      vertex 2.01662 53.9781 0
      vertex 2.01662 53.9781 2.5
    endloop
  endfacet
  facet normal -0.946948 -0.321387 0
    outer loop
      vertex 1.6903 54.5433 0
      vertex 1.58519 54.853 2.5
      vertex 1.58519 54.853 0
    endloop
  endfacet
  facet normal -0.946948 -0.321387 0
    outer loop
      vertex 1.58519 54.853 2.5
      vertex 1.6903 54.5433 0
      vertex 1.6903 54.5433 2.5
    endloop
  endfacet
  facet normal 0.946948 -0.321387 0
    outer loop
      vertex 6.3097 54.5433 2.5
      vertex 6.41481 54.853 0
      vertex 6.41481 54.853 2.5
    endloop
  endfacet
  facet normal 0.946948 -0.321387 0
    outer loop
      vertex 6.41481 54.853 0
      vertex 6.3097 54.5433 2.5
      vertex 6.3097 54.5433 0
    endloop
  endfacet
  facet normal -0.195099 -0.980784 0
    outer loop
      vertex 3.35295 53.0852 0
      vertex 3.67368 53.0214 2.5
      vertex 3.35295 53.0852 2.5
    endloop
  endfacet
  facet normal -0.195099 -0.980784 -0
    outer loop
      vertex 3.67368 53.0214 2.5
      vertex 3.35295 53.0852 0
      vertex 3.67368 53.0214 0
    endloop
  endfacet
  facet normal -0.831466 0.555575 0
    outer loop
      vertex 1.83494 56.75 0
      vertex 2.01662 57.0219 2.5
      vertex 2.01662 57.0219 0
    endloop
  endfacet
  facet normal -0.831466 0.555575 0
    outer loop
      vertex 2.01662 57.0219 2.5
      vertex 1.83494 56.75 0
      vertex 1.83494 56.75 2.5
    endloop
  endfacet
  facet normal 0.831466 -0.555575 0
    outer loop
      vertex 5.98338 53.9781 2.5
      vertex 6.16506 54.25 0
      vertex 6.16506 54.25 2.5
    endloop
  endfacet
  facet normal 0.831466 -0.555575 0
    outer loop
      vertex 6.16506 54.25 0
      vertex 5.98338 53.9781 2.5
      vertex 5.98338 53.9781 0
    endloop
  endfacet
  facet normal 0.98078 -0.195116 0
    outer loop
      vertex 6.41481 54.853 2.5
      vertex 6.47861 55.1737 0
      vertex 6.47861 55.1737 2.5
    endloop
  endfacet
  facet normal 0.98078 -0.195116 0
    outer loop
      vertex 6.47861 55.1737 0
      vertex 6.41481 54.853 2.5
      vertex 6.41481 54.853 0
    endloop
  endfacet
  facet normal 0.195093 0.980785 -0
    outer loop
      vertex 4.64705 57.9148 0
      vertex 4.32631 57.9786 2.5
      vertex 4.64705 57.9148 2.5
    endloop
  endfacet
  facet normal 0.195093 0.980785 0
    outer loop
      vertex 4.32631 57.9786 2.5
      vertex 4.64705 57.9148 0
      vertex 4.32631 57.9786 0
    endloop
  endfacet
  facet normal -0.442204 -0.896915 0
    outer loop
      vertex 2.75 53.3349 0
      vertex 3.04329 53.1903 2.5
      vertex 2.75 53.3349 2.5
    endloop
  endfacet
  facet normal -0.442204 -0.896915 -0
    outer loop
      vertex 3.04329 53.1903 2.5
      vertex 2.75 53.3349 0
      vertex 3.04329 53.1903 0
    endloop
  endfacet
  facet normal 0.831466 0.555575 0
    outer loop
      vertex 6.16506 56.75 2.5
      vertex 5.98338 57.0219 0
      vertex 5.98338 57.0219 2.5
    endloop
  endfacet
  facet normal 0.831466 0.555575 0
    outer loop
      vertex 5.98338 57.0219 0
      vertex 6.16506 56.75 2.5
      vertex 6.16506 56.75 0
    endloop
  endfacet
  facet normal -0.555617 0.831438 0
    outer loop
      vertex 2.75 57.6651 0
      vertex 2.4781 57.4834 2.5
      vertex 2.75 57.6651 2.5
    endloop
  endfacet
  facet normal -0.555617 0.831438 0
    outer loop
      vertex 2.4781 57.4834 2.5
      vertex 2.75 57.6651 0
      vertex 2.4781 57.4834 0
    endloop
  endfacet
  facet normal -0.997858 0.0654128 0
    outer loop
      vertex 1.5 55.5 0
      vertex 1.52139 55.8263 2.5
      vertex 1.52139 55.8263 0
    endloop
  endfacet
  facet normal -0.997858 0.0654128 0
    outer loop
      vertex 1.52139 55.8263 2.5
      vertex 1.5 55.5 0
      vertex 1.5 55.5 2.5
    endloop
  endfacet
  facet normal -0.321397 -0.946944 0
    outer loop
      vertex 3.04329 53.1903 0
      vertex 3.35295 53.0852 2.5
      vertex 3.04329 53.1903 2.5
    endloop
  endfacet
  facet normal -0.321397 -0.946944 -0
    outer loop
      vertex 3.35295 53.0852 2.5
      vertex 3.04329 53.1903 0
      vertex 3.35295 53.0852 0
    endloop
  endfacet
  facet normal -0.321397 0.946944 0
    outer loop
      vertex 3.35295 57.9148 0
      vertex 3.04329 57.8097 2.5
      vertex 3.35295 57.9148 2.5
    endloop
  endfacet
  facet normal -0.321397 0.946944 0
    outer loop
      vertex 3.04329 57.8097 2.5
      vertex 3.35295 57.9148 0
      vertex 3.04329 57.8097 0
    endloop
  endfacet
  facet normal -0.659307 0.751873 0
    outer loop
      vertex 2.4781 57.4834 0
      vertex 2.23223 57.2678 2.5
      vertex 2.4781 57.4834 2.5
    endloop
  endfacet
  facet normal -0.659307 0.751873 0
    outer loop
      vertex 2.23223 57.2678 2.5
      vertex 2.4781 57.4834 0
      vertex 2.23223 57.2678 0
    endloop
  endfacet
  facet normal 0.659307 0.751873 -0
    outer loop
      vertex 5.76777 57.2678 0
      vertex 5.5219 57.4834 2.5
      vertex 5.76777 57.2678 2.5
    endloop
  endfacet
  facet normal 0.659307 0.751873 0
    outer loop
      vertex 5.5219 57.4834 2.5
      vertex 5.76777 57.2678 0
      vertex 5.5219 57.4834 0
    endloop
  endfacet
  facet normal 0.442204 0.896915 -0
    outer loop
      vertex 5.25 57.6651 0
      vertex 4.95671 57.8097 2.5
      vertex 5.25 57.6651 2.5
    endloop
  endfacet
  facet normal 0.442204 0.896915 0
    outer loop
      vertex 4.95671 57.8097 2.5
      vertex 5.25 57.6651 0
      vertex 4.95671 57.8097 0
    endloop
  endfacet
  facet normal 0.997858 -0.0654128 0
    outer loop
      vertex 6.47861 55.1737 2.5
      vertex 6.5 55.5 0
      vertex 6.5 55.5 2.5
    endloop
  endfacet
  facet normal 0.997858 -0.0654128 0
    outer loop
      vertex 6.5 55.5 0
      vertex 6.47861 55.1737 2.5
      vertex 6.47861 55.1737 0
    endloop
  endfacet
  facet normal 0.0654412 0.997856 -0
    outer loop
      vertex 4.32631 57.9786 0
      vertex 4 58 2.5
      vertex 4.32631 57.9786 2.5
    endloop
  endfacet
  facet normal 0.0654412 0.997856 0
    outer loop
      vertex 4 58 2.5
      vertex 4.32631 57.9786 0
      vertex 4 58 0
    endloop
  endfacet
  facet normal -0.751898 0.659279 0
    outer loop
      vertex 2.01662 57.0219 0
      vertex 2.23223 57.2678 2.5
      vertex 2.23223 57.2678 0
    endloop
  endfacet
  facet normal -0.751898 0.659279 0
    outer loop
      vertex 2.23223 57.2678 2.5
      vertex 2.01662 57.0219 0
      vertex 2.01662 57.0219 2.5
    endloop
  endfacet
  facet normal -0.946948 0.321387 0
    outer loop
      vertex 1.58519 56.147 0
      vertex 1.6903 56.4567 2.5
      vertex 1.6903 56.4567 0
    endloop
  endfacet
  facet normal -0.946948 0.321387 0
    outer loop
      vertex 1.6903 56.4567 2.5
      vertex 1.58519 56.147 0
      vertex 1.58519 56.147 2.5
    endloop
  endfacet
  facet normal -0.997858 -0.0654128 0
    outer loop
      vertex 1.52139 55.1737 0
      vertex 1.5 55.5 2.5
      vertex 1.5 55.5 0
    endloop
  endfacet
  facet normal -0.997858 -0.0654128 0
    outer loop
      vertex 1.5 55.5 2.5
      vertex 1.52139 55.1737 0
      vertex 1.52139 55.1737 2.5
    endloop
  endfacet
  facet normal 0.555617 0.831438 -0
    outer loop
      vertex 5.5219 57.4834 0
      vertex 5.25 57.6651 2.5
      vertex 5.5219 57.4834 2.5
    endloop
  endfacet
  facet normal 0.555617 0.831438 0
    outer loop
      vertex 5.25 57.6651 2.5
      vertex 5.5219 57.4834 0
      vertex 5.25 57.6651 0
    endloop
  endfacet
  facet normal 0.896872 -0.44229 0
    outer loop
      vertex 6.16506 54.25 2.5
      vertex 6.3097 54.5433 0
      vertex 6.3097 54.5433 2.5
    endloop
  endfacet
  facet normal 0.896872 -0.44229 0
    outer loop
      vertex 6.3097 54.5433 0
      vertex 6.16506 54.25 2.5
      vertex 6.16506 54.25 0
    endloop
  endfacet
  facet normal -0.98078 -0.195116 0
    outer loop
      vertex 1.58519 54.853 0
      vertex 1.52139 55.1737 2.5
      vertex 1.52139 55.1737 0
    endloop
  endfacet
  facet normal -0.98078 -0.195116 0
    outer loop
      vertex 1.52139 55.1737 2.5
      vertex 1.58519 54.853 0
      vertex 1.58519 54.853 2.5
    endloop
  endfacet
  facet normal -0.442204 0.896915 0
    outer loop
      vertex 3.04329 57.8097 0
      vertex 2.75 57.6651 2.5
      vertex 3.04329 57.8097 2.5
    endloop
  endfacet
  facet normal -0.442204 0.896915 0
    outer loop
      vertex 2.75 57.6651 2.5
      vertex 3.04329 57.8097 0
      vertex 2.75 57.6651 0
    endloop
  endfacet
  facet normal 0.321397 -0.946944 0
    outer loop
      vertex 4.64705 53.0852 0
      vertex 4.95671 53.1903 2.5
      vertex 4.64705 53.0852 2.5
    endloop
  endfacet
  facet normal 0.321397 -0.946944 0
    outer loop
      vertex 4.95671 53.1903 2.5
      vertex 4.64705 53.0852 0
      vertex 4.95671 53.1903 0
    endloop
  endfacet
  facet normal -0.0654392 0.997857 0
    outer loop
      vertex 4 58 0
      vertex 3.67368 57.9786 2.5
      vertex 4 58 2.5
    endloop
  endfacet
  facet normal -0.0654392 0.997857 0
    outer loop
      vertex 3.67368 57.9786 2.5
      vertex 4 58 0
      vertex 3.67368 57.9786 0
    endloop
  endfacet
  facet normal 0.442204 -0.896915 0
    outer loop
      vertex 4.95671 53.1903 0
      vertex 5.25 53.3349 2.5
      vertex 4.95671 53.1903 2.5
    endloop
  endfacet
  facet normal 0.442204 -0.896915 0
    outer loop
      vertex 5.25 53.3349 2.5
      vertex 4.95671 53.1903 0
      vertex 5.25 53.3349 0
    endloop
  endfacet
  facet normal -0.555617 -0.831438 0
    outer loop
      vertex 2.4781 53.5166 0
      vertex 2.75 53.3349 2.5
      vertex 2.4781 53.5166 2.5
    endloop
  endfacet
  facet normal -0.555617 -0.831438 -0
    outer loop
      vertex 2.75 53.3349 2.5
      vertex 2.4781 53.5166 0
      vertex 2.75 53.3349 0
    endloop
  endfacet
  facet normal -0.659307 -0.751873 0
    outer loop
      vertex 2.23223 53.7322 0
      vertex 2.4781 53.5166 2.5
      vertex 2.23223 53.7322 2.5
    endloop
  endfacet
  facet normal -0.659307 -0.751873 -0
    outer loop
      vertex 2.4781 53.5166 2.5
      vertex 2.23223 53.7322 0
      vertex 2.4781 53.5166 0
    endloop
  endfacet
  facet normal 0.659307 -0.751873 0
    outer loop
      vertex 5.5219 53.5166 0
      vertex 5.76777 53.7322 2.5
      vertex 5.5219 53.5166 2.5
    endloop
  endfacet
  facet normal 0.659307 -0.751873 0
    outer loop
      vertex 5.76777 53.7322 2.5
      vertex 5.5219 53.5166 0
      vertex 5.76777 53.7322 0
    endloop
  endfacet
  facet normal 0.555617 -0.831438 0
    outer loop
      vertex 5.25 53.3349 0
      vertex 5.5219 53.5166 2.5
      vertex 5.25 53.3349 2.5
    endloop
  endfacet
  facet normal 0.555617 -0.831438 0
    outer loop
      vertex 5.5219 53.5166 2.5
      vertex 5.25 53.3349 0
      vertex 5.5219 53.5166 0
    endloop
  endfacet
  facet normal 0.751898 -0.659279 0
    outer loop
      vertex 5.76777 53.7322 2.5
      vertex 5.98338 53.9781 0
      vertex 5.98338 53.9781 2.5
    endloop
  endfacet
  facet normal 0.751898 -0.659279 0
    outer loop
      vertex 5.98338 53.9781 0
      vertex 5.76777 53.7322 2.5
      vertex 5.76777 53.7322 0
    endloop
  endfacet
  facet normal 0.321397 0.946944 -0
    outer loop
      vertex 4.95671 57.8097 0
      vertex 4.64705 57.9148 2.5
      vertex 4.95671 57.8097 2.5
    endloop
  endfacet
  facet normal 0.321397 0.946944 0
    outer loop
      vertex 4.64705 57.9148 2.5
      vertex 4.95671 57.8097 0
      vertex 4.64705 57.9148 0
    endloop
  endfacet
  facet normal -0.98078 0.195116 0
    outer loop
      vertex 1.52139 55.8263 0
      vertex 1.58519 56.147 2.5
      vertex 1.58519 56.147 0
    endloop
  endfacet
  facet normal -0.98078 0.195116 0
    outer loop
      vertex 1.58519 56.147 2.5
      vertex 1.52139 55.8263 0
      vertex 1.52139 55.8263 2.5
    endloop
  endfacet
  facet normal 0.896872 0.44229 0
    outer loop
      vertex 6.3097 56.4567 2.5
      vertex 6.16506 56.75 0
      vertex 6.16506 56.75 2.5
    endloop
  endfacet
  facet normal 0.896872 0.44229 0
    outer loop
      vertex 6.16506 56.75 0
      vertex 6.3097 56.4567 2.5
      vertex 6.3097 56.4567 0
    endloop
  endfacet
  facet normal 0.0654412 -0.997856 0
    outer loop
      vertex 4 53 0
      vertex 4.32631 53.0214 2.5
      vertex 4 53 2.5
    endloop
  endfacet
  facet normal 0.0654412 -0.997856 0
    outer loop
      vertex 4.32631 53.0214 2.5
      vertex 4 53 0
      vertex 4.32631 53.0214 0
    endloop
  endfacet
  facet normal 0.751898 0.659279 0
    outer loop
      vertex 5.98338 57.0219 2.5
      vertex 5.76777 57.2678 0
      vertex 5.76777 57.2678 2.5
    endloop
  endfacet
  facet normal 0.751898 0.659279 0
    outer loop
      vertex 5.76777 57.2678 0
      vertex 5.98338 57.0219 2.5
      vertex 5.98338 57.0219 0
    endloop
  endfacet
  facet normal 0.946948 0.321387 0
    outer loop
      vertex 6.41481 56.147 2.5
      vertex 6.3097 56.4567 0
      vertex 6.3097 56.4567 2.5
    endloop
  endfacet
  facet normal 0.946948 0.321387 0
    outer loop
      vertex 6.3097 56.4567 0
      vertex 6.41481 56.147 2.5
      vertex 6.41481 56.147 0
    endloop
  endfacet
  facet normal -0.195099 0.980784 0
    outer loop
      vertex 3.67368 57.9786 0
      vertex 3.35295 57.9148 2.5
      vertex 3.67368 57.9786 2.5
    endloop
  endfacet
  facet normal -0.195099 0.980784 0
    outer loop
      vertex 3.35295 57.9148 2.5
      vertex 3.67368 57.9786 0
      vertex 3.35295 57.9148 0
    endloop
  endfacet
  facet normal -0.896872 0.44229 0
    outer loop
      vertex 1.6903 56.4567 0
      vertex 1.83494 56.75 2.5
      vertex 1.83494 56.75 0
    endloop
  endfacet
  facet normal -0.896872 0.44229 0
    outer loop
      vertex 1.83494 56.75 2.5
      vertex 1.6903 56.4567 0
      vertex 1.6903 56.4567 2.5
    endloop
  endfacet
  facet normal 0 0 1
    outer loop
      vertex 5.1 55.5 2.5
      vertex 6.5 55.5 2.5
      vertex 6.47861 55.8263 2.5
    endloop
  endfacet
  facet normal 0 0 1
    outer loop
      vertex 5.09059 55.6436 2.5
      vertex 6.47861 55.8263 2.5
      vertex 6.41481 56.147 2.5
    endloop
  endfacet
  facet normal 0 0 1
    outer loop
      vertex 6.5 55.5 2.5
      vertex 5.1 55.5 2.5
      vertex 6.47861 55.1737 2.5
    endloop
  endfacet
  facet normal 0 0 1
    outer loop
      vertex 5.06252 55.7847 2.5
      vertex 6.41481 56.147 2.5
      vertex 6.3097 56.4567 2.5
    endloop
  endfacet
  facet normal -0 0 1
    outer loop
      vertex 5.09059 55.3564 2.5
      vertex 6.47861 55.1737 2.5
      vertex 5.1 55.5 2.5
    endloop
  endfacet
  facet normal 0 0 1
    outer loop
      vertex 5.01627 55.921 2.5
      vertex 6.3097 56.4567 2.5
      vertex 6.16506 56.75 2.5
    endloop
  endfacet
  facet normal 0 0 1
    outer loop
      vertex 6.47861 55.1737 2.5
      vertex 5.09059 55.3564 2.5
      vertex 6.41481 54.853 2.5
    endloop
  endfacet
  facet normal 0 0 1
    outer loop
      vertex 4.95263 56.05 2.5
      vertex 6.16506 56.75 2.5
      vertex 5.98338 57.0219 2.5
    endloop
  endfacet
  facet normal -0 0 1
    outer loop
      vertex 5.06252 55.2153 2.5
      vertex 6.41481 54.853 2.5
      vertex 5.09059 55.3564 2.5
    endloop
  endfacet
  facet normal 0 0 1
    outer loop
      vertex 4.87269 56.1696 2.5
      vertex 5.98338 57.0219 2.5
      vertex 5.76777 57.2678 2.5
    endloop
  endfacet
  facet normal 0 0 1
    outer loop
      vertex 6.41481 54.853 2.5
      vertex 5.06252 55.2153 2.5
      vertex 6.3097 54.5433 2.5
    endloop
  endfacet
  facet normal 0 0 1
    outer loop
      vertex 4.77782 56.2778 2.5
      vertex 5.76777 57.2678 2.5
      vertex 5.5219 57.4834 2.5
    endloop
  endfacet
  facet normal -0 0 1
    outer loop
      vertex 5.01627 55.079 2.5
      vertex 6.3097 54.5433 2.5
      vertex 5.06252 55.2153 2.5
    endloop
  endfacet
  facet normal 0 0 1
    outer loop
      vertex 4.66964 56.3727 2.5
      vertex 5.5219 57.4834 2.5
      vertex 5.25 57.6651 2.5
    endloop
  endfacet
  facet normal 0 0 1
    outer loop
      vertex 6.3097 54.5433 2.5
      vertex 5.01627 55.079 2.5
      vertex 6.16506 54.25 2.5
    endloop
  endfacet
  facet normal -0 0 1
    outer loop
      vertex 4.95263 54.95 2.5
      vertex 6.16506 54.25 2.5
      vertex 5.01627 55.079 2.5
    endloop
  endfacet
  facet normal 0 0 1
    outer loop
      vertex 6.47861 55.8263 2.5
      vertex 5.09059 55.6436 2.5
      vertex 5.1 55.5 2.5
    endloop
  endfacet
  facet normal 0 0 1
    outer loop
      vertex 6.41481 56.147 2.5
      vertex 5.06252 55.7847 2.5
      vertex 5.09059 55.6436 2.5
    endloop
  endfacet
  facet normal 0 0 1
    outer loop
      vertex 6.3097 56.4567 2.5
      vertex 5.01627 55.921 2.5
      vertex 5.06252 55.7847 2.5
    endloop
  endfacet
  facet normal 0 0 1
    outer loop
      vertex 4.55 56.4526 2.5
      vertex 5.25 57.6651 2.5
      vertex 4.95671 57.8097 2.5
    endloop
  endfacet
  facet normal 0 0 1
    outer loop
      vertex 6.16506 56.75 2.5
      vertex 4.95263 56.05 2.5
      vertex 5.01627 55.921 2.5
    endloop
  endfacet
  facet normal 0 0 1
    outer loop
      vertex 5.98338 57.0219 2.5
      vertex 4.87269 56.1696 2.5
      vertex 4.95263 56.05 2.5
    endloop
  endfacet
  facet normal 0 0 1
    outer loop
      vertex 5.76777 57.2678 2.5
      vertex 4.77782 56.2778 2.5
      vertex 4.87269 56.1696 2.5
    endloop
  endfacet
  facet normal 0 0 1
    outer loop
      vertex 5.5219 57.4834 2.5
      vertex 4.66964 56.3727 2.5
      vertex 4.77782 56.2778 2.5
    endloop
  endfacet
  facet normal 0 0 1
    outer loop
      vertex 4.42095 56.5163 2.5
      vertex 4.95671 57.8097 2.5
      vertex 4.64705 57.9148 2.5
    endloop
  endfacet
  facet normal 0 0 1
    outer loop
      vertex 5.25 57.6651 2.5
      vertex 4.55 56.4526 2.5
      vertex 4.66964 56.3727 2.5
    endloop
  endfacet
  facet normal 0 0 1
    outer loop
      vertex 4.95671 57.8097 2.5
      vertex 4.42095 56.5163 2.5
      vertex 4.55 56.4526 2.5
    endloop
  endfacet
  facet normal 0 0 1
    outer loop
      vertex 4.2847 56.5625 2.5
      vertex 4.64705 57.9148 2.5
      vertex 4.32631 57.9786 2.5
    endloop
  endfacet
  facet normal 0 0 1
    outer loop
      vertex 4.64705 57.9148 2.5
      vertex 4.2847 56.5625 2.5
      vertex 4.42095 56.5163 2.5
    endloop
  endfacet
  facet normal 0 0 1
    outer loop
      vertex 4.32631 57.9786 2.5
      vertex 4.14358 56.5906 2.5
      vertex 4.2847 56.5625 2.5
    endloop
  endfacet
  facet normal 0 0 1
    outer loop
      vertex 4 58 2.5
      vertex 4.14358 56.5906 2.5
      vertex 4.32631 57.9786 2.5
    endloop
  endfacet
  facet normal 0 0 1
    outer loop
      vertex 4 58 2.5
      vertex 4 56.6 2.5
      vertex 4.14358 56.5906 2.5
    endloop
  endfacet
  facet normal 0 0 1
    outer loop
      vertex 4 58 2.5
      vertex 3.85642 56.5906 2.5
      vertex 4 56.6 2.5
    endloop
  endfacet
  facet normal -0 0 1
    outer loop
      vertex 3.67368 57.9786 2.5
      vertex 3.85642 56.5906 2.5
      vertex 4 58 2.5
    endloop
  endfacet
  facet normal 0 0 1
    outer loop
      vertex 3.85642 56.5906 2.5
      vertex 3.67368 57.9786 2.5
      vertex 3.7153 56.5625 2.5
    endloop
  endfacet
  facet normal -0 0 1
    outer loop
      vertex 3.35295 57.9148 2.5
      vertex 3.7153 56.5625 2.5
      vertex 3.67368 57.9786 2.5
    endloop
  endfacet
  facet normal 0 0 1
    outer loop
      vertex 3.7153 56.5625 2.5
      vertex 3.35295 57.9148 2.5
      vertex 3.57905 56.5163 2.5
    endloop
  endfacet
  facet normal -0 0 1
    outer loop
      vertex 3.04329 57.8097 2.5
      vertex 3.57905 56.5163 2.5
      vertex 3.35295 57.9148 2.5
    endloop
  endfacet
  facet normal 0 0 1
    outer loop
      vertex 3.57905 56.5163 2.5
      vertex 3.04329 57.8097 2.5
      vertex 3.45 56.4526 2.5
    endloop
  endfacet
  facet normal -0 0 1
    outer loop
      vertex 2.75 57.6651 2.5
      vertex 3.45 56.4526 2.5
      vertex 3.04329 57.8097 2.5
    endloop
  endfacet
  facet normal 0 0 1
    outer loop
      vertex 3.45 56.4526 2.5
      vertex 2.75 57.6651 2.5
      vertex 3.33036 56.3727 2.5
    endloop
  endfacet
  facet normal -0 0 1
    outer loop
      vertex 2.4781 57.4834 2.5
      vertex 3.33036 56.3727 2.5
      vertex 2.75 57.6651 2.5
    endloop
  endfacet
  facet normal 0 0 1
    outer loop
      vertex 3.33036 56.3727 2.5
      vertex 2.4781 57.4834 2.5
      vertex 3.22218 56.2778 2.5
    endloop
  endfacet
  facet normal -0 0 1
    outer loop
      vertex 2.23223 57.2678 2.5
      vertex 3.22218 56.2778 2.5
      vertex 2.4781 57.4834 2.5
    endloop
  endfacet
  facet normal 0 0 1
    outer loop
      vertex 3.22218 56.2778 2.5
      vertex 2.23223 57.2678 2.5
      vertex 3.12731 56.1696 2.5
    endloop
  endfacet
  facet normal -0 0 1
    outer loop
      vertex 2.01662 57.0219 2.5
      vertex 3.12731 56.1696 2.5
      vertex 2.23223 57.2678 2.5
    endloop
  endfacet
  facet normal 0 0 1
    outer loop
      vertex 3.12731 56.1696 2.5
      vertex 2.01662 57.0219 2.5
      vertex 3.04737 56.05 2.5
    endloop
  endfacet
  facet normal -0 0 1
    outer loop
      vertex 1.83494 56.75 2.5
      vertex 3.04737 56.05 2.5
      vertex 2.01662 57.0219 2.5
    endloop
  endfacet
  facet normal 0 0 1
    outer loop
      vertex 6.16506 54.25 2.5
      vertex 4.95263 54.95 2.5
      vertex 5.98338 53.9781 2.5
    endloop
  endfacet
  facet normal -0 0 1
    outer loop
      vertex 4.87269 54.8304 2.5
      vertex 5.98338 53.9781 2.5
      vertex 4.95263 54.95 2.5
    endloop
  endfacet
  facet normal 0 0 1
    outer loop
      vertex 5.98338 53.9781 2.5
      vertex 4.87269 54.8304 2.5
      vertex 5.76777 53.7322 2.5
    endloop
  endfacet
  facet normal -0 0 1
    outer loop
      vertex 4.77782 54.7222 2.5
      vertex 5.76777 53.7322 2.5
      vertex 4.87269 54.8304 2.5
    endloop
  endfacet
  facet normal 0 0 1
    outer loop
      vertex 5.76777 53.7322 2.5
      vertex 4.77782 54.7222 2.5
      vertex 5.5219 53.5166 2.5
    endloop
  endfacet
  facet normal -0 0 1
    outer loop
      vertex 4.66964 54.6273 2.5
      vertex 5.5219 53.5166 2.5
      vertex 4.77782 54.7222 2.5
    endloop
  endfacet
  facet normal 0 0 1
    outer loop
      vertex 5.5219 53.5166 2.5
      vertex 4.66964 54.6273 2.5
      vertex 5.25 53.3349 2.5
    endloop
  endfacet
  facet normal -0 0 1
    outer loop
      vertex 4.55 54.5474 2.5
      vertex 5.25 53.3349 2.5
      vertex 4.66964 54.6273 2.5
    endloop
  endfacet
  facet normal 0 0 1
    outer loop
      vertex 5.25 53.3349 2.5
      vertex 4.55 54.5474 2.5
      vertex 4.95671 53.1903 2.5
    endloop
  endfacet
  facet normal -0 0 1
    outer loop
      vertex 4.42095 54.4837 2.5
      vertex 4.95671 53.1903 2.5
      vertex 4.55 54.5474 2.5
    endloop
  endfacet
  facet normal 0 0 1
    outer loop
      vertex 4.95671 53.1903 2.5
      vertex 4.42095 54.4837 2.5
      vertex 4.64705 53.0852 2.5
    endloop
  endfacet
  facet normal -0 0 1
    outer loop
      vertex 4.2847 54.4375 2.5
      vertex 4.64705 53.0852 2.5
      vertex 4.42095 54.4837 2.5
    endloop
  endfacet
  facet normal 0 0 1
    outer loop
      vertex 4.64705 53.0852 2.5
      vertex 4.2847 54.4375 2.5
      vertex 4.32631 53.0214 2.5
    endloop
  endfacet
  facet normal -0 0 1
    outer loop
      vertex 4.14358 54.4094 2.5
      vertex 4.32631 53.0214 2.5
      vertex 4.2847 54.4375 2.5
    endloop
  endfacet
  facet normal -0 0 1
    outer loop
      vertex 4 54.4 2.5
      vertex 4.32631 53.0214 2.5
      vertex 4.14358 54.4094 2.5
    endloop
  endfacet
  facet normal 0 0 1
    outer loop
      vertex 4 54.4 2.5
      vertex 4 53 2.5
      vertex 4.32631 53.0214 2.5
    endloop
  endfacet
  facet normal 0 0 1
    outer loop
      vertex 3.85642 54.4094 2.5
      vertex 4 53 2.5
      vertex 4 54.4 2.5
    endloop
  endfacet
  facet normal 0 0 1
    outer loop
      vertex 3.67368 53.0214 2.5
      vertex 3.85642 54.4094 2.5
      vertex 3.7153 54.4375 2.5
    endloop
  endfacet
  facet normal 0 0 1
    outer loop
      vertex 3.85642 54.4094 2.5
      vertex 3.67368 53.0214 2.5
      vertex 4 53 2.5
    endloop
  endfacet
  facet normal 0 0 1
    outer loop
      vertex 3.35295 53.0852 2.5
      vertex 3.7153 54.4375 2.5
      vertex 3.57905 54.4837 2.5
    endloop
  endfacet
  facet normal 0 0 1
    outer loop
      vertex 3.04329 53.1903 2.5
      vertex 3.57905 54.4837 2.5
      vertex 3.45 54.5474 2.5
    endloop
  endfacet
  facet normal 0 0 1
    outer loop
      vertex 3.7153 54.4375 2.5
      vertex 3.35295 53.0852 2.5
      vertex 3.67368 53.0214 2.5
    endloop
  endfacet
  facet normal 0 0 1
    outer loop
      vertex 2.75 53.3349 2.5
      vertex 3.45 54.5474 2.5
      vertex 3.33036 54.6273 2.5
    endloop
  endfacet
  facet normal 0 0 1
    outer loop
      vertex 2.4781 53.5166 2.5
      vertex 3.33036 54.6273 2.5
      vertex 3.22218 54.7222 2.5
    endloop
  endfacet
  facet normal 0 0 1
    outer loop
      vertex 2.23223 53.7322 2.5
      vertex 3.22218 54.7222 2.5
      vertex 3.12731 54.8304 2.5
    endloop
  endfacet
  facet normal 0 0 1
    outer loop
      vertex 2.01662 53.9781 2.5
      vertex 3.12731 54.8304 2.5
      vertex 3.04737 54.95 2.5
    endloop
  endfacet
  facet normal 0 0 1
    outer loop
      vertex 3.57905 54.4837 2.5
      vertex 3.04329 53.1903 2.5
      vertex 3.35295 53.0852 2.5
    endloop
  endfacet
  facet normal 0 0 1
    outer loop
      vertex 1.83494 54.25 2.5
      vertex 3.04737 54.95 2.5
      vertex 2.98373 55.079 2.5
    endloop
  endfacet
  facet normal 0 0 1
    outer loop
      vertex 1.6903 54.5433 2.5
      vertex 2.98373 55.079 2.5
      vertex 2.93748 55.2153 2.5
    endloop
  endfacet
  facet normal 0 0 1
    outer loop
      vertex 1.58519 54.853 2.5
      vertex 2.93748 55.2153 2.5
      vertex 2.90941 55.3564 2.5
    endloop
  endfacet
  facet normal 0 0 1
    outer loop
      vertex 1.52139 55.1737 2.5
      vertex 2.90941 55.3564 2.5
      vertex 2.9 55.5 2.5
    endloop
  endfacet
  facet normal 0 0 1
    outer loop
      vertex 3.04737 56.05 2.5
      vertex 1.83494 56.75 2.5
      vertex 2.98373 55.921 2.5
    endloop
  endfacet
  facet normal 0 0 1
    outer loop
      vertex 3.45 54.5474 2.5
      vertex 2.75 53.3349 2.5
      vertex 3.04329 53.1903 2.5
    endloop
  endfacet
  facet normal -0 0 1
    outer loop
      vertex 1.6903 56.4567 2.5
      vertex 2.98373 55.921 2.5
      vertex 1.83494 56.75 2.5
    endloop
  endfacet
  facet normal 0 0 1
    outer loop
      vertex 3.33036 54.6273 2.5
      vertex 2.4781 53.5166 2.5
      vertex 2.75 53.3349 2.5
    endloop
  endfacet
  facet normal 0 0 1
    outer loop
      vertex 2.98373 55.921 2.5
      vertex 1.6903 56.4567 2.5
      vertex 2.93748 55.7847 2.5
    endloop
  endfacet
  facet normal 0 0 1
    outer loop
      vertex 3.22218 54.7222 2.5
      vertex 2.23223 53.7322 2.5
      vertex 2.4781 53.5166 2.5
    endloop
  endfacet
  facet normal -0 0 1
    outer loop
      vertex 1.58519 56.147 2.5
      vertex 2.93748 55.7847 2.5
      vertex 1.6903 56.4567 2.5
    endloop
  endfacet
  facet normal 0 0 1
    outer loop
      vertex 3.12731 54.8304 2.5
      vertex 2.01662 53.9781 2.5
      vertex 2.23223 53.7322 2.5
    endloop
  endfacet
  facet normal 0 0 1
    outer loop
      vertex 2.93748 55.7847 2.5
      vertex 1.58519 56.147 2.5
      vertex 2.90941 55.6436 2.5
    endloop
  endfacet
  facet normal 0 0 1
    outer loop
      vertex 3.04737 54.95 2.5
      vertex 1.83494 54.25 2.5
      vertex 2.01662 53.9781 2.5
    endloop
  endfacet
  facet normal -0 0 1
    outer loop
      vertex 1.52139 55.8263 2.5
      vertex 2.90941 55.6436 2.5
      vertex 1.58519 56.147 2.5
    endloop
  endfacet
  facet normal 0 0 1
    outer loop
      vertex 2.98373 55.079 2.5
      vertex 1.6903 54.5433 2.5
      vertex 1.83494 54.25 2.5
    endloop
  endfacet
  facet normal 0 0 1
    outer loop
      vertex 2.90941 55.6436 2.5
      vertex 1.52139 55.8263 2.5
      vertex 2.9 55.5 2.5
    endloop
  endfacet
  facet normal 0 0 1
    outer loop
      vertex 2.93748 55.2153 2.5
      vertex 1.58519 54.853 2.5
      vertex 1.6903 54.5433 2.5
    endloop
  endfacet
  facet normal 0 0 1
    outer loop
      vertex 1.5 55.5 2.5
      vertex 2.9 55.5 2.5
      vertex 1.52139 55.8263 2.5
    endloop
  endfacet
  facet normal 0 0 1
    outer loop
      vertex 2.90941 55.3564 2.5
      vertex 1.52139 55.1737 2.5
      vertex 1.58519 54.853 2.5
    endloop
  endfacet
  facet normal 0 0 1
    outer loop
      vertex 2.9 55.5 2.5
      vertex 1.5 55.5 2.5
      vertex 1.52139 55.1737 2.5
    endloop
  endfacet
  facet normal -0.0654392 -0.997857 0
    outer loop
      vertex 3.67368 53.0214 0
      vertex 4 53 2.5
      vertex 3.67368 53.0214 2.5
    endloop
  endfacet
  facet normal -0.0654392 -0.997857 -0
    outer loop
      vertex 4 53 2.5
      vertex 3.67368 53.0214 0
      vertex 4 53 0
    endloop
  endfacet
  facet normal -0.0654432 -0.997856 0
    outer loop
      vertex 39.8737 53.0214 0
      vertex 40.2 53 2.5
      vertex 39.8737 53.0214 2.5
    endloop
  endfacet
  facet normal -0.0654432 -0.997856 -0
    outer loop
      vertex 40.2 53 2.5
      vertex 39.8737 53.0214 0
      vertex 40.2 53 0
    endloop
  endfacet
  facet normal 0.195116 -0.98078 0
    outer loop
      vertex 40.5263 53.0214 0
      vertex 40.847 53.0852 2.5
      vertex 40.5263 53.0214 2.5
    endloop
  endfacet
  facet normal 0.195116 -0.98078 0
    outer loop
      vertex 40.847 53.0852 2.5
      vertex 40.5263 53.0214 0
      vertex 40.847 53.0852 0
    endloop
  endfacet
  facet normal 0.98078 0.195116 0
    outer loop
      vertex 42.6786 55.8263 2.5
      vertex 42.6148 56.147 0
      vertex 42.6148 56.147 2.5
    endloop
  endfacet
  facet normal 0.98078 0.195116 0
    outer loop
      vertex 42.6148 56.147 0
      vertex 42.6786 55.8263 2.5
      vertex 42.6786 55.8263 0
    endloop
  endfacet
  facet normal 0.997856 0.0654432 0
    outer loop
      vertex 42.7 55.5 2.5
      vertex 42.6786 55.8263 0
      vertex 42.6786 55.8263 2.5
    endloop
  endfacet
  facet normal 0.997856 0.0654432 0
    outer loop
      vertex 42.6786 55.8263 0
      vertex 42.7 55.5 2.5
      vertex 42.7 55.5 0
    endloop
  endfacet
  facet normal -0.98078 0.195116 0
    outer loop
      vertex 37.7214 55.8263 0
      vertex 37.7852 56.147 2.5
      vertex 37.7852 56.147 0
    endloop
  endfacet
  facet normal -0.98078 0.195116 0
    outer loop
      vertex 37.7852 56.147 2.5
      vertex 37.7214 55.8263 0
      vertex 37.7214 55.8263 2.5
    endloop
  endfacet
  facet normal -0.751913 0.659262 0
    outer loop
      vertex 38.2166 57.0219 0
      vertex 38.4322 57.2678 2.5
      vertex 38.4322 57.2678 0
    endloop
  endfacet
  facet normal -0.751913 0.659262 0
    outer loop
      vertex 38.4322 57.2678 2.5
      vertex 38.2166 57.0219 0
      vertex 38.2166 57.0219 2.5
    endloop
  endfacet
  facet normal -0.442191 -0.896921 0
    outer loop
      vertex 38.95 53.3349 0
      vertex 39.2433 53.1903 2.5
      vertex 38.95 53.3349 2.5
    endloop
  endfacet
  facet normal -0.442191 -0.896921 -0
    outer loop
      vertex 39.2433 53.1903 2.5
      vertex 38.95 53.3349 0
      vertex 39.2433 53.1903 0
    endloop
  endfacet
  facet normal -0.659262 0.751913 0
    outer loop
      vertex 38.6781 57.4834 0
      vertex 38.4322 57.2678 2.5
      vertex 38.6781 57.4834 2.5
    endloop
  endfacet
  facet normal -0.659262 0.751913 0
    outer loop
      vertex 38.4322 57.2678 2.5
      vertex 38.6781 57.4834 0
      vertex 38.4322 57.2678 0
    endloop
  endfacet
  facet normal 0.946957 -0.32136 0
    outer loop
      vertex 42.5097 54.5433 2.5
      vertex 42.6148 54.853 0
      vertex 42.6148 54.853 2.5
    endloop
  endfacet
  facet normal 0.946957 -0.32136 0
    outer loop
      vertex 42.6148 54.853 0
      vertex 42.5097 54.5433 2.5
      vertex 42.5097 54.5433 0
    endloop
  endfacet
  facet normal 0.0654432 -0.997856 0
    outer loop
      vertex 40.2 53 0
      vertex 40.5263 53.0214 2.5
      vertex 40.2 53 2.5
    endloop
  endfacet
  facet normal 0.0654432 -0.997856 0
    outer loop
      vertex 40.5263 53.0214 2.5
      vertex 40.2 53 0
      vertex 40.5263 53.0214 0
    endloop
  endfacet
  facet normal -0.831438 0.555617 0
    outer loop
      vertex 38.0349 56.75 0
      vertex 38.2166 57.0219 2.5
      vertex 38.2166 57.0219 0
    endloop
  endfacet
  facet normal -0.831438 0.555617 0
    outer loop
      vertex 38.2166 57.0219 2.5
      vertex 38.0349 56.75 0
      vertex 38.0349 56.75 2.5
    endloop
  endfacet
  facet normal -0.997856 -0.0654432 0
    outer loop
      vertex 37.7214 55.1737 0
      vertex 37.7 55.5 2.5
      vertex 37.7 55.5 0
    endloop
  endfacet
  facet normal -0.997856 -0.0654432 0
    outer loop
      vertex 37.7 55.5 2.5
      vertex 37.7214 55.1737 0
      vertex 37.7214 55.1737 2.5
    endloop
  endfacet
  facet normal 0.555617 -0.831438 0
    outer loop
      vertex 41.45 53.3349 0
      vertex 41.7219 53.5166 2.5
      vertex 41.45 53.3349 2.5
    endloop
  endfacet
  facet normal 0.555617 -0.831438 0
    outer loop
      vertex 41.7219 53.5166 2.5
      vertex 41.45 53.3349 0
      vertex 41.7219 53.5166 0
    endloop
  endfacet
  facet normal -0.0654432 0.997856 0
    outer loop
      vertex 40.2 58 0
      vertex 39.8737 57.9786 2.5
      vertex 40.2 58 2.5
    endloop
  endfacet
  facet normal -0.0654432 0.997856 0
    outer loop
      vertex 39.8737 57.9786 2.5
      vertex 40.2 58 0
      vertex 39.8737 57.9786 0
    endloop
  endfacet
  facet normal -0.751913 -0.659262 0
    outer loop
      vertex 38.4322 53.7322 0
      vertex 38.2166 53.9781 2.5
      vertex 38.2166 53.9781 0
    endloop
  endfacet
  facet normal -0.751913 -0.659262 0
    outer loop
      vertex 38.2166 53.9781 2.5
      vertex 38.4322 53.7322 0
      vertex 38.4322 53.7322 2.5
    endloop
  endfacet
  facet normal -0.831438 -0.555617 0
    outer loop
      vertex 38.2166 53.9781 0
      vertex 38.0349 54.25 2.5
      vertex 38.0349 54.25 0
    endloop
  endfacet
  facet normal -0.831438 -0.555617 0
    outer loop
      vertex 38.0349 54.25 2.5
      vertex 38.2166 53.9781 0
      vertex 38.2166 53.9781 2.5
    endloop
  endfacet
  facet normal -0.896921 0.442191 0
    outer loop
      vertex 37.8903 56.4567 0
      vertex 38.0349 56.75 2.5
      vertex 38.0349 56.75 0
    endloop
  endfacet
  facet normal -0.896921 0.442191 0
    outer loop
      vertex 38.0349 56.75 2.5
      vertex 37.8903 56.4567 0
      vertex 37.8903 56.4567 2.5
    endloop
  endfacet
  facet normal -0.98078 -0.195116 0
    outer loop
      vertex 37.7852 54.853 0
      vertex 37.7214 55.1737 2.5
      vertex 37.7214 55.1737 0
    endloop
  endfacet
  facet normal -0.98078 -0.195116 0
    outer loop
      vertex 37.7214 55.1737 2.5
      vertex 37.7852 54.853 0
      vertex 37.7852 54.853 2.5
    endloop
  endfacet
  facet normal 0.195116 0.98078 -0
    outer loop
      vertex 40.847 57.9148 0
      vertex 40.5263 57.9786 2.5
      vertex 40.847 57.9148 2.5
    endloop
  endfacet
  facet normal 0.195116 0.98078 0
    outer loop
      vertex 40.5263 57.9786 2.5
      vertex 40.847 57.9148 0
      vertex 40.5263 57.9786 0
    endloop
  endfacet
  facet normal 0.831438 0.555617 0
    outer loop
      vertex 42.3651 56.75 2.5
      vertex 42.1834 57.0219 0
      vertex 42.1834 57.0219 2.5
    endloop
  endfacet
  facet normal 0.831438 0.555617 0
    outer loop
      vertex 42.1834 57.0219 0
      vertex 42.3651 56.75 2.5
      vertex 42.3651 56.75 0
    endloop
  endfacet
  facet normal -0.195116 0.98078 0
    outer loop
      vertex 39.8737 57.9786 0
      vertex 39.553 57.9148 2.5
      vertex 39.8737 57.9786 2.5
    endloop
  endfacet
  facet normal -0.195116 0.98078 0
    outer loop
      vertex 39.553 57.9148 2.5
      vertex 39.8737 57.9786 0
      vertex 39.553 57.9148 0
    endloop
  endfacet
  facet normal 0.659262 0.751913 -0
    outer loop
      vertex 41.9678 57.2678 0
      vertex 41.7219 57.4834 2.5
      vertex 41.9678 57.2678 2.5
    endloop
  endfacet
  facet normal 0.659262 0.751913 0
    outer loop
      vertex 41.7219 57.4834 2.5
      vertex 41.9678 57.2678 0
      vertex 41.7219 57.4834 0
    endloop
  endfacet
  facet normal 0.442191 0.896921 -0
    outer loop
      vertex 41.45 57.6651 0
      vertex 41.1567 57.8097 2.5
      vertex 41.45 57.6651 2.5
    endloop
  endfacet
  facet normal 0.442191 0.896921 0
    outer loop
      vertex 41.1567 57.8097 2.5
      vertex 41.45 57.6651 0
      vertex 41.1567 57.8097 0
    endloop
  endfacet
  facet normal -0.195116 -0.98078 0
    outer loop
      vertex 39.553 53.0852 0
      vertex 39.8737 53.0214 2.5
      vertex 39.553 53.0852 2.5
    endloop
  endfacet
  facet normal -0.195116 -0.98078 -0
    outer loop
      vertex 39.8737 53.0214 2.5
      vertex 39.553 53.0852 0
      vertex 39.8737 53.0214 0
    endloop
  endfacet
  facet normal 0.0654432 0.997856 -0
    outer loop
      vertex 40.5263 57.9786 0
      vertex 40.2 58 2.5
      vertex 40.5263 57.9786 2.5
    endloop
  endfacet
  facet normal 0.0654432 0.997856 0
    outer loop
      vertex 40.2 58 2.5
      vertex 40.5263 57.9786 0
      vertex 40.2 58 0
    endloop
  endfacet
  facet normal 0.997856 -0.0654432 0
    outer loop
      vertex 42.6786 55.1737 2.5
      vertex 42.7 55.5 0
      vertex 42.7 55.5 2.5
    endloop
  endfacet
  facet normal 0.997856 -0.0654432 0
    outer loop
      vertex 42.7 55.5 0
      vertex 42.6786 55.1737 2.5
      vertex 42.6786 55.1737 0
    endloop
  endfacet
  facet normal -0.32136 0.946957 0
    outer loop
      vertex 39.553 57.9148 0
      vertex 39.2433 57.8097 2.5
      vertex 39.553 57.9148 2.5
    endloop
  endfacet
  facet normal -0.32136 0.946957 0
    outer loop
      vertex 39.2433 57.8097 2.5
      vertex 39.553 57.9148 0
      vertex 39.2433 57.8097 0
    endloop
  endfacet
  facet normal -0.555617 0.831438 0
    outer loop
      vertex 38.95 57.6651 0
      vertex 38.6781 57.4834 2.5
      vertex 38.95 57.6651 2.5
    endloop
  endfacet
  facet normal -0.555617 0.831438 0
    outer loop
      vertex 38.6781 57.4834 2.5
      vertex 38.95 57.6651 0
      vertex 38.6781 57.4834 0
    endloop
  endfacet
  facet normal 0 0 1
    outer loop
      vertex 41.3 55.5 2.5
      vertex 42.7 55.5 2.5
      vertex 42.6786 55.8263 2.5
    endloop
  endfacet
  facet normal 0 0 1
    outer loop
      vertex 41.2906 55.6436 2.5
      vertex 42.6786 55.8263 2.5
      vertex 42.6148 56.147 2.5
    endloop
  endfacet
  facet normal 0 0 1
    outer loop
      vertex 42.7 55.5 2.5
      vertex 41.3 55.5 2.5
      vertex 42.6786 55.1737 2.5
    endloop
  endfacet
  facet normal 0 0 1
    outer loop
      vertex 41.2625 55.7847 2.5
      vertex 42.6148 56.147 2.5
      vertex 42.5097 56.4567 2.5
    endloop
  endfacet
  facet normal -0 0 1
    outer loop
      vertex 41.2906 55.3564 2.5
      vertex 42.6786 55.1737 2.5
      vertex 41.3 55.5 2.5
    endloop
  endfacet
  facet normal 0 0 1
    outer loop
      vertex 41.2163 55.921 2.5
      vertex 42.5097 56.4567 2.5
      vertex 42.3651 56.75 2.5
    endloop
  endfacet
  facet normal 0 0 1
    outer loop
      vertex 42.6786 55.1737 2.5
      vertex 41.2906 55.3564 2.5
      vertex 42.6148 54.853 2.5
    endloop
  endfacet
  facet normal 0 0 1
    outer loop
      vertex 41.1526 56.05 2.5
      vertex 42.3651 56.75 2.5
      vertex 42.1834 57.0219 2.5
    endloop
  endfacet
  facet normal -0 0 1
    outer loop
      vertex 41.2625 55.2153 2.5
      vertex 42.6148 54.853 2.5
      vertex 41.2906 55.3564 2.5
    endloop
  endfacet
  facet normal 0 0 1
    outer loop
      vertex 41.0727 56.1696 2.5
      vertex 42.1834 57.0219 2.5
      vertex 41.9678 57.2678 2.5
    endloop
  endfacet
  facet normal 0 0 1
    outer loop
      vertex 42.6148 54.853 2.5
      vertex 41.2625 55.2153 2.5
      vertex 42.5097 54.5433 2.5
    endloop
  endfacet
  facet normal 0 0 1
    outer loop
      vertex 40.9778 56.2778 2.5
      vertex 41.9678 57.2678 2.5
      vertex 41.7219 57.4834 2.5
    endloop
  endfacet
  facet normal -0 0 1
    outer loop
      vertex 41.2163 55.079 2.5
      vertex 42.5097 54.5433 2.5
      vertex 41.2625 55.2153 2.5
    endloop
  endfacet
  facet normal 0 0 1
    outer loop
      vertex 40.8696 56.3727 2.5
      vertex 41.7219 57.4834 2.5
      vertex 41.45 57.6651 2.5
    endloop
  endfacet
  facet normal 0 0 1
    outer loop
      vertex 42.5097 54.5433 2.5
      vertex 41.2163 55.079 2.5
      vertex 42.3651 54.25 2.5
    endloop
  endfacet
  facet normal -0 0 1
    outer loop
      vertex 41.1526 54.95 2.5
      vertex 42.3651 54.25 2.5
      vertex 41.2163 55.079 2.5
    endloop
  endfacet
  facet normal 0 0 1
    outer loop
      vertex 42.6786 55.8263 2.5
      vertex 41.2906 55.6436 2.5
      vertex 41.3 55.5 2.5
    endloop
  endfacet
  facet normal 0 0 1
    outer loop
      vertex 42.6148 56.147 2.5
      vertex 41.2625 55.7847 2.5
      vertex 41.2906 55.6436 2.5
    endloop
  endfacet
  facet normal 0 0 1
    outer loop
      vertex 42.5097 56.4567 2.5
      vertex 41.2163 55.921 2.5
      vertex 41.2625 55.7847 2.5
    endloop
  endfacet
  facet normal 0 0 1
    outer loop
      vertex 40.75 56.4526 2.5
      vertex 41.45 57.6651 2.5
      vertex 41.1567 57.8097 2.5
    endloop
  endfacet
  facet normal 0 0 1
    outer loop
      vertex 42.3651 56.75 2.5
      vertex 41.1526 56.05 2.5
      vertex 41.2163 55.921 2.5
    endloop
  endfacet
  facet normal 0 0 1
    outer loop
      vertex 42.1834 57.0219 2.5
      vertex 41.0727 56.1696 2.5
      vertex 41.1526 56.05 2.5
    endloop
  endfacet
  facet normal 0 0 1
    outer loop
      vertex 41.9678 57.2678 2.5
      vertex 40.9778 56.2778 2.5
      vertex 41.0727 56.1696 2.5
    endloop
  endfacet
  facet normal 0 0 1
    outer loop
      vertex 41.7219 57.4834 2.5
      vertex 40.8696 56.3727 2.5
      vertex 40.9778 56.2778 2.5
    endloop
  endfacet
  facet normal 0 0 1
    outer loop
      vertex 40.621 56.5163 2.5
      vertex 41.1567 57.8097 2.5
      vertex 40.847 57.9148 2.5
    endloop
  endfacet
  facet normal 0 0 1
    outer loop
      vertex 41.45 57.6651 2.5
      vertex 40.75 56.4526 2.5
      vertex 40.8696 56.3727 2.5
    endloop
  endfacet
  facet normal 0 0 1
    outer loop
      vertex 41.1567 57.8097 2.5
      vertex 40.621 56.5163 2.5
      vertex 40.75 56.4526 2.5
    endloop
  endfacet
  facet normal 0 0 1
    outer loop
      vertex 40.4847 56.5625 2.5
      vertex 40.847 57.9148 2.5
      vertex 40.5263 57.9786 2.5
    endloop
  endfacet
  facet normal 0 0 1
    outer loop
      vertex 40.847 57.9148 2.5
      vertex 40.4847 56.5625 2.5
      vertex 40.621 56.5163 2.5
    endloop
  endfacet
  facet normal 0 0 1
    outer loop
      vertex 40.5263 57.9786 2.5
      vertex 40.3436 56.5906 2.5
      vertex 40.4847 56.5625 2.5
    endloop
  endfacet
  facet normal 0 0 1
    outer loop
      vertex 40.2 58 2.5
      vertex 40.3436 56.5906 2.5
      vertex 40.5263 57.9786 2.5
    endloop
  endfacet
  facet normal 0 0 1
    outer loop
      vertex 40.2 58 2.5
      vertex 40.2 56.6 2.5
      vertex 40.3436 56.5906 2.5
    endloop
  endfacet
  facet normal 0 0 1
    outer loop
      vertex 40.2 58 2.5
      vertex 40.0564 56.5906 2.5
      vertex 40.2 56.6 2.5
    endloop
  endfacet
  facet normal -0 0 1
    outer loop
      vertex 39.8737 57.9786 2.5
      vertex 40.0564 56.5906 2.5
      vertex 40.2 58 2.5
    endloop
  endfacet
  facet normal 0 0 1
    outer loop
      vertex 40.0564 56.5906 2.5
      vertex 39.8737 57.9786 2.5
      vertex 39.9153 56.5625 2.5
    endloop
  endfacet
  facet normal -0 0 1
    outer loop
      vertex 39.553 57.9148 2.5
      vertex 39.9153 56.5625 2.5
      vertex 39.8737 57.9786 2.5
    endloop
  endfacet
  facet normal 0 0 1
    outer loop
      vertex 39.9153 56.5625 2.5
      vertex 39.553 57.9148 2.5
      vertex 39.779 56.5163 2.5
    endloop
  endfacet
  facet normal -0 0 1
    outer loop
      vertex 39.2433 57.8097 2.5
      vertex 39.779 56.5163 2.5
      vertex 39.553 57.9148 2.5
    endloop
  endfacet
  facet normal 0 0 1
    outer loop
      vertex 39.779 56.5163 2.5
      vertex 39.2433 57.8097 2.5
      vertex 39.65 56.4526 2.5
    endloop
  endfacet
  facet normal -0 0 1
    outer loop
      vertex 38.95 57.6651 2.5
      vertex 39.65 56.4526 2.5
      vertex 39.2433 57.8097 2.5
    endloop
  endfacet
  facet normal 0 0 1
    outer loop
      vertex 39.65 56.4526 2.5
      vertex 38.95 57.6651 2.5
      vertex 39.5304 56.3727 2.5
    endloop
  endfacet
  facet normal -0 0 1
    outer loop
      vertex 38.6781 57.4834 2.5
      vertex 39.5304 56.3727 2.5
      vertex 38.95 57.6651 2.5
    endloop
  endfacet
  facet normal 0 0 1
    outer loop
      vertex 39.5304 56.3727 2.5
      vertex 38.6781 57.4834 2.5
      vertex 39.4222 56.2778 2.5
    endloop
  endfacet
  facet normal -0 0 1
    outer loop
      vertex 38.4322 57.2678 2.5
      vertex 39.4222 56.2778 2.5
      vertex 38.6781 57.4834 2.5
    endloop
  endfacet
  facet normal 0 0 1
    outer loop
      vertex 39.4222 56.2778 2.5
      vertex 38.4322 57.2678 2.5
      vertex 39.3273 56.1696 2.5
    endloop
  endfacet
  facet normal -0 0 1
    outer loop
      vertex 38.2166 57.0219 2.5
      vertex 39.3273 56.1696 2.5
      vertex 38.4322 57.2678 2.5
    endloop
  endfacet
  facet normal 0 0 1
    outer loop
      vertex 39.3273 56.1696 2.5
      vertex 38.2166 57.0219 2.5
      vertex 39.2474 56.05 2.5
    endloop
  endfacet
  facet normal -0 0 1
    outer loop
      vertex 38.0349 56.75 2.5
      vertex 39.2474 56.05 2.5
      vertex 38.2166 57.0219 2.5
    endloop
  endfacet
  facet normal 0 0 1
    outer loop
      vertex 42.3651 54.25 2.5
      vertex 41.1526 54.95 2.5
      vertex 42.1834 53.9781 2.5
    endloop
  endfacet
  facet normal -0 0 1
    outer loop
      vertex 41.0727 54.8304 2.5
      vertex 42.1834 53.9781 2.5
      vertex 41.1526 54.95 2.5
    endloop
  endfacet
  facet normal 0 0 1
    outer loop
      vertex 42.1834 53.9781 2.5
      vertex 41.0727 54.8304 2.5
      vertex 41.9678 53.7322 2.5
    endloop
  endfacet
  facet normal -0 0 1
    outer loop
      vertex 40.9778 54.7222 2.5
      vertex 41.9678 53.7322 2.5
      vertex 41.0727 54.8304 2.5
    endloop
  endfacet
  facet normal 0 0 1
    outer loop
      vertex 41.9678 53.7322 2.5
      vertex 40.9778 54.7222 2.5
      vertex 41.7219 53.5166 2.5
    endloop
  endfacet
  facet normal -0 0 1
    outer loop
      vertex 40.8696 54.6273 2.5
      vertex 41.7219 53.5166 2.5
      vertex 40.9778 54.7222 2.5
    endloop
  endfacet
  facet normal 0 0 1
    outer loop
      vertex 41.7219 53.5166 2.5
      vertex 40.8696 54.6273 2.5
      vertex 41.45 53.3349 2.5
    endloop
  endfacet
  facet normal -0 0 1
    outer loop
      vertex 40.75 54.5474 2.5
      vertex 41.45 53.3349 2.5
      vertex 40.8696 54.6273 2.5
    endloop
  endfacet
  facet normal 0 0 1
    outer loop
      vertex 41.45 53.3349 2.5
      vertex 40.75 54.5474 2.5
      vertex 41.1567 53.1903 2.5
    endloop
  endfacet
  facet normal -0 0 1
    outer loop
      vertex 40.621 54.4837 2.5
      vertex 41.1567 53.1903 2.5
      vertex 40.75 54.5474 2.5
    endloop
  endfacet
  facet normal 0 0 1
    outer loop
      vertex 41.1567 53.1903 2.5
      vertex 40.621 54.4837 2.5
      vertex 40.847 53.0852 2.5
    endloop
  endfacet
  facet normal -0 0 1
    outer loop
      vertex 40.4847 54.4375 2.5
      vertex 40.847 53.0852 2.5
      vertex 40.621 54.4837 2.5
    endloop
  endfacet
  facet normal 0 0 1
    outer loop
      vertex 40.847 53.0852 2.5
      vertex 40.4847 54.4375 2.5
      vertex 40.5263 53.0214 2.5
    endloop
  endfacet
  facet normal -0 0 1
    outer loop
      vertex 40.3436 54.4094 2.5
      vertex 40.5263 53.0214 2.5
      vertex 40.4847 54.4375 2.5
    endloop
  endfacet
  facet normal -0 0 1
    outer loop
      vertex 40.2 54.4 2.5
      vertex 40.5263 53.0214 2.5
      vertex 40.3436 54.4094 2.5
    endloop
  endfacet
  facet normal 0 0 1
    outer loop
      vertex 40.2 54.4 2.5
      vertex 40.2 53 2.5
      vertex 40.5263 53.0214 2.5
    endloop
  endfacet
  facet normal 0 0 1
    outer loop
      vertex 40.0564 54.4094 2.5
      vertex 40.2 53 2.5
      vertex 40.2 54.4 2.5
    endloop
  endfacet
  facet normal 0 0 1
    outer loop
      vertex 39.8737 53.0214 2.5
      vertex 40.0564 54.4094 2.5
      vertex 39.9153 54.4375 2.5
    endloop
  endfacet
  facet normal 0 0 1
    outer loop
      vertex 40.0564 54.4094 2.5
      vertex 39.8737 53.0214 2.5
      vertex 40.2 53 2.5
    endloop
  endfacet
  facet normal 0 0 1
    outer loop
      vertex 39.553 53.0852 2.5
      vertex 39.9153 54.4375 2.5
      vertex 39.779 54.4837 2.5
    endloop
  endfacet
  facet normal 0 0 1
    outer loop
      vertex 39.2433 53.1903 2.5
      vertex 39.779 54.4837 2.5
      vertex 39.65 54.5474 2.5
    endloop
  endfacet
  facet normal 0 0 1
    outer loop
      vertex 39.9153 54.4375 2.5
      vertex 39.553 53.0852 2.5
      vertex 39.8737 53.0214 2.5
    endloop
  endfacet
  facet normal 0 0 1
    outer loop
      vertex 38.95 53.3349 2.5
      vertex 39.65 54.5474 2.5
      vertex 39.5304 54.6273 2.5
    endloop
  endfacet
  facet normal 0 0 1
    outer loop
      vertex 38.6781 53.5166 2.5
      vertex 39.5304 54.6273 2.5
      vertex 39.4222 54.7222 2.5
    endloop
  endfacet
  facet normal 0 0 1
    outer loop
      vertex 38.4322 53.7322 2.5
      vertex 39.4222 54.7222 2.5
      vertex 39.3273 54.8304 2.5
    endloop
  endfacet
  facet normal 0 0 1
    outer loop
      vertex 38.2166 53.9781 2.5
      vertex 39.3273 54.8304 2.5
      vertex 39.2474 54.95 2.5
    endloop
  endfacet
  facet normal 0 0 1
    outer loop
      vertex 39.779 54.4837 2.5
      vertex 39.2433 53.1903 2.5
      vertex 39.553 53.0852 2.5
    endloop
  endfacet
  facet normal 0 0 1
    outer loop
      vertex 38.0349 54.25 2.5
      vertex 39.2474 54.95 2.5
      vertex 39.1837 55.079 2.5
    endloop
  endfacet
  facet normal 0 0 1
    outer loop
      vertex 37.8903 54.5433 2.5
      vertex 39.1837 55.079 2.5
      vertex 39.1375 55.2153 2.5
    endloop
  endfacet
  facet normal 0 0 1
    outer loop
      vertex 37.7852 54.853 2.5
      vertex 39.1375 55.2153 2.5
      vertex 39.1094 55.3564 2.5
    endloop
  endfacet
  facet normal 0 0 1
    outer loop
      vertex 37.7214 55.1737 2.5
      vertex 39.1094 55.3564 2.5
      vertex 39.1 55.5 2.5
    endloop
  endfacet
  facet normal 0 0 1
    outer loop
      vertex 39.2474 56.05 2.5
      vertex 38.0349 56.75 2.5
      vertex 39.1837 55.921 2.5
    endloop
  endfacet
  facet normal 0 0 1
    outer loop
      vertex 39.65 54.5474 2.5
      vertex 38.95 53.3349 2.5
      vertex 39.2433 53.1903 2.5
    endloop
  endfacet
  facet normal -0 0 1
    outer loop
      vertex 37.8903 56.4567 2.5
      vertex 39.1837 55.921 2.5
      vertex 38.0349 56.75 2.5
    endloop
  endfacet
  facet normal 0 0 1
    outer loop
      vertex 39.5304 54.6273 2.5
      vertex 38.6781 53.5166 2.5
      vertex 38.95 53.3349 2.5
    endloop
  endfacet
  facet normal 0 0 1
    outer loop
      vertex 39.1837 55.921 2.5
      vertex 37.8903 56.4567 2.5
      vertex 39.1375 55.7847 2.5
    endloop
  endfacet
  facet normal 0 0 1
    outer loop
      vertex 39.4222 54.7222 2.5
      vertex 38.4322 53.7322 2.5
      vertex 38.6781 53.5166 2.5
    endloop
  endfacet
  facet normal -0 0 1
    outer loop
      vertex 37.7852 56.147 2.5
      vertex 39.1375 55.7847 2.5
      vertex 37.8903 56.4567 2.5
    endloop
  endfacet
  facet normal 0 0 1
    outer loop
      vertex 39.3273 54.8304 2.5
      vertex 38.2166 53.9781 2.5
      vertex 38.4322 53.7322 2.5
    endloop
  endfacet
  facet normal 0 0 1
    outer loop
      vertex 39.1375 55.7847 2.5
      vertex 37.7852 56.147 2.5
      vertex 39.1094 55.6436 2.5
    endloop
  endfacet
  facet normal 0 0 1
    outer loop
      vertex 39.2474 54.95 2.5
      vertex 38.0349 54.25 2.5
      vertex 38.2166 53.9781 2.5
    endloop
  endfacet
  facet normal -0 0 1
    outer loop
      vertex 37.7214 55.8263 2.5
      vertex 39.1094 55.6436 2.5
      vertex 37.7852 56.147 2.5
    endloop
  endfacet
  facet normal 0 0 1
    outer loop
      vertex 39.1837 55.079 2.5
      vertex 37.8903 54.5433 2.5
      vertex 38.0349 54.25 2.5
    endloop
  endfacet
  facet normal 0 0 1
    outer loop
      vertex 39.1094 55.6436 2.5
      vertex 37.7214 55.8263 2.5
      vertex 39.1 55.5 2.5
    endloop
  endfacet
  facet normal 0 0 1
    outer loop
      vertex 39.1375 55.2153 2.5
      vertex 37.7852 54.853 2.5
      vertex 37.8903 54.5433 2.5
    endloop
  endfacet
  facet normal 0 0 1
    outer loop
      vertex 37.7 55.5 2.5
      vertex 39.1 55.5 2.5
      vertex 37.7214 55.8263 2.5
    endloop
  endfacet
  facet normal 0 0 1
    outer loop
      vertex 39.1094 55.3564 2.5
      vertex 37.7214 55.1737 2.5
      vertex 37.7852 54.853 2.5
    endloop
  endfacet
  facet normal 0 0 1
    outer loop
      vertex 39.1 55.5 2.5
      vertex 37.7 55.5 2.5
      vertex 37.7214 55.1737 2.5
    endloop
  endfacet
  facet normal 0.555617 0.831438 -0
    outer loop
      vertex 41.7219 57.4834 0
      vertex 41.45 57.6651 2.5
      vertex 41.7219 57.4834 2.5
    endloop
  endfacet
  facet normal 0.555617 0.831438 0
    outer loop
      vertex 41.45 57.6651 2.5
      vertex 41.7219 57.4834 0
      vertex 41.45 57.6651 0
    endloop
  endfacet
  facet normal -0.946957 -0.32136 0
    outer loop
      vertex 37.8903 54.5433 0
      vertex 37.7852 54.853 2.5
      vertex 37.7852 54.853 0
    endloop
  endfacet
  facet normal -0.946957 -0.32136 0
    outer loop
      vertex 37.7852 54.853 2.5
      vertex 37.8903 54.5433 0
      vertex 37.8903 54.5433 2.5
    endloop
  endfacet
  facet normal 0.831438 -0.555617 0
    outer loop
      vertex 42.1834 53.9781 2.5
      vertex 42.3651 54.25 0
      vertex 42.3651 54.25 2.5
    endloop
  endfacet
  facet normal 0.831438 -0.555617 0
    outer loop
      vertex 42.3651 54.25 0
      vertex 42.1834 53.9781 2.5
      vertex 42.1834 53.9781 0
    endloop
  endfacet
  facet normal 0.98078 -0.195116 0
    outer loop
      vertex 42.6148 54.853 2.5
      vertex 42.6786 55.1737 0
      vertex 42.6786 55.1737 2.5
    endloop
  endfacet
  facet normal 0.98078 -0.195116 0
    outer loop
      vertex 42.6786 55.1737 0
      vertex 42.6148 54.853 2.5
      vertex 42.6148 54.853 0
    endloop
  endfacet
  facet normal -0.442191 0.896921 0
    outer loop
      vertex 39.2433 57.8097 0
      vertex 38.95 57.6651 2.5
      vertex 39.2433 57.8097 2.5
    endloop
  endfacet
  facet normal -0.442191 0.896921 0
    outer loop
      vertex 38.95 57.6651 2.5
      vertex 39.2433 57.8097 0
      vertex 38.95 57.6651 0
    endloop
  endfacet
  facet normal 0.896921 -0.442191 0
    outer loop
      vertex 42.3651 54.25 2.5
      vertex 42.5097 54.5433 0
      vertex 42.5097 54.5433 2.5
    endloop
  endfacet
  facet normal 0.896921 -0.442191 0
    outer loop
      vertex 42.5097 54.5433 0
      vertex 42.3651 54.25 2.5
      vertex 42.3651 54.25 0
    endloop
  endfacet
  facet normal -0.555617 -0.831438 0
    outer loop
      vertex 38.6781 53.5166 0
      vertex 38.95 53.3349 2.5
      vertex 38.6781 53.5166 2.5
    endloop
  endfacet
  facet normal -0.555617 -0.831438 -0
    outer loop
      vertex 38.95 53.3349 2.5
      vertex 38.6781 53.5166 0
      vertex 38.95 53.3349 0
    endloop
  endfacet
  facet normal 0.442191 -0.896921 0
    outer loop
      vertex 41.1567 53.1903 0
      vertex 41.45 53.3349 2.5
      vertex 41.1567 53.1903 2.5
    endloop
  endfacet
  facet normal 0.442191 -0.896921 0
    outer loop
      vertex 41.45 53.3349 2.5
      vertex 41.1567 53.1903 0
      vertex 41.45 53.3349 0
    endloop
  endfacet
  facet normal -0.997856 0.0654432 0
    outer loop
      vertex 37.7 55.5 0
      vertex 37.7214 55.8263 2.5
      vertex 37.7214 55.8263 0
    endloop
  endfacet
  facet normal -0.997856 0.0654432 0
    outer loop
      vertex 37.7214 55.8263 2.5
      vertex 37.7 55.5 0
      vertex 37.7 55.5 2.5
    endloop
  endfacet
  facet normal -0.896921 -0.442191 0
    outer loop
      vertex 38.0349 54.25 0
      vertex 37.8903 54.5433 2.5
      vertex 37.8903 54.5433 0
    endloop
  endfacet
  facet normal -0.896921 -0.442191 0
    outer loop
      vertex 37.8903 54.5433 2.5
      vertex 38.0349 54.25 0
      vertex 38.0349 54.25 2.5
    endloop
  endfacet
  facet normal -0.659262 -0.751913 0
    outer loop
      vertex 38.4322 53.7322 0
      vertex 38.6781 53.5166 2.5
      vertex 38.4322 53.7322 2.5
    endloop
  endfacet
  facet normal -0.659262 -0.751913 -0
    outer loop
      vertex 38.6781 53.5166 2.5
      vertex 38.4322 53.7322 0
      vertex 38.6781 53.5166 0
    endloop
  endfacet
  facet normal 0.659262 -0.751913 0
    outer loop
      vertex 41.7219 53.5166 0
      vertex 41.9678 53.7322 2.5
      vertex 41.7219 53.5166 2.5
    endloop
  endfacet
  facet normal 0.659262 -0.751913 0
    outer loop
      vertex 41.9678 53.7322 2.5
      vertex 41.7219 53.5166 0
      vertex 41.9678 53.7322 0
    endloop
  endfacet
  facet normal 0.751913 -0.659262 0
    outer loop
      vertex 41.9678 53.7322 2.5
      vertex 42.1834 53.9781 0
      vertex 42.1834 53.9781 2.5
    endloop
  endfacet
  facet normal 0.751913 -0.659262 0
    outer loop
      vertex 42.1834 53.9781 0
      vertex 41.9678 53.7322 2.5
      vertex 41.9678 53.7322 0
    endloop
  endfacet
  facet normal 0.32136 0.946957 -0
    outer loop
      vertex 41.1567 57.8097 0
      vertex 40.847 57.9148 2.5
      vertex 41.1567 57.8097 2.5
    endloop
  endfacet
  facet normal 0.32136 0.946957 0
    outer loop
      vertex 40.847 57.9148 2.5
      vertex 41.1567 57.8097 0
      vertex 40.847 57.9148 0
    endloop
  endfacet
  facet normal 0.896921 0.442191 0
    outer loop
      vertex 42.5097 56.4567 2.5
      vertex 42.3651 56.75 0
      vertex 42.3651 56.75 2.5
    endloop
  endfacet
  facet normal 0.896921 0.442191 0
    outer loop
      vertex 42.3651 56.75 0
      vertex 42.5097 56.4567 2.5
      vertex 42.5097 56.4567 0
    endloop
  endfacet
  facet normal 0.751913 0.659262 0
    outer loop
      vertex 42.1834 57.0219 2.5
      vertex 41.9678 57.2678 0
      vertex 41.9678 57.2678 2.5
    endloop
  endfacet
  facet normal 0.751913 0.659262 0
    outer loop
      vertex 41.9678 57.2678 0
      vertex 42.1834 57.0219 2.5
      vertex 42.1834 57.0219 0
    endloop
  endfacet
  facet normal 0.946957 0.32136 0
    outer loop
      vertex 42.6148 56.147 2.5
      vertex 42.5097 56.4567 0
      vertex 42.5097 56.4567 2.5
    endloop
  endfacet
  facet normal 0.946957 0.32136 0
    outer loop
      vertex 42.5097 56.4567 0
      vertex 42.6148 56.147 2.5
      vertex 42.6148 56.147 0
    endloop
  endfacet
  facet normal 0.32136 -0.946957 0
    outer loop
      vertex 40.847 53.0852 0
      vertex 41.1567 53.1903 2.5
      vertex 40.847 53.0852 2.5
    endloop
  endfacet
  facet normal 0.32136 -0.946957 0
    outer loop
      vertex 41.1567 53.1903 2.5
      vertex 40.847 53.0852 0
      vertex 41.1567 53.1903 0
    endloop
  endfacet
  facet normal -0.32136 -0.946957 0
    outer loop
      vertex 39.2433 53.1903 0
      vertex 39.553 53.0852 2.5
      vertex 39.2433 53.1903 2.5
    endloop
  endfacet
  facet normal -0.32136 -0.946957 -0
    outer loop
      vertex 39.553 53.0852 2.5
      vertex 39.2433 53.1903 0
      vertex 39.553 53.0852 0
    endloop
  endfacet
  facet normal -0.946957 0.32136 0
    outer loop
      vertex 37.7852 56.147 0
      vertex 37.8903 56.4567 2.5
      vertex 37.8903 56.4567 0
    endloop
  endfacet
  facet normal -0.946957 0.32136 0
    outer loop
      vertex 37.8903 56.4567 2.5
      vertex 37.7852 56.147 0
      vertex 37.7852 56.147 2.5
    endloop
  endfacet
  facet normal 0.659325 0.751858 -0
    outer loop
      vertex 5.36777 5.66777 0
      vertex 5.1219 5.88338 2.5
      vertex 5.36777 5.66777 2.5
    endloop
  endfacet
  facet normal 0.659325 0.751858 0
    outer loop
      vertex 5.1219 5.88338 2.5
      vertex 5.36777 5.66777 0
      vertex 5.1219 5.88338 0
    endloop
  endfacet
  facet normal -0.555575 0.831466 0
    outer loop
      vertex 2.35 6.06506 0
      vertex 2.0781 5.88338 2.5
      vertex 2.35 6.06506 2.5
    endloop
  endfacet
  facet normal -0.555575 0.831466 0
    outer loop
      vertex 2.0781 5.88338 2.5
      vertex 2.35 6.06506 0
      vertex 2.0781 5.88338 0
    endloop
  endfacet
  facet normal -0.997858 0.0654108 0
    outer loop
      vertex 1.1 3.9 0
      vertex 1.12139 4.22631 2.5
      vertex 1.12139 4.22631 0
    endloop
  endfacet
  facet normal -0.997858 0.0654108 0
    outer loop
      vertex 1.12139 4.22631 2.5
      vertex 1.1 3.9 0
      vertex 1.1 3.9 2.5
    endloop
  endfacet
  facet normal -0.946935 -0.321425 0
    outer loop
      vertex 1.2903 2.94329 0
      vertex 1.18519 3.25295 2.5
      vertex 1.18519 3.25295 0
    endloop
  endfacet
  facet normal -0.946935 -0.321425 0
    outer loop
      vertex 1.18519 3.25295 2.5
      vertex 1.2903 2.94329 0
      vertex 1.2903 2.94329 2.5
    endloop
  endfacet
  facet normal -0.659325 -0.751858 0
    outer loop
      vertex 1.83223 2.13223 0
      vertex 2.0781 1.91662 2.5
      vertex 1.83223 2.13223 2.5
    endloop
  endfacet
  facet normal -0.659325 -0.751858 -0
    outer loop
      vertex 2.0781 1.91662 2.5
      vertex 1.83223 2.13223 0
      vertex 2.0781 1.91662 0
    endloop
  endfacet
  facet normal 0.0654088 0.997859 -0
    outer loop
      vertex 3.92632 6.37861 0
      vertex 3.6 6.4 2.5
      vertex 3.92632 6.37861 2.5
    endloop
  endfacet
  facet normal 0.0654088 0.997859 0
    outer loop
      vertex 3.6 6.4 2.5
      vertex 3.92632 6.37861 0
      vertex 3.6 6.4 0
    endloop
  endfacet
  facet normal 0.997858 0.0654108 0
    outer loop
      vertex 6.1 3.9 2.5
      vertex 6.07861 4.22631 0
      vertex 6.07861 4.22631 2.5
    endloop
  endfacet
  facet normal 0.997858 0.0654108 0
    outer loop
      vertex 6.07861 4.22631 0
      vertex 6.1 3.9 2.5
      vertex 6.1 3.9 0
    endloop
  endfacet
  facet normal -0.751858 0.659325 0
    outer loop
      vertex 1.61662 5.4219 0
      vertex 1.83223 5.66777 2.5
      vertex 1.83223 5.66777 0
    endloop
  endfacet
  facet normal -0.751858 0.659325 0
    outer loop
      vertex 1.83223 5.66777 2.5
      vertex 1.61662 5.4219 0
      vertex 1.61662 5.4219 2.5
    endloop
  endfacet
  facet normal 0.831466 0.555575 0
    outer loop
      vertex 5.76506 5.15 2.5
      vertex 5.58338 5.4219 0
      vertex 5.58338 5.4219 2.5
    endloop
  endfacet
  facet normal 0.831466 0.555575 0
    outer loop
      vertex 5.58338 5.4219 0
      vertex 5.76506 5.15 2.5
      vertex 5.76506 5.15 0
    endloop
  endfacet
  facet normal 0.555575 0.831466 -0
    outer loop
      vertex 5.1219 5.88338 0
      vertex 4.85 6.06506 2.5
      vertex 5.1219 5.88338 2.5
    endloop
  endfacet
  facet normal 0.555575 0.831466 0
    outer loop
      vertex 4.85 6.06506 2.5
      vertex 5.1219 5.88338 0
      vertex 4.85 6.06506 0
    endloop
  endfacet
  facet normal 0.980785 0.195093 0
    outer loop
      vertex 6.07861 4.22631 2.5
      vertex 6.01481 4.54705 0
      vertex 6.01481 4.54705 2.5
    endloop
  endfacet
  facet normal 0.980785 0.195093 0
    outer loop
      vertex 6.01481 4.54705 0
      vertex 6.07861 4.22631 2.5
      vertex 6.07861 4.22631 0
    endloop
  endfacet
  facet normal -0.321425 0.946935 0
    outer loop
      vertex 2.95295 6.31481 0
      vertex 2.64329 6.2097 2.5
      vertex 2.95295 6.31481 2.5
    endloop
  endfacet
  facet normal -0.321425 0.946935 0
    outer loop
      vertex 2.64329 6.2097 2.5
      vertex 2.95295 6.31481 0
      vertex 2.64329 6.2097 0
    endloop
  endfacet
  facet normal -0.659325 0.751858 0
    outer loop
      vertex 2.0781 5.88338 0
      vertex 1.83223 5.66777 2.5
      vertex 2.0781 5.88338 2.5
    endloop
  endfacet
  facet normal -0.659325 0.751858 0
    outer loop
      vertex 1.83223 5.66777 2.5
      vertex 2.0781 5.88338 0
      vertex 1.83223 5.66777 0
    endloop
  endfacet
  facet normal 0.751858 -0.659325 0
    outer loop
      vertex 5.36777 2.13223 2.5
      vertex 5.58338 2.3781 0
      vertex 5.58338 2.3781 2.5
    endloop
  endfacet
  facet normal 0.751858 -0.659325 0
    outer loop
      vertex 5.58338 2.3781 0
      vertex 5.36777 2.13223 2.5
      vertex 5.36777 2.13223 0
    endloop
  endfacet
  facet normal -0.0654088 0.997859 0
    outer loop
      vertex 3.6 6.4 0
      vertex 3.27368 6.37861 2.5
      vertex 3.6 6.4 2.5
    endloop
  endfacet
  facet normal -0.0654088 0.997859 0
    outer loop
      vertex 3.27368 6.37861 2.5
      vertex 3.6 6.4 0
      vertex 3.27368 6.37861 0
    endloop
  endfacet
  facet normal 0.195099 0.980784 -0
    outer loop
      vertex 4.24705 6.31481 0
      vertex 3.92632 6.37861 2.5
      vertex 4.24705 6.31481 2.5
    endloop
  endfacet
  facet normal 0.195099 0.980784 0
    outer loop
      vertex 3.92632 6.37861 2.5
      vertex 4.24705 6.31481 0
      vertex 3.92632 6.37861 0
    endloop
  endfacet
  facet normal 0.442302 -0.896866 0
    outer loop
      vertex 4.55671 1.5903 0
      vertex 4.85 1.73494 2.5
      vertex 4.55671 1.5903 2.5
    endloop
  endfacet
  facet normal 0.442302 -0.896866 0
    outer loop
      vertex 4.85 1.73494 2.5
      vertex 4.55671 1.5903 0
      vertex 4.85 1.73494 0
    endloop
  endfacet
  facet normal 0.195069 -0.980789 0
    outer loop
      vertex 3.92632 1.42139 0
      vertex 4.24705 1.48518 2.5
      vertex 3.92632 1.42139 2.5
    endloop
  endfacet
  facet normal 0.195069 -0.980789 0
    outer loop
      vertex 4.24705 1.48518 2.5
      vertex 3.92632 1.42139 0
      vertex 4.24705 1.48518 0
    endloop
  endfacet
  facet normal -0.195099 0.980784 0
    outer loop
      vertex 3.27368 6.37861 0
      vertex 2.95295 6.31481 2.5
      vertex 3.27368 6.37861 2.5
    endloop
  endfacet
  facet normal -0.195099 0.980784 0
    outer loop
      vertex 2.95295 6.31481 2.5
      vertex 3.27368 6.37861 0
      vertex 2.95295 6.31481 0
    endloop
  endfacet
  facet normal 0.896866 -0.442302 0
    outer loop
      vertex 5.76506 2.65 2.5
      vertex 5.9097 2.94329 0
      vertex 5.9097 2.94329 2.5
    endloop
  endfacet
  facet normal 0.896866 -0.442302 0
    outer loop
      vertex 5.9097 2.94329 0
      vertex 5.76506 2.65 2.5
      vertex 5.76506 2.65 0
    endloop
  endfacet
  facet normal 0.0654088 -0.997859 0
    outer loop
      vertex 3.6 1.4 0
      vertex 3.92632 1.42139 2.5
      vertex 3.6 1.4 2.5
    endloop
  endfacet
  facet normal 0.0654088 -0.997859 0
    outer loop
      vertex 3.92632 1.42139 2.5
      vertex 3.6 1.4 0
      vertex 3.92632 1.42139 0
    endloop
  endfacet
  facet normal -0.896866 -0.442302 0
    outer loop
      vertex 1.43494 2.65 0
      vertex 1.2903 2.94329 2.5
      vertex 1.2903 2.94329 0
    endloop
  endfacet
  facet normal -0.896866 -0.442302 0
    outer loop
      vertex 1.2903 2.94329 2.5
      vertex 1.43494 2.65 0
      vertex 1.43494 2.65 2.5
    endloop
  endfacet
  facet normal 0.442302 0.896866 -0
    outer loop
      vertex 4.85 6.06506 0
      vertex 4.55671 6.2097 2.5
      vertex 4.85 6.06506 2.5
    endloop
  endfacet
  facet normal 0.442302 0.896866 0
    outer loop
      vertex 4.55671 6.2097 2.5
      vertex 4.85 6.06506 0
      vertex 4.55671 6.2097 0
    endloop
  endfacet
  facet normal -0.980784 -0.195099 0
    outer loop
      vertex 1.18519 3.25295 0
      vertex 1.12139 3.57368 2.5
      vertex 1.12139 3.57368 0
    endloop
  endfacet
  facet normal -0.980784 -0.195099 0
    outer loop
      vertex 1.12139 3.57368 2.5
      vertex 1.18519 3.25295 0
      vertex 1.18519 3.25295 2.5
    endloop
  endfacet
  facet normal 0.831466 -0.555575 0
    outer loop
      vertex 5.58338 2.3781 2.5
      vertex 5.76506 2.65 0
      vertex 5.76506 2.65 2.5
    endloop
  endfacet
  facet normal 0.831466 -0.555575 0
    outer loop
      vertex 5.76506 2.65 0
      vertex 5.58338 2.3781 2.5
      vertex 5.58338 2.3781 0
    endloop
  endfacet
  facet normal -0.555575 -0.831466 0
    outer loop
      vertex 2.0781 1.91662 0
      vertex 2.35 1.73494 2.5
      vertex 2.0781 1.91662 2.5
    endloop
  endfacet
  facet normal -0.555575 -0.831466 -0
    outer loop
      vertex 2.35 1.73494 2.5
      vertex 2.0781 1.91662 0
      vertex 2.35 1.73494 0
    endloop
  endfacet
  facet normal 0.321425 0.946935 -0
    outer loop
      vertex 4.55671 6.2097 0
      vertex 4.24705 6.31481 2.5
      vertex 4.55671 6.2097 2.5
    endloop
  endfacet
  facet normal 0.321425 0.946935 0
    outer loop
      vertex 4.24705 6.31481 2.5
      vertex 4.55671 6.2097 0
      vertex 4.24705 6.31481 0
    endloop
  endfacet
  facet normal 0.997859 -0.0654088 0
    outer loop
      vertex 6.07861 3.57368 2.5
      vertex 6.1 3.9 0
      vertex 6.1 3.9 2.5
    endloop
  endfacet
  facet normal 0.997859 -0.0654088 0
    outer loop
      vertex 6.1 3.9 0
      vertex 6.07861 3.57368 2.5
      vertex 6.07861 3.57368 0
    endloop
  endfacet
  facet normal 0.751858 0.659325 0
    outer loop
      vertex 5.58338 5.4219 2.5
      vertex 5.36777 5.66777 0
      vertex 5.36777 5.66777 2.5
    endloop
  endfacet
  facet normal 0.751858 0.659325 0
    outer loop
      vertex 5.36777 5.66777 0
      vertex 5.58338 5.4219 2.5
      vertex 5.58338 5.4219 0
    endloop
  endfacet
  facet normal 0.896866 0.442302 0
    outer loop
      vertex 5.9097 4.85671 2.5
      vertex 5.76506 5.15 0
      vertex 5.76506 5.15 2.5
    endloop
  endfacet
  facet normal 0.896866 0.442302 0
    outer loop
      vertex 5.76506 5.15 0
      vertex 5.9097 4.85671 2.5
      vertex 5.9097 4.85671 0
    endloop
  endfacet
  facet normal -0.997859 -0.0654088 0
    outer loop
      vertex 1.12139 3.57368 0
      vertex 1.1 3.9 2.5
      vertex 1.1 3.9 0
    endloop
  endfacet
  facet normal -0.997859 -0.0654088 0
    outer loop
      vertex 1.1 3.9 2.5
      vertex 1.12139 3.57368 0
      vertex 1.12139 3.57368 2.5
    endloop
  endfacet
  facet normal 0.321452 -0.946926 0
    outer loop
      vertex 4.24705 1.48518 0
      vertex 4.55671 1.5903 2.5
      vertex 4.24705 1.48518 2.5
    endloop
  endfacet
  facet normal 0.321452 -0.946926 0
    outer loop
      vertex 4.55671 1.5903 2.5
      vertex 4.24705 1.48518 0
      vertex 4.55671 1.5903 0
    endloop
  endfacet
  facet normal -0.442302 0.896866 0
    outer loop
      vertex 2.64329 6.2097 0
      vertex 2.35 6.06506 2.5
      vertex 2.64329 6.2097 2.5
    endloop
  endfacet
  facet normal -0.442302 0.896866 0
    outer loop
      vertex 2.35 6.06506 2.5
      vertex 2.64329 6.2097 0
      vertex 2.35 6.06506 0
    endloop
  endfacet
  facet normal -0.831466 0.555575 0
    outer loop
      vertex 1.43494 5.15 0
      vertex 1.61662 5.4219 2.5
      vertex 1.61662 5.4219 0
    endloop
  endfacet
  facet normal -0.831466 0.555575 0
    outer loop
      vertex 1.61662 5.4219 2.5
      vertex 1.43494 5.15 0
      vertex 1.43494 5.15 2.5
    endloop
  endfacet
  facet normal -0.321452 -0.946926 0
    outer loop
      vertex 2.64329 1.5903 0
      vertex 2.95295 1.48518 2.5
      vertex 2.64329 1.5903 2.5
    endloop
  endfacet
  facet normal -0.321452 -0.946926 -0
    outer loop
      vertex 2.95295 1.48518 2.5
      vertex 2.64329 1.5903 0
      vertex 2.95295 1.48518 0
    endloop
  endfacet
  facet normal 0.980784 -0.195099 0
    outer loop
      vertex 6.01481 3.25295 2.5
      vertex 6.07861 3.57368 0
      vertex 6.07861 3.57368 2.5
    endloop
  endfacet
  facet normal 0.980784 -0.195099 0
    outer loop
      vertex 6.07861 3.57368 0
      vertex 6.01481 3.25295 2.5
      vertex 6.01481 3.25295 0
    endloop
  endfacet
  facet normal -0.980785 0.195093 0
    outer loop
      vertex 1.12139 4.22631 0
      vertex 1.18519 4.54705 2.5
      vertex 1.18519 4.54705 0
    endloop
  endfacet
  facet normal -0.980785 0.195093 0
    outer loop
      vertex 1.18519 4.54705 2.5
      vertex 1.12139 4.22631 0
      vertex 1.12139 4.22631 2.5
    endloop
  endfacet
  facet normal 0.555575 -0.831466 0
    outer loop
      vertex 4.85 1.73494 0
      vertex 5.1219 1.91662 2.5
      vertex 4.85 1.73494 2.5
    endloop
  endfacet
  facet normal 0.555575 -0.831466 0
    outer loop
      vertex 5.1219 1.91662 2.5
      vertex 4.85 1.73494 0
      vertex 5.1219 1.91662 0
    endloop
  endfacet
  facet normal 0.946935 0.321425 0
    outer loop
      vertex 6.01481 4.54705 2.5
      vertex 5.9097 4.85671 0
      vertex 5.9097 4.85671 2.5
    endloop
  endfacet
  facet normal 0.946935 0.321425 0
    outer loop
      vertex 5.9097 4.85671 0
      vertex 6.01481 4.54705 2.5
      vertex 6.01481 4.54705 0
    endloop
  endfacet
  facet normal -0.0654088 -0.997859 0
    outer loop
      vertex 3.27368 1.42139 0
      vertex 3.6 1.4 2.5
      vertex 3.27368 1.42139 2.5
    endloop
  endfacet
  facet normal -0.0654088 -0.997859 -0
    outer loop
      vertex 3.6 1.4 2.5
      vertex 3.27368 1.42139 0
      vertex 3.6 1.4 0
    endloop
  endfacet
  facet normal -0.946935 0.321425 0
    outer loop
      vertex 1.18519 4.54705 0
      vertex 1.2903 4.85671 2.5
      vertex 1.2903 4.85671 0
    endloop
  endfacet
  facet normal -0.946935 0.321425 0
    outer loop
      vertex 1.2903 4.85671 2.5
      vertex 1.18519 4.54705 0
      vertex 1.18519 4.54705 2.5
    endloop
  endfacet
  facet normal 0.659325 -0.751858 0
    outer loop
      vertex 5.1219 1.91662 0
      vertex 5.36777 2.13223 2.5
      vertex 5.1219 1.91662 2.5
    endloop
  endfacet
  facet normal 0.659325 -0.751858 0
    outer loop
      vertex 5.36777 2.13223 2.5
      vertex 5.1219 1.91662 0
      vertex 5.36777 2.13223 0
    endloop
  endfacet
  facet normal 0.946935 -0.321425 0
    outer loop
      vertex 5.9097 2.94329 2.5
      vertex 6.01481 3.25295 0
      vertex 6.01481 3.25295 2.5
    endloop
  endfacet
  facet normal 0.946935 -0.321425 0
    outer loop
      vertex 6.01481 3.25295 0
      vertex 5.9097 2.94329 2.5
      vertex 5.9097 2.94329 0
    endloop
  endfacet
  facet normal -0.831466 -0.555575 0
    outer loop
      vertex 1.61662 2.3781 0
      vertex 1.43494 2.65 2.5
      vertex 1.43494 2.65 0
    endloop
  endfacet
  facet normal -0.831466 -0.555575 0
    outer loop
      vertex 1.43494 2.65 2.5
      vertex 1.61662 2.3781 0
      vertex 1.61662 2.3781 2.5
    endloop
  endfacet
  facet normal -0.751858 -0.659325 0
    outer loop
      vertex 1.83223 2.13223 0
      vertex 1.61662 2.3781 2.5
      vertex 1.61662 2.3781 0
    endloop
  endfacet
  facet normal -0.751858 -0.659325 0
    outer loop
      vertex 1.61662 2.3781 2.5
      vertex 1.83223 2.13223 0
      vertex 1.83223 2.13223 2.5
    endloop
  endfacet
  facet normal 0 0 1
    outer loop
      vertex 4.7 3.9 2.5
      vertex 6.1 3.9 2.5
      vertex 6.07861 4.22631 2.5
    endloop
  endfacet
  facet normal 0 0 1
    outer loop
      vertex 4.69059 4.04358 2.5
      vertex 6.07861 4.22631 2.5
      vertex 6.01481 4.54705 2.5
    endloop
  endfacet
  facet normal 0 0 1
    outer loop
      vertex 6.1 3.9 2.5
      vertex 4.7 3.9 2.5
      vertex 6.07861 3.57368 2.5
    endloop
  endfacet
  facet normal 0 0 1
    outer loop
      vertex 4.66252 4.1847 2.5
      vertex 6.01481 4.54705 2.5
      vertex 5.9097 4.85671 2.5
    endloop
  endfacet
  facet normal -0 0 1
    outer loop
      vertex 4.69059 3.75642 2.5
      vertex 6.07861 3.57368 2.5
      vertex 4.7 3.9 2.5
    endloop
  endfacet
  facet normal 0 0 1
    outer loop
      vertex 4.61627 4.32095 2.5
      vertex 5.9097 4.85671 2.5
      vertex 5.76506 5.15 2.5
    endloop
  endfacet
  facet normal 0 0 1
    outer loop
      vertex 6.07861 3.57368 2.5
      vertex 4.69059 3.75642 2.5
      vertex 6.01481 3.25295 2.5
    endloop
  endfacet
  facet normal 0 0 1
    outer loop
      vertex 4.55263 4.45 2.5
      vertex 5.76506 5.15 2.5
      vertex 5.58338 5.4219 2.5
    endloop
  endfacet
  facet normal -0 0 1
    outer loop
      vertex 4.66252 3.6153 2.5
      vertex 6.01481 3.25295 2.5
      vertex 4.69059 3.75642 2.5
    endloop
  endfacet
  facet normal 0 0 1
    outer loop
      vertex 4.47269 4.56964 2.5
      vertex 5.58338 5.4219 2.5
      vertex 5.36777 5.66777 2.5
    endloop
  endfacet
  facet normal 0 0 1
    outer loop
      vertex 6.01481 3.25295 2.5
      vertex 4.66252 3.6153 2.5
      vertex 5.9097 2.94329 2.5
    endloop
  endfacet
  facet normal 0 0 1
    outer loop
      vertex 4.37782 4.67782 2.5
      vertex 5.36777 5.66777 2.5
      vertex 5.1219 5.88338 2.5
    endloop
  endfacet
  facet normal -0 0 1
    outer loop
      vertex 4.61627 3.47905 2.5
      vertex 5.9097 2.94329 2.5
      vertex 4.66252 3.6153 2.5
    endloop
  endfacet
  facet normal 0 0 1
    outer loop
      vertex 4.26964 4.77269 2.5
      vertex 5.1219 5.88338 2.5
      vertex 4.85 6.06506 2.5
    endloop
  endfacet
  facet normal 0 0 1
    outer loop
      vertex 5.9097 2.94329 2.5
      vertex 4.61627 3.47905 2.5
      vertex 5.76506 2.65 2.5
    endloop
  endfacet
  facet normal -0 0 1
    outer loop
      vertex 4.55263 3.35 2.5
      vertex 5.76506 2.65 2.5
      vertex 4.61627 3.47905 2.5
    endloop
  endfacet
  facet normal 0 0 1
    outer loop
      vertex 6.07861 4.22631 2.5
      vertex 4.69059 4.04358 2.5
      vertex 4.7 3.9 2.5
    endloop
  endfacet
  facet normal 0 0 1
    outer loop
      vertex 6.01481 4.54705 2.5
      vertex 4.66252 4.1847 2.5
      vertex 4.69059 4.04358 2.5
    endloop
  endfacet
  facet normal 0 0 1
    outer loop
      vertex 5.9097 4.85671 2.5
      vertex 4.61627 4.32095 2.5
      vertex 4.66252 4.1847 2.5
    endloop
  endfacet
  facet normal 0 0 1
    outer loop
      vertex 4.15 4.85263 2.5
      vertex 4.85 6.06506 2.5
      vertex 4.55671 6.2097 2.5
    endloop
  endfacet
  facet normal 0 0 1
    outer loop
      vertex 5.76506 5.15 2.5
      vertex 4.55263 4.45 2.5
      vertex 4.61627 4.32095 2.5
    endloop
  endfacet
  facet normal 0 0 1
    outer loop
      vertex 5.58338 5.4219 2.5
      vertex 4.47269 4.56964 2.5
      vertex 4.55263 4.45 2.5
    endloop
  endfacet
  facet normal 0 0 1
    outer loop
      vertex 5.36777 5.66777 2.5
      vertex 4.37782 4.67782 2.5
      vertex 4.47269 4.56964 2.5
    endloop
  endfacet
  facet normal 0 0 1
    outer loop
      vertex 5.1219 5.88338 2.5
      vertex 4.26964 4.77269 2.5
      vertex 4.37782 4.67782 2.5
    endloop
  endfacet
  facet normal 0 0 1
    outer loop
      vertex 4.02095 4.91627 2.5
      vertex 4.55671 6.2097 2.5
      vertex 4.24705 6.31481 2.5
    endloop
  endfacet
  facet normal 0 0 1
    outer loop
      vertex 4.85 6.06506 2.5
      vertex 4.15 4.85263 2.5
      vertex 4.26964 4.77269 2.5
    endloop
  endfacet
  facet normal 0 0 1
    outer loop
      vertex 4.55671 6.2097 2.5
      vertex 4.02095 4.91627 2.5
      vertex 4.15 4.85263 2.5
    endloop
  endfacet
  facet normal 0 0 1
    outer loop
      vertex 3.8847 4.96252 2.5
      vertex 4.24705 6.31481 2.5
      vertex 3.92632 6.37861 2.5
    endloop
  endfacet
  facet normal 0 0 1
    outer loop
      vertex 4.24705 6.31481 2.5
      vertex 3.8847 4.96252 2.5
      vertex 4.02095 4.91627 2.5
    endloop
  endfacet
  facet normal 0 0 1
    outer loop
      vertex 3.92632 6.37861 2.5
      vertex 3.74358 4.99059 2.5
      vertex 3.8847 4.96252 2.5
    endloop
  endfacet
  facet normal 0 0 1
    outer loop
      vertex 3.6 6.4 2.5
      vertex 3.74358 4.99059 2.5
      vertex 3.92632 6.37861 2.5
    endloop
  endfacet
  facet normal 0 0 1
    outer loop
      vertex 3.6 6.4 2.5
      vertex 3.6 5 2.5
      vertex 3.74358 4.99059 2.5
    endloop
  endfacet
  facet normal 0 0 1
    outer loop
      vertex 3.6 6.4 2.5
      vertex 3.45642 4.99059 2.5
      vertex 3.6 5 2.5
    endloop
  endfacet
  facet normal -0 0 1
    outer loop
      vertex 3.27368 6.37861 2.5
      vertex 3.45642 4.99059 2.5
      vertex 3.6 6.4 2.5
    endloop
  endfacet
  facet normal 0 0 1
    outer loop
      vertex 3.45642 4.99059 2.5
      vertex 3.27368 6.37861 2.5
      vertex 3.3153 4.96252 2.5
    endloop
  endfacet
  facet normal -0 0 1
    outer loop
      vertex 2.95295 6.31481 2.5
      vertex 3.3153 4.96252 2.5
      vertex 3.27368 6.37861 2.5
    endloop
  endfacet
  facet normal 0 0 1
    outer loop
      vertex 3.3153 4.96252 2.5
      vertex 2.95295 6.31481 2.5
      vertex 3.17905 4.91627 2.5
    endloop
  endfacet
  facet normal -0 0 1
    outer loop
      vertex 2.64329 6.2097 2.5
      vertex 3.17905 4.91627 2.5
      vertex 2.95295 6.31481 2.5
    endloop
  endfacet
  facet normal 0 0 1
    outer loop
      vertex 3.17905 4.91627 2.5
      vertex 2.64329 6.2097 2.5
      vertex 3.05 4.85263 2.5
    endloop
  endfacet
  facet normal -0 0 1
    outer loop
      vertex 2.35 6.06506 2.5
      vertex 3.05 4.85263 2.5
      vertex 2.64329 6.2097 2.5
    endloop
  endfacet
  facet normal 0 0 1
    outer loop
      vertex 3.05 4.85263 2.5
      vertex 2.35 6.06506 2.5
      vertex 2.93036 4.77269 2.5
    endloop
  endfacet
  facet normal -0 0 1
    outer loop
      vertex 2.0781 5.88338 2.5
      vertex 2.93036 4.77269 2.5
      vertex 2.35 6.06506 2.5
    endloop
  endfacet
  facet normal 0 0 1
    outer loop
      vertex 2.93036 4.77269 2.5
      vertex 2.0781 5.88338 2.5
      vertex 2.82218 4.67782 2.5
    endloop
  endfacet
  facet normal -0 0 1
    outer loop
      vertex 1.83223 5.66777 2.5
      vertex 2.82218 4.67782 2.5
      vertex 2.0781 5.88338 2.5
    endloop
  endfacet
  facet normal 0 0 1
    outer loop
      vertex 2.82218 4.67782 2.5
      vertex 1.83223 5.66777 2.5
      vertex 2.72731 4.56964 2.5
    endloop
  endfacet
  facet normal -0 0 1
    outer loop
      vertex 1.61662 5.4219 2.5
      vertex 2.72731 4.56964 2.5
      vertex 1.83223 5.66777 2.5
    endloop
  endfacet
  facet normal 0 0 1
    outer loop
      vertex 2.72731 4.56964 2.5
      vertex 1.61662 5.4219 2.5
      vertex 2.64737 4.45 2.5
    endloop
  endfacet
  facet normal -0 0 1
    outer loop
      vertex 1.43494 5.15 2.5
      vertex 2.64737 4.45 2.5
      vertex 1.61662 5.4219 2.5
    endloop
  endfacet
  facet normal 0 0 1
    outer loop
      vertex 5.76506 2.65 2.5
      vertex 4.55263 3.35 2.5
      vertex 5.58338 2.3781 2.5
    endloop
  endfacet
  facet normal -0 0 1
    outer loop
      vertex 4.47269 3.23036 2.5
      vertex 5.58338 2.3781 2.5
      vertex 4.55263 3.35 2.5
    endloop
  endfacet
  facet normal 0 0 1
    outer loop
      vertex 5.58338 2.3781 2.5
      vertex 4.47269 3.23036 2.5
      vertex 5.36777 2.13223 2.5
    endloop
  endfacet
  facet normal -0 0 1
    outer loop
      vertex 4.37782 3.12218 2.5
      vertex 5.36777 2.13223 2.5
      vertex 4.47269 3.23036 2.5
    endloop
  endfacet
  facet normal 0 0 1
    outer loop
      vertex 5.36777 2.13223 2.5
      vertex 4.37782 3.12218 2.5
      vertex 5.1219 1.91662 2.5
    endloop
  endfacet
  facet normal -0 0 1
    outer loop
      vertex 4.26964 3.02731 2.5
      vertex 5.1219 1.91662 2.5
      vertex 4.37782 3.12218 2.5
    endloop
  endfacet
  facet normal 0 0 1
    outer loop
      vertex 5.1219 1.91662 2.5
      vertex 4.26964 3.02731 2.5
      vertex 4.85 1.73494 2.5
    endloop
  endfacet
  facet normal -0 0 1
    outer loop
      vertex 4.15 2.94737 2.5
      vertex 4.85 1.73494 2.5
      vertex 4.26964 3.02731 2.5
    endloop
  endfacet
  facet normal 0 0 1
    outer loop
      vertex 4.85 1.73494 2.5
      vertex 4.15 2.94737 2.5
      vertex 4.55671 1.5903 2.5
    endloop
  endfacet
  facet normal -0 0 1
    outer loop
      vertex 4.02095 2.88373 2.5
      vertex 4.55671 1.5903 2.5
      vertex 4.15 2.94737 2.5
    endloop
  endfacet
  facet normal 0 0 1
    outer loop
      vertex 4.55671 1.5903 2.5
      vertex 4.02095 2.88373 2.5
      vertex 4.24705 1.48518 2.5
    endloop
  endfacet
  facet normal -0 0 1
    outer loop
      vertex 3.8847 2.83748 2.5
      vertex 4.24705 1.48518 2.5
      vertex 4.02095 2.88373 2.5
    endloop
  endfacet
  facet normal 0 0 1
    outer loop
      vertex 4.24705 1.48518 2.5
      vertex 3.8847 2.83748 2.5
      vertex 3.92632 1.42139 2.5
    endloop
  endfacet
  facet normal -0 0 1
    outer loop
      vertex 3.74358 2.80941 2.5
      vertex 3.92632 1.42139 2.5
      vertex 3.8847 2.83748 2.5
    endloop
  endfacet
  facet normal -0 0 1
    outer loop
      vertex 3.6 2.8 2.5
      vertex 3.92632 1.42139 2.5
      vertex 3.74358 2.80941 2.5
    endloop
  endfacet
  facet normal 0 0 1
    outer loop
      vertex 3.6 2.8 2.5
      vertex 3.6 1.4 2.5
      vertex 3.92632 1.42139 2.5
    endloop
  endfacet
  facet normal 0 0 1
    outer loop
      vertex 3.45642 2.80941 2.5
      vertex 3.6 1.4 2.5
      vertex 3.6 2.8 2.5
    endloop
  endfacet
  facet normal 0 0 1
    outer loop
      vertex 3.27368 1.42139 2.5
      vertex 3.45642 2.80941 2.5
      vertex 3.3153 2.83748 2.5
    endloop
  endfacet
  facet normal 0 0 1
    outer loop
      vertex 3.45642 2.80941 2.5
      vertex 3.27368 1.42139 2.5
      vertex 3.6 1.4 2.5
    endloop
  endfacet
  facet normal 0 0 1
    outer loop
      vertex 2.95295 1.48518 2.5
      vertex 3.3153 2.83748 2.5
      vertex 3.17905 2.88373 2.5
    endloop
  endfacet
  facet normal 0 0 1
    outer loop
      vertex 2.64329 1.5903 2.5
      vertex 3.17905 2.88373 2.5
      vertex 3.05 2.94737 2.5
    endloop
  endfacet
  facet normal 0 0 1
    outer loop
      vertex 3.3153 2.83748 2.5
      vertex 2.95295 1.48518 2.5
      vertex 3.27368 1.42139 2.5
    endloop
  endfacet
  facet normal 0 0 1
    outer loop
      vertex 2.35 1.73494 2.5
      vertex 3.05 2.94737 2.5
      vertex 2.93036 3.02731 2.5
    endloop
  endfacet
  facet normal 0 0 1
    outer loop
      vertex 2.0781 1.91662 2.5
      vertex 2.93036 3.02731 2.5
      vertex 2.82218 3.12218 2.5
    endloop
  endfacet
  facet normal 0 0 1
    outer loop
      vertex 1.83223 2.13223 2.5
      vertex 2.82218 3.12218 2.5
      vertex 2.72731 3.23036 2.5
    endloop
  endfacet
  facet normal 0 0 1
    outer loop
      vertex 1.61662 2.3781 2.5
      vertex 2.72731 3.23036 2.5
      vertex 2.64737 3.35 2.5
    endloop
  endfacet
  facet normal 0 0 1
    outer loop
      vertex 3.17905 2.88373 2.5
      vertex 2.64329 1.5903 2.5
      vertex 2.95295 1.48518 2.5
    endloop
  endfacet
  facet normal 0 0 1
    outer loop
      vertex 1.43494 2.65 2.5
      vertex 2.64737 3.35 2.5
      vertex 2.58373 3.47905 2.5
    endloop
  endfacet
  facet normal 0 0 1
    outer loop
      vertex 1.2903 2.94329 2.5
      vertex 2.58373 3.47905 2.5
      vertex 2.53748 3.6153 2.5
    endloop
  endfacet
  facet normal 0 0 1
    outer loop
      vertex 1.18519 3.25295 2.5
      vertex 2.53748 3.6153 2.5
      vertex 2.50941 3.75642 2.5
    endloop
  endfacet
  facet normal 0 0 1
    outer loop
      vertex 1.12139 3.57368 2.5
      vertex 2.50941 3.75642 2.5
      vertex 2.5 3.9 2.5
    endloop
  endfacet
  facet normal 0 0 1
    outer loop
      vertex 2.64737 4.45 2.5
      vertex 1.43494 5.15 2.5
      vertex 2.58373 4.32095 2.5
    endloop
  endfacet
  facet normal 0 0 1
    outer loop
      vertex 3.05 2.94737 2.5
      vertex 2.35 1.73494 2.5
      vertex 2.64329 1.5903 2.5
    endloop
  endfacet
  facet normal -0 0 1
    outer loop
      vertex 1.2903 4.85671 2.5
      vertex 2.58373 4.32095 2.5
      vertex 1.43494 5.15 2.5
    endloop
  endfacet
  facet normal 0 0 1
    outer loop
      vertex 2.93036 3.02731 2.5
      vertex 2.0781 1.91662 2.5
      vertex 2.35 1.73494 2.5
    endloop
  endfacet
  facet normal 0 0 1
    outer loop
      vertex 2.58373 4.32095 2.5
      vertex 1.2903 4.85671 2.5
      vertex 2.53748 4.1847 2.5
    endloop
  endfacet
  facet normal 0 0 1
    outer loop
      vertex 2.82218 3.12218 2.5
      vertex 1.83223 2.13223 2.5
      vertex 2.0781 1.91662 2.5
    endloop
  endfacet
  facet normal -0 0 1
    outer loop
      vertex 1.18519 4.54705 2.5
      vertex 2.53748 4.1847 2.5
      vertex 1.2903 4.85671 2.5
    endloop
  endfacet
  facet normal 0 0 1
    outer loop
      vertex 2.72731 3.23036 2.5
      vertex 1.61662 2.3781 2.5
      vertex 1.83223 2.13223 2.5
    endloop
  endfacet
  facet normal 0 0 1
    outer loop
      vertex 2.53748 4.1847 2.5
      vertex 1.18519 4.54705 2.5
      vertex 2.50941 4.04358 2.5
    endloop
  endfacet
  facet normal 0 0 1
    outer loop
      vertex 2.64737 3.35 2.5
      vertex 1.43494 2.65 2.5
      vertex 1.61662 2.3781 2.5
    endloop
  endfacet
  facet normal -0 0 1
    outer loop
      vertex 1.12139 4.22631 2.5
      vertex 2.50941 4.04358 2.5
      vertex 1.18519 4.54705 2.5
    endloop
  endfacet
  facet normal 0 0 1
    outer loop
      vertex 2.58373 3.47905 2.5
      vertex 1.2903 2.94329 2.5
      vertex 1.43494 2.65 2.5
    endloop
  endfacet
  facet normal 0 0 1
    outer loop
      vertex 2.50941 4.04358 2.5
      vertex 1.12139 4.22631 2.5
      vertex 2.5 3.9 2.5
    endloop
  endfacet
  facet normal 0 0 1
    outer loop
      vertex 2.53748 3.6153 2.5
      vertex 1.18519 3.25295 2.5
      vertex 1.2903 2.94329 2.5
    endloop
  endfacet
  facet normal 0 0 1
    outer loop
      vertex 1.1 3.9 2.5
      vertex 2.5 3.9 2.5
      vertex 1.12139 4.22631 2.5
    endloop
  endfacet
  facet normal 0 0 1
    outer loop
      vertex 2.50941 3.75642 2.5
      vertex 1.12139 3.57368 2.5
      vertex 1.18519 3.25295 2.5
    endloop
  endfacet
  facet normal 0 0 1
    outer loop
      vertex 2.5 3.9 2.5
      vertex 1.1 3.9 2.5
      vertex 1.12139 3.57368 2.5
    endloop
  endfacet
  facet normal -0.896866 0.442302 0
    outer loop
      vertex 1.2903 4.85671 0
      vertex 1.43494 5.15 2.5
      vertex 1.43494 5.15 0
    endloop
  endfacet
  facet normal -0.896866 0.442302 0
    outer loop
      vertex 1.43494 5.15 2.5
      vertex 1.2903 4.85671 0
      vertex 1.2903 4.85671 2.5
    endloop
  endfacet
  facet normal -0.195069 -0.980789 0
    outer loop
      vertex 2.95295 1.48518 0
      vertex 3.27368 1.42139 2.5
      vertex 2.95295 1.48518 2.5
    endloop
  endfacet
  facet normal -0.195069 -0.980789 -0
    outer loop
      vertex 3.27368 1.42139 2.5
      vertex 2.95295 1.48518 0
      vertex 3.27368 1.42139 0
    endloop
  endfacet
  facet normal -0.442302 -0.896866 0
    outer loop
      vertex 2.35 1.73494 0
      vertex 2.64329 1.5903 2.5
      vertex 2.35 1.73494 2.5
    endloop
  endfacet
  facet normal -0.442302 -0.896866 -0
    outer loop
      vertex 2.64329 1.5903 2.5
      vertex 2.35 1.73494 0
      vertex 2.64329 1.5903 0
    endloop
  endfacet
  facet normal -0.896921 -0.442191 0
    outer loop
      vertex 38.0349 25.65 0
      vertex 37.8903 25.9433 2.5
      vertex 37.8903 25.9433 0
    endloop
  endfacet
  facet normal -0.896921 -0.442191 0
    outer loop
      vertex 37.8903 25.9433 2.5
      vertex 38.0349 25.65 0
      vertex 38.0349 25.65 2.5
    endloop
  endfacet
  facet normal 0.32136 -0.946957 0
    outer loop
      vertex 40.847 24.4852 0
      vertex 41.1567 24.5903 2.5
      vertex 40.847 24.4852 2.5
    endloop
  endfacet
  facet normal 0.32136 -0.946957 0
    outer loop
      vertex 41.1567 24.5903 2.5
      vertex 40.847 24.4852 0
      vertex 41.1567 24.5903 0
    endloop
  endfacet
  facet normal 0.98078 0.195116 0
    outer loop
      vertex 42.6786 27.2263 2.5
      vertex 42.6148 27.547 0
      vertex 42.6148 27.547 2.5
    endloop
  endfacet
  facet normal 0.98078 0.195116 0
    outer loop
      vertex 42.6148 27.547 0
      vertex 42.6786 27.2263 2.5
      vertex 42.6786 27.2263 0
    endloop
  endfacet
  facet normal 0.997856 0.0654432 0
    outer loop
      vertex 42.7 26.9 2.5
      vertex 42.6786 27.2263 0
      vertex 42.6786 27.2263 2.5
    endloop
  endfacet
  facet normal 0.997856 0.0654432 0
    outer loop
      vertex 42.6786 27.2263 0
      vertex 42.7 26.9 2.5
      vertex 42.7 26.9 0
    endloop
  endfacet
  facet normal 0.946957 0.32136 0
    outer loop
      vertex 42.6148 27.547 2.5
      vertex 42.5097 27.8567 0
      vertex 42.5097 27.8567 2.5
    endloop
  endfacet
  facet normal 0.946957 0.32136 0
    outer loop
      vertex 42.5097 27.8567 0
      vertex 42.6148 27.547 2.5
      vertex 42.6148 27.547 0
    endloop
  endfacet
  facet normal 0.831438 0.555617 0
    outer loop
      vertex 42.3651 28.15 2.5
      vertex 42.1834 28.4219 0
      vertex 42.1834 28.4219 2.5
    endloop
  endfacet
  facet normal 0.831438 0.555617 0
    outer loop
      vertex 42.1834 28.4219 0
      vertex 42.3651 28.15 2.5
      vertex 42.3651 28.15 0
    endloop
  endfacet
  facet normal -0.32136 0.946957 0
    outer loop
      vertex 39.553 29.3148 0
      vertex 39.2433 29.2097 2.5
      vertex 39.553 29.3148 2.5
    endloop
  endfacet
  facet normal -0.32136 0.946957 0
    outer loop
      vertex 39.2433 29.2097 2.5
      vertex 39.553 29.3148 0
      vertex 39.2433 29.2097 0
    endloop
  endfacet
  facet normal 0.32136 0.946957 -0
    outer loop
      vertex 41.1567 29.2097 0
      vertex 40.847 29.3148 2.5
      vertex 41.1567 29.2097 2.5
    endloop
  endfacet
  facet normal 0.32136 0.946957 0
    outer loop
      vertex 40.847 29.3148 2.5
      vertex 41.1567 29.2097 0
      vertex 40.847 29.3148 0
    endloop
  endfacet
  facet normal -0.997856 0.0654432 0
    outer loop
      vertex 37.7 26.9 0
      vertex 37.7214 27.2263 2.5
      vertex 37.7214 27.2263 0
    endloop
  endfacet
  facet normal -0.997856 0.0654432 0
    outer loop
      vertex 37.7214 27.2263 2.5
      vertex 37.7 26.9 0
      vertex 37.7 26.9 2.5
    endloop
  endfacet
  facet normal -0.997856 -0.0654432 0
    outer loop
      vertex 37.7214 26.5737 0
      vertex 37.7 26.9 2.5
      vertex 37.7 26.9 0
    endloop
  endfacet
  facet normal -0.997856 -0.0654432 0
    outer loop
      vertex 37.7 26.9 2.5
      vertex 37.7214 26.5737 0
      vertex 37.7214 26.5737 2.5
    endloop
  endfacet
  facet normal 0.896921 0.442191 0
    outer loop
      vertex 42.5097 27.8567 2.5
      vertex 42.3651 28.15 0
      vertex 42.3651 28.15 2.5
    endloop
  endfacet
  facet normal 0.896921 0.442191 0
    outer loop
      vertex 42.3651 28.15 0
      vertex 42.5097 27.8567 2.5
      vertex 42.5097 27.8567 0
    endloop
  endfacet
  facet normal -0.946957 -0.32136 0
    outer loop
      vertex 37.8903 25.9433 0
      vertex 37.7852 26.253 2.5
      vertex 37.7852 26.253 0
    endloop
  endfacet
  facet normal -0.946957 -0.32136 0
    outer loop
      vertex 37.7852 26.253 2.5
      vertex 37.8903 25.9433 0
      vertex 37.8903 25.9433 2.5
    endloop
  endfacet
  facet normal 0.997856 -0.0654432 0
    outer loop
      vertex 42.6786 26.5737 2.5
      vertex 42.7 26.9 0
      vertex 42.7 26.9 2.5
    endloop
  endfacet
  facet normal 0.997856 -0.0654432 0
    outer loop
      vertex 42.7 26.9 0
      vertex 42.6786 26.5737 2.5
      vertex 42.6786 26.5737 0
    endloop
  endfacet
  facet normal -0.442191 -0.896921 0
    outer loop
      vertex 38.95 24.7349 0
      vertex 39.2433 24.5903 2.5
      vertex 38.95 24.7349 2.5
    endloop
  endfacet
  facet normal -0.442191 -0.896921 -0
    outer loop
      vertex 39.2433 24.5903 2.5
      vertex 38.95 24.7349 0
      vertex 39.2433 24.5903 0
    endloop
  endfacet
  facet normal 0.751913 -0.659262 0
    outer loop
      vertex 41.9678 25.1322 2.5
      vertex 42.1834 25.3781 0
      vertex 42.1834 25.3781 2.5
    endloop
  endfacet
  facet normal 0.751913 -0.659262 0
    outer loop
      vertex 42.1834 25.3781 0
      vertex 41.9678 25.1322 2.5
      vertex 41.9678 25.1322 0
    endloop
  endfacet
  facet normal -0.555617 -0.831438 0
    outer loop
      vertex 38.6781 24.9166 0
      vertex 38.95 24.7349 2.5
      vertex 38.6781 24.9166 2.5
    endloop
  endfacet
  facet normal -0.555617 -0.831438 -0
    outer loop
      vertex 38.95 24.7349 2.5
      vertex 38.6781 24.9166 0
      vertex 38.95 24.7349 0
    endloop
  endfacet
  facet normal -0.751913 0.659262 0
    outer loop
      vertex 38.2166 28.4219 0
      vertex 38.4322 28.6678 2.5
      vertex 38.4322 28.6678 0
    endloop
  endfacet
  facet normal -0.751913 0.659262 0
    outer loop
      vertex 38.4322 28.6678 2.5
      vertex 38.2166 28.4219 0
      vertex 38.2166 28.4219 2.5
    endloop
  endfacet
  facet normal -0.0654432 -0.997856 0
    outer loop
      vertex 39.8737 24.4214 0
      vertex 40.2 24.4 2.5
      vertex 39.8737 24.4214 2.5
    endloop
  endfacet
  facet normal -0.0654432 -0.997856 -0
    outer loop
      vertex 40.2 24.4 2.5
      vertex 39.8737 24.4214 0
      vertex 40.2 24.4 0
    endloop
  endfacet
  facet normal 0.946957 -0.32136 0
    outer loop
      vertex 42.5097 25.9433 2.5
      vertex 42.6148 26.253 0
      vertex 42.6148 26.253 2.5
    endloop
  endfacet
  facet normal 0.946957 -0.32136 0
    outer loop
      vertex 42.6148 26.253 0
      vertex 42.5097 25.9433 2.5
      vertex 42.5097 25.9433 0
    endloop
  endfacet
  facet normal 0.555617 0.831438 -0
    outer loop
      vertex 41.7219 28.8834 0
      vertex 41.45 29.0651 2.5
      vertex 41.7219 28.8834 2.5
    endloop
  endfacet
  facet normal 0.555617 0.831438 0
    outer loop
      vertex 41.45 29.0651 2.5
      vertex 41.7219 28.8834 0
      vertex 41.45 29.0651 0
    endloop
  endfacet
  facet normal 0.555617 -0.831438 0
    outer loop
      vertex 41.45 24.7349 0
      vertex 41.7219 24.9166 2.5
      vertex 41.45 24.7349 2.5
    endloop
  endfacet
  facet normal 0.555617 -0.831438 0
    outer loop
      vertex 41.7219 24.9166 2.5
      vertex 41.45 24.7349 0
      vertex 41.7219 24.9166 0
    endloop
  endfacet
  facet normal -0.555617 0.831438 0
    outer loop
      vertex 38.95 29.0651 0
      vertex 38.6781 28.8834 2.5
      vertex 38.95 29.0651 2.5
    endloop
  endfacet
  facet normal -0.555617 0.831438 0
    outer loop
      vertex 38.6781 28.8834 2.5
      vertex 38.95 29.0651 0
      vertex 38.6781 28.8834 0
    endloop
  endfacet
  facet normal 0.442191 -0.896921 0
    outer loop
      vertex 41.1567 24.5903 0
      vertex 41.45 24.7349 2.5
      vertex 41.1567 24.5903 2.5
    endloop
  endfacet
  facet normal 0.442191 -0.896921 0
    outer loop
      vertex 41.45 24.7349 2.5
      vertex 41.1567 24.5903 0
      vertex 41.45 24.7349 0
    endloop
  endfacet
  facet normal -0.442191 0.896921 0
    outer loop
      vertex 39.2433 29.2097 0
      vertex 38.95 29.0651 2.5
      vertex 39.2433 29.2097 2.5
    endloop
  endfacet
  facet normal -0.442191 0.896921 0
    outer loop
      vertex 38.95 29.0651 2.5
      vertex 39.2433 29.2097 0
      vertex 38.95 29.0651 0
    endloop
  endfacet
  facet normal 0.195116 -0.98078 0
    outer loop
      vertex 40.5263 24.4214 0
      vertex 40.847 24.4852 2.5
      vertex 40.5263 24.4214 2.5
    endloop
  endfacet
  facet normal 0.195116 -0.98078 0
    outer loop
      vertex 40.847 24.4852 2.5
      vertex 40.5263 24.4214 0
      vertex 40.847 24.4852 0
    endloop
  endfacet
  facet normal 0.659262 0.751913 -0
    outer loop
      vertex 41.9678 28.6678 0
      vertex 41.7219 28.8834 2.5
      vertex 41.9678 28.6678 2.5
    endloop
  endfacet
  facet normal 0.659262 0.751913 0
    outer loop
      vertex 41.7219 28.8834 2.5
      vertex 41.9678 28.6678 0
      vertex 41.7219 28.8834 0
    endloop
  endfacet
  facet normal -0.659262 0.751913 0
    outer loop
      vertex 38.6781 28.8834 0
      vertex 38.4322 28.6678 2.5
      vertex 38.6781 28.8834 2.5
    endloop
  endfacet
  facet normal -0.659262 0.751913 0
    outer loop
      vertex 38.4322 28.6678 2.5
      vertex 38.6781 28.8834 0
      vertex 38.4322 28.6678 0
    endloop
  endfacet
  facet normal -0.751913 -0.659262 0
    outer loop
      vertex 38.4322 25.1322 0
      vertex 38.2166 25.3781 2.5
      vertex 38.2166 25.3781 0
    endloop
  endfacet
  facet normal -0.751913 -0.659262 0
    outer loop
      vertex 38.2166 25.3781 2.5
      vertex 38.4322 25.1322 0
      vertex 38.4322 25.1322 2.5
    endloop
  endfacet
  facet normal 0.442191 0.896921 -0
    outer loop
      vertex 41.45 29.0651 0
      vertex 41.1567 29.2097 2.5
      vertex 41.45 29.0651 2.5
    endloop
  endfacet
  facet normal 0.442191 0.896921 0
    outer loop
      vertex 41.1567 29.2097 2.5
      vertex 41.45 29.0651 0
      vertex 41.1567 29.2097 0
    endloop
  endfacet
  facet normal -0.0654432 0.997856 0
    outer loop
      vertex 40.2 29.4 0
      vertex 39.8737 29.3786 2.5
      vertex 40.2 29.4 2.5
    endloop
  endfacet
  facet normal -0.0654432 0.997856 0
    outer loop
      vertex 39.8737 29.3786 2.5
      vertex 40.2 29.4 0
      vertex 39.8737 29.3786 0
    endloop
  endfacet
  facet normal 0.751913 0.659262 0
    outer loop
      vertex 42.1834 28.4219 2.5
      vertex 41.9678 28.6678 0
      vertex 41.9678 28.6678 2.5
    endloop
  endfacet
  facet normal 0.751913 0.659262 0
    outer loop
      vertex 41.9678 28.6678 0
      vertex 42.1834 28.4219 2.5
      vertex 42.1834 28.4219 0
    endloop
  endfacet
  facet normal 0 0 1
    outer loop
      vertex 41.3 26.9 2.5
      vertex 42.7 26.9 2.5
      vertex 42.6786 27.2263 2.5
    endloop
  endfacet
  facet normal 0 0 1
    outer loop
      vertex 41.2906 27.0436 2.5
      vertex 42.6786 27.2263 2.5
      vertex 42.6148 27.547 2.5
    endloop
  endfacet
  facet normal 0 0 1
    outer loop
      vertex 42.7 26.9 2.5
      vertex 41.3 26.9 2.5
      vertex 42.6786 26.5737 2.5
    endloop
  endfacet
  facet normal 0 0 1
    outer loop
      vertex 41.2625 27.1847 2.5
      vertex 42.6148 27.547 2.5
      vertex 42.5097 27.8567 2.5
    endloop
  endfacet
  facet normal -0 0 1
    outer loop
      vertex 41.2906 26.7564 2.5
      vertex 42.6786 26.5737 2.5
      vertex 41.3 26.9 2.5
    endloop
  endfacet
  facet normal 0 0 1
    outer loop
      vertex 41.2163 27.321 2.5
      vertex 42.5097 27.8567 2.5
      vertex 42.3651 28.15 2.5
    endloop
  endfacet
  facet normal 0 0 1
    outer loop
      vertex 42.6786 26.5737 2.5
      vertex 41.2906 26.7564 2.5
      vertex 42.6148 26.253 2.5
    endloop
  endfacet
  facet normal 0 0 1
    outer loop
      vertex 41.1526 27.45 2.5
      vertex 42.3651 28.15 2.5
      vertex 42.1834 28.4219 2.5
    endloop
  endfacet
  facet normal -0 0 1
    outer loop
      vertex 41.2625 26.6153 2.5
      vertex 42.6148 26.253 2.5
      vertex 41.2906 26.7564 2.5
    endloop
  endfacet
  facet normal 0 0 1
    outer loop
      vertex 41.0727 27.5696 2.5
      vertex 42.1834 28.4219 2.5
      vertex 41.9678 28.6678 2.5
    endloop
  endfacet
  facet normal 0 0 1
    outer loop
      vertex 42.6148 26.253 2.5
      vertex 41.2625 26.6153 2.5
      vertex 42.5097 25.9433 2.5
    endloop
  endfacet
  facet normal 0 0 1
    outer loop
      vertex 40.9778 27.6778 2.5
      vertex 41.9678 28.6678 2.5
      vertex 41.7219 28.8834 2.5
    endloop
  endfacet
  facet normal -0 0 1
    outer loop
      vertex 41.2163 26.479 2.5
      vertex 42.5097 25.9433 2.5
      vertex 41.2625 26.6153 2.5
    endloop
  endfacet
  facet normal 0 0 1
    outer loop
      vertex 40.8696 27.7727 2.5
      vertex 41.7219 28.8834 2.5
      vertex 41.45 29.0651 2.5
    endloop
  endfacet
  facet normal 0 0 1
    outer loop
      vertex 42.5097 25.9433 2.5
      vertex 41.2163 26.479 2.5
      vertex 42.3651 25.65 2.5
    endloop
  endfacet
  facet normal -0 0 1
    outer loop
      vertex 41.1526 26.35 2.5
      vertex 42.3651 25.65 2.5
      vertex 41.2163 26.479 2.5
    endloop
  endfacet
  facet normal 0 0 1
    outer loop
      vertex 42.6786 27.2263 2.5
      vertex 41.2906 27.0436 2.5
      vertex 41.3 26.9 2.5
    endloop
  endfacet
  facet normal 0 0 1
    outer loop
      vertex 42.6148 27.547 2.5
      vertex 41.2625 27.1847 2.5
      vertex 41.2906 27.0436 2.5
    endloop
  endfacet
  facet normal 0 0 1
    outer loop
      vertex 42.5097 27.8567 2.5
      vertex 41.2163 27.321 2.5
      vertex 41.2625 27.1847 2.5
    endloop
  endfacet
  facet normal 0 0 1
    outer loop
      vertex 40.75 27.8526 2.5
      vertex 41.45 29.0651 2.5
      vertex 41.1567 29.2097 2.5
    endloop
  endfacet
  facet normal 0 0 1
    outer loop
      vertex 42.3651 28.15 2.5
      vertex 41.1526 27.45 2.5
      vertex 41.2163 27.321 2.5
    endloop
  endfacet
  facet normal 0 0 1
    outer loop
      vertex 42.1834 28.4219 2.5
      vertex 41.0727 27.5696 2.5
      vertex 41.1526 27.45 2.5
    endloop
  endfacet
  facet normal 0 0 1
    outer loop
      vertex 41.9678 28.6678 2.5
      vertex 40.9778 27.6778 2.5
      vertex 41.0727 27.5696 2.5
    endloop
  endfacet
  facet normal 0 0 1
    outer loop
      vertex 41.7219 28.8834 2.5
      vertex 40.8696 27.7727 2.5
      vertex 40.9778 27.6778 2.5
    endloop
  endfacet
  facet normal 0 0 1
    outer loop
      vertex 40.621 27.9163 2.5
      vertex 41.1567 29.2097 2.5
      vertex 40.847 29.3148 2.5
    endloop
  endfacet
  facet normal 0 0 1
    outer loop
      vertex 41.45 29.0651 2.5
      vertex 40.75 27.8526 2.5
      vertex 40.8696 27.7727 2.5
    endloop
  endfacet
  facet normal 0 0 1
    outer loop
      vertex 41.1567 29.2097 2.5
      vertex 40.621 27.9163 2.5
      vertex 40.75 27.8526 2.5
    endloop
  endfacet
  facet normal 0 0 1
    outer loop
      vertex 40.4847 27.9625 2.5
      vertex 40.847 29.3148 2.5
      vertex 40.5263 29.3786 2.5
    endloop
  endfacet
  facet normal 0 0 1
    outer loop
      vertex 40.847 29.3148 2.5
      vertex 40.4847 27.9625 2.5
      vertex 40.621 27.9163 2.5
    endloop
  endfacet
  facet normal 0 0 1
    outer loop
      vertex 40.5263 29.3786 2.5
      vertex 40.3436 27.9906 2.5
      vertex 40.4847 27.9625 2.5
    endloop
  endfacet
  facet normal 0 0 1
    outer loop
      vertex 40.2 29.4 2.5
      vertex 40.3436 27.9906 2.5
      vertex 40.5263 29.3786 2.5
    endloop
  endfacet
  facet normal 0 0 1
    outer loop
      vertex 40.2 29.4 2.5
      vertex 40.2 28 2.5
      vertex 40.3436 27.9906 2.5
    endloop
  endfacet
  facet normal 0 0 1
    outer loop
      vertex 40.2 29.4 2.5
      vertex 40.0564 27.9906 2.5
      vertex 40.2 28 2.5
    endloop
  endfacet
  facet normal -0 0 1
    outer loop
      vertex 39.8737 29.3786 2.5
      vertex 40.0564 27.9906 2.5
      vertex 40.2 29.4 2.5
    endloop
  endfacet
  facet normal 0 0 1
    outer loop
      vertex 40.0564 27.9906 2.5
      vertex 39.8737 29.3786 2.5
      vertex 39.9153 27.9625 2.5
    endloop
  endfacet
  facet normal -0 0 1
    outer loop
      vertex 39.553 29.3148 2.5
      vertex 39.9153 27.9625 2.5
      vertex 39.8737 29.3786 2.5
    endloop
  endfacet
  facet normal 0 0 1
    outer loop
      vertex 39.9153 27.9625 2.5
      vertex 39.553 29.3148 2.5
      vertex 39.779 27.9163 2.5
    endloop
  endfacet
  facet normal -0 0 1
    outer loop
      vertex 39.2433 29.2097 2.5
      vertex 39.779 27.9163 2.5
      vertex 39.553 29.3148 2.5
    endloop
  endfacet
  facet normal 0 0 1
    outer loop
      vertex 39.779 27.9163 2.5
      vertex 39.2433 29.2097 2.5
      vertex 39.65 27.8526 2.5
    endloop
  endfacet
  facet normal -0 0 1
    outer loop
      vertex 38.95 29.0651 2.5
      vertex 39.65 27.8526 2.5
      vertex 39.2433 29.2097 2.5
    endloop
  endfacet
  facet normal 0 0 1
    outer loop
      vertex 39.65 27.8526 2.5
      vertex 38.95 29.0651 2.5
      vertex 39.5304 27.7727 2.5
    endloop
  endfacet
  facet normal -0 0 1
    outer loop
      vertex 38.6781 28.8834 2.5
      vertex 39.5304 27.7727 2.5
      vertex 38.95 29.0651 2.5
    endloop
  endfacet
  facet normal 0 0 1
    outer loop
      vertex 39.5304 27.7727 2.5
      vertex 38.6781 28.8834 2.5
      vertex 39.4222 27.6778 2.5
    endloop
  endfacet
  facet normal -0 0 1
    outer loop
      vertex 38.4322 28.6678 2.5
      vertex 39.4222 27.6778 2.5
      vertex 38.6781 28.8834 2.5
    endloop
  endfacet
  facet normal 0 0 1
    outer loop
      vertex 39.4222 27.6778 2.5
      vertex 38.4322 28.6678 2.5
      vertex 39.3273 27.5696 2.5
    endloop
  endfacet
  facet normal -0 0 1
    outer loop
      vertex 38.2166 28.4219 2.5
      vertex 39.3273 27.5696 2.5
      vertex 38.4322 28.6678 2.5
    endloop
  endfacet
  facet normal 0 0 1
    outer loop
      vertex 39.3273 27.5696 2.5
      vertex 38.2166 28.4219 2.5
      vertex 39.2474 27.45 2.5
    endloop
  endfacet
  facet normal -0 0 1
    outer loop
      vertex 38.0349 28.15 2.5
      vertex 39.2474 27.45 2.5
      vertex 38.2166 28.4219 2.5
    endloop
  endfacet
  facet normal 0 0 1
    outer loop
      vertex 42.3651 25.65 2.5
      vertex 41.1526 26.35 2.5
      vertex 42.1834 25.3781 2.5
    endloop
  endfacet
  facet normal -0 0 1
    outer loop
      vertex 41.0727 26.2304 2.5
      vertex 42.1834 25.3781 2.5
      vertex 41.1526 26.35 2.5
    endloop
  endfacet
  facet normal 0 0 1
    outer loop
      vertex 42.1834 25.3781 2.5
      vertex 41.0727 26.2304 2.5
      vertex 41.9678 25.1322 2.5
    endloop
  endfacet
  facet normal -0 0 1
    outer loop
      vertex 40.9778 26.1222 2.5
      vertex 41.9678 25.1322 2.5
      vertex 41.0727 26.2304 2.5
    endloop
  endfacet
  facet normal 0 0 1
    outer loop
      vertex 41.9678 25.1322 2.5
      vertex 40.9778 26.1222 2.5
      vertex 41.7219 24.9166 2.5
    endloop
  endfacet
  facet normal -0 0 1
    outer loop
      vertex 40.8696 26.0273 2.5
      vertex 41.7219 24.9166 2.5
      vertex 40.9778 26.1222 2.5
    endloop
  endfacet
  facet normal 0 0 1
    outer loop
      vertex 41.7219 24.9166 2.5
      vertex 40.8696 26.0273 2.5
      vertex 41.45 24.7349 2.5
    endloop
  endfacet
  facet normal -0 0 1
    outer loop
      vertex 40.75 25.9474 2.5
      vertex 41.45 24.7349 2.5
      vertex 40.8696 26.0273 2.5
    endloop
  endfacet
  facet normal 0 0 1
    outer loop
      vertex 41.45 24.7349 2.5
      vertex 40.75 25.9474 2.5
      vertex 41.1567 24.5903 2.5
    endloop
  endfacet
  facet normal -0 0 1
    outer loop
      vertex 40.621 25.8837 2.5
      vertex 41.1567 24.5903 2.5
      vertex 40.75 25.9474 2.5
    endloop
  endfacet
  facet normal 0 0 1
    outer loop
      vertex 41.1567 24.5903 2.5
      vertex 40.621 25.8837 2.5
      vertex 40.847 24.4852 2.5
    endloop
  endfacet
  facet normal -0 0 1
    outer loop
      vertex 40.4847 25.8375 2.5
      vertex 40.847 24.4852 2.5
      vertex 40.621 25.8837 2.5
    endloop
  endfacet
  facet normal 0 0 1
    outer loop
      vertex 40.847 24.4852 2.5
      vertex 40.4847 25.8375 2.5
      vertex 40.5263 24.4214 2.5
    endloop
  endfacet
  facet normal -0 0 1
    outer loop
      vertex 40.3436 25.8094 2.5
      vertex 40.5263 24.4214 2.5
      vertex 40.4847 25.8375 2.5
    endloop
  endfacet
  facet normal -0 0 1
    outer loop
      vertex 40.2 25.8 2.5
      vertex 40.5263 24.4214 2.5
      vertex 40.3436 25.8094 2.5
    endloop
  endfacet
  facet normal 0 0 1
    outer loop
      vertex 40.2 25.8 2.5
      vertex 40.2 24.4 2.5
      vertex 40.5263 24.4214 2.5
    endloop
  endfacet
  facet normal 0 0 1
    outer loop
      vertex 40.0564 25.8094 2.5
      vertex 40.2 24.4 2.5
      vertex 40.2 25.8 2.5
    endloop
  endfacet
  facet normal 0 0 1
    outer loop
      vertex 39.8737 24.4214 2.5
      vertex 40.0564 25.8094 2.5
      vertex 39.9153 25.8375 2.5
    endloop
  endfacet
  facet normal 0 0 1
    outer loop
      vertex 40.0564 25.8094 2.5
      vertex 39.8737 24.4214 2.5
      vertex 40.2 24.4 2.5
    endloop
  endfacet
  facet normal 0 0 1
    outer loop
      vertex 39.553 24.4852 2.5
      vertex 39.9153 25.8375 2.5
      vertex 39.779 25.8837 2.5
    endloop
  endfacet
  facet normal 0 0 1
    outer loop
      vertex 39.2433 24.5903 2.5
      vertex 39.779 25.8837 2.5
      vertex 39.65 25.9474 2.5
    endloop
  endfacet
  facet normal 0 0 1
    outer loop
      vertex 39.9153 25.8375 2.5
      vertex 39.553 24.4852 2.5
      vertex 39.8737 24.4214 2.5
    endloop
  endfacet
  facet normal 0 0 1
    outer loop
      vertex 38.95 24.7349 2.5
      vertex 39.65 25.9474 2.5
      vertex 39.5304 26.0273 2.5
    endloop
  endfacet
  facet normal 0 0 1
    outer loop
      vertex 38.6781 24.9166 2.5
      vertex 39.5304 26.0273 2.5
      vertex 39.4222 26.1222 2.5
    endloop
  endfacet
  facet normal 0 0 1
    outer loop
      vertex 38.4322 25.1322 2.5
      vertex 39.4222 26.1222 2.5
      vertex 39.3273 26.2304 2.5
    endloop
  endfacet
  facet normal 0 0 1
    outer loop
      vertex 38.2166 25.3781 2.5
      vertex 39.3273 26.2304 2.5
      vertex 39.2474 26.35 2.5
    endloop
  endfacet
  facet normal 0 0 1
    outer loop
      vertex 39.779 25.8837 2.5
      vertex 39.2433 24.5903 2.5
      vertex 39.553 24.4852 2.5
    endloop
  endfacet
  facet normal 0 0 1
    outer loop
      vertex 38.0349 25.65 2.5
      vertex 39.2474 26.35 2.5
      vertex 39.1837 26.479 2.5
    endloop
  endfacet
  facet normal 0 0 1
    outer loop
      vertex 37.8903 25.9433 2.5
      vertex 39.1837 26.479 2.5
      vertex 39.1375 26.6153 2.5
    endloop
  endfacet
  facet normal 0 0 1
    outer loop
      vertex 37.7852 26.253 2.5
      vertex 39.1375 26.6153 2.5
      vertex 39.1094 26.7564 2.5
    endloop
  endfacet
  facet normal 0 0 1
    outer loop
      vertex 37.7214 26.5737 2.5
      vertex 39.1094 26.7564 2.5
      vertex 39.1 26.9 2.5
    endloop
  endfacet
  facet normal 0 0 1
    outer loop
      vertex 39.2474 27.45 2.5
      vertex 38.0349 28.15 2.5
      vertex 39.1837 27.321 2.5
    endloop
  endfacet
  facet normal 0 0 1
    outer loop
      vertex 39.65 25.9474 2.5
      vertex 38.95 24.7349 2.5
      vertex 39.2433 24.5903 2.5
    endloop
  endfacet
  facet normal -0 0 1
    outer loop
      vertex 37.8903 27.8567 2.5
      vertex 39.1837 27.321 2.5
      vertex 38.0349 28.15 2.5
    endloop
  endfacet
  facet normal 0 0 1
    outer loop
      vertex 39.5304 26.0273 2.5
      vertex 38.6781 24.9166 2.5
      vertex 38.95 24.7349 2.5
    endloop
  endfacet
  facet normal 0 0 1
    outer loop
      vertex 39.1837 27.321 2.5
      vertex 37.8903 27.8567 2.5
      vertex 39.1375 27.1847 2.5
    endloop
  endfacet
  facet normal 0 0 1
    outer loop
      vertex 39.4222 26.1222 2.5
      vertex 38.4322 25.1322 2.5
      vertex 38.6781 24.9166 2.5
    endloop
  endfacet
  facet normal -0 0 1
    outer loop
      vertex 37.7852 27.547 2.5
      vertex 39.1375 27.1847 2.5
      vertex 37.8903 27.8567 2.5
    endloop
  endfacet
  facet normal 0 0 1
    outer loop
      vertex 39.3273 26.2304 2.5
      vertex 38.2166 25.3781 2.5
      vertex 38.4322 25.1322 2.5
    endloop
  endfacet
  facet normal 0 0 1
    outer loop
      vertex 39.1375 27.1847 2.5
      vertex 37.7852 27.547 2.5
      vertex 39.1094 27.0436 2.5
    endloop
  endfacet
  facet normal 0 0 1
    outer loop
      vertex 39.2474 26.35 2.5
      vertex 38.0349 25.65 2.5
      vertex 38.2166 25.3781 2.5
    endloop
  endfacet
  facet normal -0 0 1
    outer loop
      vertex 37.7214 27.2263 2.5
      vertex 39.1094 27.0436 2.5
      vertex 37.7852 27.547 2.5
    endloop
  endfacet
  facet normal 0 0 1
    outer loop
      vertex 39.1837 26.479 2.5
      vertex 37.8903 25.9433 2.5
      vertex 38.0349 25.65 2.5
    endloop
  endfacet
  facet normal 0 0 1
    outer loop
      vertex 39.1094 27.0436 2.5
      vertex 37.7214 27.2263 2.5
      vertex 39.1 26.9 2.5
    endloop
  endfacet
  facet normal 0 0 1
    outer loop
      vertex 39.1375 26.6153 2.5
      vertex 37.7852 26.253 2.5
      vertex 37.8903 25.9433 2.5
    endloop
  endfacet
  facet normal 0 0 1
    outer loop
      vertex 37.7 26.9 2.5
      vertex 39.1 26.9 2.5
      vertex 37.7214 27.2263 2.5
    endloop
  endfacet
  facet normal 0 0 1
    outer loop
      vertex 39.1094 26.7564 2.5
      vertex 37.7214 26.5737 2.5
      vertex 37.7852 26.253 2.5
    endloop
  endfacet
  facet normal 0 0 1
    outer loop
      vertex 39.1 26.9 2.5
      vertex 37.7 26.9 2.5
      vertex 37.7214 26.5737 2.5
    endloop
  endfacet
  facet normal -0.831438 0.555617 0
    outer loop
      vertex 38.0349 28.15 0
      vertex 38.2166 28.4219 2.5
      vertex 38.2166 28.4219 0
    endloop
  endfacet
  facet normal -0.831438 0.555617 0
    outer loop
      vertex 38.2166 28.4219 2.5
      vertex 38.0349 28.15 0
      vertex 38.0349 28.15 2.5
    endloop
  endfacet
  facet normal -0.195116 0.98078 0
    outer loop
      vertex 39.8737 29.3786 0
      vertex 39.553 29.3148 2.5
      vertex 39.8737 29.3786 2.5
    endloop
  endfacet
  facet normal -0.195116 0.98078 0
    outer loop
      vertex 39.553 29.3148 2.5
      vertex 39.8737 29.3786 0
      vertex 39.553 29.3148 0
    endloop
  endfacet
  facet normal 0.831438 -0.555617 0
    outer loop
      vertex 42.1834 25.3781 2.5
      vertex 42.3651 25.65 0
      vertex 42.3651 25.65 2.5
    endloop
  endfacet
  facet normal 0.831438 -0.555617 0
    outer loop
      vertex 42.3651 25.65 0
      vertex 42.1834 25.3781 2.5
      vertex 42.1834 25.3781 0
    endloop
  endfacet
  facet normal 0.0654432 0.997856 -0
    outer loop
      vertex 40.5263 29.3786 0
      vertex 40.2 29.4 2.5
      vertex 40.5263 29.3786 2.5
    endloop
  endfacet
  facet normal 0.0654432 0.997856 0
    outer loop
      vertex 40.2 29.4 2.5
      vertex 40.5263 29.3786 0
      vertex 40.2 29.4 0
    endloop
  endfacet
  facet normal -0.195116 -0.98078 0
    outer loop
      vertex 39.553 24.4852 0
      vertex 39.8737 24.4214 2.5
      vertex 39.553 24.4852 2.5
    endloop
  endfacet
  facet normal -0.195116 -0.98078 -0
    outer loop
      vertex 39.8737 24.4214 2.5
      vertex 39.553 24.4852 0
      vertex 39.8737 24.4214 0
    endloop
  endfacet
  facet normal -0.946957 0.32136 0
    outer loop
      vertex 37.7852 27.547 0
      vertex 37.8903 27.8567 2.5
      vertex 37.8903 27.8567 0
    endloop
  endfacet
  facet normal -0.946957 0.32136 0
    outer loop
      vertex 37.8903 27.8567 2.5
      vertex 37.7852 27.547 0
      vertex 37.7852 27.547 2.5
    endloop
  endfacet
  facet normal 0.0654432 -0.997856 0
    outer loop
      vertex 40.2 24.4 0
      vertex 40.5263 24.4214 2.5
      vertex 40.2 24.4 2.5
    endloop
  endfacet
  facet normal 0.0654432 -0.997856 0
    outer loop
      vertex 40.5263 24.4214 2.5
      vertex 40.2 24.4 0
      vertex 40.5263 24.4214 0
    endloop
  endfacet
  facet normal -0.831438 -0.555617 0
    outer loop
      vertex 38.2166 25.3781 0
      vertex 38.0349 25.65 2.5
      vertex 38.0349 25.65 0
    endloop
  endfacet
  facet normal -0.831438 -0.555617 0
    outer loop
      vertex 38.0349 25.65 2.5
      vertex 38.2166 25.3781 0
      vertex 38.2166 25.3781 2.5
    endloop
  endfacet
  facet normal -0.98078 -0.195116 0
    outer loop
      vertex 37.7852 26.253 0
      vertex 37.7214 26.5737 2.5
      vertex 37.7214 26.5737 0
    endloop
  endfacet
  facet normal -0.98078 -0.195116 0
    outer loop
      vertex 37.7214 26.5737 2.5
      vertex 37.7852 26.253 0
      vertex 37.7852 26.253 2.5
    endloop
  endfacet
  facet normal 0.896921 -0.442191 0
    outer loop
      vertex 42.3651 25.65 2.5
      vertex 42.5097 25.9433 0
      vertex 42.5097 25.9433 2.5
    endloop
  endfacet
  facet normal 0.896921 -0.442191 0
    outer loop
      vertex 42.5097 25.9433 0
      vertex 42.3651 25.65 2.5
      vertex 42.3651 25.65 0
    endloop
  endfacet
  facet normal -0.659262 -0.751913 0
    outer loop
      vertex 38.4322 25.1322 0
      vertex 38.6781 24.9166 2.5
      vertex 38.4322 25.1322 2.5
    endloop
  endfacet
  facet normal -0.659262 -0.751913 -0
    outer loop
      vertex 38.6781 24.9166 2.5
      vertex 38.4322 25.1322 0
      vertex 38.6781 24.9166 0
    endloop
  endfacet
  facet normal 0.98078 -0.195116 0
    outer loop
      vertex 42.6148 26.253 2.5
      vertex 42.6786 26.5737 0
      vertex 42.6786 26.5737 2.5
    endloop
  endfacet
  facet normal 0.98078 -0.195116 0
    outer loop
      vertex 42.6786 26.5737 0
      vertex 42.6148 26.253 2.5
      vertex 42.6148 26.253 0
    endloop
  endfacet
  facet normal -0.98078 0.195116 0
    outer loop
      vertex 37.7214 27.2263 0
      vertex 37.7852 27.547 2.5
      vertex 37.7852 27.547 0
    endloop
  endfacet
  facet normal -0.98078 0.195116 0
    outer loop
      vertex 37.7852 27.547 2.5
      vertex 37.7214 27.2263 0
      vertex 37.7214 27.2263 2.5
    endloop
  endfacet
  facet normal -0.896921 0.442191 0
    outer loop
      vertex 37.8903 27.8567 0
      vertex 38.0349 28.15 2.5
      vertex 38.0349 28.15 0
    endloop
  endfacet
  facet normal -0.896921 0.442191 0
    outer loop
      vertex 38.0349 28.15 2.5
      vertex 37.8903 27.8567 0
      vertex 37.8903 27.8567 2.5
    endloop
  endfacet
  facet normal 0.659262 -0.751913 0
    outer loop
      vertex 41.7219 24.9166 0
      vertex 41.9678 25.1322 2.5
      vertex 41.7219 24.9166 2.5
    endloop
  endfacet
  facet normal 0.659262 -0.751913 0
    outer loop
      vertex 41.9678 25.1322 2.5
      vertex 41.7219 24.9166 0
      vertex 41.9678 25.1322 0
    endloop
  endfacet
  facet normal -0.32136 -0.946957 0
    outer loop
      vertex 39.2433 24.5903 0
      vertex 39.553 24.4852 2.5
      vertex 39.2433 24.5903 2.5
    endloop
  endfacet
  facet normal -0.32136 -0.946957 -0
    outer loop
      vertex 39.553 24.4852 2.5
      vertex 39.2433 24.5903 0
      vertex 39.553 24.4852 0
    endloop
  endfacet
  facet normal 0.195116 0.98078 -0
    outer loop
      vertex 40.847 29.3148 0
      vertex 40.5263 29.3786 2.5
      vertex 40.847 29.3148 2.5
    endloop
  endfacet
  facet normal 0.195116 0.98078 0
    outer loop
      vertex 40.5263 29.3786 2.5
      vertex 40.847 29.3148 0
      vertex 40.5263 29.3786 0
    endloop
  endfacet
  facet normal 0.659267 0.751909 -0
    outer loop
      vertex 6.17487 91.2749 0
      vertex 5.83066 91.5767 23.4
      vertex 6.17487 91.2749 23.4
    endloop
  endfacet
  facet normal 0.659267 0.751909 0
    outer loop
      vertex 5.83066 91.5767 23.4
      vertex 6.17487 91.2749 0
      vertex 5.83066 91.5767 0
    endloop
  endfacet
  facet normal 0.555647 0.831418 -0
    outer loop
      vertex 5.83066 91.5767 0
      vertex 5.45 91.8311 23.4
      vertex 5.83066 91.5767 23.4
    endloop
  endfacet
  facet normal 0.555647 0.831418 0
    outer loop
      vertex 5.45 91.8311 23.4
      vertex 5.83066 91.5767 0
      vertex 5.45 91.8311 0
    endloop
  endfacet
  facet normal 0.321322 0.94697 -0
    outer loop
      vertex 5.03939 92.0336 0
      vertex 4.60587 92.1807 23.4
      vertex 5.03939 92.0336 23.4
    endloop
  endfacet
  facet normal 0.321322 0.94697 0
    outer loop
      vertex 4.60587 92.1807 23.4
      vertex 5.03939 92.0336 0
      vertex 4.60587 92.1807 0
    endloop
  endfacet
  facet normal 0.98079 -0.195066 0
    outer loop
      vertex 7.08074 87.8941 23.4
      vertex 7.17006 88.3432 0
      vertex 7.17006 88.3432 23.4
    endloop
  endfacet
  facet normal 0.98079 -0.195066 0
    outer loop
      vertex 7.17006 88.3432 0
      vertex 7.08074 87.8941 23.4
      vertex 7.08074 87.8941 0
    endloop
  endfacet
  facet normal -0.195263 0.980751 0
    outer loop
      vertex 3.24316 92.2701 0
      vertex 2.79413 92.1807 23.4
      vertex 3.24316 92.2701 23.4
    endloop
  endfacet
  facet normal -0.195263 0.980751 0
    outer loop
      vertex 2.79413 92.1807 23.4
      vertex 3.24316 92.2701 0
      vertex 2.79413 92.1807 0
    endloop
  endfacet
  facet normal 0.997859 0.0654026 0
    outer loop
      vertex 7.2 88.8 23.4
      vertex 7.17006 89.2568 0
      vertex 7.17006 89.2568 23.4
    endloop
  endfacet
  facet normal 0.997859 0.0654026 0
    outer loop
      vertex 7.17006 89.2568 0
      vertex 7.2 88.8 23.4
      vertex 7.2 88.8 0
    endloop
  endfacet
  facet normal 0.831495 0.555532 0
    outer loop
      vertex 6.73109 90.55 23.4
      vertex 6.47674 90.9307 0
      vertex 6.47674 90.9307 23.4
    endloop
  endfacet
  facet normal 0.831495 0.555532 0
    outer loop
      vertex 6.47674 90.9307 0
      vertex 6.73109 90.55 23.4
      vertex 6.73109 90.55 0
    endloop
  endfacet
  facet normal -0.997859 0.0654069 0
    outer loop
      vertex 0.2 88.8 0
      vertex 0.229942 89.2568 23.4
      vertex 0.229942 89.2568 0
    endloop
  endfacet
  facet normal -0.997859 0.0654069 0
    outer loop
      vertex 0.229942 89.2568 23.4
      vertex 0.2 88.8 0
      vertex 0.2 88.8 23.4
    endloop
  endfacet
  facet normal 0.442305 -0.896864 0
    outer loop
      vertex 5.03939 85.5664 0
      vertex 5.45 85.7689 23.4
      vertex 5.03939 85.5664 23.4
    endloop
  endfacet
  facet normal 0.442305 -0.896864 0
    outer loop
      vertex 5.45 85.7689 23.4
      vertex 5.03939 85.5664 0
      vertex 5.45 85.7689 0
    endloop
  endfacet
  facet normal 0.195263 0.980751 -0
    outer loop
      vertex 4.60587 92.1807 0
      vertex 4.15684 92.2701 23.4
      vertex 4.60587 92.1807 23.4
    endloop
  endfacet
  facet normal 0.195263 0.980751 0
    outer loop
      vertex 4.15684 92.2701 23.4
      vertex 4.60587 92.1807 0
      vertex 4.15684 92.2701 0
    endloop
  endfacet
  facet normal 0.98079 0.195066 0
    outer loop
      vertex 7.17006 89.2568 23.4
      vertex 7.08074 89.7059 0
      vertex 7.08074 89.7059 23.4
    endloop
  endfacet
  facet normal 0.98079 0.195066 0
    outer loop
      vertex 7.08074 89.7059 0
      vertex 7.17006 89.2568 23.4
      vertex 7.17006 89.2568 0
    endloop
  endfacet
  facet normal 0 0 1
    outer loop
      vertex 5.4 88.8 23.4
      vertex 7.2 88.8 23.4
      vertex 7.17006 89.2568 23.4
    endloop
  endfacet
  facet normal 0 0 1
    outer loop
      vertex 5.38546 89.0219 23.4
      vertex 7.17006 89.2568 23.4
      vertex 7.08074 89.7059 23.4
    endloop
  endfacet
  facet normal 0 0 1
    outer loop
      vertex 7.2 88.8 23.4
      vertex 5.4 88.8 23.4
      vertex 7.17006 88.3432 23.4
    endloop
  endfacet
  facet normal 0 0 1
    outer loop
      vertex 5.34207 89.24 23.4
      vertex 7.08074 89.7059 23.4
      vertex 6.93358 90.1394 23.4
    endloop
  endfacet
  facet normal -0 0 1
    outer loop
      vertex 5.38546 88.5781 23.4
      vertex 7.17006 88.3432 23.4
      vertex 5.4 88.8 23.4
    endloop
  endfacet
  facet normal 0 0 1
    outer loop
      vertex 5.27059 89.4506 23.4
      vertex 6.93358 90.1394 23.4
      vertex 6.73109 90.55 23.4
    endloop
  endfacet
  facet normal 0 0 1
    outer loop
      vertex 7.17006 88.3432 23.4
      vertex 5.38546 88.5781 23.4
      vertex 7.08074 87.8941 23.4
    endloop
  endfacet
  facet normal 0 0 1
    outer loop
      vertex 5.17224 89.65 23.4
      vertex 6.73109 90.55 23.4
      vertex 6.47674 90.9307 23.4
    endloop
  endfacet
  facet normal -0 0 1
    outer loop
      vertex 5.34207 88.36 23.4
      vertex 7.08074 87.8941 23.4
      vertex 5.38546 88.5781 23.4
    endloop
  endfacet
  facet normal 0 0 1
    outer loop
      vertex 5.0487 89.8349 23.4
      vertex 6.47674 90.9307 23.4
      vertex 6.17487 91.2749 23.4
    endloop
  endfacet
  facet normal 0 0 1
    outer loop
      vertex 7.08074 87.8941 23.4
      vertex 5.34207 88.36 23.4
      vertex 6.93358 87.4606 23.4
    endloop
  endfacet
  facet normal 0 0 1
    outer loop
      vertex 4.90208 90.0021 23.4
      vertex 6.17487 91.2749 23.4
      vertex 5.83066 91.5767 23.4
    endloop
  endfacet
  facet normal -0 0 1
    outer loop
      vertex 5.27059 88.1494 23.4
      vertex 6.93358 87.4606 23.4
      vertex 5.34207 88.36 23.4
    endloop
  endfacet
  facet normal 0 0 1
    outer loop
      vertex 4.73489 90.1487 23.4
      vertex 5.83066 91.5767 23.4
      vertex 5.45 91.8311 23.4
    endloop
  endfacet
  facet normal 0 0 1
    outer loop
      vertex 6.93358 87.4606 23.4
      vertex 5.27059 88.1494 23.4
      vertex 6.73109 87.05 23.4
    endloop
  endfacet
  facet normal -0 0 1
    outer loop
      vertex 5.17224 87.95 23.4
      vertex 6.73109 87.05 23.4
      vertex 5.27059 88.1494 23.4
    endloop
  endfacet
  facet normal 0 0 1
    outer loop
      vertex 7.17006 89.2568 23.4
      vertex 5.38546 89.0219 23.4
      vertex 5.4 88.8 23.4
    endloop
  endfacet
  facet normal 0 0 1
    outer loop
      vertex 7.08074 89.7059 23.4
      vertex 5.34207 89.24 23.4
      vertex 5.38546 89.0219 23.4
    endloop
  endfacet
  facet normal 0 0 1
    outer loop
      vertex 6.93358 90.1394 23.4
      vertex 5.27059 89.4506 23.4
      vertex 5.34207 89.24 23.4
    endloop
  endfacet
  facet normal 0 0 1
    outer loop
      vertex 6.73109 90.55 23.4
      vertex 5.17224 89.65 23.4
      vertex 5.27059 89.4506 23.4
    endloop
  endfacet
  facet normal 0 0 1
    outer loop
      vertex 6.47674 90.9307 23.4
      vertex 5.0487 89.8349 23.4
      vertex 5.17224 89.65 23.4
    endloop
  endfacet
  facet normal 0 0 1
    outer loop
      vertex 4.55 90.2722 23.4
      vertex 5.45 91.8311 23.4
      vertex 5.03939 92.0336 23.4
    endloop
  endfacet
  facet normal 0 0 1
    outer loop
      vertex 6.17487 91.2749 23.4
      vertex 4.90208 90.0021 23.4
      vertex 5.0487 89.8349 23.4
    endloop
  endfacet
  facet normal 0 0 1
    outer loop
      vertex 5.83066 91.5767 23.4
      vertex 4.73489 90.1487 23.4
      vertex 4.90208 90.0021 23.4
    endloop
  endfacet
  facet normal 0 0 1
    outer loop
      vertex 4.35056 90.3706 23.4
      vertex 5.03939 92.0336 23.4
      vertex 4.60587 92.1807 23.4
    endloop
  endfacet
  facet normal 0 0 1
    outer loop
      vertex 5.45 91.8311 23.4
      vertex 4.55 90.2722 23.4
      vertex 4.73489 90.1487 23.4
    endloop
  endfacet
  facet normal 0 0 1
    outer loop
      vertex 5.03939 92.0336 23.4
      vertex 4.35056 90.3706 23.4
      vertex 4.55 90.2722 23.4
    endloop
  endfacet
  facet normal 0 0 1
    outer loop
      vertex 4.13999 90.4421 23.4
      vertex 4.60587 92.1807 23.4
      vertex 4.15684 92.2701 23.4
    endloop
  endfacet
  facet normal 0 0 1
    outer loop
      vertex 4.60587 92.1807 23.4
      vertex 4.13999 90.4421 23.4
      vertex 4.35056 90.3706 23.4
    endloop
  endfacet
  facet normal 0 0 1
    outer loop
      vertex 4.15684 92.2701 23.4
      vertex 3.92189 90.4855 23.4
      vertex 4.13999 90.4421 23.4
    endloop
  endfacet
  facet normal 0 0 1
    outer loop
      vertex 3.7 92.3 23.4
      vertex 3.92189 90.4855 23.4
      vertex 4.15684 92.2701 23.4
    endloop
  endfacet
  facet normal 0 0 1
    outer loop
      vertex 3.7 92.3 23.4
      vertex 3.7 90.5 23.4
      vertex 3.92189 90.4855 23.4
    endloop
  endfacet
  facet normal 0 0 1
    outer loop
      vertex 3.7 92.3 23.4
      vertex 3.4781 90.4855 23.4
      vertex 3.7 90.5 23.4
    endloop
  endfacet
  facet normal -0 0 1
    outer loop
      vertex 3.24316 92.2701 23.4
      vertex 3.4781 90.4855 23.4
      vertex 3.7 92.3 23.4
    endloop
  endfacet
  facet normal 0 0 1
    outer loop
      vertex 3.4781 90.4855 23.4
      vertex 3.24316 92.2701 23.4
      vertex 3.26001 90.4421 23.4
    endloop
  endfacet
  facet normal -0 0 1
    outer loop
      vertex 2.79413 92.1807 23.4
      vertex 3.26001 90.4421 23.4
      vertex 3.24316 92.2701 23.4
    endloop
  endfacet
  facet normal 0 0 1
    outer loop
      vertex 3.26001 90.4421 23.4
      vertex 2.79413 92.1807 23.4
      vertex 3.04944 90.3706 23.4
    endloop
  endfacet
  facet normal -0 0 1
    outer loop
      vertex 2.36061 92.0336 23.4
      vertex 3.04944 90.3706 23.4
      vertex 2.79413 92.1807 23.4
    endloop
  endfacet
  facet normal 0 0 1
    outer loop
      vertex 3.04944 90.3706 23.4
      vertex 2.36061 92.0336 23.4
      vertex 2.85 90.2722 23.4
    endloop
  endfacet
  facet normal -0 0 1
    outer loop
      vertex 1.95 91.8311 23.4
      vertex 2.85 90.2722 23.4
      vertex 2.36061 92.0336 23.4
    endloop
  endfacet
  facet normal 0 0 1
    outer loop
      vertex 2.85 90.2722 23.4
      vertex 1.95 91.8311 23.4
      vertex 2.6651 90.1487 23.4
    endloop
  endfacet
  facet normal -0 0 1
    outer loop
      vertex 1.56933 91.5767 23.4
      vertex 2.6651 90.1487 23.4
      vertex 1.95 91.8311 23.4
    endloop
  endfacet
  facet normal 0 0 1
    outer loop
      vertex 2.6651 90.1487 23.4
      vertex 1.56933 91.5767 23.4
      vertex 2.49792 90.0021 23.4
    endloop
  endfacet
  facet normal -0 0 1
    outer loop
      vertex 1.22513 91.2749 23.4
      vertex 2.49792 90.0021 23.4
      vertex 1.56933 91.5767 23.4
    endloop
  endfacet
  facet normal 0 0 1
    outer loop
      vertex 2.49792 90.0021 23.4
      vertex 1.22513 91.2749 23.4
      vertex 2.3513 89.8349 23.4
    endloop
  endfacet
  facet normal -0 0 1
    outer loop
      vertex 0.923263 90.9307 23.4
      vertex 2.3513 89.8349 23.4
      vertex 1.22513 91.2749 23.4
    endloop
  endfacet
  facet normal -0 0 1
    outer loop
      vertex 0.668911 90.55 23.4
      vertex 2.22776 89.65 23.4
      vertex 0.923263 90.9307 23.4
    endloop
  endfacet
  facet normal 0 0 1
    outer loop
      vertex 2.3513 89.8349 23.4
      vertex 0.923263 90.9307 23.4
      vertex 2.22776 89.65 23.4
    endloop
  endfacet
  facet normal 0 0 1
    outer loop
      vertex 6.73109 87.05 23.4
      vertex 5.17224 87.95 23.4
      vertex 6.47674 86.6693 23.4
    endloop
  endfacet
  facet normal -0 0 1
    outer loop
      vertex 5.0487 87.7651 23.4
      vertex 6.47674 86.6693 23.4
      vertex 5.17224 87.95 23.4
    endloop
  endfacet
  facet normal 0 0 1
    outer loop
      vertex 6.47674 86.6693 23.4
      vertex 5.0487 87.7651 23.4
      vertex 6.17487 86.3251 23.4
    endloop
  endfacet
  facet normal -0 0 1
    outer loop
      vertex 4.90208 87.5979 23.4
      vertex 6.17487 86.3251 23.4
      vertex 5.0487 87.7651 23.4
    endloop
  endfacet
  facet normal 0 0 1
    outer loop
      vertex 6.17487 86.3251 23.4
      vertex 4.90208 87.5979 23.4
      vertex 5.83066 86.0233 23.4
    endloop
  endfacet
  facet normal -0 0 1
    outer loop
      vertex 4.73489 87.4513 23.4
      vertex 5.83066 86.0233 23.4
      vertex 4.90208 87.5979 23.4
    endloop
  endfacet
  facet normal 0 0 1
    outer loop
      vertex 5.83066 86.0233 23.4
      vertex 4.73489 87.4513 23.4
      vertex 5.45 85.7689 23.4
    endloop
  endfacet
  facet normal -0 0 1
    outer loop
      vertex 4.55 87.3278 23.4
      vertex 5.45 85.7689 23.4
      vertex 4.73489 87.4513 23.4
    endloop
  endfacet
  facet normal 0 0 1
    outer loop
      vertex 5.45 85.7689 23.4
      vertex 4.55 87.3278 23.4
      vertex 5.03939 85.5664 23.4
    endloop
  endfacet
  facet normal -0 0 1
    outer loop
      vertex 4.35056 87.2294 23.4
      vertex 5.03939 85.5664 23.4
      vertex 4.55 87.3278 23.4
    endloop
  endfacet
  facet normal 0 0 1
    outer loop
      vertex 5.03939 85.5664 23.4
      vertex 4.35056 87.2294 23.4
      vertex 4.60587 85.4193 23.4
    endloop
  endfacet
  facet normal -0 0 1
    outer loop
      vertex 4.13999 87.1579 23.4
      vertex 4.60587 85.4193 23.4
      vertex 4.35056 87.2294 23.4
    endloop
  endfacet
  facet normal 0 0 1
    outer loop
      vertex 4.60587 85.4193 23.4
      vertex 4.13999 87.1579 23.4
      vertex 4.15684 85.3299 23.4
    endloop
  endfacet
  facet normal -0 0 1
    outer loop
      vertex 3.92189 87.1145 23.4
      vertex 4.15684 85.3299 23.4
      vertex 4.13999 87.1579 23.4
    endloop
  endfacet
  facet normal -0 0 1
    outer loop
      vertex 3.7 87.1 23.4
      vertex 4.15684 85.3299 23.4
      vertex 3.92189 87.1145 23.4
    endloop
  endfacet
  facet normal 0 0 1
    outer loop
      vertex 3.7 87.1 23.4
      vertex 3.7 85.3 23.4
      vertex 4.15684 85.3299 23.4
    endloop
  endfacet
  facet normal 0 0 1
    outer loop
      vertex 3.4781 87.1145 23.4
      vertex 3.7 85.3 23.4
      vertex 3.7 87.1 23.4
    endloop
  endfacet
  facet normal 0 0 1
    outer loop
      vertex 3.24316 85.3299 23.4
      vertex 3.4781 87.1145 23.4
      vertex 3.26001 87.1579 23.4
    endloop
  endfacet
  facet normal 0 0 1
    outer loop
      vertex 3.4781 87.1145 23.4
      vertex 3.24316 85.3299 23.4
      vertex 3.7 85.3 23.4
    endloop
  endfacet
  facet normal 0 0 1
    outer loop
      vertex 2.79413 85.4193 23.4
      vertex 3.26001 87.1579 23.4
      vertex 3.04944 87.2294 23.4
    endloop
  endfacet
  facet normal 0 0 1
    outer loop
      vertex 2.36061 85.5664 23.4
      vertex 3.04944 87.2294 23.4
      vertex 2.85 87.3278 23.4
    endloop
  endfacet
  facet normal 0 0 1
    outer loop
      vertex 3.26001 87.1579 23.4
      vertex 2.79413 85.4193 23.4
      vertex 3.24316 85.3299 23.4
    endloop
  endfacet
  facet normal 0 0 1
    outer loop
      vertex 1.95 85.7689 23.4
      vertex 2.85 87.3278 23.4
      vertex 2.6651 87.4513 23.4
    endloop
  endfacet
  facet normal 0 0 1
    outer loop
      vertex 1.56933 86.0233 23.4
      vertex 2.6651 87.4513 23.4
      vertex 2.49792 87.5979 23.4
    endloop
  endfacet
  facet normal 0 0 1
    outer loop
      vertex 3.04944 87.2294 23.4
      vertex 2.36061 85.5664 23.4
      vertex 2.79413 85.4193 23.4
    endloop
  endfacet
  facet normal 0 0 1
    outer loop
      vertex 1.22513 86.3251 23.4
      vertex 2.49792 87.5979 23.4
      vertex 2.3513 87.7651 23.4
    endloop
  endfacet
  facet normal 0 0 1
    outer loop
      vertex 0.923263 86.6693 23.4
      vertex 2.3513 87.7651 23.4
      vertex 2.22776 87.95 23.4
    endloop
  endfacet
  facet normal 0 0 1
    outer loop
      vertex 0.668911 87.05 23.4
      vertex 2.22776 87.95 23.4
      vertex 2.1294 88.1494 23.4
    endloop
  endfacet
  facet normal 0 0 1
    outer loop
      vertex 0.466421 87.4606 23.4
      vertex 2.1294 88.1494 23.4
      vertex 2.05793 88.36 23.4
    endloop
  endfacet
  facet normal 0 0 1
    outer loop
      vertex 0.319259 87.8941 23.4
      vertex 2.05793 88.36 23.4
      vertex 2.01454 88.5781 23.4
    endloop
  endfacet
  facet normal 0 0 1
    outer loop
      vertex 2.85 87.3278 23.4
      vertex 1.95 85.7689 23.4
      vertex 2.36061 85.5664 23.4
    endloop
  endfacet
  facet normal 0 0 1
    outer loop
      vertex 0.229942 88.3432 23.4
      vertex 2.01454 88.5781 23.4
      vertex 2 88.8 23.4
    endloop
  endfacet
  facet normal 0 0 1
    outer loop
      vertex 2.22776 89.65 23.4
      vertex 0.668911 90.55 23.4
      vertex 2.1294 89.4506 23.4
    endloop
  endfacet
  facet normal -0 0 1
    outer loop
      vertex 0.466421 90.1394 23.4
      vertex 2.1294 89.4506 23.4
      vertex 0.668911 90.55 23.4
    endloop
  endfacet
  facet normal 0 0 1
    outer loop
      vertex 2.6651 87.4513 23.4
      vertex 1.56933 86.0233 23.4
      vertex 1.95 85.7689 23.4
    endloop
  endfacet
  facet normal 0 0 1
    outer loop
      vertex 2.1294 89.4506 23.4
      vertex 0.466421 90.1394 23.4
      vertex 2.05793 89.24 23.4
    endloop
  endfacet
  facet normal 0 0 1
    outer loop
      vertex 2.49792 87.5979 23.4
      vertex 1.22513 86.3251 23.4
      vertex 1.56933 86.0233 23.4
    endloop
  endfacet
  facet normal -0 0 1
    outer loop
      vertex 0.319259 89.7059 23.4
      vertex 2.05793 89.24 23.4
      vertex 0.466421 90.1394 23.4
    endloop
  endfacet
  facet normal 0 0 1
    outer loop
      vertex 2.3513 87.7651 23.4
      vertex 0.923263 86.6693 23.4
      vertex 1.22513 86.3251 23.4
    endloop
  endfacet
  facet normal 0 0 1
    outer loop
      vertex 2.05793 89.24 23.4
      vertex 0.319259 89.7059 23.4
      vertex 2.01454 89.0219 23.4
    endloop
  endfacet
  facet normal 0 0 1
    outer loop
      vertex 2.22776 87.95 23.4
      vertex 0.668911 87.05 23.4
      vertex 0.923263 86.6693 23.4
    endloop
  endfacet
  facet normal -0 0 1
    outer loop
      vertex 0.229942 89.2568 23.4
      vertex 2.01454 89.0219 23.4
      vertex 0.319259 89.7059 23.4
    endloop
  endfacet
  facet normal 0 0 1
    outer loop
      vertex 2.1294 88.1494 23.4
      vertex 0.466421 87.4606 23.4
      vertex 0.668911 87.05 23.4
    endloop
  endfacet
  facet normal 0 0 1
    outer loop
      vertex 2.01454 89.0219 23.4
      vertex 0.229942 89.2568 23.4
      vertex 2 88.8 23.4
    endloop
  endfacet
  facet normal 0 0 1
    outer loop
      vertex 2.05793 88.36 23.4
      vertex 0.319259 87.8941 23.4
      vertex 0.466421 87.4606 23.4
    endloop
  endfacet
  facet normal 0 0 1
    outer loop
      vertex 0.2 88.8 23.4
      vertex 2 88.8 23.4
      vertex 0.229942 89.2568 23.4
    endloop
  endfacet
  facet normal 0 0 1
    outer loop
      vertex 2.01454 88.5781 23.4
      vertex 0.229942 88.3432 23.4
      vertex 0.319259 87.8941 23.4
    endloop
  endfacet
  facet normal 0 0 1
    outer loop
      vertex 2 88.8 23.4
      vertex 0.2 88.8 23.4
      vertex 0.229942 88.3432 23.4
    endloop
  endfacet
  facet normal 0.946926 0.321452 0
    outer loop
      vertex 7.08074 89.7059 23.4
      vertex 6.93358 90.1394 0
      vertex 6.93358 90.1394 23.4
    endloop
  endfacet
  facet normal 0.946926 0.321452 0
    outer loop
      vertex 6.93358 90.1394 0
      vertex 7.08074 89.7059 23.4
      vertex 7.08074 89.7059 0
    endloop
  endfacet
  facet normal -0.442305 -0.896864 0
    outer loop
      vertex 1.95 85.7689 0
      vertex 2.36061 85.5664 23.4
      vertex 1.95 85.7689 23.4
    endloop
  endfacet
  facet normal -0.442305 -0.896864 -0
    outer loop
      vertex 2.36061 85.5664 23.4
      vertex 1.95 85.7689 0
      vertex 2.36061 85.5664 0
    endloop
  endfacet
  facet normal -0.321322 -0.94697 0
    outer loop
      vertex 2.36061 85.5664 0
      vertex 2.79413 85.4193 23.4
      vertex 2.36061 85.5664 23.4
    endloop
  endfacet
  facet normal -0.321322 -0.94697 -0
    outer loop
      vertex 2.79413 85.4193 23.4
      vertex 2.36061 85.5664 0
      vertex 2.79413 85.4193 0
    endloop
  endfacet
  facet normal 0.321322 -0.94697 0
    outer loop
      vertex 4.60587 85.4193 0
      vertex 5.03939 85.5664 23.4
      vertex 4.60587 85.4193 23.4
    endloop
  endfacet
  facet normal 0.321322 -0.94697 0
    outer loop
      vertex 5.03939 85.5664 23.4
      vertex 4.60587 85.4193 0
      vertex 5.03939 85.5664 0
    endloop
  endfacet
  facet normal -0.659278 -0.7519 0
    outer loop
      vertex 1.22513 86.3251 0
      vertex 1.56933 86.0233 23.4
      vertex 1.22513 86.3251 23.4
    endloop
  endfacet
  facet normal -0.659278 -0.7519 -0
    outer loop
      vertex 1.56933 86.0233 23.4
      vertex 1.22513 86.3251 0
      vertex 1.56933 86.0233 0
    endloop
  endfacet
  facet normal -0.896869 -0.442297 0
    outer loop
      vertex 0.668911 87.05 0
      vertex 0.466421 87.4606 23.4
      vertex 0.466421 87.4606 0
    endloop
  endfacet
  facet normal -0.896869 -0.442297 0
    outer loop
      vertex 0.466421 87.4606 23.4
      vertex 0.668911 87.05 0
      vertex 0.668911 87.05 23.4
    endloop
  endfacet
  facet normal -0.751827 -0.65936 0
    outer loop
      vertex 1.22513 86.3251 0
      vertex 0.923263 86.6693 23.4
      vertex 0.923263 86.6693 0
    endloop
  endfacet
  facet normal -0.751827 -0.65936 0
    outer loop
      vertex 0.923263 86.6693 23.4
      vertex 1.22513 86.3251 0
      vertex 1.22513 86.3251 23.4
    endloop
  endfacet
  facet normal 0.751824 -0.659364 0
    outer loop
      vertex 6.17487 86.3251 23.4
      vertex 6.47674 86.6693 0
      vertex 6.47674 86.6693 23.4
    endloop
  endfacet
  facet normal 0.751824 -0.659364 0
    outer loop
      vertex 6.47674 86.6693 0
      vertex 6.17487 86.3251 23.4
      vertex 6.17487 86.3251 0
    endloop
  endfacet
  facet normal -0.980791 -0.19506 0
    outer loop
      vertex 0.319259 87.8941 0
      vertex 0.229942 88.3432 23.4
      vertex 0.229942 88.3432 0
    endloop
  endfacet
  facet normal -0.980791 -0.19506 0
    outer loop
      vertex 0.229942 88.3432 23.4
      vertex 0.319259 87.8941 0
      vertex 0.319259 87.8941 23.4
    endloop
  endfacet
  facet normal 0.0653099 -0.997865 0
    outer loop
      vertex 3.7 85.3 0
      vertex 4.15684 85.3299 23.4
      vertex 3.7 85.3 23.4
    endloop
  endfacet
  facet normal 0.0653099 -0.997865 0
    outer loop
      vertex 4.15684 85.3299 23.4
      vertex 3.7 85.3 0
      vertex 4.15684 85.3299 0
    endloop
  endfacet
  facet normal 0.195263 -0.980751 0
    outer loop
      vertex 4.15684 85.3299 0
      vertex 4.60587 85.4193 23.4
      vertex 4.15684 85.3299 23.4
    endloop
  endfacet
  facet normal 0.195263 -0.980751 0
    outer loop
      vertex 4.60587 85.4193 23.4
      vertex 4.15684 85.3299 0
      vertex 4.60587 85.4193 0
    endloop
  endfacet
  facet normal 0.751824 0.659364 0
    outer loop
      vertex 6.47674 90.9307 23.4
      vertex 6.17487 91.2749 0
      vertex 6.17487 91.2749 23.4
    endloop
  endfacet
  facet normal 0.751824 0.659364 0
    outer loop
      vertex 6.17487 91.2749 0
      vertex 6.47674 90.9307 23.4
      vertex 6.47674 90.9307 0
    endloop
  endfacet
  facet normal -0.831493 -0.555535 0
    outer loop
      vertex 0.923263 86.6693 0
      vertex 0.668911 87.05 23.4
      vertex 0.668911 87.05 0
    endloop
  endfacet
  facet normal -0.831493 -0.555535 0
    outer loop
      vertex 0.668911 87.05 23.4
      vertex 0.923263 86.6693 0
      vertex 0.923263 86.6693 23.4
    endloop
  endfacet
  facet normal 0.896869 -0.442297 0
    outer loop
      vertex 6.73109 87.05 23.4
      vertex 6.93358 87.4606 0
      vertex 6.93358 87.4606 23.4
    endloop
  endfacet
  facet normal 0.896869 -0.442297 0
    outer loop
      vertex 6.93358 87.4606 0
      vertex 6.73109 87.05 23.4
      vertex 6.73109 87.05 0
    endloop
  endfacet
  facet normal 0.997859 -0.0654026 0
    outer loop
      vertex 7.17006 88.3432 23.4
      vertex 7.2 88.8 0
      vertex 7.2 88.8 23.4
    endloop
  endfacet
  facet normal 0.997859 -0.0654026 0
    outer loop
      vertex 7.2 88.8 0
      vertex 7.17006 88.3432 23.4
      vertex 7.17006 88.3432 0
    endloop
  endfacet
  facet normal -0.0653099 -0.997865 0
    outer loop
      vertex 3.24316 85.3299 0
      vertex 3.7 85.3 23.4
      vertex 3.24316 85.3299 23.4
    endloop
  endfacet
  facet normal -0.0653099 -0.997865 -0
    outer loop
      vertex 3.7 85.3 23.4
      vertex 3.24316 85.3299 0
      vertex 3.7 85.3 0
    endloop
  endfacet
  facet normal 0.0653099 0.997865 -0
    outer loop
      vertex 4.15684 92.2701 0
      vertex 3.7 92.3 23.4
      vertex 4.15684 92.2701 23.4
    endloop
  endfacet
  facet normal 0.0653099 0.997865 0
    outer loop
      vertex 3.7 92.3 23.4
      vertex 4.15684 92.2701 0
      vertex 3.7 92.3 0
    endloop
  endfacet
  facet normal -0.946924 -0.321456 0
    outer loop
      vertex 0.466421 87.4606 0
      vertex 0.319259 87.8941 23.4
      vertex 0.319259 87.8941 0
    endloop
  endfacet
  facet normal -0.946924 -0.321456 0
    outer loop
      vertex 0.319259 87.8941 23.4
      vertex 0.466421 87.4606 0
      vertex 0.466421 87.4606 23.4
    endloop
  endfacet
  facet normal -0.751827 0.65936 0
    outer loop
      vertex 0.923263 90.9307 0
      vertex 1.22513 91.2749 23.4
      vertex 1.22513 91.2749 0
    endloop
  endfacet
  facet normal -0.751827 0.65936 0
    outer loop
      vertex 1.22513 91.2749 23.4
      vertex 0.923263 90.9307 0
      vertex 0.923263 90.9307 23.4
    endloop
  endfacet
  facet normal -0.442305 0.896864 0
    outer loop
      vertex 2.36061 92.0336 0
      vertex 1.95 91.8311 23.4
      vertex 2.36061 92.0336 23.4
    endloop
  endfacet
  facet normal -0.442305 0.896864 0
    outer loop
      vertex 1.95 91.8311 23.4
      vertex 2.36061 92.0336 0
      vertex 1.95 91.8311 0
    endloop
  endfacet
  facet normal -0.946924 0.321456 0
    outer loop
      vertex 0.319259 89.7059 0
      vertex 0.466421 90.1394 23.4
      vertex 0.466421 90.1394 0
    endloop
  endfacet
  facet normal -0.946924 0.321456 0
    outer loop
      vertex 0.466421 90.1394 23.4
      vertex 0.319259 89.7059 0
      vertex 0.319259 89.7059 23.4
    endloop
  endfacet
  facet normal 0.946926 -0.321452 0
    outer loop
      vertex 6.93358 87.4606 23.4
      vertex 7.08074 87.8941 0
      vertex 7.08074 87.8941 23.4
    endloop
  endfacet
  facet normal 0.946926 -0.321452 0
    outer loop
      vertex 7.08074 87.8941 0
      vertex 6.93358 87.4606 23.4
      vertex 6.93358 87.4606 0
    endloop
  endfacet
  facet normal -0.555637 -0.831425 0
    outer loop
      vertex 1.56933 86.0233 0
      vertex 1.95 85.7689 23.4
      vertex 1.56933 86.0233 23.4
    endloop
  endfacet
  facet normal -0.555637 -0.831425 -0
    outer loop
      vertex 1.95 85.7689 23.4
      vertex 1.56933 86.0233 0
      vertex 1.95 85.7689 0
    endloop
  endfacet
  facet normal -0.659278 0.7519 0
    outer loop
      vertex 1.56933 91.5767 0
      vertex 1.22513 91.2749 23.4
      vertex 1.56933 91.5767 23.4
    endloop
  endfacet
  facet normal -0.659278 0.7519 0
    outer loop
      vertex 1.22513 91.2749 23.4
      vertex 1.56933 91.5767 0
      vertex 1.22513 91.2749 0
    endloop
  endfacet
  facet normal -0.321322 0.94697 0
    outer loop
      vertex 2.79413 92.1807 0
      vertex 2.36061 92.0336 23.4
      vertex 2.79413 92.1807 23.4
    endloop
  endfacet
  facet normal -0.321322 0.94697 0
    outer loop
      vertex 2.36061 92.0336 23.4
      vertex 2.79413 92.1807 0
      vertex 2.36061 92.0336 0
    endloop
  endfacet
  facet normal -0.997859 -0.0654069 0
    outer loop
      vertex 0.229942 88.3432 0
      vertex 0.2 88.8 23.4
      vertex 0.2 88.8 0
    endloop
  endfacet
  facet normal -0.997859 -0.0654069 0
    outer loop
      vertex 0.2 88.8 23.4
      vertex 0.229942 88.3432 0
      vertex 0.229942 88.3432 23.4
    endloop
  endfacet
  facet normal 0.831495 -0.555532 0
    outer loop
      vertex 6.47674 86.6693 23.4
      vertex 6.73109 87.05 0
      vertex 6.73109 87.05 23.4
    endloop
  endfacet
  facet normal 0.831495 -0.555532 0
    outer loop
      vertex 6.73109 87.05 0
      vertex 6.47674 86.6693 23.4
      vertex 6.47674 86.6693 0
    endloop
  endfacet
  facet normal -0.980791 0.19506 0
    outer loop
      vertex 0.229942 89.2568 0
      vertex 0.319259 89.7059 23.4
      vertex 0.319259 89.7059 0
    endloop
  endfacet
  facet normal -0.980791 0.19506 0
    outer loop
      vertex 0.319259 89.7059 23.4
      vertex 0.229942 89.2568 0
      vertex 0.229942 89.2568 23.4
    endloop
  endfacet
  facet normal 0.896869 0.442297 0
    outer loop
      vertex 6.93358 90.1394 23.4
      vertex 6.73109 90.55 0
      vertex 6.73109 90.55 23.4
    endloop
  endfacet
  facet normal 0.896869 0.442297 0
    outer loop
      vertex 6.73109 90.55 0
      vertex 6.93358 90.1394 23.4
      vertex 6.93358 90.1394 0
    endloop
  endfacet
  facet normal 0.659267 -0.751909 0
    outer loop
      vertex 5.83066 86.0233 0
      vertex 6.17487 86.3251 23.4
      vertex 5.83066 86.0233 23.4
    endloop
  endfacet
  facet normal 0.659267 -0.751909 0
    outer loop
      vertex 6.17487 86.3251 23.4
      vertex 5.83066 86.0233 0
      vertex 6.17487 86.3251 0
    endloop
  endfacet
  facet normal 0.442305 0.896864 -0
    outer loop
      vertex 5.45 91.8311 0
      vertex 5.03939 92.0336 23.4
      vertex 5.45 91.8311 23.4
    endloop
  endfacet
  facet normal 0.442305 0.896864 0
    outer loop
      vertex 5.03939 92.0336 23.4
      vertex 5.45 91.8311 0
      vertex 5.03939 92.0336 0
    endloop
  endfacet
  facet normal -0.0653099 0.997865 0
    outer loop
      vertex 3.7 92.3 0
      vertex 3.24316 92.2701 23.4
      vertex 3.7 92.3 23.4
    endloop
  endfacet
  facet normal -0.0653099 0.997865 0
    outer loop
      vertex 3.24316 92.2701 23.4
      vertex 3.7 92.3 0
      vertex 3.24316 92.2701 0
    endloop
  endfacet
  facet normal -0.555637 0.831425 0
    outer loop
      vertex 1.95 91.8311 0
      vertex 1.56933 91.5767 23.4
      vertex 1.95 91.8311 23.4
    endloop
  endfacet
  facet normal -0.555637 0.831425 0
    outer loop
      vertex 1.56933 91.5767 23.4
      vertex 1.95 91.8311 0
      vertex 1.56933 91.5767 0
    endloop
  endfacet
  facet normal 0.555647 -0.831418 0
    outer loop
      vertex 5.45 85.7689 0
      vertex 5.83066 86.0233 23.4
      vertex 5.45 85.7689 23.4
    endloop
  endfacet
  facet normal 0.555647 -0.831418 0
    outer loop
      vertex 5.83066 86.0233 23.4
      vertex 5.45 85.7689 0
      vertex 5.83066 86.0233 0
    endloop
  endfacet
  facet normal -0.195263 -0.980751 0
    outer loop
      vertex 2.79413 85.4193 0
      vertex 3.24316 85.3299 23.4
      vertex 2.79413 85.4193 23.4
    endloop
  endfacet
  facet normal -0.195263 -0.980751 -0
    outer loop
      vertex 3.24316 85.3299 23.4
      vertex 2.79413 85.4193 0
      vertex 3.24316 85.3299 0
    endloop
  endfacet
  facet normal -0.896869 0.442297 0
    outer loop
      vertex 0.466421 90.1394 0
      vertex 0.668911 90.55 23.4
      vertex 0.668911 90.55 0
    endloop
  endfacet
  facet normal -0.896869 0.442297 0
    outer loop
      vertex 0.668911 90.55 23.4
      vertex 0.466421 90.1394 0
      vertex 0.466421 90.1394 23.4
    endloop
  endfacet
  facet normal -0.831493 0.555535 0
    outer loop
      vertex 0.668911 90.55 0
      vertex 0.923263 90.9307 23.4
      vertex 0.923263 90.9307 0
    endloop
  endfacet
  facet normal -0.831493 0.555535 0
    outer loop
      vertex 0.923263 90.9307 23.4
      vertex 0.668911 90.55 0
      vertex 0.668911 90.55 23.4
    endloop
  endfacet
  facet normal -0.980779 -0.195122 0
    outer loop
      vertex 5.38546 89.0219 0
      vertex 5.34207 89.24 23.4
      vertex 5.34207 89.24 0
    endloop
  endfacet
  facet normal -0.980779 -0.195122 0
    outer loop
      vertex 5.34207 89.24 23.4
      vertex 5.38546 89.0219 0
      vertex 5.38546 89.0219 23.4
    endloop
  endfacet
  facet normal -0.99786 -0.0653848 0
    outer loop
      vertex 5.4 88.8 0
      vertex 5.38546 89.0219 23.4
      vertex 5.38546 89.0219 0
    endloop
  endfacet
  facet normal -0.99786 -0.0653848 0
    outer loop
      vertex 5.38546 89.0219 23.4
      vertex 5.4 88.8 0
      vertex 5.4 88.8 23.4
    endloop
  endfacet
  facet normal -0.751863 -0.659319 0
    outer loop
      vertex 5.0487 89.8349 0
      vertex 4.90208 90.0021 23.4
      vertex 4.90208 90.0021 0
    endloop
  endfacet
  facet normal -0.751863 -0.659319 0
    outer loop
      vertex 4.90208 90.0021 23.4
      vertex 5.0487 89.8349 0
      vertex 5.0487 89.8349 23.4
    endloop
  endfacet
  facet normal -0.442459 0.896789 0
    outer loop
      vertex 4.55 87.3278 0
      vertex 4.35056 87.2294 23.4
      vertex 4.55 87.3278 23.4
    endloop
  endfacet
  facet normal -0.442459 0.896789 0
    outer loop
      vertex 4.35056 87.2294 23.4
      vertex 4.55 87.3278 0
      vertex 4.35056 87.2294 0
    endloop
  endfacet
  facet normal -0.555447 0.831552 0
    outer loop
      vertex 4.73489 87.4513 0
      vertex 4.55 87.3278 23.4
      vertex 4.73489 87.4513 23.4
    endloop
  endfacet
  facet normal -0.555447 0.831552 0
    outer loop
      vertex 4.55 87.3278 23.4
      vertex 4.73489 87.4513 0
      vertex 4.55 87.3278 0
    endloop
  endfacet
  facet normal -0.195165 0.98077 0
    outer loop
      vertex 4.13999 87.1579 0
      vertex 3.92189 87.1145 23.4
      vertex 4.13999 87.1579 23.4
    endloop
  endfacet
  facet normal -0.195165 0.98077 0
    outer loop
      vertex 3.92189 87.1145 23.4
      vertex 4.13999 87.1579 0
      vertex 3.92189 87.1145 0
    endloop
  endfacet
  facet normal -0.659291 0.751888 0
    outer loop
      vertex 4.90208 87.5979 0
      vertex 4.73489 87.4513 23.4
      vertex 4.90208 87.5979 23.4
    endloop
  endfacet
  facet normal -0.659291 0.751888 0
    outer loop
      vertex 4.73489 87.4513 23.4
      vertex 4.90208 87.5979 0
      vertex 4.73489 87.4513 0
    endloop
  endfacet
  facet normal 0.831483 0.555551 0
    outer loop
      vertex 2.3513 87.7651 23.4
      vertex 2.22776 87.95 0
      vertex 2.22776 87.95 23.4
    endloop
  endfacet
  facet normal 0.831483 0.555551 0
    outer loop
      vertex 2.22776 87.95 0
      vertex 2.3513 87.7651 23.4
      vertex 2.3513 87.7651 0
    endloop
  endfacet
  facet normal -0.99786 0.0653848 0
    outer loop
      vertex 5.38546 88.5781 0
      vertex 5.4 88.8 23.4
      vertex 5.4 88.8 0
    endloop
  endfacet
  facet normal -0.99786 0.0653848 0
    outer loop
      vertex 5.4 88.8 23.4
      vertex 5.38546 88.5781 0
      vertex 5.38546 88.5781 23.4
    endloop
  endfacet
  facet normal 0.659313 0.751869 -0
    outer loop
      vertex 2.6651 87.4513 0
      vertex 2.49792 87.5979 23.4
      vertex 2.6651 87.4513 23.4
    endloop
  endfacet
  facet normal 0.659313 0.751869 0
    outer loop
      vertex 2.49792 87.5979 23.4
      vertex 2.6651 87.4513 0
      vertex 2.49792 87.5979 0
    endloop
  endfacet
  facet normal 0.946956 -0.321363 0
    outer loop
      vertex 2.05793 89.24 23.4
      vertex 2.1294 89.4506 0
      vertex 2.1294 89.4506 23.4
    endloop
  endfacet
  facet normal 0.946956 -0.321363 0
    outer loop
      vertex 2.1294 89.4506 0
      vertex 2.05793 89.24 23.4
      vertex 2.05793 89.24 0
    endloop
  endfacet
  facet normal 0.751863 -0.659319 0
    outer loop
      vertex 2.3513 89.8349 23.4
      vertex 2.49792 90.0021 0
      vertex 2.49792 90.0021 23.4
    endloop
  endfacet
  facet normal 0.751863 -0.659319 0
    outer loop
      vertex 2.49792 90.0021 0
      vertex 2.3513 89.8349 23.4
      vertex 2.3513 89.8349 0
    endloop
  endfacet
  facet normal -0.442459 -0.896789 0
    outer loop
      vertex 4.35056 90.3706 0
      vertex 4.55 90.2722 23.4
      vertex 4.35056 90.3706 23.4
    endloop
  endfacet
  facet normal -0.442459 -0.896789 -0
    outer loop
      vertex 4.55 90.2722 23.4
      vertex 4.35056 90.3706 0
      vertex 4.55 90.2722 0
    endloop
  endfacet
  facet normal -0.659291 -0.751888 0
    outer loop
      vertex 4.73489 90.1487 0
      vertex 4.90208 90.0021 23.4
      vertex 4.73489 90.1487 23.4
    endloop
  endfacet
  facet normal -0.659291 -0.751888 -0
    outer loop
      vertex 4.90208 90.0021 23.4
      vertex 4.73489 90.1487 0
      vertex 4.90208 90.0021 0
    endloop
  endfacet
  facet normal -0.751863 0.659319 0
    outer loop
      vertex 4.90208 87.5979 0
      vertex 5.0487 87.7651 23.4
      vertex 5.0487 87.7651 0
    endloop
  endfacet
  facet normal -0.751863 0.659319 0
    outer loop
      vertex 5.0487 87.7651 23.4
      vertex 4.90208 87.5979 0
      vertex 4.90208 87.5979 23.4
    endloop
  endfacet
  facet normal 0.896825 0.442386 0
    outer loop
      vertex 2.22776 87.95 23.4
      vertex 2.1294 88.1494 0
      vertex 2.1294 88.1494 23.4
    endloop
  endfacet
  facet normal 0.896825 0.442386 0
    outer loop
      vertex 2.1294 88.1494 0
      vertex 2.22776 87.95 23.4
      vertex 2.22776 87.95 0
    endloop
  endfacet
  facet normal 0.659313 -0.751869 0
    outer loop
      vertex 2.49792 90.0021 0
      vertex 2.6651 90.1487 23.4
      vertex 2.49792 90.0021 23.4
    endloop
  endfacet
  facet normal 0.659313 -0.751869 0
    outer loop
      vertex 2.6651 90.1487 23.4
      vertex 2.49792 90.0021 0
      vertex 2.6651 90.1487 0
    endloop
  endfacet
  facet normal 0.195173 -0.980769 0
    outer loop
      vertex 3.26001 90.4421 0
      vertex 3.4781 90.4855 23.4
      vertex 3.26001 90.4421 23.4
    endloop
  endfacet
  facet normal 0.195173 -0.980769 0
    outer loop
      vertex 3.4781 90.4855 23.4
      vertex 3.26001 90.4421 0
      vertex 3.4781 90.4855 0
    endloop
  endfacet
  facet normal -0.555447 -0.831552 0
    outer loop
      vertex 4.55 90.2722 0
      vertex 4.73489 90.1487 23.4
      vertex 4.55 90.2722 23.4
    endloop
  endfacet
  facet normal -0.555447 -0.831552 -0
    outer loop
      vertex 4.73489 90.1487 23.4
      vertex 4.55 90.2722 0
      vertex 4.73489 90.1487 0
    endloop
  endfacet
  facet normal -0.831483 -0.555551 0
    outer loop
      vertex 5.17224 89.65 0
      vertex 5.0487 89.8349 23.4
      vertex 5.0487 89.8349 0
    endloop
  endfacet
  facet normal -0.831483 -0.555551 0
    outer loop
      vertex 5.0487 89.8349 23.4
      vertex 5.17224 89.65 0
      vertex 5.17224 89.65 23.4
    endloop
  endfacet
  facet normal 0.99786 0.0653848 0
    outer loop
      vertex 2.01454 88.5781 23.4
      vertex 2 88.8 0
      vertex 2 88.8 23.4
    endloop
  endfacet
  facet normal 0.99786 0.0653848 0
    outer loop
      vertex 2 88.8 0
      vertex 2.01454 88.5781 23.4
      vertex 2.01454 88.5781 0
    endloop
  endfacet
  facet normal 0.980779 -0.195122 0
    outer loop
      vertex 2.01454 89.0219 23.4
      vertex 2.05793 89.24 0
      vertex 2.05793 89.24 23.4
    endloop
  endfacet
  facet normal 0.980779 -0.195122 0
    outer loop
      vertex 2.05793 89.24 0
      vertex 2.01454 89.0219 23.4
      vertex 2.01454 89.0219 0
    endloop
  endfacet
  facet normal -0.321525 0.946901 0
    outer loop
      vertex 4.35056 87.2294 0
      vertex 4.13999 87.1579 23.4
      vertex 4.35056 87.2294 23.4
    endloop
  endfacet
  facet normal -0.321525 0.946901 0
    outer loop
      vertex 4.13999 87.1579 23.4
      vertex 4.35056 87.2294 0
      vertex 4.13999 87.1579 0
    endloop
  endfacet
  facet normal 0.751863 0.659319 0
    outer loop
      vertex 2.49792 87.5979 23.4
      vertex 2.3513 87.7651 0
      vertex 2.3513 87.7651 23.4
    endloop
  endfacet
  facet normal 0.751863 0.659319 0
    outer loop
      vertex 2.3513 87.7651 0
      vertex 2.49792 87.5979 23.4
      vertex 2.49792 87.5979 0
    endloop
  endfacet
  facet normal -0.896843 -0.442349 0
    outer loop
      vertex 5.27059 89.4506 0
      vertex 5.17224 89.65 23.4
      vertex 5.17224 89.65 0
    endloop
  endfacet
  facet normal -0.896843 -0.442349 0
    outer loop
      vertex 5.17224 89.65 23.4
      vertex 5.27059 89.4506 0
      vertex 5.27059 89.4506 23.4
    endloop
  endfacet
  facet normal -0.0652086 -0.997872 0
    outer loop
      vertex 3.7 90.5 0
      vertex 3.92189 90.4855 23.4
      vertex 3.7 90.5 23.4
    endloop
  endfacet
  facet normal -0.0652086 -0.997872 -0
    outer loop
      vertex 3.92189 90.4855 23.4
      vertex 3.7 90.5 0
      vertex 3.92189 90.4855 0
    endloop
  endfacet
  facet normal 0.321525 -0.946901 0
    outer loop
      vertex 3.04944 90.3706 0
      vertex 3.26001 90.4421 23.4
      vertex 3.04944 90.3706 23.4
    endloop
  endfacet
  facet normal 0.321525 -0.946901 0
    outer loop
      vertex 3.26001 90.4421 23.4
      vertex 3.04944 90.3706 0
      vertex 3.26001 90.4421 0
    endloop
  endfacet
  facet normal -0.980779 0.195122 0
    outer loop
      vertex 5.34207 88.36 0
      vertex 5.38546 88.5781 23.4
      vertex 5.38546 88.5781 0
    endloop
  endfacet
  facet normal -0.980779 0.195122 0
    outer loop
      vertex 5.38546 88.5781 23.4
      vertex 5.34207 88.36 0
      vertex 5.34207 88.36 23.4
    endloop
  endfacet
  facet normal -0.321525 -0.946901 0
    outer loop
      vertex 4.13999 90.4421 0
      vertex 4.35056 90.3706 23.4
      vertex 4.13999 90.4421 23.4
    endloop
  endfacet
  facet normal -0.321525 -0.946901 -0
    outer loop
      vertex 4.35056 90.3706 23.4
      vertex 4.13999 90.4421 0
      vertex 4.35056 90.3706 0
    endloop
  endfacet
  facet normal -0.831483 0.555551 0
    outer loop
      vertex 5.0487 87.7651 0
      vertex 5.17224 87.95 23.4
      vertex 5.17224 87.95 0
    endloop
  endfacet
  facet normal -0.831483 0.555551 0
    outer loop
      vertex 5.17224 87.95 23.4
      vertex 5.0487 87.7651 0
      vertex 5.0487 87.7651 23.4
    endloop
  endfacet
  facet normal 0.946956 0.321363 0
    outer loop
      vertex 2.1294 88.1494 23.4
      vertex 2.05793 88.36 0
      vertex 2.05793 88.36 23.4
    endloop
  endfacet
  facet normal 0.946956 0.321363 0
    outer loop
      vertex 2.05793 88.36 0
      vertex 2.1294 88.1494 23.4
      vertex 2.1294 88.1494 0
    endloop
  endfacet
  facet normal 0.555426 -0.831566 0
    outer loop
      vertex 2.6651 90.1487 0
      vertex 2.85 90.2722 23.4
      vertex 2.6651 90.1487 23.4
    endloop
  endfacet
  facet normal 0.555426 -0.831566 0
    outer loop
      vertex 2.85 90.2722 23.4
      vertex 2.6651 90.1487 0
      vertex 2.85 90.2722 0
    endloop
  endfacet
  facet normal 0.0652057 0.997872 -0
    outer loop
      vertex 3.7 87.1 0
      vertex 3.4781 87.1145 23.4
      vertex 3.7 87.1 23.4
    endloop
  endfacet
  facet normal 0.0652057 0.997872 0
    outer loop
      vertex 3.4781 87.1145 23.4
      vertex 3.7 87.1 0
      vertex 3.4781 87.1145 0
    endloop
  endfacet
  facet normal 0.195173 0.980769 -0
    outer loop
      vertex 3.4781 87.1145 0
      vertex 3.26001 87.1579 23.4
      vertex 3.4781 87.1145 23.4
    endloop
  endfacet
  facet normal 0.195173 0.980769 0
    outer loop
      vertex 3.26001 87.1579 23.4
      vertex 3.4781 87.1145 0
      vertex 3.26001 87.1579 0
    endloop
  endfacet
  facet normal -0.946943 0.321403 0
    outer loop
      vertex 5.27059 88.1494 0
      vertex 5.34207 88.36 23.4
      vertex 5.34207 88.36 0
    endloop
  endfacet
  facet normal -0.946943 0.321403 0
    outer loop
      vertex 5.34207 88.36 23.4
      vertex 5.27059 88.1494 0
      vertex 5.27059 88.1494 23.4
    endloop
  endfacet
  facet normal 0.896825 -0.442386 0
    outer loop
      vertex 2.1294 89.4506 23.4
      vertex 2.22776 89.65 0
      vertex 2.22776 89.65 23.4
    endloop
  endfacet
  facet normal 0.896825 -0.442386 0
    outer loop
      vertex 2.22776 89.65 0
      vertex 2.1294 89.4506 23.4
      vertex 2.1294 89.4506 0
    endloop
  endfacet
  facet normal 0.980779 0.195122 0
    outer loop
      vertex 2.05793 88.36 23.4
      vertex 2.01454 88.5781 0
      vertex 2.01454 88.5781 23.4
    endloop
  endfacet
  facet normal 0.980779 0.195122 0
    outer loop
      vertex 2.01454 88.5781 0
      vertex 2.05793 88.36 23.4
      vertex 2.05793 88.36 0
    endloop
  endfacet
  facet normal -0.946943 -0.321403 0
    outer loop
      vertex 5.34207 89.24 0
      vertex 5.27059 89.4506 23.4
      vertex 5.27059 89.4506 0
    endloop
  endfacet
  facet normal -0.946943 -0.321403 0
    outer loop
      vertex 5.27059 89.4506 23.4
      vertex 5.34207 89.24 0
      vertex 5.34207 89.24 23.4
    endloop
  endfacet
  facet normal 0.0652057 -0.997872 0
    outer loop
      vertex 3.4781 90.4855 0
      vertex 3.7 90.5 23.4
      vertex 3.4781 90.4855 23.4
    endloop
  endfacet
  facet normal 0.0652057 -0.997872 0
    outer loop
      vertex 3.7 90.5 23.4
      vertex 3.4781 90.4855 0
      vertex 3.7 90.5 0
    endloop
  endfacet
  facet normal -0.195165 -0.98077 0
    outer loop
      vertex 3.92189 90.4855 0
      vertex 4.13999 90.4421 23.4
      vertex 3.92189 90.4855 23.4
    endloop
  endfacet
  facet normal -0.195165 -0.98077 -0
    outer loop
      vertex 4.13999 90.4421 23.4
      vertex 3.92189 90.4855 0
      vertex 4.13999 90.4421 0
    endloop
  endfacet
  facet normal 0.831483 -0.555551 0
    outer loop
      vertex 2.22776 89.65 23.4
      vertex 2.3513 89.8349 0
      vertex 2.3513 89.8349 23.4
    endloop
  endfacet
  facet normal 0.831483 -0.555551 0
    outer loop
      vertex 2.3513 89.8349 0
      vertex 2.22776 89.65 23.4
      vertex 2.22776 89.65 0
    endloop
  endfacet
  facet normal -0.0652086 0.997872 0
    outer loop
      vertex 3.92189 87.1145 0
      vertex 3.7 87.1 23.4
      vertex 3.92189 87.1145 23.4
    endloop
  endfacet
  facet normal -0.0652086 0.997872 0
    outer loop
      vertex 3.7 87.1 23.4
      vertex 3.92189 87.1145 0
      vertex 3.7 87.1 0
    endloop
  endfacet
  facet normal 0.99786 -0.0653848 0
    outer loop
      vertex 2 88.8 23.4
      vertex 2.01454 89.0219 0
      vertex 2.01454 89.0219 23.4
    endloop
  endfacet
  facet normal 0.99786 -0.0653848 0
    outer loop
      vertex 2.01454 89.0219 0
      vertex 2 88.8 23.4
      vertex 2 88.8 0
    endloop
  endfacet
  facet normal 0.442459 -0.896789 0
    outer loop
      vertex 2.85 90.2722 0
      vertex 3.04944 90.3706 23.4
      vertex 2.85 90.2722 23.4
    endloop
  endfacet
  facet normal 0.442459 -0.896789 0
    outer loop
      vertex 3.04944 90.3706 23.4
      vertex 2.85 90.2722 0
      vertex 3.04944 90.3706 0
    endloop
  endfacet
  facet normal 0.321525 0.946901 -0
    outer loop
      vertex 3.26001 87.1579 0
      vertex 3.04944 87.2294 23.4
      vertex 3.26001 87.1579 23.4
    endloop
  endfacet
  facet normal 0.321525 0.946901 0
    outer loop
      vertex 3.04944 87.2294 23.4
      vertex 3.26001 87.1579 0
      vertex 3.04944 87.2294 0
    endloop
  endfacet
  facet normal -0.896843 0.442349 0
    outer loop
      vertex 5.17224 87.95 0
      vertex 5.27059 88.1494 23.4
      vertex 5.27059 88.1494 0
    endloop
  endfacet
  facet normal -0.896843 0.442349 0
    outer loop
      vertex 5.27059 88.1494 23.4
      vertex 5.17224 87.95 0
      vertex 5.17224 87.95 23.4
    endloop
  endfacet
  facet normal 0.442459 0.896789 -0
    outer loop
      vertex 3.04944 87.2294 0
      vertex 2.85 87.3278 23.4
      vertex 3.04944 87.2294 23.4
    endloop
  endfacet
  facet normal 0.442459 0.896789 0
    outer loop
      vertex 2.85 87.3278 23.4
      vertex 3.04944 87.2294 0
      vertex 2.85 87.3278 0
    endloop
  endfacet
  facet normal 0.555426 0.831566 -0
    outer loop
      vertex 2.85 87.3278 0
      vertex 2.6651 87.4513 23.4
      vertex 2.85 87.3278 23.4
    endloop
  endfacet
  facet normal 0.555426 0.831566 0
    outer loop
      vertex 2.6651 87.4513 23.4
      vertex 2.85 87.3278 0
      vertex 2.6651 87.4513 0
    endloop
  endfacet
  facet normal 0.980757 0.195234 0
    outer loop
      vertex 43.9701 89.2568 23.4
      vertex 43.8807 89.7059 0
      vertex 43.8807 89.7059 23.4
    endloop
  endfacet
  facet normal 0.980757 0.195234 0
    outer loop
      vertex 43.8807 89.7059 0
      vertex 43.9701 89.2568 23.4
      vertex 43.9701 89.2568 0
    endloop
  endfacet
  facet normal 0.997865 0.0653156 0
    outer loop
      vertex 44 88.8 23.4
      vertex 43.9701 89.2568 0
      vertex 43.9701 89.2568 23.4
    endloop
  endfacet
  facet normal 0.997865 0.0653156 0
    outer loop
      vertex 43.9701 89.2568 0
      vertex 44 88.8 23.4
      vertex 44 88.8 0
    endloop
  endfacet
  facet normal -0.997865 0.0653156 0
    outer loop
      vertex 37 88.8 0
      vertex 37.0299 89.2568 23.4
      vertex 37.0299 89.2568 0
    endloop
  endfacet
  facet normal -0.997865 0.0653156 0
    outer loop
      vertex 37.0299 89.2568 23.4
      vertex 37 88.8 0
      vertex 37 88.8 23.4
    endloop
  endfacet
  facet normal -0.0653156 -0.997865 0
    outer loop
      vertex 40.0432 85.3299 0
      vertex 40.5 85.3 23.4
      vertex 40.0432 85.3299 23.4
    endloop
  endfacet
  facet normal -0.0653156 -0.997865 -0
    outer loop
      vertex 40.5 85.3 23.4
      vertex 40.0432 85.3299 0
      vertex 40.5 85.3 0
    endloop
  endfacet
  facet normal -0.89686 0.442314 0
    outer loop
      vertex 37.2664 90.1394 0
      vertex 37.4689 90.55 23.4
      vertex 37.4689 90.55 0
    endloop
  endfacet
  facet normal -0.89686 0.442314 0
    outer loop
      vertex 37.4689 90.55 23.4
      vertex 37.2664 90.1394 0
      vertex 37.2664 90.1394 23.4
    endloop
  endfacet
  facet normal -0.555607 -0.831445 0
    outer loop
      vertex 38.3693 86.0233 0
      vertex 38.75 85.7689 23.4
      vertex 38.3693 86.0233 23.4
    endloop
  endfacet
  facet normal -0.555607 -0.831445 -0
    outer loop
      vertex 38.75 85.7689 23.4
      vertex 38.3693 86.0233 0
      vertex 38.75 85.7689 0
    endloop
  endfacet
  facet normal -0.946966 -0.321335 0
    outer loop
      vertex 37.2664 87.4606 0
      vertex 37.1193 87.8941 23.4
      vertex 37.1193 87.8941 0
    endloop
  endfacet
  facet normal -0.946966 -0.321335 0
    outer loop
      vertex 37.1193 87.8941 23.4
      vertex 37.2664 87.4606 0
      vertex 37.2664 87.4606 23.4
    endloop
  endfacet
  facet normal -0.0653156 0.997865 0
    outer loop
      vertex 40.5 92.3 0
      vertex 40.0432 92.2701 23.4
      vertex 40.5 92.3 23.4
    endloop
  endfacet
  facet normal -0.0653156 0.997865 0
    outer loop
      vertex 40.0432 92.2701 23.4
      vertex 40.5 92.3 0
      vertex 40.0432 92.2701 0
    endloop
  endfacet
  facet normal 0.7519 0.659278 0
    outer loop
      vertex 43.2767 90.9307 23.4
      vertex 42.9749 91.2749 0
      vertex 42.9749 91.2749 23.4
    endloop
  endfacet
  facet normal 0.7519 0.659278 0
    outer loop
      vertex 42.9749 91.2749 0
      vertex 43.2767 90.9307 23.4
      vertex 43.2767 90.9307 0
    endloop
  endfacet
  facet normal -0.946966 0.321335 0
    outer loop
      vertex 37.1193 89.7059 0
      vertex 37.2664 90.1394 23.4
      vertex 37.2664 90.1394 0
    endloop
  endfacet
  facet normal -0.946966 0.321335 0
    outer loop
      vertex 37.2664 90.1394 23.4
      vertex 37.1193 89.7059 0
      vertex 37.1193 89.7059 23.4
    endloop
  endfacet
  facet normal 0.321335 -0.946966 0
    outer loop
      vertex 41.4059 85.4193 0
      vertex 41.8394 85.5664 23.4
      vertex 41.4059 85.4193 23.4
    endloop
  endfacet
  facet normal 0.321335 -0.946966 0
    outer loop
      vertex 41.8394 85.5664 23.4
      vertex 41.4059 85.4193 0
      vertex 41.8394 85.5664 0
    endloop
  endfacet
  facet normal -0.555607 0.831445 0
    outer loop
      vertex 38.75 91.8311 0
      vertex 38.3693 91.5767 23.4
      vertex 38.75 91.8311 23.4
    endloop
  endfacet
  facet normal -0.555607 0.831445 0
    outer loop
      vertex 38.3693 91.5767 23.4
      vertex 38.75 91.8311 0
      vertex 38.3693 91.5767 0
    endloop
  endfacet
  facet normal 0.555607 0.831445 -0
    outer loop
      vertex 42.6307 91.5767 0
      vertex 42.25 91.8311 23.4
      vertex 42.6307 91.5767 23.4
    endloop
  endfacet
  facet normal 0.555607 0.831445 0
    outer loop
      vertex 42.25 91.8311 23.4
      vertex 42.6307 91.5767 0
      vertex 42.25 91.8311 0
    endloop
  endfacet
  facet normal 0.0653156 -0.997865 0
    outer loop
      vertex 40.5 85.3 0
      vertex 40.9568 85.3299 23.4
      vertex 40.5 85.3 23.4
    endloop
  endfacet
  facet normal 0.0653156 -0.997865 0
    outer loop
      vertex 40.9568 85.3299 23.4
      vertex 40.5 85.3 0
      vertex 40.9568 85.3299 0
    endloop
  endfacet
  facet normal -0.321335 -0.946966 0
    outer loop
      vertex 39.1606 85.5664 0
      vertex 39.5941 85.4193 23.4
      vertex 39.1606 85.5664 23.4
    endloop
  endfacet
  facet normal -0.321335 -0.946966 -0
    outer loop
      vertex 39.5941 85.4193 23.4
      vertex 39.1606 85.5664 0
      vertex 39.5941 85.4193 0
    endloop
  endfacet
  facet normal 0.946966 0.321335 0
    outer loop
      vertex 43.8807 89.7059 23.4
      vertex 43.7336 90.1394 0
      vertex 43.7336 90.1394 23.4
    endloop
  endfacet
  facet normal 0.946966 0.321335 0
    outer loop
      vertex 43.7336 90.1394 0
      vertex 43.8807 89.7059 23.4
      vertex 43.8807 89.7059 0
    endloop
  endfacet
  facet normal 0.659278 -0.7519 0
    outer loop
      vertex 42.6307 86.0233 0
      vertex 42.9749 86.3251 23.4
      vertex 42.6307 86.0233 23.4
    endloop
  endfacet
  facet normal 0.659278 -0.7519 0
    outer loop
      vertex 42.9749 86.3251 23.4
      vertex 42.6307 86.0233 0
      vertex 42.9749 86.3251 0
    endloop
  endfacet
  facet normal 0.195234 0.980757 -0
    outer loop
      vertex 41.4059 92.1807 0
      vertex 40.9568 92.2701 23.4
      vertex 41.4059 92.1807 23.4
    endloop
  endfacet
  facet normal 0.195234 0.980757 0
    outer loop
      vertex 40.9568 92.2701 23.4
      vertex 41.4059 92.1807 0
      vertex 40.9568 92.2701 0
    endloop
  endfacet
  facet normal 0.659278 0.7519 -0
    outer loop
      vertex 42.9749 91.2749 0
      vertex 42.6307 91.5767 23.4
      vertex 42.9749 91.2749 23.4
    endloop
  endfacet
  facet normal 0.659278 0.7519 0
    outer loop
      vertex 42.6307 91.5767 23.4
      vertex 42.9749 91.2749 0
      vertex 42.6307 91.5767 0
    endloop
  endfacet
  facet normal -0.321335 0.946966 0
    outer loop
      vertex 39.5941 92.1807 0
      vertex 39.1606 92.0336 23.4
      vertex 39.5941 92.1807 23.4
    endloop
  endfacet
  facet normal -0.321335 0.946966 0
    outer loop
      vertex 39.1606 92.0336 23.4
      vertex 39.5941 92.1807 0
      vertex 39.1606 92.0336 0
    endloop
  endfacet
  facet normal -0.7519 -0.659278 0
    outer loop
      vertex 38.0251 86.3251 0
      vertex 37.7233 86.6693 23.4
      vertex 37.7233 86.6693 0
    endloop
  endfacet
  facet normal -0.7519 -0.659278 0
    outer loop
      vertex 37.7233 86.6693 23.4
      vertex 38.0251 86.3251 0
      vertex 38.0251 86.3251 23.4
    endloop
  endfacet
  facet normal 0.195234 -0.980757 0
    outer loop
      vertex 40.9568 85.3299 0
      vertex 41.4059 85.4193 23.4
      vertex 40.9568 85.3299 23.4
    endloop
  endfacet
  facet normal 0.195234 -0.980757 0
    outer loop
      vertex 41.4059 85.4193 23.4
      vertex 40.9568 85.3299 0
      vertex 41.4059 85.4193 0
    endloop
  endfacet
  facet normal 0.442314 -0.89686 0
    outer loop
      vertex 41.8394 85.5664 0
      vertex 42.25 85.7689 23.4
      vertex 41.8394 85.5664 23.4
    endloop
  endfacet
  facet normal 0.442314 -0.89686 0
    outer loop
      vertex 42.25 85.7689 23.4
      vertex 41.8394 85.5664 0
      vertex 42.25 85.7689 0
    endloop
  endfacet
  facet normal 0.831445 0.555607 0
    outer loop
      vertex 43.5311 90.55 23.4
      vertex 43.2767 90.9307 0
      vertex 43.2767 90.9307 23.4
    endloop
  endfacet
  facet normal 0.831445 0.555607 0
    outer loop
      vertex 43.2767 90.9307 0
      vertex 43.5311 90.55 23.4
      vertex 43.5311 90.55 0
    endloop
  endfacet
  facet normal 0.321335 0.946966 -0
    outer loop
      vertex 41.8394 92.0336 0
      vertex 41.4059 92.1807 23.4
      vertex 41.8394 92.0336 23.4
    endloop
  endfacet
  facet normal 0.321335 0.946966 0
    outer loop
      vertex 41.4059 92.1807 23.4
      vertex 41.8394 92.0336 0
      vertex 41.4059 92.1807 0
    endloop
  endfacet
  facet normal 0.7519 -0.659278 0
    outer loop
      vertex 42.9749 86.3251 23.4
      vertex 43.2767 86.6693 0
      vertex 43.2767 86.6693 23.4
    endloop
  endfacet
  facet normal 0.7519 -0.659278 0
    outer loop
      vertex 43.2767 86.6693 0
      vertex 42.9749 86.3251 23.4
      vertex 42.9749 86.3251 0
    endloop
  endfacet
  facet normal -0.195234 0.980757 0
    outer loop
      vertex 40.0432 92.2701 0
      vertex 39.5941 92.1807 23.4
      vertex 40.0432 92.2701 23.4
    endloop
  endfacet
  facet normal -0.195234 0.980757 0
    outer loop
      vertex 39.5941 92.1807 23.4
      vertex 40.0432 92.2701 0
      vertex 39.5941 92.1807 0
    endloop
  endfacet
  facet normal -0.659278 -0.7519 0
    outer loop
      vertex 38.0251 86.3251 0
      vertex 38.3693 86.0233 23.4
      vertex 38.0251 86.3251 23.4
    endloop
  endfacet
  facet normal -0.659278 -0.7519 -0
    outer loop
      vertex 38.3693 86.0233 23.4
      vertex 38.0251 86.3251 0
      vertex 38.3693 86.0233 0
    endloop
  endfacet
  facet normal -0.7519 0.659278 0
    outer loop
      vertex 37.7233 90.9307 0
      vertex 38.0251 91.2749 23.4
      vertex 38.0251 91.2749 0
    endloop
  endfacet
  facet normal -0.7519 0.659278 0
    outer loop
      vertex 38.0251 91.2749 23.4
      vertex 37.7233 90.9307 0
      vertex 37.7233 90.9307 23.4
    endloop
  endfacet
  facet normal 0.89686 -0.442314 0
    outer loop
      vertex 43.5311 87.05 23.4
      vertex 43.7336 87.4606 0
      vertex 43.7336 87.4606 23.4
    endloop
  endfacet
  facet normal 0.89686 -0.442314 0
    outer loop
      vertex 43.7336 87.4606 0
      vertex 43.5311 87.05 23.4
      vertex 43.5311 87.05 0
    endloop
  endfacet
  facet normal 0.980757 -0.195234 0
    outer loop
      vertex 43.8807 87.8941 23.4
      vertex 43.9701 88.3432 0
      vertex 43.9701 88.3432 23.4
    endloop
  endfacet
  facet normal 0.980757 -0.195234 0
    outer loop
      vertex 43.9701 88.3432 0
      vertex 43.8807 87.8941 23.4
      vertex 43.8807 87.8941 0
    endloop
  endfacet
  facet normal 0.997865 -0.0653156 0
    outer loop
      vertex 43.9701 88.3432 23.4
      vertex 44 88.8 0
      vertex 44 88.8 23.4
    endloop
  endfacet
  facet normal 0.997865 -0.0653156 0
    outer loop
      vertex 44 88.8 0
      vertex 43.9701 88.3432 23.4
      vertex 43.9701 88.3432 0
    endloop
  endfacet
  facet normal 0.946966 -0.321335 0
    outer loop
      vertex 43.7336 87.4606 23.4
      vertex 43.8807 87.8941 0
      vertex 43.8807 87.8941 23.4
    endloop
  endfacet
  facet normal 0.946966 -0.321335 0
    outer loop
      vertex 43.8807 87.8941 0
      vertex 43.7336 87.4606 23.4
      vertex 43.7336 87.4606 0
    endloop
  endfacet
  facet normal -0.980757 -0.195234 0
    outer loop
      vertex 37.1193 87.8941 0
      vertex 37.0299 88.3432 23.4
      vertex 37.0299 88.3432 0
    endloop
  endfacet
  facet normal -0.980757 -0.195234 0
    outer loop
      vertex 37.0299 88.3432 23.4
      vertex 37.1193 87.8941 0
      vertex 37.1193 87.8941 23.4
    endloop
  endfacet
  facet normal -0.442314 0.89686 0
    outer loop
      vertex 39.1606 92.0336 0
      vertex 38.75 91.8311 23.4
      vertex 39.1606 92.0336 23.4
    endloop
  endfacet
  facet normal -0.442314 0.89686 0
    outer loop
      vertex 38.75 91.8311 23.4
      vertex 39.1606 92.0336 0
      vertex 38.75 91.8311 0
    endloop
  endfacet
  facet normal -0.89686 -0.442314 0
    outer loop
      vertex 37.4689 87.05 0
      vertex 37.2664 87.4606 23.4
      vertex 37.2664 87.4606 0
    endloop
  endfacet
  facet normal -0.89686 -0.442314 0
    outer loop
      vertex 37.2664 87.4606 23.4
      vertex 37.4689 87.05 0
      vertex 37.4689 87.05 23.4
    endloop
  endfacet
  facet normal 0.831445 -0.555607 0
    outer loop
      vertex 43.2767 86.6693 23.4
      vertex 43.5311 87.05 0
      vertex 43.5311 87.05 23.4
    endloop
  endfacet
  facet normal 0.831445 -0.555607 0
    outer loop
      vertex 43.5311 87.05 0
      vertex 43.2767 86.6693 23.4
      vertex 43.2767 86.6693 0
    endloop
  endfacet
  facet normal -0.980757 0.195234 0
    outer loop
      vertex 37.0299 89.2568 0
      vertex 37.1193 89.7059 23.4
      vertex 37.1193 89.7059 0
    endloop
  endfacet
  facet normal -0.980757 0.195234 0
    outer loop
      vertex 37.1193 89.7059 23.4
      vertex 37.0299 89.2568 0
      vertex 37.0299 89.2568 23.4
    endloop
  endfacet
  facet normal 0.89686 0.442314 0
    outer loop
      vertex 43.7336 90.1394 23.4
      vertex 43.5311 90.55 0
      vertex 43.5311 90.55 23.4
    endloop
  endfacet
  facet normal 0.89686 0.442314 0
    outer loop
      vertex 43.5311 90.55 0
      vertex 43.7336 90.1394 23.4
      vertex 43.7336 90.1394 0
    endloop
  endfacet
  facet normal 0.442314 0.89686 -0
    outer loop
      vertex 42.25 91.8311 0
      vertex 41.8394 92.0336 23.4
      vertex 42.25 91.8311 23.4
    endloop
  endfacet
  facet normal 0.442314 0.89686 0
    outer loop
      vertex 41.8394 92.0336 23.4
      vertex 42.25 91.8311 0
      vertex 41.8394 92.0336 0
    endloop
  endfacet
  facet normal 0 0 1
    outer loop
      vertex 42.2 88.8 23.4
      vertex 44 88.8 23.4
      vertex 43.9701 89.2568 23.4
    endloop
  endfacet
  facet normal 0 0 1
    outer loop
      vertex 42.1855 89.0219 23.4
      vertex 43.9701 89.2568 23.4
      vertex 43.8807 89.7059 23.4
    endloop
  endfacet
  facet normal 0 0 1
    outer loop
      vertex 44 88.8 23.4
      vertex 42.2 88.8 23.4
      vertex 43.9701 88.3432 23.4
    endloop
  endfacet
  facet normal 0 0 1
    outer loop
      vertex 42.1421 89.24 23.4
      vertex 43.8807 89.7059 23.4
      vertex 43.7336 90.1394 23.4
    endloop
  endfacet
  facet normal -0 0 1
    outer loop
      vertex 42.1855 88.5781 23.4
      vertex 43.9701 88.3432 23.4
      vertex 42.2 88.8 23.4
    endloop
  endfacet
  facet normal 0 0 1
    outer loop
      vertex 42.0706 89.4506 23.4
      vertex 43.7336 90.1394 23.4
      vertex 43.5311 90.55 23.4
    endloop
  endfacet
  facet normal 0 0 1
    outer loop
      vertex 43.9701 88.3432 23.4
      vertex 42.1855 88.5781 23.4
      vertex 43.8807 87.8941 23.4
    endloop
  endfacet
  facet normal 0 0 1
    outer loop
      vertex 41.9722 89.65 23.4
      vertex 43.5311 90.55 23.4
      vertex 43.2767 90.9307 23.4
    endloop
  endfacet
  facet normal -0 0 1
    outer loop
      vertex 42.1421 88.36 23.4
      vertex 43.8807 87.8941 23.4
      vertex 42.1855 88.5781 23.4
    endloop
  endfacet
  facet normal 0 0 1
    outer loop
      vertex 41.8487 89.8349 23.4
      vertex 43.2767 90.9307 23.4
      vertex 42.9749 91.2749 23.4
    endloop
  endfacet
  facet normal 0 0 1
    outer loop
      vertex 43.8807 87.8941 23.4
      vertex 42.1421 88.36 23.4
      vertex 43.7336 87.4606 23.4
    endloop
  endfacet
  facet normal 0 0 1
    outer loop
      vertex 41.7021 90.0021 23.4
      vertex 42.9749 91.2749 23.4
      vertex 42.6307 91.5767 23.4
    endloop
  endfacet
  facet normal -0 0 1
    outer loop
      vertex 42.0706 88.1494 23.4
      vertex 43.7336 87.4606 23.4
      vertex 42.1421 88.36 23.4
    endloop
  endfacet
  facet normal 0 0 1
    outer loop
      vertex 41.5349 90.1487 23.4
      vertex 42.6307 91.5767 23.4
      vertex 42.25 91.8311 23.4
    endloop
  endfacet
  facet normal 0 0 1
    outer loop
      vertex 43.7336 87.4606 23.4
      vertex 42.0706 88.1494 23.4
      vertex 43.5311 87.05 23.4
    endloop
  endfacet
  facet normal -0 0 1
    outer loop
      vertex 41.9722 87.95 23.4
      vertex 43.5311 87.05 23.4
      vertex 42.0706 88.1494 23.4
    endloop
  endfacet
  facet normal 0 0 1
    outer loop
      vertex 43.9701 89.2568 23.4
      vertex 42.1855 89.0219 23.4
      vertex 42.2 88.8 23.4
    endloop
  endfacet
  facet normal 0 0 1
    outer loop
      vertex 43.8807 89.7059 23.4
      vertex 42.1421 89.24 23.4
      vertex 42.1855 89.0219 23.4
    endloop
  endfacet
  facet normal 0 0 1
    outer loop
      vertex 43.7336 90.1394 23.4
      vertex 42.0706 89.4506 23.4
      vertex 42.1421 89.24 23.4
    endloop
  endfacet
  facet normal 0 0 1
    outer loop
      vertex 43.5311 90.55 23.4
      vertex 41.9722 89.65 23.4
      vertex 42.0706 89.4506 23.4
    endloop
  endfacet
  facet normal 0 0 1
    outer loop
      vertex 43.2767 90.9307 23.4
      vertex 41.8487 89.8349 23.4
      vertex 41.9722 89.65 23.4
    endloop
  endfacet
  facet normal 0 0 1
    outer loop
      vertex 41.35 90.2722 23.4
      vertex 42.25 91.8311 23.4
      vertex 41.8394 92.0336 23.4
    endloop
  endfacet
  facet normal 0 0 1
    outer loop
      vertex 42.9749 91.2749 23.4
      vertex 41.7021 90.0021 23.4
      vertex 41.8487 89.8349 23.4
    endloop
  endfacet
  facet normal 0 0 1
    outer loop
      vertex 42.6307 91.5767 23.4
      vertex 41.5349 90.1487 23.4
      vertex 41.7021 90.0021 23.4
    endloop
  endfacet
  facet normal 0 0 1
    outer loop
      vertex 41.1506 90.3706 23.4
      vertex 41.8394 92.0336 23.4
      vertex 41.4059 92.1807 23.4
    endloop
  endfacet
  facet normal 0 0 1
    outer loop
      vertex 42.25 91.8311 23.4
      vertex 41.35 90.2722 23.4
      vertex 41.5349 90.1487 23.4
    endloop
  endfacet
  facet normal 0 0 1
    outer loop
      vertex 41.8394 92.0336 23.4
      vertex 41.1506 90.3706 23.4
      vertex 41.35 90.2722 23.4
    endloop
  endfacet
  facet normal 0 0 1
    outer loop
      vertex 40.94 90.4421 23.4
      vertex 41.4059 92.1807 23.4
      vertex 40.9568 92.2701 23.4
    endloop
  endfacet
  facet normal 0 0 1
    outer loop
      vertex 41.4059 92.1807 23.4
      vertex 40.94 90.4421 23.4
      vertex 41.1506 90.3706 23.4
    endloop
  endfacet
  facet normal 0 0 1
    outer loop
      vertex 40.9568 92.2701 23.4
      vertex 40.7219 90.4855 23.4
      vertex 40.94 90.4421 23.4
    endloop
  endfacet
  facet normal 0 0 1
    outer loop
      vertex 40.5 92.3 23.4
      vertex 40.7219 90.4855 23.4
      vertex 40.9568 92.2701 23.4
    endloop
  endfacet
  facet normal 0 0 1
    outer loop
      vertex 40.5 92.3 23.4
      vertex 40.5 90.5 23.4
      vertex 40.7219 90.4855 23.4
    endloop
  endfacet
  facet normal 0 0 1
    outer loop
      vertex 40.5 92.3 23.4
      vertex 40.2781 90.4855 23.4
      vertex 40.5 90.5 23.4
    endloop
  endfacet
  facet normal -0 0 1
    outer loop
      vertex 40.0432 92.2701 23.4
      vertex 40.2781 90.4855 23.4
      vertex 40.5 92.3 23.4
    endloop
  endfacet
  facet normal 0 0 1
    outer loop
      vertex 40.2781 90.4855 23.4
      vertex 40.0432 92.2701 23.4
      vertex 40.06 90.4421 23.4
    endloop
  endfacet
  facet normal -0 0 1
    outer loop
      vertex 39.5941 92.1807 23.4
      vertex 40.06 90.4421 23.4
      vertex 40.0432 92.2701 23.4
    endloop
  endfacet
  facet normal 0 0 1
    outer loop
      vertex 40.06 90.4421 23.4
      vertex 39.5941 92.1807 23.4
      vertex 39.8494 90.3706 23.4
    endloop
  endfacet
  facet normal -0 0 1
    outer loop
      vertex 39.1606 92.0336 23.4
      vertex 39.8494 90.3706 23.4
      vertex 39.5941 92.1807 23.4
    endloop
  endfacet
  facet normal 0 0 1
    outer loop
      vertex 39.8494 90.3706 23.4
      vertex 39.1606 92.0336 23.4
      vertex 39.65 90.2722 23.4
    endloop
  endfacet
  facet normal -0 0 1
    outer loop
      vertex 38.75 91.8311 23.4
      vertex 39.65 90.2722 23.4
      vertex 39.1606 92.0336 23.4
    endloop
  endfacet
  facet normal 0 0 1
    outer loop
      vertex 39.65 90.2722 23.4
      vertex 38.75 91.8311 23.4
      vertex 39.4651 90.1487 23.4
    endloop
  endfacet
  facet normal -0 0 1
    outer loop
      vertex 38.3693 91.5767 23.4
      vertex 39.4651 90.1487 23.4
      vertex 38.75 91.8311 23.4
    endloop
  endfacet
  facet normal 0 0 1
    outer loop
      vertex 39.4651 90.1487 23.4
      vertex 38.3693 91.5767 23.4
      vertex 39.2979 90.0021 23.4
    endloop
  endfacet
  facet normal -0 0 1
    outer loop
      vertex 38.0251 91.2749 23.4
      vertex 39.2979 90.0021 23.4
      vertex 38.3693 91.5767 23.4
    endloop
  endfacet
  facet normal 0 0 1
    outer loop
      vertex 39.2979 90.0021 23.4
      vertex 38.0251 91.2749 23.4
      vertex 39.1513 89.8349 23.4
    endloop
  endfacet
  facet normal -0 0 1
    outer loop
      vertex 37.7233 90.9307 23.4
      vertex 39.1513 89.8349 23.4
      vertex 38.0251 91.2749 23.4
    endloop
  endfacet
  facet normal -0 0 1
    outer loop
      vertex 37.4689 90.55 23.4
      vertex 39.0278 89.65 23.4
      vertex 37.7233 90.9307 23.4
    endloop
  endfacet
  facet normal 0 0 1
    outer loop
      vertex 39.1513 89.8349 23.4
      vertex 37.7233 90.9307 23.4
      vertex 39.0278 89.65 23.4
    endloop
  endfacet
  facet normal 0 0 1
    outer loop
      vertex 43.5311 87.05 23.4
      vertex 41.9722 87.95 23.4
      vertex 43.2767 86.6693 23.4
    endloop
  endfacet
  facet normal -0 0 1
    outer loop
      vertex 41.8487 87.7651 23.4
      vertex 43.2767 86.6693 23.4
      vertex 41.9722 87.95 23.4
    endloop
  endfacet
  facet normal 0 0 1
    outer loop
      vertex 43.2767 86.6693 23.4
      vertex 41.8487 87.7651 23.4
      vertex 42.9749 86.3251 23.4
    endloop
  endfacet
  facet normal -0 0 1
    outer loop
      vertex 41.7021 87.5979 23.4
      vertex 42.9749 86.3251 23.4
      vertex 41.8487 87.7651 23.4
    endloop
  endfacet
  facet normal 0 0 1
    outer loop
      vertex 42.9749 86.3251 23.4
      vertex 41.7021 87.5979 23.4
      vertex 42.6307 86.0233 23.4
    endloop
  endfacet
  facet normal -0 0 1
    outer loop
      vertex 41.5349 87.4513 23.4
      vertex 42.6307 86.0233 23.4
      vertex 41.7021 87.5979 23.4
    endloop
  endfacet
  facet normal 0 0 1
    outer loop
      vertex 42.6307 86.0233 23.4
      vertex 41.5349 87.4513 23.4
      vertex 42.25 85.7689 23.4
    endloop
  endfacet
  facet normal -0 0 1
    outer loop
      vertex 41.35 87.3278 23.4
      vertex 42.25 85.7689 23.4
      vertex 41.5349 87.4513 23.4
    endloop
  endfacet
  facet normal 0 0 1
    outer loop
      vertex 42.25 85.7689 23.4
      vertex 41.35 87.3278 23.4
      vertex 41.8394 85.5664 23.4
    endloop
  endfacet
  facet normal -0 0 1
    outer loop
      vertex 41.1506 87.2294 23.4
      vertex 41.8394 85.5664 23.4
      vertex 41.35 87.3278 23.4
    endloop
  endfacet
  facet normal 0 0 1
    outer loop
      vertex 41.8394 85.5664 23.4
      vertex 41.1506 87.2294 23.4
      vertex 41.4059 85.4193 23.4
    endloop
  endfacet
  facet normal -0 0 1
    outer loop
      vertex 40.94 87.1579 23.4
      vertex 41.4059 85.4193 23.4
      vertex 41.1506 87.2294 23.4
    endloop
  endfacet
  facet normal 0 0 1
    outer loop
      vertex 41.4059 85.4193 23.4
      vertex 40.94 87.1579 23.4
      vertex 40.9568 85.3299 23.4
    endloop
  endfacet
  facet normal -0 0 1
    outer loop
      vertex 40.7219 87.1145 23.4
      vertex 40.9568 85.3299 23.4
      vertex 40.94 87.1579 23.4
    endloop
  endfacet
  facet normal -0 0 1
    outer loop
      vertex 40.5 87.1 23.4
      vertex 40.9568 85.3299 23.4
      vertex 40.7219 87.1145 23.4
    endloop
  endfacet
  facet normal 0 0 1
    outer loop
      vertex 40.5 87.1 23.4
      vertex 40.5 85.3 23.4
      vertex 40.9568 85.3299 23.4
    endloop
  endfacet
  facet normal 0 0 1
    outer loop
      vertex 40.2781 87.1145 23.4
      vertex 40.5 85.3 23.4
      vertex 40.5 87.1 23.4
    endloop
  endfacet
  facet normal 0 0 1
    outer loop
      vertex 40.0432 85.3299 23.4
      vertex 40.2781 87.1145 23.4
      vertex 40.06 87.1579 23.4
    endloop
  endfacet
  facet normal 0 0 1
    outer loop
      vertex 40.2781 87.1145 23.4
      vertex 40.0432 85.3299 23.4
      vertex 40.5 85.3 23.4
    endloop
  endfacet
  facet normal 0 0 1
    outer loop
      vertex 39.5941 85.4193 23.4
      vertex 40.06 87.1579 23.4
      vertex 39.8494 87.2294 23.4
    endloop
  endfacet
  facet normal 0 0 1
    outer loop
      vertex 39.1606 85.5664 23.4
      vertex 39.8494 87.2294 23.4
      vertex 39.65 87.3278 23.4
    endloop
  endfacet
  facet normal 0 0 1
    outer loop
      vertex 40.06 87.1579 23.4
      vertex 39.5941 85.4193 23.4
      vertex 40.0432 85.3299 23.4
    endloop
  endfacet
  facet normal 0 0 1
    outer loop
      vertex 38.75 85.7689 23.4
      vertex 39.65 87.3278 23.4
      vertex 39.4651 87.4513 23.4
    endloop
  endfacet
  facet normal 0 0 1
    outer loop
      vertex 38.3693 86.0233 23.4
      vertex 39.4651 87.4513 23.4
      vertex 39.2979 87.5979 23.4
    endloop
  endfacet
  facet normal 0 0 1
    outer loop
      vertex 39.8494 87.2294 23.4
      vertex 39.1606 85.5664 23.4
      vertex 39.5941 85.4193 23.4
    endloop
  endfacet
  facet normal 0 0 1
    outer loop
      vertex 38.0251 86.3251 23.4
      vertex 39.2979 87.5979 23.4
      vertex 39.1513 87.7651 23.4
    endloop
  endfacet
  facet normal 0 0 1
    outer loop
      vertex 37.7233 86.6693 23.4
      vertex 39.1513 87.7651 23.4
      vertex 39.0278 87.95 23.4
    endloop
  endfacet
  facet normal 0 0 1
    outer loop
      vertex 37.4689 87.05 23.4
      vertex 39.0278 87.95 23.4
      vertex 38.9294 88.1494 23.4
    endloop
  endfacet
  facet normal 0 0 1
    outer loop
      vertex 37.2664 87.4606 23.4
      vertex 38.9294 88.1494 23.4
      vertex 38.8579 88.36 23.4
    endloop
  endfacet
  facet normal 0 0 1
    outer loop
      vertex 37.1193 87.8941 23.4
      vertex 38.8579 88.36 23.4
      vertex 38.8145 88.5781 23.4
    endloop
  endfacet
  facet normal 0 0 1
    outer loop
      vertex 39.65 87.3278 23.4
      vertex 38.75 85.7689 23.4
      vertex 39.1606 85.5664 23.4
    endloop
  endfacet
  facet normal 0 0 1
    outer loop
      vertex 37.0299 88.3432 23.4
      vertex 38.8145 88.5781 23.4
      vertex 38.8 88.8 23.4
    endloop
  endfacet
  facet normal 0 0 1
    outer loop
      vertex 39.0278 89.65 23.4
      vertex 37.4689 90.55 23.4
      vertex 38.9294 89.4506 23.4
    endloop
  endfacet
  facet normal -0 0 1
    outer loop
      vertex 37.2664 90.1394 23.4
      vertex 38.9294 89.4506 23.4
      vertex 37.4689 90.55 23.4
    endloop
  endfacet
  facet normal 0 0 1
    outer loop
      vertex 39.4651 87.4513 23.4
      vertex 38.3693 86.0233 23.4
      vertex 38.75 85.7689 23.4
    endloop
  endfacet
  facet normal 0 0 1
    outer loop
      vertex 38.9294 89.4506 23.4
      vertex 37.2664 90.1394 23.4
      vertex 38.8579 89.24 23.4
    endloop
  endfacet
  facet normal 0 0 1
    outer loop
      vertex 39.2979 87.5979 23.4
      vertex 38.0251 86.3251 23.4
      vertex 38.3693 86.0233 23.4
    endloop
  endfacet
  facet normal -0 0 1
    outer loop
      vertex 37.1193 89.7059 23.4
      vertex 38.8579 89.24 23.4
      vertex 37.2664 90.1394 23.4
    endloop
  endfacet
  facet normal 0 0 1
    outer loop
      vertex 39.1513 87.7651 23.4
      vertex 37.7233 86.6693 23.4
      vertex 38.0251 86.3251 23.4
    endloop
  endfacet
  facet normal 0 0 1
    outer loop
      vertex 38.8579 89.24 23.4
      vertex 37.1193 89.7059 23.4
      vertex 38.8145 89.0219 23.4
    endloop
  endfacet
  facet normal 0 0 1
    outer loop
      vertex 39.0278 87.95 23.4
      vertex 37.4689 87.05 23.4
      vertex 37.7233 86.6693 23.4
    endloop
  endfacet
  facet normal -0 0 1
    outer loop
      vertex 37.0299 89.2568 23.4
      vertex 38.8145 89.0219 23.4
      vertex 37.1193 89.7059 23.4
    endloop
  endfacet
  facet normal 0 0 1
    outer loop
      vertex 38.9294 88.1494 23.4
      vertex 37.2664 87.4606 23.4
      vertex 37.4689 87.05 23.4
    endloop
  endfacet
  facet normal 0 0 1
    outer loop
      vertex 38.8145 89.0219 23.4
      vertex 37.0299 89.2568 23.4
      vertex 38.8 88.8 23.4
    endloop
  endfacet
  facet normal 0 0 1
    outer loop
      vertex 38.8579 88.36 23.4
      vertex 37.1193 87.8941 23.4
      vertex 37.2664 87.4606 23.4
    endloop
  endfacet
  facet normal 0 0 1
    outer loop
      vertex 37 88.8 23.4
      vertex 38.8 88.8 23.4
      vertex 37.0299 89.2568 23.4
    endloop
  endfacet
  facet normal 0 0 1
    outer loop
      vertex 38.8145 88.5781 23.4
      vertex 37.0299 88.3432 23.4
      vertex 37.1193 87.8941 23.4
    endloop
  endfacet
  facet normal 0 0 1
    outer loop
      vertex 38.8 88.8 23.4
      vertex 37 88.8 23.4
      vertex 37.0299 88.3432 23.4
    endloop
  endfacet
  facet normal 0.0653156 0.997865 -0
    outer loop
      vertex 40.9568 92.2701 0
      vertex 40.5 92.3 23.4
      vertex 40.9568 92.2701 23.4
    endloop
  endfacet
  facet normal 0.0653156 0.997865 0
    outer loop
      vertex 40.5 92.3 23.4
      vertex 40.9568 92.2701 0
      vertex 40.5 92.3 0
    endloop
  endfacet
  facet normal -0.831445 0.555607 0
    outer loop
      vertex 37.4689 90.55 0
      vertex 37.7233 90.9307 23.4
      vertex 37.7233 90.9307 0
    endloop
  endfacet
  facet normal -0.831445 0.555607 0
    outer loop
      vertex 37.7233 90.9307 23.4
      vertex 37.4689 90.55 0
      vertex 37.4689 90.55 23.4
    endloop
  endfacet
  facet normal -0.831445 -0.555607 0
    outer loop
      vertex 37.7233 86.6693 0
      vertex 37.4689 87.05 23.4
      vertex 37.4689 87.05 0
    endloop
  endfacet
  facet normal -0.831445 -0.555607 0
    outer loop
      vertex 37.4689 87.05 23.4
      vertex 37.7233 86.6693 0
      vertex 37.7233 86.6693 23.4
    endloop
  endfacet
  facet normal 0.555607 -0.831445 0
    outer loop
      vertex 42.25 85.7689 0
      vertex 42.6307 86.0233 23.4
      vertex 42.25 85.7689 23.4
    endloop
  endfacet
  facet normal 0.555607 -0.831445 0
    outer loop
      vertex 42.6307 86.0233 23.4
      vertex 42.25 85.7689 0
      vertex 42.6307 86.0233 0
    endloop
  endfacet
  facet normal -0.997865 -0.0653156 0
    outer loop
      vertex 37.0299 88.3432 0
      vertex 37 88.8 23.4
      vertex 37 88.8 0
    endloop
  endfacet
  facet normal -0.997865 -0.0653156 0
    outer loop
      vertex 37 88.8 23.4
      vertex 37.0299 88.3432 0
      vertex 37.0299 88.3432 23.4
    endloop
  endfacet
  facet normal -0.659278 0.7519 0
    outer loop
      vertex 38.3693 91.5767 0
      vertex 38.0251 91.2749 23.4
      vertex 38.3693 91.5767 23.4
    endloop
  endfacet
  facet normal -0.659278 0.7519 0
    outer loop
      vertex 38.0251 91.2749 23.4
      vertex 38.3693 91.5767 0
      vertex 38.0251 91.2749 0
    endloop
  endfacet
  facet normal -0.195234 -0.980757 0
    outer loop
      vertex 39.5941 85.4193 0
      vertex 40.0432 85.3299 23.4
      vertex 39.5941 85.4193 23.4
    endloop
  endfacet
  facet normal -0.195234 -0.980757 -0
    outer loop
      vertex 40.0432 85.3299 23.4
      vertex 39.5941 85.4193 0
      vertex 40.0432 85.3299 0
    endloop
  endfacet
  facet normal -0.442314 -0.89686 0
    outer loop
      vertex 38.75 85.7689 0
      vertex 39.1606 85.5664 23.4
      vertex 38.75 85.7689 23.4
    endloop
  endfacet
  facet normal -0.442314 -0.89686 -0
    outer loop
      vertex 39.1606 85.5664 23.4
      vertex 38.75 85.7689 0
      vertex 39.1606 85.5664 0
    endloop
  endfacet
  facet normal -0.896754 -0.44253 0
    outer loop
      vertex 42.0706 89.4506 0
      vertex 41.9722 89.65 23.4
      vertex 41.9722 89.65 0
    endloop
  endfacet
  facet normal -0.896754 -0.44253 0
    outer loop
      vertex 41.9722 89.65 23.4
      vertex 42.0706 89.4506 0
      vertex 42.0706 89.4506 23.4
    endloop
  endfacet
  facet normal -0.98077 -0.195165 0
    outer loop
      vertex 42.1855 89.0219 0
      vertex 42.1421 89.24 23.4
      vertex 42.1421 89.24 0
    endloop
  endfacet
  facet normal -0.98077 -0.195165 0
    outer loop
      vertex 42.1421 89.24 23.4
      vertex 42.1855 89.0219 0
      vertex 42.1855 89.0219 23.4
    endloop
  endfacet
  facet normal -0.997872 -0.0652057 0
    outer loop
      vertex 42.2 88.8 0
      vertex 42.1855 89.0219 23.4
      vertex 42.1855 89.0219 0
    endloop
  endfacet
  facet normal -0.997872 -0.0652057 0
    outer loop
      vertex 42.1855 89.0219 23.4
      vertex 42.2 88.8 0
      vertex 42.2 88.8 23.4
    endloop
  endfacet
  facet normal -0.946915 -0.321484 0
    outer loop
      vertex 42.1421 89.24 0
      vertex 42.0706 89.4506 23.4
      vertex 42.0706 89.4506 0
    endloop
  endfacet
  facet normal -0.946915 -0.321484 0
    outer loop
      vertex 42.0706 89.4506 23.4
      vertex 42.1421 89.24 0
      vertex 42.1421 89.24 23.4
    endloop
  endfacet
  facet normal 0.195165 -0.98077 0
    outer loop
      vertex 40.06 90.4421 0
      vertex 40.2781 90.4855 23.4
      vertex 40.06 90.4421 23.4
    endloop
  endfacet
  facet normal 0.195165 -0.98077 0
    outer loop
      vertex 40.2781 90.4855 23.4
      vertex 40.06 90.4421 0
      vertex 40.2781 90.4855 0
    endloop
  endfacet
  facet normal -0.751908 -0.659268 0
    outer loop
      vertex 41.8487 89.8349 0
      vertex 41.7021 90.0021 23.4
      vertex 41.7021 90.0021 0
    endloop
  endfacet
  facet normal -0.751908 -0.659268 0
    outer loop
      vertex 41.7021 90.0021 23.4
      vertex 41.8487 89.8349 0
      vertex 41.8487 89.8349 23.4
    endloop
  endfacet
  facet normal 0.831566 0.555426 0
    outer loop
      vertex 39.1513 87.7651 23.4
      vertex 39.0278 87.95 0
      vertex 39.0278 87.95 23.4
    endloop
  endfacet
  facet normal 0.831566 0.555426 0
    outer loop
      vertex 39.0278 87.95 0
      vertex 39.1513 87.7651 23.4
      vertex 39.1513 87.7651 0
    endloop
  endfacet
  facet normal -0.321484 0.946915 0
    outer loop
      vertex 41.1506 87.2294 0
      vertex 40.94 87.1579 23.4
      vertex 41.1506 87.2294 23.4
    endloop
  endfacet
  facet normal -0.321484 0.946915 0
    outer loop
      vertex 40.94 87.1579 23.4
      vertex 41.1506 87.2294 0
      vertex 40.94 87.1579 0
    endloop
  endfacet
  facet normal -0.44253 0.896754 0
    outer loop
      vertex 41.35 87.3278 0
      vertex 41.1506 87.2294 23.4
      vertex 41.35 87.3278 23.4
    endloop
  endfacet
  facet normal -0.44253 0.896754 0
    outer loop
      vertex 41.1506 87.2294 23.4
      vertex 41.35 87.3278 0
      vertex 41.1506 87.2294 0
    endloop
  endfacet
  facet normal -0.946915 0.321484 0
    outer loop
      vertex 42.0706 88.1494 0
      vertex 42.1421 88.36 23.4
      vertex 42.1421 88.36 0
    endloop
  endfacet
  facet normal -0.946915 0.321484 0
    outer loop
      vertex 42.1421 88.36 23.4
      vertex 42.0706 88.1494 0
      vertex 42.0706 88.1494 23.4
    endloop
  endfacet
  facet normal 0.555426 -0.831566 0
    outer loop
      vertex 39.4651 90.1487 0
      vertex 39.65 90.2722 23.4
      vertex 39.4651 90.1487 23.4
    endloop
  endfacet
  facet normal 0.555426 -0.831566 0
    outer loop
      vertex 39.65 90.2722 23.4
      vertex 39.4651 90.1487 0
      vertex 39.65 90.2722 0
    endloop
  endfacet
  facet normal 0.896754 0.44253 0
    outer loop
      vertex 39.0278 87.95 23.4
      vertex 38.9294 88.1494 0
      vertex 38.9294 88.1494 23.4
    endloop
  endfacet
  facet normal 0.896754 0.44253 0
    outer loop
      vertex 38.9294 88.1494 0
      vertex 39.0278 87.95 23.4
      vertex 39.0278 87.95 0
    endloop
  endfacet
  facet normal 0.751908 -0.659268 0
    outer loop
      vertex 39.1513 89.8349 23.4
      vertex 39.2979 90.0021 0
      vertex 39.2979 90.0021 23.4
    endloop
  endfacet
  facet normal 0.751908 -0.659268 0
    outer loop
      vertex 39.2979 90.0021 0
      vertex 39.1513 89.8349 23.4
      vertex 39.1513 89.8349 0
    endloop
  endfacet
  facet normal -0.98077 0.195165 0
    outer loop
      vertex 42.1421 88.36 0
      vertex 42.1855 88.5781 23.4
      vertex 42.1855 88.5781 0
    endloop
  endfacet
  facet normal -0.98077 0.195165 0
    outer loop
      vertex 42.1855 88.5781 23.4
      vertex 42.1421 88.36 0
      vertex 42.1421 88.36 23.4
    endloop
  endfacet
  facet normal -0.751908 0.659268 0
    outer loop
      vertex 41.7021 87.5979 0
      vertex 41.8487 87.7651 23.4
      vertex 41.8487 87.7651 0
    endloop
  endfacet
  facet normal -0.751908 0.659268 0
    outer loop
      vertex 41.8487 87.7651 23.4
      vertex 41.7021 87.5979 0
      vertex 41.7021 87.5979 23.4
    endloop
  endfacet
  facet normal -0.555426 -0.831566 0
    outer loop
      vertex 41.35 90.2722 0
      vertex 41.5349 90.1487 23.4
      vertex 41.35 90.2722 23.4
    endloop
  endfacet
  facet normal -0.555426 -0.831566 -0
    outer loop
      vertex 41.5349 90.1487 23.4
      vertex 41.35 90.2722 0
      vertex 41.5349 90.1487 0
    endloop
  endfacet
  facet normal 0.751908 0.659268 0
    outer loop
      vertex 39.2979 87.5979 23.4
      vertex 39.1513 87.7651 0
      vertex 39.1513 87.7651 23.4
    endloop
  endfacet
  facet normal 0.751908 0.659268 0
    outer loop
      vertex 39.1513 87.7651 0
      vertex 39.2979 87.5979 23.4
      vertex 39.2979 87.5979 0
    endloop
  endfacet
  facet normal -0.321484 -0.946915 0
    outer loop
      vertex 40.94 90.4421 0
      vertex 41.1506 90.3706 23.4
      vertex 40.94 90.4421 23.4
    endloop
  endfacet
  facet normal -0.321484 -0.946915 -0
    outer loop
      vertex 41.1506 90.3706 23.4
      vertex 40.94 90.4421 0
      vertex 41.1506 90.3706 0
    endloop
  endfacet
  facet normal 0.659268 -0.751908 0
    outer loop
      vertex 39.2979 90.0021 0
      vertex 39.4651 90.1487 23.4
      vertex 39.2979 90.0021 23.4
    endloop
  endfacet
  facet normal 0.659268 -0.751908 0
    outer loop
      vertex 39.4651 90.1487 23.4
      vertex 39.2979 90.0021 0
      vertex 39.4651 90.1487 0
    endloop
  endfacet
  facet normal 0.98077 -0.195165 0
    outer loop
      vertex 38.8145 89.0219 23.4
      vertex 38.8579 89.24 0
      vertex 38.8579 89.24 23.4
    endloop
  endfacet
  facet normal 0.98077 -0.195165 0
    outer loop
      vertex 38.8579 89.24 0
      vertex 38.8145 89.0219 23.4
      vertex 38.8145 89.0219 0
    endloop
  endfacet
  facet normal -0.195165 0.98077 0
    outer loop
      vertex 40.94 87.1579 0
      vertex 40.7219 87.1145 23.4
      vertex 40.94 87.1579 23.4
    endloop
  endfacet
  facet normal -0.195165 0.98077 0
    outer loop
      vertex 40.7219 87.1145 23.4
      vertex 40.94 87.1579 0
      vertex 40.7219 87.1145 0
    endloop
  endfacet
  facet normal -0.896754 0.44253 0
    outer loop
      vertex 41.9722 87.95 0
      vertex 42.0706 88.1494 23.4
      vertex 42.0706 88.1494 0
    endloop
  endfacet
  facet normal -0.896754 0.44253 0
    outer loop
      vertex 42.0706 88.1494 23.4
      vertex 41.9722 87.95 0
      vertex 41.9722 87.95 23.4
    endloop
  endfacet
  facet normal -0.831566 -0.555426 0
    outer loop
      vertex 41.9722 89.65 0
      vertex 41.8487 89.8349 23.4
      vertex 41.8487 89.8349 0
    endloop
  endfacet
  facet normal -0.831566 -0.555426 0
    outer loop
      vertex 41.8487 89.8349 23.4
      vertex 41.9722 89.65 0
      vertex 41.9722 89.65 23.4
    endloop
  endfacet
  facet normal -0.0652057 0.997872 0
    outer loop
      vertex 40.7219 87.1145 0
      vertex 40.5 87.1 23.4
      vertex 40.7219 87.1145 23.4
    endloop
  endfacet
  facet normal -0.0652057 0.997872 0
    outer loop
      vertex 40.5 87.1 23.4
      vertex 40.7219 87.1145 0
      vertex 40.5 87.1 0
    endloop
  endfacet
  facet normal -0.659268 -0.751908 0
    outer loop
      vertex 41.5349 90.1487 0
      vertex 41.7021 90.0021 23.4
      vertex 41.5349 90.1487 23.4
    endloop
  endfacet
  facet normal -0.659268 -0.751908 -0
    outer loop
      vertex 41.7021 90.0021 23.4
      vertex 41.5349 90.1487 0
      vertex 41.7021 90.0021 0
    endloop
  endfacet
  facet normal 0.946915 0.321484 0
    outer loop
      vertex 38.9294 88.1494 23.4
      vertex 38.8579 88.36 0
      vertex 38.8579 88.36 23.4
    endloop
  endfacet
  facet normal 0.946915 0.321484 0
    outer loop
      vertex 38.8579 88.36 0
      vertex 38.9294 88.1494 23.4
      vertex 38.9294 88.1494 0
    endloop
  endfacet
  facet normal 0.321484 -0.946915 0
    outer loop
      vertex 39.8494 90.3706 0
      vertex 40.06 90.4421 23.4
      vertex 39.8494 90.3706 23.4
    endloop
  endfacet
  facet normal 0.321484 -0.946915 0
    outer loop
      vertex 40.06 90.4421 23.4
      vertex 39.8494 90.3706 0
      vertex 40.06 90.4421 0
    endloop
  endfacet
  facet normal -0.997872 0.0652057 0
    outer loop
      vertex 42.1855 88.5781 0
      vertex 42.2 88.8 23.4
      vertex 42.2 88.8 0
    endloop
  endfacet
  facet normal -0.997872 0.0652057 0
    outer loop
      vertex 42.2 88.8 23.4
      vertex 42.1855 88.5781 0
      vertex 42.1855 88.5781 23.4
    endloop
  endfacet
  facet normal -0.44253 -0.896754 0
    outer loop
      vertex 41.1506 90.3706 0
      vertex 41.35 90.2722 23.4
      vertex 41.1506 90.3706 23.4
    endloop
  endfacet
  facet normal -0.44253 -0.896754 -0
    outer loop
      vertex 41.35 90.2722 23.4
      vertex 41.1506 90.3706 0
      vertex 41.35 90.2722 0
    endloop
  endfacet
  facet normal 0.98077 0.195165 0
    outer loop
      vertex 38.8579 88.36 23.4
      vertex 38.8145 88.5781 0
      vertex 38.8145 88.5781 23.4
    endloop
  endfacet
  facet normal 0.98077 0.195165 0
    outer loop
      vertex 38.8145 88.5781 0
      vertex 38.8579 88.36 23.4
      vertex 38.8579 88.36 0
    endloop
  endfacet
  facet normal 0.321484 0.946915 -0
    outer loop
      vertex 40.06 87.1579 0
      vertex 39.8494 87.2294 23.4
      vertex 40.06 87.1579 23.4
    endloop
  endfacet
  facet normal 0.321484 0.946915 0
    outer loop
      vertex 39.8494 87.2294 23.4
      vertex 40.06 87.1579 0
      vertex 39.8494 87.2294 0
    endloop
  endfacet
  facet normal -0.195165 -0.98077 0
    outer loop
      vertex 40.7219 90.4855 0
      vertex 40.94 90.4421 23.4
      vertex 40.7219 90.4855 23.4
    endloop
  endfacet
  facet normal -0.195165 -0.98077 -0
    outer loop
      vertex 40.94 90.4421 23.4
      vertex 40.7219 90.4855 0
      vertex 40.94 90.4421 0
    endloop
  endfacet
  facet normal -0.831566 0.555426 0
    outer loop
      vertex 41.8487 87.7651 0
      vertex 41.9722 87.95 23.4
      vertex 41.9722 87.95 0
    endloop
  endfacet
  facet normal -0.831566 0.555426 0
    outer loop
      vertex 41.9722 87.95 23.4
      vertex 41.8487 87.7651 0
      vertex 41.8487 87.7651 23.4
    endloop
  endfacet
  facet normal 0.946915 -0.321484 0
    outer loop
      vertex 38.8579 89.24 23.4
      vertex 38.9294 89.4506 0
      vertex 38.9294 89.4506 23.4
    endloop
  endfacet
  facet normal 0.946915 -0.321484 0
    outer loop
      vertex 38.9294 89.4506 0
      vertex 38.8579 89.24 23.4
      vertex 38.8579 89.24 0
    endloop
  endfacet
  facet normal 0.997872 0.0652057 0
    outer loop
      vertex 38.8145 88.5781 23.4
      vertex 38.8 88.8 0
      vertex 38.8 88.8 23.4
    endloop
  endfacet
  facet normal 0.997872 0.0652057 0
    outer loop
      vertex 38.8 88.8 0
      vertex 38.8145 88.5781 23.4
      vertex 38.8145 88.5781 0
    endloop
  endfacet
  facet normal -0.555426 0.831566 0
    outer loop
      vertex 41.5349 87.4513 0
      vertex 41.35 87.3278 23.4
      vertex 41.5349 87.4513 23.4
    endloop
  endfacet
  facet normal -0.555426 0.831566 0
    outer loop
      vertex 41.35 87.3278 23.4
      vertex 41.5349 87.4513 0
      vertex 41.35 87.3278 0
    endloop
  endfacet
  facet normal 0.195165 0.98077 -0
    outer loop
      vertex 40.2781 87.1145 0
      vertex 40.06 87.1579 23.4
      vertex 40.2781 87.1145 23.4
    endloop
  endfacet
  facet normal 0.195165 0.98077 0
    outer loop
      vertex 40.06 87.1579 23.4
      vertex 40.2781 87.1145 0
      vertex 40.06 87.1579 0
    endloop
  endfacet
  facet normal 0.0652057 -0.997872 0
    outer loop
      vertex 40.2781 90.4855 0
      vertex 40.5 90.5 23.4
      vertex 40.2781 90.4855 23.4
    endloop
  endfacet
  facet normal 0.0652057 -0.997872 0
    outer loop
      vertex 40.5 90.5 23.4
      vertex 40.2781 90.4855 0
      vertex 40.5 90.5 0
    endloop
  endfacet
  facet normal 0.997872 -0.0652057 0
    outer loop
      vertex 38.8 88.8 23.4
      vertex 38.8145 89.0219 0
      vertex 38.8145 89.0219 23.4
    endloop
  endfacet
  facet normal 0.997872 -0.0652057 0
    outer loop
      vertex 38.8145 89.0219 0
      vertex 38.8 88.8 23.4
      vertex 38.8 88.8 0
    endloop
  endfacet
  facet normal 0.44253 0.896754 -0
    outer loop
      vertex 39.8494 87.2294 0
      vertex 39.65 87.3278 23.4
      vertex 39.8494 87.2294 23.4
    endloop
  endfacet
  facet normal 0.44253 0.896754 0
    outer loop
      vertex 39.65 87.3278 23.4
      vertex 39.8494 87.2294 0
      vertex 39.65 87.3278 0
    endloop
  endfacet
  facet normal 0.555426 0.831566 -0
    outer loop
      vertex 39.65 87.3278 0
      vertex 39.4651 87.4513 23.4
      vertex 39.65 87.3278 23.4
    endloop
  endfacet
  facet normal 0.555426 0.831566 0
    outer loop
      vertex 39.4651 87.4513 23.4
      vertex 39.65 87.3278 0
      vertex 39.4651 87.4513 0
    endloop
  endfacet
  facet normal 0.896754 -0.44253 0
    outer loop
      vertex 38.9294 89.4506 23.4
      vertex 39.0278 89.65 0
      vertex 39.0278 89.65 23.4
    endloop
  endfacet
  facet normal 0.896754 -0.44253 0
    outer loop
      vertex 39.0278 89.65 0
      vertex 38.9294 89.4506 23.4
      vertex 38.9294 89.4506 0
    endloop
  endfacet
  facet normal -0.659268 0.751908 0
    outer loop
      vertex 41.7021 87.5979 0
      vertex 41.5349 87.4513 23.4
      vertex 41.7021 87.5979 23.4
    endloop
  endfacet
  facet normal -0.659268 0.751908 0
    outer loop
      vertex 41.5349 87.4513 23.4
      vertex 41.7021 87.5979 0
      vertex 41.5349 87.4513 0
    endloop
  endfacet
  facet normal -0.0652057 -0.997872 0
    outer loop
      vertex 40.5 90.5 0
      vertex 40.7219 90.4855 23.4
      vertex 40.5 90.5 23.4
    endloop
  endfacet
  facet normal -0.0652057 -0.997872 -0
    outer loop
      vertex 40.7219 90.4855 23.4
      vertex 40.5 90.5 0
      vertex 40.7219 90.4855 0
    endloop
  endfacet
  facet normal 0.44253 -0.896754 0
    outer loop
      vertex 39.65 90.2722 0
      vertex 39.8494 90.3706 23.4
      vertex 39.65 90.2722 23.4
    endloop
  endfacet
  facet normal 0.44253 -0.896754 0
    outer loop
      vertex 39.8494 90.3706 23.4
      vertex 39.65 90.2722 0
      vertex 39.8494 90.3706 0
    endloop
  endfacet
  facet normal 0.831566 -0.555426 0
    outer loop
      vertex 39.0278 89.65 23.4
      vertex 39.1513 89.8349 0
      vertex 39.1513 89.8349 23.4
    endloop
  endfacet
  facet normal 0.831566 -0.555426 0
    outer loop
      vertex 39.1513 89.8349 0
      vertex 39.0278 89.65 23.4
      vertex 39.0278 89.65 0
    endloop
  endfacet
  facet normal 0.0652057 0.997872 -0
    outer loop
      vertex 40.5 87.1 0
      vertex 40.2781 87.1145 23.4
      vertex 40.5 87.1 23.4
    endloop
  endfacet
  facet normal 0.0652057 0.997872 0
    outer loop
      vertex 40.2781 87.1145 23.4
      vertex 40.5 87.1 0
      vertex 40.2781 87.1145 0
    endloop
  endfacet
  facet normal 0.659268 0.751908 -0
    outer loop
      vertex 39.4651 87.4513 0
      vertex 39.2979 87.5979 23.4
      vertex 39.4651 87.4513 23.4
    endloop
  endfacet
  facet normal 0.659268 0.751908 0
    outer loop
      vertex 39.2979 87.5979 23.4
      vertex 39.4651 87.4513 0
      vertex 39.2979 87.5979 0
    endloop
  endfacet
  facet normal 1 -0 0
    outer loop
      vertex 36.2 65.5 16.4
      vertex 36.2 92.49 0
      vertex 36.2 92.49 16.4
    endloop
  endfacet
  facet normal 1 0 0
    outer loop
      vertex 36.2 92.49 0
      vertex 36.2 65.5 16.4
      vertex 36.2 65.5 0
    endloop
  endfacet
  facet normal 0 0 1
    outer loop
      vertex 36.2 92.49 16.4
      vertex 35.15 92.045 16.4
      vertex 36.2 65.5 16.4
    endloop
  endfacet
  facet normal 0 0 1
    outer loop
      vertex 36.2 92.49 16.4
      vertex 9.05 92.045 16.4
      vertex 35.15 92.045 16.4
    endloop
  endfacet
  facet normal 0 0 1
    outer loop
      vertex 9.05 92.045 16.4
      vertex 8 92.49 16.4
      vertex 9.05 65.945 16.4
    endloop
  endfacet
  facet normal -0 0 1
    outer loop
      vertex 8 92.49 16.4
      vertex 9.05 92.045 16.4
      vertex 36.2 92.49 16.4
    endloop
  endfacet
  facet normal -0 0 1
    outer loop
      vertex 35.15 65.945 16.4
      vertex 36.2 65.5 16.4
      vertex 35.15 92.045 16.4
    endloop
  endfacet
  facet normal -0 0 1
    outer loop
      vertex 9.05 65.945 16.4
      vertex 36.2 65.5 16.4
      vertex 35.15 65.945 16.4
    endloop
  endfacet
  facet normal 0 0 1
    outer loop
      vertex 9.05 65.945 16.4
      vertex 8 65.5 16.4
      vertex 36.2 65.5 16.4
    endloop
  endfacet
  facet normal 0 0 1
    outer loop
      vertex 8 65.5 16.4
      vertex 9.05 65.945 16.4
      vertex 8 92.49 16.4
    endloop
  endfacet
  facet normal -1 0 0
    outer loop
      vertex 8 65.5 0
      vertex 8 92.49 16.4
      vertex 8 92.49 0
    endloop
  endfacet
  facet normal -1 -0 0
    outer loop
      vertex 8 92.49 16.4
      vertex 8 65.5 0
      vertex 8 65.5 16.4
    endloop
  endfacet
  facet normal 0 1 -0
    outer loop
      vertex 36.2 92.49 0
      vertex 8 92.49 16.4
      vertex 36.2 92.49 16.4
    endloop
  endfacet
  facet normal 0 1 0
    outer loop
      vertex 8 92.49 16.4
      vertex 36.2 92.49 0
      vertex 8 92.49 0
    endloop
  endfacet
  facet normal 0 -1 0
    outer loop
      vertex 8 65.5 16.4
      vertex 9.2 65.5 15.2
      vertex 36.2 65.5 16.4
    endloop
  endfacet
  facet normal 0 -1 0
    outer loop
      vertex 8 65.5 0
      vertex 9.2 65.5 15.2
      vertex 8 65.5 16.4
    endloop
  endfacet
  facet normal 0 -1 -0
    outer loop
      vertex 9.2 65.5 15.2
      vertex 8 65.5 0
      vertex 9.2 65.5 0
    endloop
  endfacet
  facet normal 0 -1 0
    outer loop
      vertex 35 65.5 15.2
      vertex 36.2 65.5 16.4
      vertex 9.2 65.5 15.2
    endloop
  endfacet
  facet normal 0 -1 0
    outer loop
      vertex 36.2 65.5 0
      vertex 35 65.5 15.2
      vertex 35 65.5 0
    endloop
  endfacet
  facet normal 0 -1 0
    outer loop
      vertex 35 65.5 15.2
      vertex 36.2 65.5 0
      vertex 36.2 65.5 16.4
    endloop
  endfacet
  facet normal -1 0 0
    outer loop
      vertex 35 65.5 0
      vertex 35 91.29 15.2
      vertex 35 91.29 0
    endloop
  endfacet
  facet normal -1 -0 0
    outer loop
      vertex 35 91.29 15.2
      vertex 35 65.5 0
      vertex 35 65.5 15.2
    endloop
  endfacet
  facet normal 0 0 -1
    outer loop
      vertex 9.2 65.5 15.2
      vertex 35 91.29 15.2
      vertex 35 65.5 15.2
    endloop
  endfacet
  facet normal -0 0 -1
    outer loop
      vertex 35 91.29 15.2
      vertex 9.2 65.5 15.2
      vertex 9.2 91.29 15.2
    endloop
  endfacet
  facet normal 1 -0 0
    outer loop
      vertex 9.2 65.5 15.2
      vertex 9.2 91.29 0
      vertex 9.2 91.29 15.2
    endloop
  endfacet
  facet normal 1 0 0
    outer loop
      vertex 9.2 91.29 0
      vertex 9.2 65.5 15.2
      vertex 9.2 65.5 0
    endloop
  endfacet
  facet normal 0 -1 0
    outer loop
      vertex 9.2 91.29 0
      vertex 35 91.29 15.2
      vertex 9.2 91.29 15.2
    endloop
  endfacet
  facet normal 0 -1 -0
    outer loop
      vertex 35 91.29 15.2
      vertex 9.2 91.29 0
      vertex 35 91.29 0
    endloop
  endfacet
  facet normal -1 0 0
    outer loop
      vertex 35.15 65.945 15.6
      vertex 35.15 92.045 16.4
      vertex 35.15 92.045 15.6
    endloop
  endfacet
  facet normal -1 -0 0
    outer loop
      vertex 35.15 92.045 16.4
      vertex 35.15 65.945 15.6
      vertex 35.15 65.945 16.4
    endloop
  endfacet
  facet normal -0 0 1
    outer loop
      vertex 9.05 92.045 15.6
      vertex 35.15 65.945 15.6
      vertex 35.15 92.045 15.6
    endloop
  endfacet
  facet normal 0 0 1
    outer loop
      vertex 35.15 65.945 15.6
      vertex 9.05 92.045 15.6
      vertex 9.05 65.945 15.6
    endloop
  endfacet
  facet normal 1 -0 0
    outer loop
      vertex 9.05 65.945 16.4
      vertex 9.05 92.045 15.6
      vertex 9.05 92.045 16.4
    endloop
  endfacet
  facet normal 1 0 0
    outer loop
      vertex 9.05 92.045 15.6
      vertex 9.05 65.945 16.4
      vertex 9.05 65.945 15.6
    endloop
  endfacet
  facet normal 0 -1 0
    outer loop
      vertex 9.05 92.045 15.6
      vertex 35.15 92.045 16.4
      vertex 9.05 92.045 16.4
    endloop
  endfacet
  facet normal 0 -1 -0
    outer loop
      vertex 35.15 92.045 16.4
      vertex 9.05 92.045 15.6
      vertex 35.15 92.045 15.6
    endloop
  endfacet
  facet normal 0 1 -0
    outer loop
      vertex 35.15 65.945 15.6
      vertex 9.05 65.945 16.4
      vertex 35.15 65.945 16.4
    endloop
  endfacet
  facet normal 0 1 0
    outer loop
      vertex 9.05 65.945 16.4
      vertex 35.15 65.945 15.6
      vertex 9.05 65.945 15.6
    endloop
  endfacet
endsolid OpenSCAD_Model
