solid OpenSCAD_Model
  facet normal 0.980782 0.195106 0
    outer loop
      vertex 14.0785 1.85347 6.1
      vertex 13.7161 3.67523 4.6
      vertex 13.7161 3.67523 6.1
    endloop
  endfacet
  facet normal 0.980782 0.195106 0
    outer loop
      vertex 13.7161 3.67523 4.6
      vertex 14.0785 1.85347 6.1
      vertex 14.0785 1.85347 4.6
    endloop
  endfacet
  facet normal 0.997858 0.0654123 0
    outer loop
      vertex 14.2 0 6.1
      vertex 14.0785 1.85347 4.6
      vertex 14.0785 1.85347 6.1
    endloop
  endfacet
  facet normal 0.997858 0.0654123 0
    outer loop
      vertex 14.0785 1.85347 4.6
      vertex 14.2 0 6.1
      vertex 14.2 0 4.6
    endloop
  endfacet
  facet normal -0.946936 0.321421 0
    outer loop
      vertex -13.7161 3.67523 4.6
      vertex -13.1646 5.3 6.1
      vertex -13.1646 5.3 4.6
    endloop
  endfacet
  facet normal -0.946936 0.321421 0
    outer loop
      vertex -13.1646 5.3 6.1
      vertex -13.7161 3.67523 4.6
      vertex -13.7161 3.67523 6.1
    endloop
  endfacet
  facet normal 0.997858 -0.0654123 0
    outer loop
      vertex 14.0785 -1.85347 6.1
      vertex 14.2 0 4.6
      vertex 14.2 0 6.1
    endloop
  endfacet
  facet normal 0.997858 -0.0654123 0
    outer loop
      vertex 14.2 0 4.6
      vertex 14.0785 -1.85347 6.1
      vertex 14.0785 -1.85347 4.6
    endloop
  endfacet
  facet normal -0.997858 -0.0654123 0
    outer loop
      vertex -14.0785 -1.85347 4.6
      vertex -14.2 0 6.1
      vertex -14.2 0 4.6
    endloop
  endfacet
  facet normal -0.997858 -0.0654123 0
    outer loop
      vertex -14.2 0 6.1
      vertex -14.0785 -1.85347 4.6
      vertex -14.0785 -1.85347 6.1
    endloop
  endfacet
  facet normal -0.980782 0.195106 0
    outer loop
      vertex -14.0785 1.85347 4.6
      vertex -13.7161 3.67523 6.1
      vertex -13.7161 3.67523 4.6
    endloop
  endfacet
  facet normal -0.980782 0.195106 0
    outer loop
      vertex -13.7161 3.67523 6.1
      vertex -14.0785 1.85347 4.6
      vertex -14.0785 1.85347 6.1
    endloop
  endfacet
  facet normal -0.980782 -0.195106 0
    outer loop
      vertex -13.7161 -3.67523 4.6
      vertex -14.0785 -1.85347 6.1
      vertex -14.0785 -1.85347 4.6
    endloop
  endfacet
  facet normal -0.980782 -0.195106 0
    outer loop
      vertex -14.0785 -1.85347 6.1
      vertex -13.7161 -3.67523 4.6
      vertex -13.7161 -3.67523 6.1
    endloop
  endfacet
  facet normal 0.980782 -0.195106 0
    outer loop
      vertex 13.7161 -3.67523 6.1
      vertex 14.0785 -1.85347 4.6
      vertex 14.0785 -1.85347 6.1
    endloop
  endfacet
  facet normal 0.980782 -0.195106 0
    outer loop
      vertex 14.0785 -1.85347 4.6
      vertex 13.7161 -3.67523 6.1
      vertex 13.7161 -3.67523 4.6
    endloop
  endfacet
  facet normal 0 0 1
    outer loop
      vertex 14.0785 1.85347 6.1
      vertex 14.0785 -1.85347 6.1
      vertex 14.2 0 6.1
    endloop
  endfacet
  facet normal 0 0 1
    outer loop
      vertex 13.7161 3.67523 6.1
      vertex 14.0785 -1.85347 6.1
      vertex 14.0785 1.85347 6.1
    endloop
  endfacet
  facet normal 0 0 1
    outer loop
      vertex 13.7161 3.67523 6.1
      vertex 13.7161 -3.67523 6.1
      vertex 14.0785 -1.85347 6.1
    endloop
  endfacet
  facet normal 0 0 1
    outer loop
      vertex 13.1646 5.3 6.1
      vertex 13.7161 -3.67523 6.1
      vertex 13.7161 3.67523 6.1
    endloop
  endfacet
  facet normal 0 0 1
    outer loop
      vertex 13.1646 5.3 6.1
      vertex 13.1646 -5.3 6.1
      vertex 13.7161 -3.67523 6.1
    endloop
  endfacet
  facet normal -0 0 1
    outer loop
      vertex -13.1646 5.3 6.1
      vertex 13.1646 -5.3 6.1
      vertex 13.1646 5.3 6.1
    endloop
  endfacet
  facet normal 0 0 1
    outer loop
      vertex -13.1646 5.3 6.1
      vertex -13.1646 -5.3 6.1
      vertex 13.1646 -5.3 6.1
    endloop
  endfacet
  facet normal -0 0 1
    outer loop
      vertex -13.7161 3.67523 6.1
      vertex -13.1646 -5.3 6.1
      vertex -13.1646 5.3 6.1
    endloop
  endfacet
  facet normal 0 0 1
    outer loop
      vertex -13.7161 3.67523 6.1
      vertex -13.7161 -3.67523 6.1
      vertex -13.1646 -5.3 6.1
    endloop
  endfacet
  facet normal -0 0 1
    outer loop
      vertex -14.0785 1.85347 6.1
      vertex -13.7161 -3.67523 6.1
      vertex -13.7161 3.67523 6.1
    endloop
  endfacet
  facet normal 0 0 1
    outer loop
      vertex -14.0785 1.85347 6.1
      vertex -14.0785 -1.85347 6.1
      vertex -13.7161 -3.67523 6.1
    endloop
  endfacet
  facet normal 0 -0 1
    outer loop
      vertex -14.0785 -1.85347 6.1
      vertex -14.0785 1.85347 6.1
      vertex -14.2 0 6.1
    endloop
  endfacet
  facet normal 0 0 -1
    outer loop
      vertex 12.3 0 4.6
      vertex 14.2 0 4.6
      vertex 14.0785 -1.85347 4.6
    endloop
  endfacet
  facet normal 0 0 -1
    outer loop
      vertex 12.1948 -1.60547 4.6
      vertex 14.0785 -1.85347 4.6
      vertex 13.7161 -3.67523 4.6
    endloop
  endfacet
  facet normal 0 0 -1
    outer loop
      vertex 14.2 0 4.6
      vertex 12.3 0 4.6
      vertex 14.0785 1.85347 4.6
    endloop
  endfacet
  facet normal 0 0 -1
    outer loop
      vertex 11.8809 -3.18347 4.6
      vertex 13.7161 -3.67523 4.6
      vertex 13.1646 -5.3 4.6
    endloop
  endfacet
  facet normal 0 0 -1
    outer loop
      vertex 12.1948 1.60547 4.6
      vertex 14.0785 1.85347 4.6
      vertex 12.3 0 4.6
    endloop
  endfacet
  facet normal -0 0 -1
    outer loop
      vertex 14.0785 1.85347 4.6
      vertex 12.1948 1.60547 4.6
      vertex 13.7161 3.67523 4.6
    endloop
  endfacet
  facet normal 0 0 -1
    outer loop
      vertex 14.0785 -1.85347 4.6
      vertex 12.1948 -1.60547 4.6
      vertex 12.3 0 4.6
    endloop
  endfacet
  facet normal 0 0 -1
    outer loop
      vertex 13.7161 -3.67523 4.6
      vertex 11.8809 -3.18347 4.6
      vertex 12.1948 -1.60547 4.6
    endloop
  endfacet
  facet normal 0 0 -1
    outer loop
      vertex 13.1646 -5.3 4.6
      vertex 11.3637 -4.70701 4.6
      vertex 11.8809 -3.18347 4.6
    endloop
  endfacet
  facet normal 0 -0 -1
    outer loop
      vertex 11.3637 -4.70701 4.6
      vertex 13.1646 -5.3 4.6
      vertex 11.0713 -5.3 4.6
    endloop
  endfacet
  facet normal 0 0 -1
    outer loop
      vertex 11.8809 3.18347 4.6
      vertex 13.7161 3.67523 4.6
      vertex 12.1948 1.60547 4.6
    endloop
  endfacet
  facet normal -0 0 -1
    outer loop
      vertex 13.7161 3.67523 4.6
      vertex 11.8809 3.18347 4.6
      vertex 13.1646 5.3 4.6
    endloop
  endfacet
  facet normal 0 0 -1
    outer loop
      vertex 11.3637 4.70701 4.6
      vertex 13.1646 5.3 4.6
      vertex 11.8809 3.18347 4.6
    endloop
  endfacet
  facet normal -0 0 -1
    outer loop
      vertex 13.1646 5.3 4.6
      vertex 11.3637 4.70701 4.6
      vertex 11.0713 5.3 4.6
    endloop
  endfacet
  facet normal -0 0 -1
    outer loop
      vertex -11.8809 -3.18347 4.6
      vertex -13.7161 -3.67523 4.6
      vertex -12.1948 -1.60547 4.6
    endloop
  endfacet
  facet normal 0 0 -1
    outer loop
      vertex -13.7161 -3.67523 4.6
      vertex -11.8809 -3.18347 4.6
      vertex -13.1646 -5.3 4.6
    endloop
  endfacet
  facet normal -0 0 -1
    outer loop
      vertex -11.3637 -4.70701 4.6
      vertex -13.1646 -5.3 4.6
      vertex -11.8809 -3.18347 4.6
    endloop
  endfacet
  facet normal 0 0 -1
    outer loop
      vertex -13.1646 -5.3 4.6
      vertex -11.3637 -4.70701 4.6
      vertex -11.0713 -5.3 4.6
    endloop
  endfacet
  facet normal 0 0 -1
    outer loop
      vertex -14.0785 -1.85347 4.6
      vertex -12.1948 -1.60547 4.6
      vertex -13.7161 -3.67523 4.6
    endloop
  endfacet
  facet normal 0 0 -1
    outer loop
      vertex -11.3637 4.70701 4.6
      vertex -13.1646 5.3 4.6
      vertex -11.0713 5.3 4.6
    endloop
  endfacet
  facet normal 0 0 -1
    outer loop
      vertex -11.8809 3.18347 4.6
      vertex -13.1646 5.3 4.6
      vertex -11.3637 4.70701 4.6
    endloop
  endfacet
  facet normal 0 0 -1
    outer loop
      vertex -13.7161 3.67523 4.6
      vertex -11.8809 3.18347 4.6
      vertex -12.1948 1.60547 4.6
    endloop
  endfacet
  facet normal -0 0 -1
    outer loop
      vertex -12.1948 -1.60547 4.6
      vertex -14.0785 -1.85347 4.6
      vertex -12.3 0 4.6
    endloop
  endfacet
  facet normal 0 0 -1
    outer loop
      vertex -14.2 0 4.6
      vertex -12.3 0 4.6
      vertex -14.0785 -1.85347 4.6
    endloop
  endfacet
  facet normal 0 0 -1
    outer loop
      vertex -11.8809 3.18347 4.6
      vertex -13.7161 3.67523 4.6
      vertex -13.1646 5.3 4.6
    endloop
  endfacet
  facet normal 0 0 -1
    outer loop
      vertex -12.3 0 4.6
      vertex -14.2 0 4.6
      vertex -12.1948 1.60547 4.6
    endloop
  endfacet
  facet normal 0 0 -1
    outer loop
      vertex -12.1948 1.60547 4.6
      vertex -14.0785 1.85347 4.6
      vertex -13.7161 3.67523 4.6
    endloop
  endfacet
  facet normal -0 0 -1
    outer loop
      vertex -12.1948 1.60547 4.6
      vertex -14.2 0 4.6
      vertex -14.0785 1.85347 4.6
    endloop
  endfacet
  facet normal -0.946936 -0.321421 0
    outer loop
      vertex -13.1646 -5.3 4.6
      vertex -13.7161 -3.67523 6.1
      vertex -13.7161 -3.67523 4.6
    endloop
  endfacet
  facet normal -0.946936 -0.321421 0
    outer loop
      vertex -13.7161 -3.67523 6.1
      vertex -13.1646 -5.3 4.6
      vertex -13.1646 -5.3 6.1
    endloop
  endfacet
  facet normal 0.946936 0.321421 0
    outer loop
      vertex 13.7161 3.67523 6.1
      vertex 13.1646 5.3 4.6
      vertex 13.1646 5.3 6.1
    endloop
  endfacet
  facet normal 0.946936 0.321421 0
    outer loop
      vertex 13.1646 5.3 4.6
      vertex 13.7161 3.67523 6.1
      vertex 13.7161 3.67523 4.6
    endloop
  endfacet
  facet normal -0.997858 0.0654123 0
    outer loop
      vertex -14.2 0 4.6
      vertex -14.0785 1.85347 6.1
      vertex -14.0785 1.85347 4.6
    endloop
  endfacet
  facet normal -0.997858 0.0654123 0
    outer loop
      vertex -14.0785 1.85347 6.1
      vertex -14.2 0 4.6
      vertex -14.2 0 6.1
    endloop
  endfacet
  facet normal 0.946936 -0.321421 0
    outer loop
      vertex 13.1646 -5.3 6.1
      vertex 13.7161 -3.67523 4.6
      vertex 13.7161 -3.67523 6.1
    endloop
  endfacet
  facet normal 0.946936 -0.321421 0
    outer loop
      vertex 13.7161 -3.67523 4.6
      vertex 13.1646 -5.3 6.1
      vertex 13.1646 -5.3 4.6
    endloop
  endfacet
  facet normal 0 0 0
    outer loop
      vertex 13.1646 5.3 6.1
      vertex 11.0713 5.3 6.1
      vertex -13.1646 5.3 6.1
    endloop
  endfacet
  facet normal 0 1 -0
    outer loop
      vertex 13.1646 5.3 4.6
      vertex 11.0713 5.3 6.1
      vertex 13.1646 5.3 6.1
    endloop
  endfacet
  facet normal 0 1 0
    outer loop
      vertex 11.0713 5.3 6.1
      vertex 13.1646 5.3 4.6
      vertex 11.0713 5.3 4.6
    endloop
  endfacet
  facet normal 0 0 -0
    outer loop
      vertex -11.0713 5.3 6.1
      vertex -13.1646 5.3 6.1
      vertex 11.0713 5.3 6.1
    endloop
  endfacet
  facet normal 0 1 -0
    outer loop
      vertex -11.0713 5.3 4.6
      vertex -13.1646 5.3 6.1
      vertex -11.0713 5.3 6.1
    endloop
  endfacet
  facet normal 0 1 0
    outer loop
      vertex -13.1646 5.3 6.1
      vertex -11.0713 5.3 4.6
      vertex -13.1646 5.3 4.6
    endloop
  endfacet
  facet normal 0 0 0
    outer loop
      vertex -13.1646 -5.3 6.1
      vertex -11.0713 -5.3 6.1
      vertex 13.1646 -5.3 6.1
    endloop
  endfacet
  facet normal 0 -1 0
    outer loop
      vertex -13.1646 -5.3 4.6
      vertex -11.0713 -5.3 6.1
      vertex -13.1646 -5.3 6.1
    endloop
  endfacet
  facet normal 0 -1 -0
    outer loop
      vertex -11.0713 -5.3 6.1
      vertex -13.1646 -5.3 4.6
      vertex -11.0713 -5.3 4.6
    endloop
  endfacet
  facet normal 0 -0 0
    outer loop
      vertex 11.0713 -5.3 6.1
      vertex 13.1646 -5.3 6.1
      vertex -11.0713 -5.3 6.1
    endloop
  endfacet
  facet normal 0 -1 0
    outer loop
      vertex 11.0713 -5.3 4.6
      vertex 13.1646 -5.3 6.1
      vertex 11.0713 -5.3 6.1
    endloop
  endfacet
  facet normal 0 -1 -0
    outer loop
      vertex 13.1646 -5.3 6.1
      vertex 11.0713 -5.3 4.6
      vertex 13.1646 -5.3 4.6
    endloop
  endfacet
  facet normal 0.1951 0.980783 -0
    outer loop
      vertex 3.18347 11.8809 3
      vertex 1.60547 12.1948 6.1
      vertex 3.18347 11.8809 6.1
    endloop
  endfacet
  facet normal 0.1951 0.980783 0
    outer loop
      vertex 1.60547 12.1948 6.1
      vertex 3.18347 11.8809 3
      vertex 1.60547 12.1948 3
    endloop
  endfacet
  facet normal 0.980783 0.1951 0
    outer loop
      vertex 12.1948 1.60547 4.6
      vertex 11.8809 3.18347 3
      vertex 11.8809 3.18347 4.6
    endloop
  endfacet
  facet normal 0.980783 0.1951 0
    outer loop
      vertex 11.8809 3.18347 3
      vertex 12.1948 1.60547 4.6
      vertex 12.1948 1.60547 3
    endloop
  endfacet
  facet normal 0.99786 0.0653858 0
    outer loop
      vertex 12.3 0 4.6
      vertex 12.1948 1.60547 3
      vertex 12.1948 1.60547 4.6
    endloop
  endfacet
  facet normal 0.99786 0.0653858 0
    outer loop
      vertex 12.1948 1.60547 3
      vertex 12.3 0 4.6
      vertex 12.3 0 3
    endloop
  endfacet
  facet normal 0.946925 0.321455 0
    outer loop
      vertex 11.8809 3.18347 4.6
      vertex 11.3637 4.70701 3
      vertex 11.3637 4.70701 4.6
    endloop
  endfacet
  facet normal 0.946925 0.321455 0
    outer loop
      vertex 11.3637 4.70701 3
      vertex 11.8809 3.18347 4.6
      vertex 11.8809 3.18347 3
    endloop
  endfacet
  facet normal 0.831475 0.555562 0
    outer loop
      vertex 10.6521 6.15 6.1
      vertex 9.75825 7.48777 3
      vertex 9.75825 7.48777 6.1
    endloop
  endfacet
  facet normal 0.831475 0.555562 0
    outer loop
      vertex 9.75825 7.48777 3
      vertex 10.6521 6.15 6.1
      vertex 10.6521 6.15 3
    endloop
  endfacet
  facet normal 0.321455 0.946925 -0
    outer loop
      vertex 4.70701 11.3637 3
      vertex 3.18347 11.8809 6.1
      vertex 4.70701 11.3637 6.1
    endloop
  endfacet
  facet normal 0.321455 0.946925 0
    outer loop
      vertex 3.18347 11.8809 6.1
      vertex 4.70701 11.3637 3
      vertex 3.18347 11.8809 3
    endloop
  endfacet
  facet normal -0.980783 -0.1951 0
    outer loop
      vertex -11.8809 -3.18347 3
      vertex -12.1948 -1.60547 4.6
      vertex -12.1948 -1.60547 3
    endloop
  endfacet
  facet normal -0.980783 -0.1951 0
    outer loop
      vertex -12.1948 -1.60547 4.6
      vertex -11.8809 -3.18347 3
      vertex -11.8809 -3.18347 4.6
    endloop
  endfacet
  facet normal 0.99786 -0.0653858 0
    outer loop
      vertex 12.1948 -1.60547 4.6
      vertex 12.3 0 3
      vertex 12.3 0 4.6
    endloop
  endfacet
  facet normal 0.99786 -0.0653858 0
    outer loop
      vertex 12.3 0 3
      vertex 12.1948 -1.60547 4.6
      vertex 12.1948 -1.60547 3
    endloop
  endfacet
  facet normal -0.99786 -0.0653858 0
    outer loop
      vertex -12.1948 -1.60547 3
      vertex -12.3 0 4.6
      vertex -12.3 0 3
    endloop
  endfacet
  facet normal -0.99786 -0.0653858 0
    outer loop
      vertex -12.3 0 4.6
      vertex -12.1948 -1.60547 3
      vertex -12.1948 -1.60547 4.6
    endloop
  endfacet
  facet normal -0.321455 -0.946925 0
    outer loop
      vertex -4.70701 -11.3637 3
      vertex -3.18347 -11.8809 6.1
      vertex -4.70701 -11.3637 6.1
    endloop
  endfacet
  facet normal -0.321455 -0.946925 -0
    outer loop
      vertex -3.18347 -11.8809 6.1
      vertex -4.70701 -11.3637 3
      vertex -3.18347 -11.8809 3
    endloop
  endfacet
  facet normal 0.896862 0.442311 -0
    outer loop
      vertex 11.0713 5.3 4.6
      vertex 10.6521 6.15 6.1
      vertex 11.0713 5.3 6.1
    endloop
  endfacet
  facet normal 0.896862 0.442311 0
    outer loop
      vertex 10.6521 6.15 6.1
      vertex 11.0713 5.3 4.6
      vertex 10.6521 6.15 3
    endloop
  endfacet
  facet normal 0.896891 0.442252 -0
    outer loop
      vertex 11.3637 4.70701 3
      vertex 11.0713 5.3 4.6
      vertex 11.3637 4.70701 4.6
    endloop
  endfacet
  facet normal 0.896874 0.442287 -1.60854e-05
    outer loop
      vertex 11.0713 5.3 4.6
      vertex 11.3637 4.70701 3
      vertex 10.6521 6.15 3
    endloop
  endfacet
  facet normal 0.751835 0.659351 0
    outer loop
      vertex 9.75825 7.48777 6.1
      vertex 8.69741 8.69741 3
      vertex 8.69741 8.69741 6.1
    endloop
  endfacet
  facet normal 0.751835 0.659351 0
    outer loop
      vertex 8.69741 8.69741 3
      vertex 9.75825 7.48777 6.1
      vertex 9.75825 7.48777 3
    endloop
  endfacet
  facet normal 0.946925 -0.321455 0
    outer loop
      vertex 11.3637 -4.70701 4.6
      vertex 11.8809 -3.18347 3
      vertex 11.8809 -3.18347 4.6
    endloop
  endfacet
  facet normal 0.946925 -0.321455 0
    outer loop
      vertex 11.8809 -3.18347 3
      vertex 11.3637 -4.70701 4.6
      vertex 11.3637 -4.70701 3
    endloop
  endfacet
  facet normal -0.751835 -0.659351 0
    outer loop
      vertex -8.69741 -8.69741 3
      vertex -9.75825 -7.48777 6.1
      vertex -9.75825 -7.48777 3
    endloop
  endfacet
  facet normal -0.751835 -0.659351 0
    outer loop
      vertex -9.75825 -7.48777 6.1
      vertex -8.69741 -8.69741 3
      vertex -8.69741 -8.69741 6.1
    endloop
  endfacet
  facet normal 0.980783 -0.1951 0
    outer loop
      vertex 11.8809 -3.18347 4.6
      vertex 12.1948 -1.60547 3
      vertex 12.1948 -1.60547 4.6
    endloop
  endfacet
  facet normal 0.980783 -0.1951 0
    outer loop
      vertex 12.1948 -1.60547 3
      vertex 11.8809 -3.18347 4.6
      vertex 11.8809 -3.18347 3
    endloop
  endfacet
  facet normal 0.0653858 -0.99786 0
    outer loop
      vertex 0 -12.3 3
      vertex 1.60547 -12.1948 6.1
      vertex 0 -12.3 6.1
    endloop
  endfacet
  facet normal 0.0653858 -0.99786 0
    outer loop
      vertex 1.60547 -12.1948 6.1
      vertex 0 -12.3 3
      vertex 1.60547 -12.1948 3
    endloop
  endfacet
  facet normal -0.946925 -0.321455 0
    outer loop
      vertex -11.3637 -4.70701 3
      vertex -11.8809 -3.18347 4.6
      vertex -11.8809 -3.18347 3
    endloop
  endfacet
  facet normal -0.946925 -0.321455 0
    outer loop
      vertex -11.8809 -3.18347 4.6
      vertex -11.3637 -4.70701 3
      vertex -11.3637 -4.70701 4.6
    endloop
  endfacet
  facet normal 0.831475 -0.555562 0
    outer loop
      vertex 9.75825 -7.48777 6.1
      vertex 10.6521 -6.15 3
      vertex 10.6521 -6.15 6.1
    endloop
  endfacet
  facet normal 0.831475 -0.555562 0
    outer loop
      vertex 10.6521 -6.15 3
      vertex 9.75825 -7.48777 6.1
      vertex 9.75825 -7.48777 3
    endloop
  endfacet
  facet normal 0.442287 0.896874 -0
    outer loop
      vertex 6.15 10.6521 3
      vertex 4.70701 11.3637 6.1
      vertex 6.15 10.6521 6.1
    endloop
  endfacet
  facet normal 0.442287 0.896874 0
    outer loop
      vertex 4.70701 11.3637 6.1
      vertex 6.15 10.6521 3
      vertex 4.70701 11.3637 3
    endloop
  endfacet
  facet normal -0.442287 0.896874 0
    outer loop
      vertex -4.70701 11.3637 3
      vertex -6.15 10.6521 6.1
      vertex -4.70701 11.3637 6.1
    endloop
  endfacet
  facet normal -0.442287 0.896874 0
    outer loop
      vertex -6.15 10.6521 6.1
      vertex -4.70701 11.3637 3
      vertex -6.15 10.6521 3
    endloop
  endfacet
  facet normal 0.442287 -0.896874 0
    outer loop
      vertex 4.70701 -11.3637 3
      vertex 6.15 -10.6521 6.1
      vertex 4.70701 -11.3637 6.1
    endloop
  endfacet
  facet normal 0.442287 -0.896874 0
    outer loop
      vertex 6.15 -10.6521 6.1
      vertex 4.70701 -11.3637 3
      vertex 6.15 -10.6521 3
    endloop
  endfacet
  facet normal 0.321455 -0.946925 0
    outer loop
      vertex 3.18347 -11.8809 3
      vertex 4.70701 -11.3637 6.1
      vertex 3.18347 -11.8809 6.1
    endloop
  endfacet
  facet normal 0.321455 -0.946925 0
    outer loop
      vertex 4.70701 -11.3637 6.1
      vertex 3.18347 -11.8809 3
      vertex 4.70701 -11.3637 3
    endloop
  endfacet
  facet normal -0.1951 -0.980783 0
    outer loop
      vertex -3.18347 -11.8809 3
      vertex -1.60547 -12.1948 6.1
      vertex -3.18347 -11.8809 6.1
    endloop
  endfacet
  facet normal -0.1951 -0.980783 -0
    outer loop
      vertex -1.60547 -12.1948 6.1
      vertex -3.18347 -11.8809 3
      vertex -1.60547 -12.1948 3
    endloop
  endfacet
  facet normal -0.946925 0.321455 0
    outer loop
      vertex -11.8809 3.18347 3
      vertex -11.3637 4.70701 4.6
      vertex -11.3637 4.70701 3
    endloop
  endfacet
  facet normal -0.946925 0.321455 0
    outer loop
      vertex -11.3637 4.70701 4.6
      vertex -11.8809 3.18347 3
      vertex -11.8809 3.18347 4.6
    endloop
  endfacet
  facet normal -0.1951 0.980783 0
    outer loop
      vertex -1.60547 12.1948 3
      vertex -3.18347 11.8809 6.1
      vertex -1.60547 12.1948 6.1
    endloop
  endfacet
  facet normal -0.1951 0.980783 0
    outer loop
      vertex -3.18347 11.8809 6.1
      vertex -1.60547 12.1948 3
      vertex -3.18347 11.8809 3
    endloop
  endfacet
  facet normal -0.555562 0.831475 0
    outer loop
      vertex -6.15 10.6521 3
      vertex -7.48777 9.75825 6.1
      vertex -6.15 10.6521 6.1
    endloop
  endfacet
  facet normal -0.555562 0.831475 0
    outer loop
      vertex -7.48777 9.75825 6.1
      vertex -6.15 10.6521 3
      vertex -7.48777 9.75825 3
    endloop
  endfacet
  facet normal 0.555562 -0.831475 0
    outer loop
      vertex 6.15 -10.6521 3
      vertex 7.48777 -9.75825 6.1
      vertex 6.15 -10.6521 6.1
    endloop
  endfacet
  facet normal 0.555562 -0.831475 0
    outer loop
      vertex 7.48777 -9.75825 6.1
      vertex 6.15 -10.6521 3
      vertex 7.48777 -9.75825 3
    endloop
  endfacet
  facet normal 0.1951 -0.980783 0
    outer loop
      vertex 1.60547 -12.1948 3
      vertex 3.18347 -11.8809 6.1
      vertex 1.60547 -12.1948 6.1
    endloop
  endfacet
  facet normal 0.1951 -0.980783 0
    outer loop
      vertex 3.18347 -11.8809 6.1
      vertex 1.60547 -12.1948 3
      vertex 3.18347 -11.8809 3
    endloop
  endfacet
  facet normal -0.896862 0.442311 0
    outer loop
      vertex -10.6521 6.15 3
      vertex -11.0713 5.3 4.6
      vertex -10.6521 6.15 6.1
    endloop
  endfacet
  facet normal -0.896874 0.442287 -1.60854e-05
    outer loop
      vertex -11.3637 4.70701 3
      vertex -11.0713 5.3 4.6
      vertex -10.6521 6.15 3
    endloop
  endfacet
  facet normal -0.896891 0.442252 0
    outer loop
      vertex -11.0713 5.3 4.6
      vertex -11.3637 4.70701 3
      vertex -11.3637 4.70701 4.6
    endloop
  endfacet
  facet normal -0.896862 0.442311 0
    outer loop
      vertex -10.6521 6.15 6.1
      vertex -11.0713 5.3 4.6
      vertex -11.0713 5.3 6.1
    endloop
  endfacet
  facet normal 0.659351 0.751835 -0
    outer loop
      vertex 8.69741 8.69741 3
      vertex 7.48777 9.75825 6.1
      vertex 8.69741 8.69741 6.1
    endloop
  endfacet
  facet normal 0.659351 0.751835 0
    outer loop
      vertex 7.48777 9.75825 6.1
      vertex 8.69741 8.69741 3
      vertex 7.48777 9.75825 3
    endloop
  endfacet
  facet normal -0.831475 0.555562 0
    outer loop
      vertex -10.6521 6.15 3
      vertex -9.75825 7.48777 6.1
      vertex -9.75825 7.48777 3
    endloop
  endfacet
  facet normal -0.831475 0.555562 0
    outer loop
      vertex -9.75825 7.48777 6.1
      vertex -10.6521 6.15 3
      vertex -10.6521 6.15 6.1
    endloop
  endfacet
  facet normal -0.0653858 -0.99786 0
    outer loop
      vertex -1.60547 -12.1948 3
      vertex 0 -12.3 6.1
      vertex -1.60547 -12.1948 6.1
    endloop
  endfacet
  facet normal -0.0653858 -0.99786 -0
    outer loop
      vertex 0 -12.3 6.1
      vertex -1.60547 -12.1948 3
      vertex 0 -12.3 3
    endloop
  endfacet
  facet normal -0.659351 0.751835 0
    outer loop
      vertex -7.48777 9.75825 3
      vertex -8.69741 8.69741 6.1
      vertex -7.48777 9.75825 6.1
    endloop
  endfacet
  facet normal -0.659351 0.751835 0
    outer loop
      vertex -8.69741 8.69741 6.1
      vertex -7.48777 9.75825 3
      vertex -8.69741 8.69741 3
    endloop
  endfacet
  facet normal -0.659351 -0.751835 0
    outer loop
      vertex -8.69741 -8.69741 3
      vertex -7.48777 -9.75825 6.1
      vertex -8.69741 -8.69741 6.1
    endloop
  endfacet
  facet normal -0.659351 -0.751835 -0
    outer loop
      vertex -7.48777 -9.75825 6.1
      vertex -8.69741 -8.69741 3
      vertex -7.48777 -9.75825 3
    endloop
  endfacet
  facet normal 0 0 1
    outer loop
      vertex 9.75825 7.48777 3
      vertex 20 11 3
      vertex 19.9487 11.7832 3
    endloop
  endfacet
  facet normal 0 0 1
    outer loop
      vertex 20 11 3
      vertex 12.3 0 3
      vertex 20 -11 3
    endloop
  endfacet
  facet normal 0 0 1
    outer loop
      vertex 9.75825 7.48777 3
      vertex 19.9487 11.7832 3
      vertex 19.7955 12.5529 3
    endloop
  endfacet
  facet normal -0 0 1
    outer loop
      vertex 12.1948 -1.60547 3
      vertex 20 -11 3
      vertex 12.3 0 3
    endloop
  endfacet
  facet normal 0 0 1
    outer loop
      vertex 9.75825 7.48777 3
      vertex 19.7955 12.5529 3
      vertex 19.5433 13.2961 3
    endloop
  endfacet
  facet normal -0 0 1
    outer loop
      vertex 11.8809 -3.18347 3
      vertex 20 -11 3
      vertex 12.1948 -1.60547 3
    endloop
  endfacet
  facet normal 0 0 1
    outer loop
      vertex 9.75825 7.48777 3
      vertex 19.5433 13.2961 3
      vertex 19.1962 14 3
    endloop
  endfacet
  facet normal -0 0 1
    outer loop
      vertex 11.3637 -4.70701 3
      vertex 20 -11 3
      vertex 11.8809 -3.18347 3
    endloop
  endfacet
  facet normal 0 0 1
    outer loop
      vertex 9.75825 7.48777 3
      vertex 19.1962 14 3
      vertex 18.7601 14.6526 3
    endloop
  endfacet
  facet normal -0 0 1
    outer loop
      vertex 10.6521 -6.15 3
      vertex 20 -11 3
      vertex 11.3637 -4.70701 3
    endloop
  endfacet
  facet normal 0 0 1
    outer loop
      vertex 9.75825 7.48777 3
      vertex 18.7601 14.6526 3
      vertex 18.2426 15.2426 3
    endloop
  endfacet
  facet normal -0 0 1
    outer loop
      vertex 9.75825 -7.48777 3
      vertex 20 -11 3
      vertex 10.6521 -6.15 3
    endloop
  endfacet
  facet normal 0 0 1
    outer loop
      vertex 9.75825 7.48777 3
      vertex 18.2426 15.2426 3
      vertex 17.6526 15.7601 3
    endloop
  endfacet
  facet normal 0 0 1
    outer loop
      vertex 20 -11 3
      vertex 9.75825 -7.48777 3
      vertex 19.9487 -11.7832 3
    endloop
  endfacet
  facet normal 0 0 1
    outer loop
      vertex 9.75825 7.48777 3
      vertex 17.6526 15.7601 3
      vertex 17 16.1962 3
    endloop
  endfacet
  facet normal 0 0 1
    outer loop
      vertex 19.9487 -11.7832 3
      vertex 9.75825 -7.48777 3
      vertex 19.7955 -12.5529 3
    endloop
  endfacet
  facet normal 0 0 1
    outer loop
      vertex 9.75825 7.48777 3
      vertex 17 16.1962 3
      vertex 16.2961 16.5433 3
    endloop
  endfacet
  facet normal 0 0 1
    outer loop
      vertex 19.7955 -12.5529 3
      vertex 9.75825 -7.48777 3
      vertex 19.5433 -13.2961 3
    endloop
  endfacet
  facet normal 0 0 1
    outer loop
      vertex 9.75825 7.48777 3
      vertex 16.2961 16.5433 3
      vertex 15.5529 16.7955 3
    endloop
  endfacet
  facet normal 0 0 1
    outer loop
      vertex 19.5433 -13.2961 3
      vertex 9.75825 -7.48777 3
      vertex 19.1962 -14 3
    endloop
  endfacet
  facet normal 0 0 1
    outer loop
      vertex 9.75825 7.48777 3
      vertex 15.5529 16.7955 3
      vertex 14.7832 16.9487 3
    endloop
  endfacet
  facet normal 0 0 1
    outer loop
      vertex 19.1962 -14 3
      vertex 9.75825 -7.48777 3
      vertex 18.7601 -14.6526 3
    endloop
  endfacet
  facet normal 0 0 1
    outer loop
      vertex 9.75825 7.48777 3
      vertex 14.7832 16.9487 3
      vertex 14 17 3
    endloop
  endfacet
  facet normal 0 0 1
    outer loop
      vertex 18.7601 -14.6526 3
      vertex 9.75825 -7.48777 3
      vertex 18.2426 -15.2426 3
    endloop
  endfacet
  facet normal 0 0 1
    outer loop
      vertex 18.2426 -15.2426 3
      vertex 9.75825 -7.48777 3
      vertex 17.6526 -15.7601 3
    endloop
  endfacet
  facet normal 0 0 1
    outer loop
      vertex 20 11 3
      vertex 12.1948 1.60547 3
      vertex 12.3 0 3
    endloop
  endfacet
  facet normal 0 0 1
    outer loop
      vertex 20 11 3
      vertex 11.8809 3.18347 3
      vertex 12.1948 1.60547 3
    endloop
  endfacet
  facet normal 0 0 1
    outer loop
      vertex 20 11 3
      vertex 11.3637 4.70701 3
      vertex 11.8809 3.18347 3
    endloop
  endfacet
  facet normal 0 0 1
    outer loop
      vertex 20 11 3
      vertex 10.6521 6.15 3
      vertex 11.3637 4.70701 3
    endloop
  endfacet
  facet normal 0 0 1
    outer loop
      vertex 20 11 3
      vertex 9.75825 7.48777 3
      vertex 10.6521 6.15 3
    endloop
  endfacet
  facet normal 0 0 1
    outer loop
      vertex 14 17 3
      vertex 8.69741 8.69741 3
      vertex 9.75825 7.48777 3
    endloop
  endfacet
  facet normal 0 0 1
    outer loop
      vertex 14 17 3
      vertex 7.48777 9.75825 3
      vertex 8.69741 8.69741 3
    endloop
  endfacet
  facet normal 0 0 1
    outer loop
      vertex 14 17 3
      vertex 6.15 10.6521 3
      vertex 7.48777 9.75825 3
    endloop
  endfacet
  facet normal 0 0 1
    outer loop
      vertex 14 17 3
      vertex 4.70701 11.3637 3
      vertex 6.15 10.6521 3
    endloop
  endfacet
  facet normal 0 0 1
    outer loop
      vertex 14 17 3
      vertex 3.18347 11.8809 3
      vertex 4.70701 11.3637 3
    endloop
  endfacet
  facet normal 0 0 1
    outer loop
      vertex 14 17 3
      vertex 1.60547 12.1948 3
      vertex 3.18347 11.8809 3
    endloop
  endfacet
  facet normal 0 0 1
    outer loop
      vertex 14 17 3
      vertex 0 12.3 3
      vertex 1.60547 12.1948 3
    endloop
  endfacet
  facet normal -0 0 1
    outer loop
      vertex -14 17 3
      vertex 0 12.3 3
      vertex 14 17 3
    endloop
  endfacet
  facet normal 0 0 1
    outer loop
      vertex 0 12.3 3
      vertex -14 17 3
      vertex -1.60547 12.1948 3
    endloop
  endfacet
  facet normal 0 0 1
    outer loop
      vertex -11.8809 3.18347 3
      vertex -20 11 3
      vertex -12.1948 1.60547 3
    endloop
  endfacet
  facet normal 0 0 1
    outer loop
      vertex -11.3637 4.70701 3
      vertex -20 11 3
      vertex -11.8809 3.18347 3
    endloop
  endfacet
  facet normal 0 0 1
    outer loop
      vertex -10.6521 6.15 3
      vertex -20 11 3
      vertex -11.3637 4.70701 3
    endloop
  endfacet
  facet normal 0 0 1
    outer loop
      vertex -9.75825 7.48777 3
      vertex -20 11 3
      vertex -10.6521 6.15 3
    endloop
  endfacet
  facet normal -0 0 1
    outer loop
      vertex -20 11 3
      vertex -9.75825 7.48777 3
      vertex -14 17 3
    endloop
  endfacet
  facet normal 0 0 1
    outer loop
      vertex -8.69741 8.69741 3
      vertex -14 17 3
      vertex -9.75825 7.48777 3
    endloop
  endfacet
  facet normal 0 0 1
    outer loop
      vertex -7.48777 9.75825 3
      vertex -14 17 3
      vertex -8.69741 8.69741 3
    endloop
  endfacet
  facet normal 0 0 1
    outer loop
      vertex -6.15 10.6521 3
      vertex -14 17 3
      vertex -7.48777 9.75825 3
    endloop
  endfacet
  facet normal 0 0 1
    outer loop
      vertex -4.70701 11.3637 3
      vertex -14 17 3
      vertex -6.15 10.6521 3
    endloop
  endfacet
  facet normal 0 0 1
    outer loop
      vertex -3.18347 11.8809 3
      vertex -14 17 3
      vertex -4.70701 11.3637 3
    endloop
  endfacet
  facet normal 0 0 1
    outer loop
      vertex -1.60547 12.1948 3
      vertex -14 17 3
      vertex -3.18347 11.8809 3
    endloop
  endfacet
  facet normal 0 0 1
    outer loop
      vertex 17.6526 -15.7601 3
      vertex 9.75825 -7.48777 3
      vertex 17 -16.1962 3
    endloop
  endfacet
  facet normal 0 0 1
    outer loop
      vertex 17 -16.1962 3
      vertex 9.75825 -7.48777 3
      vertex 16.2961 -16.5433 3
    endloop
  endfacet
  facet normal 0 0 1
    outer loop
      vertex 16.2961 -16.5433 3
      vertex 9.75825 -7.48777 3
      vertex 15.5529 -16.7955 3
    endloop
  endfacet
  facet normal 0 0 1
    outer loop
      vertex 15.5529 -16.7955 3
      vertex 9.75825 -7.48777 3
      vertex 14.7832 -16.9487 3
    endloop
  endfacet
  facet normal 0 0 1
    outer loop
      vertex 14.7832 -16.9487 3
      vertex 9.75825 -7.48777 3
      vertex 14 -17 3
    endloop
  endfacet
  facet normal -0 0 1
    outer loop
      vertex 8.69741 -8.69741 3
      vertex 14 -17 3
      vertex 9.75825 -7.48777 3
    endloop
  endfacet
  facet normal -0 0 1
    outer loop
      vertex 7.48777 -9.75825 3
      vertex 14 -17 3
      vertex 8.69741 -8.69741 3
    endloop
  endfacet
  facet normal -0 0 1
    outer loop
      vertex 6.15 -10.6521 3
      vertex 14 -17 3
      vertex 7.48777 -9.75825 3
    endloop
  endfacet
  facet normal -0 0 1
    outer loop
      vertex 4.70701 -11.3637 3
      vertex 14 -17 3
      vertex 6.15 -10.6521 3
    endloop
  endfacet
  facet normal -0 0 1
    outer loop
      vertex 3.18347 -11.8809 3
      vertex 14 -17 3
      vertex 4.70701 -11.3637 3
    endloop
  endfacet
  facet normal -0 0 1
    outer loop
      vertex 1.60547 -12.1948 3
      vertex 14 -17 3
      vertex 3.18347 -11.8809 3
    endloop
  endfacet
  facet normal -0 0 1
    outer loop
      vertex 0 -12.3 3
      vertex 14 -17 3
      vertex 1.60547 -12.1948 3
    endloop
  endfacet
  facet normal 0 0 1
    outer loop
      vertex -14 -17 3
      vertex 0 -12.3 3
      vertex -1.60547 -12.1948 3
    endloop
  endfacet
  facet normal 0 0 1
    outer loop
      vertex -14 -17 3
      vertex -1.60547 -12.1948 3
      vertex -3.18347 -11.8809 3
    endloop
  endfacet
  facet normal 0 0 1
    outer loop
      vertex -12.1948 1.60547 3
      vertex -20 11 3
      vertex -12.3 0 3
    endloop
  endfacet
  facet normal 0 0 1
    outer loop
      vertex 0 -12.3 3
      vertex -14 -17 3
      vertex 14 -17 3
    endloop
  endfacet
  facet normal 0 0 1
    outer loop
      vertex -4.70701 -11.3637 3
      vertex -14 -17 3
      vertex -3.18347 -11.8809 3
    endloop
  endfacet
  facet normal 0 0 1
    outer loop
      vertex -6.15 -10.6521 3
      vertex -14 -17 3
      vertex -4.70701 -11.3637 3
    endloop
  endfacet
  facet normal 0 0 1
    outer loop
      vertex -7.48777 -9.75825 3
      vertex -14 -17 3
      vertex -6.15 -10.6521 3
    endloop
  endfacet
  facet normal 0 0 1
    outer loop
      vertex -8.69741 -8.69741 3
      vertex -14 -17 3
      vertex -7.48777 -9.75825 3
    endloop
  endfacet
  facet normal 0 0 1
    outer loop
      vertex -9.75825 -7.48777 3
      vertex -14 -17 3
      vertex -8.69741 -8.69741 3
    endloop
  endfacet
  facet normal 0 0 1
    outer loop
      vertex -20 -11 3
      vertex -9.75825 -7.48777 3
      vertex -10.6521 -6.15 3
    endloop
  endfacet
  facet normal 0 0 1
    outer loop
      vertex -20 -11 3
      vertex -10.6521 -6.15 3
      vertex -11.3637 -4.70701 3
    endloop
  endfacet
  facet normal 0 0 1
    outer loop
      vertex -20 -11 3
      vertex -11.3637 -4.70701 3
      vertex -11.8809 -3.18347 3
    endloop
  endfacet
  facet normal 0 0 1
    outer loop
      vertex -20 -11 3
      vertex -11.8809 -3.18347 3
      vertex -12.1948 -1.60547 3
    endloop
  endfacet
  facet normal 0 0 1
    outer loop
      vertex -20 -11 3
      vertex -12.3 0 3
      vertex -20 11 3
    endloop
  endfacet
  facet normal 0 0 1
    outer loop
      vertex -20 11 3
      vertex -14 17 3
      vertex -14.7832 16.9487 3
    endloop
  endfacet
  facet normal 0 0 1
    outer loop
      vertex -12.3 0 3
      vertex -20 -11 3
      vertex -12.1948 -1.60547 3
    endloop
  endfacet
  facet normal 0 0 1
    outer loop
      vertex -20 11 3
      vertex -14.7832 16.9487 3
      vertex -15.5529 16.7955 3
    endloop
  endfacet
  facet normal 0 -0 1
    outer loop
      vertex -19.5433 -13.2961 3
      vertex -9.75825 -7.48777 3
      vertex -20 -11 3
    endloop
  endfacet
  facet normal 0 0 1
    outer loop
      vertex -20 11 3
      vertex -15.5529 16.7955 3
      vertex -16.2961 16.5433 3
    endloop
  endfacet
  facet normal 0 0 1
    outer loop
      vertex -9.75825 -7.48777 3
      vertex -14.7832 -16.9487 3
      vertex -14 -17 3
    endloop
  endfacet
  facet normal 0 0 1
    outer loop
      vertex -20 11 3
      vertex -16.2961 16.5433 3
      vertex -17 16.1962 3
    endloop
  endfacet
  facet normal 0 0 1
    outer loop
      vertex -9.75825 -7.48777 3
      vertex -15.5529 -16.7955 3
      vertex -14.7832 -16.9487 3
    endloop
  endfacet
  facet normal 0 0 1
    outer loop
      vertex -20 11 3
      vertex -17 16.1962 3
      vertex -17.6526 15.7601 3
    endloop
  endfacet
  facet normal 0 0 1
    outer loop
      vertex -9.75825 -7.48777 3
      vertex -16.2961 -16.5433 3
      vertex -15.5529 -16.7955 3
    endloop
  endfacet
  facet normal 0 0 1
    outer loop
      vertex -20 11 3
      vertex -17.6526 15.7601 3
      vertex -18.2426 15.2426 3
    endloop
  endfacet
  facet normal 0 0 1
    outer loop
      vertex -9.75825 -7.48777 3
      vertex -17 -16.1962 3
      vertex -16.2961 -16.5433 3
    endloop
  endfacet
  facet normal 0 0 1
    outer loop
      vertex -20 11 3
      vertex -18.2426 15.2426 3
      vertex -18.7601 14.6526 3
    endloop
  endfacet
  facet normal 0 0 1
    outer loop
      vertex -9.75825 -7.48777 3
      vertex -17.6526 -15.7601 3
      vertex -17 -16.1962 3
    endloop
  endfacet
  facet normal 0 0 1
    outer loop
      vertex -20 11 3
      vertex -18.7601 14.6526 3
      vertex -19.1962 14 3
    endloop
  endfacet
  facet normal 0 0 1
    outer loop
      vertex -9.75825 -7.48777 3
      vertex -18.2426 -15.2426 3
      vertex -17.6526 -15.7601 3
    endloop
  endfacet
  facet normal 0 0 1
    outer loop
      vertex -20 11 3
      vertex -19.1962 14 3
      vertex -19.5433 13.2961 3
    endloop
  endfacet
  facet normal 0 0 1
    outer loop
      vertex -9.75825 -7.48777 3
      vertex -18.7601 -14.6526 3
      vertex -18.2426 -15.2426 3
    endloop
  endfacet
  facet normal 0 0 1
    outer loop
      vertex -20 11 3
      vertex -19.5433 13.2961 3
      vertex -19.7955 12.5529 3
    endloop
  endfacet
  facet normal 0 0 1
    outer loop
      vertex -9.75825 -7.48777 3
      vertex -19.1962 -14 3
      vertex -18.7601 -14.6526 3
    endloop
  endfacet
  facet normal 0 0 1
    outer loop
      vertex -20 11 3
      vertex -19.7955 12.5529 3
      vertex -19.9487 11.7832 3
    endloop
  endfacet
  facet normal 0 0 1
    outer loop
      vertex -9.75825 -7.48777 3
      vertex -19.5433 -13.2961 3
      vertex -19.1962 -14 3
    endloop
  endfacet
  facet normal 0 0 1
    outer loop
      vertex -19.5433 -13.2961 3
      vertex -20 -11 3
      vertex -19.7955 -12.5529 3
    endloop
  endfacet
  facet normal 0 0 1
    outer loop
      vertex -19.7955 -12.5529 3
      vertex -20 -11 3
      vertex -19.9487 -11.7832 3
    endloop
  endfacet
  facet normal -0.751835 0.659351 0
    outer loop
      vertex -9.75825 7.48777 3
      vertex -8.69741 8.69741 6.1
      vertex -8.69741 8.69741 3
    endloop
  endfacet
  facet normal -0.751835 0.659351 0
    outer loop
      vertex -8.69741 8.69741 6.1
      vertex -9.75825 7.48777 3
      vertex -9.75825 7.48777 6.1
    endloop
  endfacet
  facet normal 0.751835 -0.659351 0
    outer loop
      vertex 8.69741 -8.69741 6.1
      vertex 9.75825 -7.48777 3
      vertex 9.75825 -7.48777 6.1
    endloop
  endfacet
  facet normal 0.751835 -0.659351 0
    outer loop
      vertex 9.75825 -7.48777 3
      vertex 8.69741 -8.69741 6.1
      vertex 8.69741 -8.69741 3
    endloop
  endfacet
  facet normal 0.896862 -0.442311 0
    outer loop
      vertex 11.0713 -5.3 6.1
      vertex 10.6521 -6.15 6.1
      vertex 11.0713 -5.3 4.6
    endloop
  endfacet
  facet normal 0.896891 -0.442252 0
    outer loop
      vertex 11.0713 -5.3 4.6
      vertex 11.3637 -4.70701 3
      vertex 11.3637 -4.70701 4.6
    endloop
  endfacet
  facet normal 0.896862 -0.442311 0
    outer loop
      vertex 10.6521 -6.15 3
      vertex 11.0713 -5.3 4.6
      vertex 10.6521 -6.15 6.1
    endloop
  endfacet
  facet normal 0.896874 -0.442287 -1.60854e-05
    outer loop
      vertex 11.0713 -5.3 4.6
      vertex 10.6521 -6.15 3
      vertex 11.3637 -4.70701 3
    endloop
  endfacet
  facet normal -0.555562 -0.831475 0
    outer loop
      vertex -7.48777 -9.75825 3
      vertex -6.15 -10.6521 6.1
      vertex -7.48777 -9.75825 6.1
    endloop
  endfacet
  facet normal -0.555562 -0.831475 -0
    outer loop
      vertex -6.15 -10.6521 6.1
      vertex -7.48777 -9.75825 3
      vertex -6.15 -10.6521 3
    endloop
  endfacet
  facet normal -0.980783 0.1951 0
    outer loop
      vertex -12.1948 1.60547 3
      vertex -11.8809 3.18347 4.6
      vertex -11.8809 3.18347 3
    endloop
  endfacet
  facet normal -0.980783 0.1951 0
    outer loop
      vertex -11.8809 3.18347 4.6
      vertex -12.1948 1.60547 3
      vertex -12.1948 1.60547 4.6
    endloop
  endfacet
  facet normal 0.0653858 0.99786 -0
    outer loop
      vertex 1.60547 12.1948 3
      vertex 0 12.3 6.1
      vertex 1.60547 12.1948 6.1
    endloop
  endfacet
  facet normal 0.0653858 0.99786 0
    outer loop
      vertex 0 12.3 6.1
      vertex 1.60547 12.1948 3
      vertex 0 12.3 3
    endloop
  endfacet
  facet normal 0.555562 0.831475 -0
    outer loop
      vertex 7.48777 9.75825 3
      vertex 6.15 10.6521 6.1
      vertex 7.48777 9.75825 6.1
    endloop
  endfacet
  facet normal 0.555562 0.831475 0
    outer loop
      vertex 6.15 10.6521 6.1
      vertex 7.48777 9.75825 3
      vertex 6.15 10.6521 3
    endloop
  endfacet
  facet normal -0.321455 0.946925 0
    outer loop
      vertex -3.18347 11.8809 3
      vertex -4.70701 11.3637 6.1
      vertex -3.18347 11.8809 6.1
    endloop
  endfacet
  facet normal -0.321455 0.946925 0
    outer loop
      vertex -4.70701 11.3637 6.1
      vertex -3.18347 11.8809 3
      vertex -4.70701 11.3637 3
    endloop
  endfacet
  facet normal -0.0653858 0.99786 0
    outer loop
      vertex 0 12.3 3
      vertex -1.60547 12.1948 6.1
      vertex 0 12.3 6.1
    endloop
  endfacet
  facet normal -0.0653858 0.99786 0
    outer loop
      vertex -1.60547 12.1948 6.1
      vertex 0 12.3 3
      vertex -1.60547 12.1948 3
    endloop
  endfacet
  facet normal -0.99786 0.0653858 0
    outer loop
      vertex -12.3 0 3
      vertex -12.1948 1.60547 4.6
      vertex -12.1948 1.60547 3
    endloop
  endfacet
  facet normal -0.99786 0.0653858 0
    outer loop
      vertex -12.1948 1.60547 4.6
      vertex -12.3 0 3
      vertex -12.3 0 4.6
    endloop
  endfacet
  facet normal 0 0 1
    outer loop
      vertex 11.0713 -5.3 6.1
      vertex 9.75825 -7.48777 6.1
      vertex 10.6521 -6.15 6.1
    endloop
  endfacet
  facet normal 0 0 1
    outer loop
      vertex 11.0713 -5.3 6.1
      vertex 8.69741 -8.69741 6.1
      vertex 9.75825 -7.48777 6.1
    endloop
  endfacet
  facet normal 0 0 1
    outer loop
      vertex 11.0713 -5.3 6.1
      vertex 7.48777 -9.75825 6.1
      vertex 8.69741 -8.69741 6.1
    endloop
  endfacet
  facet normal 0 0 1
    outer loop
      vertex 11.0713 -5.3 6.1
      vertex 6.15 -10.6521 6.1
      vertex 7.48777 -9.75825 6.1
    endloop
  endfacet
  facet normal 0 0 1
    outer loop
      vertex 11.0713 -5.3 6.1
      vertex 4.70701 -11.3637 6.1
      vertex 6.15 -10.6521 6.1
    endloop
  endfacet
  facet normal 0 0 1
    outer loop
      vertex 11.0713 -5.3 6.1
      vertex 3.18347 -11.8809 6.1
      vertex 4.70701 -11.3637 6.1
    endloop
  endfacet
  facet normal 0 0 1
    outer loop
      vertex 11.0713 -5.3 6.1
      vertex 1.60547 -12.1948 6.1
      vertex 3.18347 -11.8809 6.1
    endloop
  endfacet
  facet normal 0 0 1
    outer loop
      vertex 11.0713 -5.3 6.1
      vertex 0 -12.3 6.1
      vertex 1.60547 -12.1948 6.1
    endloop
  endfacet
  facet normal 0 0 1
    outer loop
      vertex 11.0713 -5.3 6.1
      vertex -1.60547 -12.1948 6.1
      vertex 0 -12.3 6.1
    endloop
  endfacet
  facet normal 0 0 1
    outer loop
      vertex 11.0713 -5.3 6.1
      vertex -3.18347 -11.8809 6.1
      vertex -1.60547 -12.1948 6.1
    endloop
  endfacet
  facet normal 0 0 1
    outer loop
      vertex 11.0713 -5.3 6.1
      vertex -4.70701 -11.3637 6.1
      vertex -3.18347 -11.8809 6.1
    endloop
  endfacet
  facet normal 0 0 1
    outer loop
      vertex 11.0713 -5.3 6.1
      vertex -6.15 -10.6521 6.1
      vertex -4.70701 -11.3637 6.1
    endloop
  endfacet
  facet normal 0 0 1
    outer loop
      vertex 11.0713 -5.3 6.1
      vertex -7.48777 -9.75825 6.1
      vertex -6.15 -10.6521 6.1
    endloop
  endfacet
  facet normal 0 0 1
    outer loop
      vertex 11.0713 -5.3 6.1
      vertex -8.69741 -8.69741 6.1
      vertex -7.48777 -9.75825 6.1
    endloop
  endfacet
  facet normal 0 0 1
    outer loop
      vertex 11.0713 -5.3 6.1
      vertex -9.75825 -7.48777 6.1
      vertex -8.69741 -8.69741 6.1
    endloop
  endfacet
  facet normal -0 0 1
    outer loop
      vertex -11.0713 -5.3 6.1
      vertex -9.75825 -7.48777 6.1
      vertex 11.0713 -5.3 6.1
    endloop
  endfacet
  facet normal 0 0 1
    outer loop
      vertex -9.75825 -7.48777 6.1
      vertex -11.0713 -5.3 6.1
      vertex -10.6521 -6.15 6.1
    endloop
  endfacet
  facet normal 0 0 1
    outer loop
      vertex 9.75825 7.48777 6.1
      vertex 11.0713 5.3 6.1
      vertex 10.6521 6.15 6.1
    endloop
  endfacet
  facet normal 0 0 1
    outer loop
      vertex 8.69741 8.69741 6.1
      vertex 11.0713 5.3 6.1
      vertex 9.75825 7.48777 6.1
    endloop
  endfacet
  facet normal 0 0 1
    outer loop
      vertex 7.48777 9.75825 6.1
      vertex 11.0713 5.3 6.1
      vertex 8.69741 8.69741 6.1
    endloop
  endfacet
  facet normal 0 0 1
    outer loop
      vertex 6.15 10.6521 6.1
      vertex 11.0713 5.3 6.1
      vertex 7.48777 9.75825 6.1
    endloop
  endfacet
  facet normal 0 0 1
    outer loop
      vertex 4.70701 11.3637 6.1
      vertex 11.0713 5.3 6.1
      vertex 6.15 10.6521 6.1
    endloop
  endfacet
  facet normal 0 0 1
    outer loop
      vertex 3.18347 11.8809 6.1
      vertex 11.0713 5.3 6.1
      vertex 4.70701 11.3637 6.1
    endloop
  endfacet
  facet normal 0 0 1
    outer loop
      vertex 1.60547 12.1948 6.1
      vertex 11.0713 5.3 6.1
      vertex 3.18347 11.8809 6.1
    endloop
  endfacet
  facet normal 0 0 1
    outer loop
      vertex 0 12.3 6.1
      vertex 11.0713 5.3 6.1
      vertex 1.60547 12.1948 6.1
    endloop
  endfacet
  facet normal -0 0 1
    outer loop
      vertex -1.60547 12.1948 6.1
      vertex 11.0713 5.3 6.1
      vertex 0 12.3 6.1
    endloop
  endfacet
  facet normal -0 0 1
    outer loop
      vertex -3.18347 11.8809 6.1
      vertex 11.0713 5.3 6.1
      vertex -1.60547 12.1948 6.1
    endloop
  endfacet
  facet normal -0 0 1
    outer loop
      vertex -4.70701 11.3637 6.1
      vertex 11.0713 5.3 6.1
      vertex -3.18347 11.8809 6.1
    endloop
  endfacet
  facet normal -0 0 1
    outer loop
      vertex -6.15 10.6521 6.1
      vertex 11.0713 5.3 6.1
      vertex -4.70701 11.3637 6.1
    endloop
  endfacet
  facet normal -0 0 1
    outer loop
      vertex -7.48777 9.75825 6.1
      vertex 11.0713 5.3 6.1
      vertex -6.15 10.6521 6.1
    endloop
  endfacet
  facet normal -0 0 1
    outer loop
      vertex -8.69741 8.69741 6.1
      vertex 11.0713 5.3 6.1
      vertex -7.48777 9.75825 6.1
    endloop
  endfacet
  facet normal -0 0 1
    outer loop
      vertex -9.75825 7.48777 6.1
      vertex 11.0713 5.3 6.1
      vertex -8.69741 8.69741 6.1
    endloop
  endfacet
  facet normal 0 0 1
    outer loop
      vertex -11.0713 5.3 6.1
      vertex -9.75825 7.48777 6.1
      vertex -10.6521 6.15 6.1
    endloop
  endfacet
  facet normal 0 0 1
    outer loop
      vertex -9.75825 7.48777 6.1
      vertex -11.0713 5.3 6.1
      vertex 11.0713 5.3 6.1
    endloop
  endfacet
  facet normal -0.442287 -0.896874 0
    outer loop
      vertex -6.15 -10.6521 3
      vertex -4.70701 -11.3637 6.1
      vertex -6.15 -10.6521 6.1
    endloop
  endfacet
  facet normal -0.442287 -0.896874 -0
    outer loop
      vertex -4.70701 -11.3637 6.1
      vertex -6.15 -10.6521 3
      vertex -4.70701 -11.3637 3
    endloop
  endfacet
  facet normal 0.659351 -0.751835 0
    outer loop
      vertex 7.48777 -9.75825 3
      vertex 8.69741 -8.69741 6.1
      vertex 7.48777 -9.75825 6.1
    endloop
  endfacet
  facet normal 0.659351 -0.751835 0
    outer loop
      vertex 8.69741 -8.69741 6.1
      vertex 7.48777 -9.75825 3
      vertex 8.69741 -8.69741 3
    endloop
  endfacet
  facet normal -0.831475 -0.555562 0
    outer loop
      vertex -9.75825 -7.48777 3
      vertex -10.6521 -6.15 6.1
      vertex -10.6521 -6.15 3
    endloop
  endfacet
  facet normal -0.831475 -0.555562 0
    outer loop
      vertex -10.6521 -6.15 6.1
      vertex -9.75825 -7.48777 3
      vertex -9.75825 -7.48777 6.1
    endloop
  endfacet
  facet normal -0.896891 -0.442252 0
    outer loop
      vertex -11.3637 -4.70701 3
      vertex -11.0713 -5.3 4.6
      vertex -11.3637 -4.70701 4.6
    endloop
  endfacet
  facet normal -0.896874 -0.442287 -1.60854e-05
    outer loop
      vertex -10.6521 -6.15 3
      vertex -11.0713 -5.3 4.6
      vertex -11.3637 -4.70701 3
    endloop
  endfacet
  facet normal -0.896862 -0.442311 -0
    outer loop
      vertex -10.6521 -6.15 6.1
      vertex -11.0713 -5.3 4.6
      vertex -10.6521 -6.15 3
    endloop
  endfacet
  facet normal -0.896862 -0.442311 0
    outer loop
      vertex -11.0713 -5.3 4.6
      vertex -10.6521 -6.15 6.1
      vertex -11.0713 -5.3 6.1
    endloop
  endfacet
  facet normal 0.0653605 -0.997862 0
    outer loop
      vertex 14 -17 0
      vertex 14.7832 -16.9487 3
      vertex 14 -17 3
    endloop
  endfacet
  facet normal 0.0653605 -0.997862 0
    outer loop
      vertex 14.7832 -16.9487 3
      vertex 14 -17 0
      vertex 14.7832 -16.9487 0
    endloop
  endfacet
  facet normal 0.831442 -0.555611 0
    outer loop
      vertex 18.7601 -14.6526 3
      vertex 19.1962 -14 0
      vertex 19.1962 -14 3
    endloop
  endfacet
  facet normal 0.831442 -0.555611 0
    outer loop
      vertex 19.1962 -14 0
      vertex 18.7601 -14.6526 3
      vertex 18.7601 -14.6526 0
    endloop
  endfacet
  facet normal -0.896885 -0.442263 0
    outer loop
      vertex -19.1962 -14 0
      vertex -19.5433 -13.2961 3
      vertex -19.5433 -13.2961 0
    endloop
  endfacet
  facet normal -0.896885 -0.442263 0
    outer loop
      vertex -19.5433 -13.2961 3
      vertex -19.1962 -14 0
      vertex -19.1962 -14 3
    endloop
  endfacet
  facet normal -0.0653605 -0.997862 0
    outer loop
      vertex -14.7832 -16.9487 0
      vertex -14 -17 3
      vertex -14.7832 -16.9487 3
    endloop
  endfacet
  facet normal -0.0653605 -0.997862 -0
    outer loop
      vertex -14 -17 3
      vertex -14.7832 -16.9487 0
      vertex -14 -17 0
    endloop
  endfacet
  facet normal -0.980762 0.195209 0
    outer loop
      vertex -19.9487 11.7832 0
      vertex -19.7955 12.5529 3
      vertex -19.7955 12.5529 0
    endloop
  endfacet
  facet normal -0.980762 0.195209 0
    outer loop
      vertex -19.7955 12.5529 3
      vertex -19.9487 11.7832 0
      vertex -19.9487 11.7832 3
    endloop
  endfacet
  facet normal -0.659406 0.751787 0
    outer loop
      vertex -17.6526 15.7601 0
      vertex -18.2426 15.2426 3
      vertex -17.6526 15.7601 3
    endloop
  endfacet
  facet normal -0.659406 0.751787 0
    outer loop
      vertex -18.2426 15.2426 3
      vertex -17.6526 15.7601 0
      vertex -18.2426 15.2426 0
    endloop
  endfacet
  facet normal -0.751787 0.659406 0
    outer loop
      vertex -18.7601 14.6526 0
      vertex -18.2426 15.2426 3
      vertex -18.2426 15.2426 0
    endloop
  endfacet
  facet normal -0.751787 0.659406 0
    outer loop
      vertex -18.2426 15.2426 3
      vertex -18.7601 14.6526 0
      vertex -18.7601 14.6526 3
    endloop
  endfacet
  facet normal 0.442263 -0.896885 0
    outer loop
      vertex 16.2961 -16.5433 0
      vertex 17 -16.1962 3
      vertex 16.2961 -16.5433 3
    endloop
  endfacet
  facet normal 0.442263 -0.896885 0
    outer loop
      vertex 17 -16.1962 3
      vertex 16.2961 -16.5433 0
      vertex 17 -16.1962 0
    endloop
  endfacet
  facet normal -0.442263 -0.896885 0
    outer loop
      vertex -17 -16.1962 0
      vertex -16.2961 -16.5433 3
      vertex -17 -16.1962 3
    endloop
  endfacet
  facet normal -0.442263 -0.896885 -0
    outer loop
      vertex -16.2961 -16.5433 3
      vertex -17 -16.1962 0
      vertex -16.2961 -16.5433 0
    endloop
  endfacet
  facet normal -0.0653605 0.997862 0
    outer loop
      vertex -14 17 0
      vertex -14.7832 16.9487 3
      vertex -14 17 3
    endloop
  endfacet
  facet normal -0.0653605 0.997862 0
    outer loop
      vertex -14.7832 16.9487 3
      vertex -14 17 0
      vertex -14.7832 16.9487 0
    endloop
  endfacet
  facet normal 0.442263 0.896885 -0
    outer loop
      vertex 17 16.1962 0
      vertex 16.2961 16.5433 3
      vertex 17 16.1962 3
    endloop
  endfacet
  facet normal 0.442263 0.896885 0
    outer loop
      vertex 16.2961 16.5433 3
      vertex 17 16.1962 0
      vertex 16.2961 16.5433 0
    endloop
  endfacet
  facet normal 0 1 -0
    outer loop
      vertex 14 17 0
      vertex -14 17 3
      vertex 14 17 3
    endloop
  endfacet
  facet normal 0 1 0
    outer loop
      vertex -14 17 3
      vertex 14 17 0
      vertex -14 17 0
    endloop
  endfacet
  facet normal -0.442263 0.896885 0
    outer loop
      vertex -16.2961 16.5433 0
      vertex -17 16.1962 3
      vertex -16.2961 16.5433 3
    endloop
  endfacet
  facet normal -0.442263 0.896885 0
    outer loop
      vertex -17 16.1962 3
      vertex -16.2961 16.5433 0
      vertex -17 16.1962 0
    endloop
  endfacet
  facet normal -1 0 0
    outer loop
      vertex -20 -11 0
      vertex -20 11 3
      vertex -20 11 0
    endloop
  endfacet
  facet normal -1 -0 0
    outer loop
      vertex -20 11 3
      vertex -20 -11 0
      vertex -20 -11 3
    endloop
  endfacet
  facet normal -0.321345 -0.946962 0
    outer loop
      vertex -16.2961 -16.5433 0
      vertex -15.5529 -16.7955 3
      vertex -16.2961 -16.5433 3
    endloop
  endfacet
  facet normal -0.321345 -0.946962 -0
    outer loop
      vertex -15.5529 -16.7955 3
      vertex -16.2961 -16.5433 0
      vertex -15.5529 -16.7955 0
    endloop
  endfacet
  facet normal -0.321345 0.946962 0
    outer loop
      vertex -15.5529 16.7955 0
      vertex -16.2961 16.5433 3
      vertex -15.5529 16.7955 3
    endloop
  endfacet
  facet normal -0.321345 0.946962 0
    outer loop
      vertex -16.2961 16.5433 3
      vertex -15.5529 16.7955 0
      vertex -16.2961 16.5433 0
    endloop
  endfacet
  facet normal 0.997862 -0.0653605 0
    outer loop
      vertex 19.9487 -11.7832 3
      vertex 20 -11 0
      vertex 20 -11 3
    endloop
  endfacet
  facet normal 0.997862 -0.0653605 0
    outer loop
      vertex 20 -11 0
      vertex 19.9487 -11.7832 3
      vertex 19.9487 -11.7832 0
    endloop
  endfacet
  facet normal -0.555611 -0.831442 0
    outer loop
      vertex -17.6526 -15.7601 0
      vertex -17 -16.1962 3
      vertex -17.6526 -15.7601 3
    endloop
  endfacet
  facet normal -0.555611 -0.831442 -0
    outer loop
      vertex -17 -16.1962 3
      vertex -17.6526 -15.7601 0
      vertex -17 -16.1962 0
    endloop
  endfacet
  facet normal 1 -0 0
    outer loop
      vertex 20 -11 3
      vertex 20 11 0
      vertex 20 11 3
    endloop
  endfacet
  facet normal 1 0 0
    outer loop
      vertex 20 11 0
      vertex 20 -11 3
      vertex 20 -11 0
    endloop
  endfacet
  facet normal 0.321345 0.946962 -0
    outer loop
      vertex 16.2961 16.5433 0
      vertex 15.5529 16.7955 3
      vertex 16.2961 16.5433 3
    endloop
  endfacet
  facet normal 0.321345 0.946962 0
    outer loop
      vertex 15.5529 16.7955 3
      vertex 16.2961 16.5433 0
      vertex 15.5529 16.7955 0
    endloop
  endfacet
  facet normal 0.980762 0.195209 0
    outer loop
      vertex 19.9487 11.7832 3
      vertex 19.7955 12.5529 0
      vertex 19.7955 12.5529 3
    endloop
  endfacet
  facet normal 0.980762 0.195209 0
    outer loop
      vertex 19.7955 12.5529 0
      vertex 19.9487 11.7832 3
      vertex 19.9487 11.7832 0
    endloop
  endfacet
  facet normal 0 -1 0
    outer loop
      vertex -14 -17 0
      vertex 14 -17 3
      vertex -14 -17 3
    endloop
  endfacet
  facet normal 0 -1 -0
    outer loop
      vertex 14 -17 3
      vertex -14 -17 0
      vertex 14 -17 0
    endloop
  endfacet
  facet normal 0.831442 0.555611 0
    outer loop
      vertex 19.1962 14 3
      vertex 18.7601 14.6526 0
      vertex 18.7601 14.6526 3
    endloop
  endfacet
  facet normal 0.831442 0.555611 0
    outer loop
      vertex 18.7601 14.6526 0
      vertex 19.1962 14 3
      vertex 19.1962 14 0
    endloop
  endfacet
  facet normal -0.946962 0.321345 0
    outer loop
      vertex -19.7955 12.5529 0
      vertex -19.5433 13.2961 3
      vertex -19.5433 13.2961 0
    endloop
  endfacet
  facet normal -0.946962 0.321345 0
    outer loop
      vertex -19.5433 13.2961 3
      vertex -19.7955 12.5529 0
      vertex -19.7955 12.5529 3
    endloop
  endfacet
  facet normal -0.751787 -0.659406 0
    outer loop
      vertex -18.2426 -15.2426 0
      vertex -18.7601 -14.6526 3
      vertex -18.7601 -14.6526 0
    endloop
  endfacet
  facet normal -0.751787 -0.659406 0
    outer loop
      vertex -18.7601 -14.6526 3
      vertex -18.2426 -15.2426 0
      vertex -18.2426 -15.2426 3
    endloop
  endfacet
  facet normal -0.997862 0.0653605 0
    outer loop
      vertex -20 11 0
      vertex -19.9487 11.7832 3
      vertex -19.9487 11.7832 0
    endloop
  endfacet
  facet normal -0.997862 0.0653605 0
    outer loop
      vertex -19.9487 11.7832 3
      vertex -20 11 0
      vertex -20 11 3
    endloop
  endfacet
  facet normal -0.555611 0.831442 0
    outer loop
      vertex -17 16.1962 0
      vertex -17.6526 15.7601 3
      vertex -17 16.1962 3
    endloop
  endfacet
  facet normal -0.555611 0.831442 0
    outer loop
      vertex -17.6526 15.7601 3
      vertex -17 16.1962 0
      vertex -17.6526 15.7601 0
    endloop
  endfacet
  facet normal 0.980762 -0.195209 0
    outer loop
      vertex 19.7955 -12.5529 3
      vertex 19.9487 -11.7832 0
      vertex 19.9487 -11.7832 3
    endloop
  endfacet
  facet normal 0.980762 -0.195209 0
    outer loop
      vertex 19.9487 -11.7832 0
      vertex 19.7955 -12.5529 3
      vertex 19.7955 -12.5529 0
    endloop
  endfacet
  facet normal -0.896885 0.442263 0
    outer loop
      vertex -19.5433 13.2961 0
      vertex -19.1962 14 3
      vertex -19.1962 14 0
    endloop
  endfacet
  facet normal -0.896885 0.442263 0
    outer loop
      vertex -19.1962 14 3
      vertex -19.5433 13.2961 0
      vertex -19.5433 13.2961 3
    endloop
  endfacet
  facet normal 0.555611 -0.831442 0
    outer loop
      vertex 17 -16.1962 0
      vertex 17.6526 -15.7601 3
      vertex 17 -16.1962 3
    endloop
  endfacet
  facet normal 0.555611 -0.831442 0
    outer loop
      vertex 17.6526 -15.7601 3
      vertex 17 -16.1962 0
      vertex 17.6526 -15.7601 0
    endloop
  endfacet
  facet normal 0.659406 -0.751787 0
    outer loop
      vertex 17.6526 -15.7601 0
      vertex 18.2426 -15.2426 3
      vertex 17.6526 -15.7601 3
    endloop
  endfacet
  facet normal 0.659406 -0.751787 0
    outer loop
      vertex 18.2426 -15.2426 3
      vertex 17.6526 -15.7601 0
      vertex 18.2426 -15.2426 0
    endloop
  endfacet
  facet normal -0.997862 -0.0653605 0
    outer loop
      vertex -19.9487 -11.7832 0
      vertex -20 -11 3
      vertex -20 -11 0
    endloop
  endfacet
  facet normal -0.997862 -0.0653605 0
    outer loop
      vertex -20 -11 3
      vertex -19.9487 -11.7832 0
      vertex -19.9487 -11.7832 3
    endloop
  endfacet
  facet normal -0.195209 -0.980762 0
    outer loop
      vertex -15.5529 -16.7955 0
      vertex -14.7832 -16.9487 3
      vertex -15.5529 -16.7955 3
    endloop
  endfacet
  facet normal -0.195209 -0.980762 -0
    outer loop
      vertex -14.7832 -16.9487 3
      vertex -15.5529 -16.7955 0
      vertex -14.7832 -16.9487 0
    endloop
  endfacet
  facet normal 0.659406 0.751787 -0
    outer loop
      vertex 18.2426 15.2426 0
      vertex 17.6526 15.7601 3
      vertex 18.2426 15.2426 3
    endloop
  endfacet
  facet normal 0.659406 0.751787 0
    outer loop
      vertex 17.6526 15.7601 3
      vertex 18.2426 15.2426 0
      vertex 17.6526 15.7601 0
    endloop
  endfacet
  facet normal 0.555611 0.831442 -0
    outer loop
      vertex 17.6526 15.7601 0
      vertex 17 16.1962 3
      vertex 17.6526 15.7601 3
    endloop
  endfacet
  facet normal 0.555611 0.831442 0
    outer loop
      vertex 17 16.1962 3
      vertex 17.6526 15.7601 0
      vertex 17 16.1962 0
    endloop
  endfacet
  facet normal 0.0653605 0.997862 -0
    outer loop
      vertex 14.7832 16.9487 0
      vertex 14 17 3
      vertex 14.7832 16.9487 3
    endloop
  endfacet
  facet normal 0.0653605 0.997862 0
    outer loop
      vertex 14 17 3
      vertex 14.7832 16.9487 0
      vertex 14 17 0
    endloop
  endfacet
  facet normal -0.980762 -0.195209 0
    outer loop
      vertex -19.7955 -12.5529 0
      vertex -19.9487 -11.7832 3
      vertex -19.9487 -11.7832 0
    endloop
  endfacet
  facet normal -0.980762 -0.195209 0
    outer loop
      vertex -19.9487 -11.7832 3
      vertex -19.7955 -12.5529 0
      vertex -19.7955 -12.5529 3
    endloop
  endfacet
  facet normal -0.195209 0.980762 0
    outer loop
      vertex -14.7832 16.9487 0
      vertex -15.5529 16.7955 3
      vertex -14.7832 16.9487 3
    endloop
  endfacet
  facet normal -0.195209 0.980762 0
    outer loop
      vertex -15.5529 16.7955 3
      vertex -14.7832 16.9487 0
      vertex -15.5529 16.7955 0
    endloop
  endfacet
  facet normal -0.946962 -0.321345 0
    outer loop
      vertex -19.5433 -13.2961 0
      vertex -19.7955 -12.5529 3
      vertex -19.7955 -12.5529 0
    endloop
  endfacet
  facet normal -0.946962 -0.321345 0
    outer loop
      vertex -19.7955 -12.5529 3
      vertex -19.5433 -13.2961 0
      vertex -19.5433 -13.2961 3
    endloop
  endfacet
  facet normal 0.751787 0.659406 0
    outer loop
      vertex 18.7601 14.6526 3
      vertex 18.2426 15.2426 0
      vertex 18.2426 15.2426 3
    endloop
  endfacet
  facet normal 0.751787 0.659406 0
    outer loop
      vertex 18.2426 15.2426 0
      vertex 18.7601 14.6526 3
      vertex 18.7601 14.6526 0
    endloop
  endfacet
  facet normal 0.896885 0.442263 0
    outer loop
      vertex 19.5433 13.2961 3
      vertex 19.1962 14 0
      vertex 19.1962 14 3
    endloop
  endfacet
  facet normal 0.896885 0.442263 0
    outer loop
      vertex 19.1962 14 0
      vertex 19.5433 13.2961 3
      vertex 19.5433 13.2961 0
    endloop
  endfacet
  facet normal 0.997862 0.0653605 0
    outer loop
      vertex 20 11 3
      vertex 19.9487 11.7832 0
      vertex 19.9487 11.7832 3
    endloop
  endfacet
  facet normal 0.997862 0.0653605 0
    outer loop
      vertex 19.9487 11.7832 0
      vertex 20 11 3
      vertex 20 11 0
    endloop
  endfacet
  facet normal -0.659406 -0.751787 0
    outer loop
      vertex -18.2426 -15.2426 0
      vertex -17.6526 -15.7601 3
      vertex -18.2426 -15.2426 3
    endloop
  endfacet
  facet normal -0.659406 -0.751787 -0
    outer loop
      vertex -17.6526 -15.7601 3
      vertex -18.2426 -15.2426 0
      vertex -17.6526 -15.7601 0
    endloop
  endfacet
  facet normal -0.831442 0.555611 0
    outer loop
      vertex -19.1962 14 0
      vertex -18.7601 14.6526 3
      vertex -18.7601 14.6526 0
    endloop
  endfacet
  facet normal -0.831442 0.555611 0
    outer loop
      vertex -18.7601 14.6526 3
      vertex -19.1962 14 0
      vertex -19.1962 14 3
    endloop
  endfacet
  facet normal 0.751787 -0.659406 0
    outer loop
      vertex 18.2426 -15.2426 3
      vertex 18.7601 -14.6526 0
      vertex 18.7601 -14.6526 3
    endloop
  endfacet
  facet normal 0.751787 -0.659406 0
    outer loop
      vertex 18.7601 -14.6526 0
      vertex 18.2426 -15.2426 3
      vertex 18.2426 -15.2426 0
    endloop
  endfacet
  facet normal 0.946962 0.321345 0
    outer loop
      vertex 19.7955 12.5529 3
      vertex 19.5433 13.2961 0
      vertex 19.5433 13.2961 3
    endloop
  endfacet
  facet normal 0.946962 0.321345 0
    outer loop
      vertex 19.5433 13.2961 0
      vertex 19.7955 12.5529 3
      vertex 19.7955 12.5529 0
    endloop
  endfacet
  facet normal 0 0 -1
    outer loop
      vertex -14.799 0.497488 0
      vertex -5 -4 0
      vertex -14.7443 0.336464 0
    endloop
  endfacet
  facet normal 0 0 -1
    outer loop
      vertex -5 -4 0
      vertex -14.799 0.497488 0
      vertex -2 8 0
    endloop
  endfacet
  facet normal 0 0 -1
    outer loop
      vertex -14.8742 0.65 0
      vertex -2 8 0
      vertex -14.799 0.497488 0
    endloop
  endfacet
  facet normal 0 0 -1
    outer loop
      vertex -14.9686 0.791389 0
      vertex -2 8 0
      vertex -14.8742 0.65 0
    endloop
  endfacet
  facet normal 0 0 -1
    outer loop
      vertex -15.0808 0.919238 0
      vertex -2 8 0
      vertex -14.9686 0.791389 0
    endloop
  endfacet
  facet normal 0 0 -1
    outer loop
      vertex -15.2086 1.03136 0
      vertex -2 8 0
      vertex -15.0808 0.919238 0
    endloop
  endfacet
  facet normal 0 0 -1
    outer loop
      vertex -15.35 1.12583 0
      vertex -2 8 0
      vertex -15.2086 1.03136 0
    endloop
  endfacet
  facet normal -0 0 -1
    outer loop
      vertex -2 8 0
      vertex -15.35 1.12583 0
      vertex -14 17 0
    endloop
  endfacet
  facet normal 0 0 -1
    outer loop
      vertex -15.5025 1.20104 0
      vertex -14 17 0
      vertex -15.35 1.12583 0
    endloop
  endfacet
  facet normal 0 0 -1
    outer loop
      vertex -20 11 0
      vertex -14 17 0
      vertex -15.5025 1.20104 0
    endloop
  endfacet
  facet normal 0 0 -1
    outer loop
      vertex -14 17 0
      vertex -20 11 0
      vertex -14.7832 16.9487 0
    endloop
  endfacet
  facet normal 0 0 -1
    outer loop
      vertex -20 11 0
      vertex -15.5025 1.20104 0
      vertex -15.6635 1.2557 0
    endloop
  endfacet
  facet normal 0 0 -1
    outer loop
      vertex -20 11 0
      vertex -15.6635 1.2557 0
      vertex -15.8303 1.28888 0
    endloop
  endfacet
  facet normal 0 0 -1
    outer loop
      vertex -20 11 0
      vertex -15.8303 1.28888 0
      vertex -16 1.3 0
    endloop
  endfacet
  facet normal 0 0 -1
    outer loop
      vertex -20 11 0
      vertex -16 1.3 0
      vertex -16.1697 1.28888 0
    endloop
  endfacet
  facet normal 0 0 -1
    outer loop
      vertex -14.7832 16.9487 0
      vertex -20 11 0
      vertex -15.5529 16.7955 0
    endloop
  endfacet
  facet normal 0 0 -1
    outer loop
      vertex -20 11 0
      vertex -16.1697 1.28888 0
      vertex -16.3365 1.2557 0
    endloop
  endfacet
  facet normal 0 0 -1
    outer loop
      vertex -20 11 0
      vertex -16.3365 1.2557 0
      vertex -16.4975 1.20104 0
    endloop
  endfacet
  facet normal 0 0 -1
    outer loop
      vertex -20 11 0
      vertex -16.4975 1.20104 0
      vertex -16.65 1.12583 0
    endloop
  endfacet
  facet normal 0 0 -1
    outer loop
      vertex -20 11 0
      vertex -16.65 1.12583 0
      vertex -16.7914 1.03136 0
    endloop
  endfacet
  facet normal 0 0 -1
    outer loop
      vertex -20 11 0
      vertex -16.7914 1.03136 0
      vertex -16.9192 0.919238 0
    endloop
  endfacet
  facet normal 0 0 -1
    outer loop
      vertex -15.5529 16.7955 0
      vertex -20 11 0
      vertex -16.2961 16.5433 0
    endloop
  endfacet
  facet normal 0 0 -1
    outer loop
      vertex -20 11 0
      vertex -16.9192 0.919238 0
      vertex -17.0314 0.791389 0
    endloop
  endfacet
  facet normal 0 0 -1
    outer loop
      vertex -20 11 0
      vertex -17.0314 0.791389 0
      vertex -17.1258 0.65 0
    endloop
  endfacet
  facet normal 0 0 -1
    outer loop
      vertex -20 11 0
      vertex -17.1258 0.65 0
      vertex -17.201 0.497488 0
    endloop
  endfacet
  facet normal 0 0 -1
    outer loop
      vertex -20 11 0
      vertex -17.201 0.497488 0
      vertex -17.2557 0.336464 0
    endloop
  endfacet
  facet normal 0 0 -1
    outer loop
      vertex -20 11 0
      vertex -17.2557 0.336464 0
      vertex -17.2889 0.169683 0
    endloop
  endfacet
  facet normal 0 0 -1
    outer loop
      vertex -20 11 0
      vertex -17.2889 0.169683 0
      vertex -17.3 0 0
    endloop
  endfacet
  facet normal -0 0 -1
    outer loop
      vertex -17.2889 -0.169683 0
      vertex -20 -11 0
      vertex -17.3 0 0
    endloop
  endfacet
  facet normal 0 0 -1
    outer loop
      vertex -20 11 0
      vertex -17.3 0 0
      vertex -20 -11 0
    endloop
  endfacet
  facet normal 0 0 -1
    outer loop
      vertex -20 -11 0
      vertex -17.6526 -15.7601 0
      vertex -18.2426 -15.2426 0
    endloop
  endfacet
  facet normal 0 0 -1
    outer loop
      vertex -16.2961 16.5433 0
      vertex -20 11 0
      vertex -17 16.1962 0
    endloop
  endfacet
  facet normal 0 0 -1
    outer loop
      vertex -20 -11 0
      vertex -18.2426 -15.2426 0
      vertex -18.7601 -14.6526 0
    endloop
  endfacet
  facet normal 0 0 -1
    outer loop
      vertex -17 16.1962 0
      vertex -20 11 0
      vertex -17.6526 15.7601 0
    endloop
  endfacet
  facet normal 0 0 -1
    outer loop
      vertex -20 -11 0
      vertex -18.7601 -14.6526 0
      vertex -19.1962 -14 0
    endloop
  endfacet
  facet normal 0 0 -1
    outer loop
      vertex -17.6526 15.7601 0
      vertex -20 11 0
      vertex -18.2426 15.2426 0
    endloop
  endfacet
  facet normal 0 0 -1
    outer loop
      vertex -20 -11 0
      vertex -19.1962 -14 0
      vertex -19.5433 -13.2961 0
    endloop
  endfacet
  facet normal 0 0 -1
    outer loop
      vertex -18.2426 15.2426 0
      vertex -20 11 0
      vertex -18.7601 14.6526 0
    endloop
  endfacet
  facet normal 0 0 -1
    outer loop
      vertex -20 -11 0
      vertex -19.5433 -13.2961 0
      vertex -19.7955 -12.5529 0
    endloop
  endfacet
  facet normal 0 0 -1
    outer loop
      vertex -18.7601 14.6526 0
      vertex -20 11 0
      vertex -19.1962 14 0
    endloop
  endfacet
  facet normal 0 0 -1
    outer loop
      vertex -20 -11 0
      vertex -19.7955 -12.5529 0
      vertex -19.9487 -11.7832 0
    endloop
  endfacet
  facet normal 0 0 -1
    outer loop
      vertex -19.1962 14 0
      vertex -20 11 0
      vertex -19.5433 13.2961 0
    endloop
  endfacet
  facet normal 0 0 -1
    outer loop
      vertex -19.5433 13.2961 0
      vertex -20 11 0
      vertex -19.7955 12.5529 0
    endloop
  endfacet
  facet normal 0 0 -1
    outer loop
      vertex -19.7955 12.5529 0
      vertex -20 11 0
      vertex -19.9487 11.7832 0
    endloop
  endfacet
  facet normal 0 0 -1
    outer loop
      vertex -2 -4 0
      vertex -5 -4 0
      vertex -2 8 0
    endloop
  endfacet
  facet normal 0 0 -1
    outer loop
      vertex 2 8 0
      vertex 5 -4 0
      vertex 2 -4 0
    endloop
  endfacet
  facet normal 0 0 -1
    outer loop
      vertex 5 -4 0
      vertex 2 8 0
      vertex 14 17 0
    endloop
  endfacet
  facet normal 0 0 -1
    outer loop
      vertex -2 8 0
      vertex 14 17 0
      vertex 2 8 0
    endloop
  endfacet
  facet normal 0 0 -1
    outer loop
      vertex -20 -11 0
      vertex -5 -4 0
      vertex -14 -17 0
    endloop
  endfacet
  facet normal 0 0 -1
    outer loop
      vertex -2 8 0
      vertex -14 17 0
      vertex 14 17 0
    endloop
  endfacet
  facet normal 0 -0 -1
    outer loop
      vertex -14.799 -0.497488 0
      vertex -5 -4 0
      vertex -14.8742 -0.65 0
    endloop
  endfacet
  facet normal 0 0 -1
    outer loop
      vertex -14.7443 0.336464 0
      vertex -5 -4 0
      vertex -14.7111 0.169683 0
    endloop
  endfacet
  facet normal 0 0 -1
    outer loop
      vertex -14.7111 0.169683 0
      vertex -5 -4 0
      vertex -14.7 0 0
    endloop
  endfacet
  facet normal 0 -0 -1
    outer loop
      vertex -14.7 0 0
      vertex -5 -4 0
      vertex -14.7111 -0.169683 0
    endloop
  endfacet
  facet normal 0 0 -1
    outer loop
      vertex -17.6526 -15.7601 0
      vertex -14 -17 0
      vertex -14.7832 -16.9487 0
    endloop
  endfacet
  facet normal 0 -0 -1
    outer loop
      vertex -14.7111 -0.169683 0
      vertex -5 -4 0
      vertex -14.7443 -0.336464 0
    endloop
  endfacet
  facet normal 0 -0 -1
    outer loop
      vertex -14.7443 -0.336464 0
      vertex -5 -4 0
      vertex -14.799 -0.497488 0
    endloop
  endfacet
  facet normal 0 0 -1
    outer loop
      vertex -5 -4 0
      vertex -14.9686 -0.791389 0
      vertex -14.8742 -0.65 0
    endloop
  endfacet
  facet normal 0 0 -1
    outer loop
      vertex -5 -4 0
      vertex -15.0808 -0.919238 0
      vertex -14.9686 -0.791389 0
    endloop
  endfacet
  facet normal 0 0 -1
    outer loop
      vertex -5 -4 0
      vertex -15.2086 -1.03136 0
      vertex -15.0808 -0.919238 0
    endloop
  endfacet
  facet normal 0 0 -1
    outer loop
      vertex -5 -4 0
      vertex -15.35 -1.12583 0
      vertex -15.2086 -1.03136 0
    endloop
  endfacet
  facet normal 0 0 -1
    outer loop
      vertex -5 -4 0
      vertex -15.5025 -1.20104 0
      vertex -15.35 -1.12583 0
    endloop
  endfacet
  facet normal 0 0 -1
    outer loop
      vertex -17.6526 -15.7601 0
      vertex -14.7832 -16.9487 0
      vertex -15.5529 -16.7955 0
    endloop
  endfacet
  facet normal -0 0 -1
    outer loop
      vertex -5 -4 0
      vertex -20 -11 0
      vertex -15.5025 -1.20104 0
    endloop
  endfacet
  facet normal 0 0 -1
    outer loop
      vertex -20 -11 0
      vertex -14 -17 0
      vertex -17.6526 -15.7601 0
    endloop
  endfacet
  facet normal 0 0 -1
    outer loop
      vertex -15.5025 -1.20104 0
      vertex -20 -11 0
      vertex -15.6635 -1.2557 0
    endloop
  endfacet
  facet normal 0 0 -1
    outer loop
      vertex -15.6635 -1.2557 0
      vertex -20 -11 0
      vertex -15.8303 -1.28888 0
    endloop
  endfacet
  facet normal 0 0 -1
    outer loop
      vertex -17.6526 -15.7601 0
      vertex -15.5529 -16.7955 0
      vertex -16.2961 -16.5433 0
    endloop
  endfacet
  facet normal 0 0 -1
    outer loop
      vertex -15.8303 -1.28888 0
      vertex -20 -11 0
      vertex -16 -1.3 0
    endloop
  endfacet
  facet normal -0 0 -1
    outer loop
      vertex -16 -1.3 0
      vertex -20 -11 0
      vertex -16.1697 -1.28888 0
    endloop
  endfacet
  facet normal -0 0 -1
    outer loop
      vertex -16.1697 -1.28888 0
      vertex -20 -11 0
      vertex -16.3365 -1.2557 0
    endloop
  endfacet
  facet normal -0 0 -1
    outer loop
      vertex -16.3365 -1.2557 0
      vertex -20 -11 0
      vertex -16.4975 -1.20104 0
    endloop
  endfacet
  facet normal -0 0 -1
    outer loop
      vertex -16.4975 -1.20104 0
      vertex -20 -11 0
      vertex -16.65 -1.12583 0
    endloop
  endfacet
  facet normal 0 0 -1
    outer loop
      vertex -17.6526 -15.7601 0
      vertex -16.2961 -16.5433 0
      vertex -17 -16.1962 0
    endloop
  endfacet
  facet normal -0 0 -1
    outer loop
      vertex -16.65 -1.12583 0
      vertex -20 -11 0
      vertex -16.7914 -1.03136 0
    endloop
  endfacet
  facet normal -0 0 -1
    outer loop
      vertex -16.7914 -1.03136 0
      vertex -20 -11 0
      vertex -16.9192 -0.919238 0
    endloop
  endfacet
  facet normal -0 0 -1
    outer loop
      vertex -16.9192 -0.919238 0
      vertex -20 -11 0
      vertex -17.0314 -0.791389 0
    endloop
  endfacet
  facet normal -0 0 -1
    outer loop
      vertex -17.0314 -0.791389 0
      vertex -20 -11 0
      vertex -17.1258 -0.65 0
    endloop
  endfacet
  facet normal -0 0 -1
    outer loop
      vertex -17.1258 -0.65 0
      vertex -20 -11 0
      vertex -17.201 -0.497488 0
    endloop
  endfacet
  facet normal -0 0 -1
    outer loop
      vertex -17.201 -0.497488 0
      vertex -20 -11 0
      vertex -17.2557 -0.336464 0
    endloop
  endfacet
  facet normal -0 0 -1
    outer loop
      vertex -17.2557 -0.336464 0
      vertex -20 -11 0
      vertex -17.2889 -0.169683 0
    endloop
  endfacet
  facet normal 0 0 -1
    outer loop
      vertex 14 -17 0
      vertex 20 -11 0
      vertex 19.9487 -11.7832 0
    endloop
  endfacet
  facet normal 0 0 -1
    outer loop
      vertex 20 -11 0
      vertex 17.3 0 0
      vertex 20 11 0
    endloop
  endfacet
  facet normal 0 0 -1
    outer loop
      vertex 14 -17 0
      vertex 19.9487 -11.7832 0
      vertex 19.7955 -12.5529 0
    endloop
  endfacet
  facet normal 0 0 -1
    outer loop
      vertex 17.2889 0.169683 0
      vertex 20 11 0
      vertex 17.3 0 0
    endloop
  endfacet
  facet normal 0 0 -1
    outer loop
      vertex 14 -17 0
      vertex 19.7955 -12.5529 0
      vertex 19.5433 -13.2961 0
    endloop
  endfacet
  facet normal 0 0 -1
    outer loop
      vertex 17.2557 0.336464 0
      vertex 20 11 0
      vertex 17.2889 0.169683 0
    endloop
  endfacet
  facet normal 0 0 -1
    outer loop
      vertex 14 -17 0
      vertex 19.5433 -13.2961 0
      vertex 19.1962 -14 0
    endloop
  endfacet
  facet normal 0 0 -1
    outer loop
      vertex 17.201 0.497488 0
      vertex 20 11 0
      vertex 17.2557 0.336464 0
    endloop
  endfacet
  facet normal 0 0 -1
    outer loop
      vertex 14 -17 0
      vertex 19.1962 -14 0
      vertex 18.7601 -14.6526 0
    endloop
  endfacet
  facet normal 0 0 -1
    outer loop
      vertex 17.1258 0.65 0
      vertex 20 11 0
      vertex 17.201 0.497488 0
    endloop
  endfacet
  facet normal 0 0 -1
    outer loop
      vertex 14 -17 0
      vertex 18.7601 -14.6526 0
      vertex 18.2426 -15.2426 0
    endloop
  endfacet
  facet normal 0 0 -1
    outer loop
      vertex 17.0314 0.791389 0
      vertex 20 11 0
      vertex 17.1258 0.65 0
    endloop
  endfacet
  facet normal 0 0 -1
    outer loop
      vertex 14 -17 0
      vertex 18.2426 -15.2426 0
      vertex 17.6526 -15.7601 0
    endloop
  endfacet
  facet normal 0 0 -1
    outer loop
      vertex 16.9192 0.919238 0
      vertex 20 11 0
      vertex 17.0314 0.791389 0
    endloop
  endfacet
  facet normal 0 0 -1
    outer loop
      vertex 16.7914 1.03136 0
      vertex 20 11 0
      vertex 16.9192 0.919238 0
    endloop
  endfacet
  facet normal 0 0 -1
    outer loop
      vertex 20 -11 0
      vertex 17.2889 -0.169683 0
      vertex 17.3 0 0
    endloop
  endfacet
  facet normal 0 0 -1
    outer loop
      vertex 20 -11 0
      vertex 17.2557 -0.336464 0
      vertex 17.2889 -0.169683 0
    endloop
  endfacet
  facet normal 0 0 -1
    outer loop
      vertex 20 -11 0
      vertex 17.201 -0.497488 0
      vertex 17.2557 -0.336464 0
    endloop
  endfacet
  facet normal 0 0 -1
    outer loop
      vertex 20 -11 0
      vertex 17.1258 -0.65 0
      vertex 17.201 -0.497488 0
    endloop
  endfacet
  facet normal 0 0 -1
    outer loop
      vertex 20 -11 0
      vertex 17.0314 -0.791389 0
      vertex 17.1258 -0.65 0
    endloop
  endfacet
  facet normal 0 0 -1
    outer loop
      vertex 14 -17 0
      vertex 17.6526 -15.7601 0
      vertex 17 -16.1962 0
    endloop
  endfacet
  facet normal 0 0 -1
    outer loop
      vertex 20 -11 0
      vertex 16.9192 -0.919238 0
      vertex 17.0314 -0.791389 0
    endloop
  endfacet
  facet normal 0 0 -1
    outer loop
      vertex 20 -11 0
      vertex 16.7914 -1.03136 0
      vertex 16.9192 -0.919238 0
    endloop
  endfacet
  facet normal 0 0 -1
    outer loop
      vertex 20 -11 0
      vertex 16.65 -1.12583 0
      vertex 16.7914 -1.03136 0
    endloop
  endfacet
  facet normal 0 0 -1
    outer loop
      vertex 20 -11 0
      vertex 16.4975 -1.20104 0
      vertex 16.65 -1.12583 0
    endloop
  endfacet
  facet normal 0 0 -1
    outer loop
      vertex 20 -11 0
      vertex 16.3365 -1.2557 0
      vertex 16.4975 -1.20104 0
    endloop
  endfacet
  facet normal 0 0 -1
    outer loop
      vertex 14 -17 0
      vertex 17 -16.1962 0
      vertex 16.2961 -16.5433 0
    endloop
  endfacet
  facet normal 0 0 -1
    outer loop
      vertex 20 -11 0
      vertex 16.1697 -1.28888 0
      vertex 16.3365 -1.2557 0
    endloop
  endfacet
  facet normal 0 0 -1
    outer loop
      vertex 20 -11 0
      vertex 16 -1.3 0
      vertex 16.1697 -1.28888 0
    endloop
  endfacet
  facet normal 0 0 -1
    outer loop
      vertex 20 -11 0
      vertex 15.8303 -1.28888 0
      vertex 16 -1.3 0
    endloop
  endfacet
  facet normal 0 0 -1
    outer loop
      vertex 20 -11 0
      vertex 15.6635 -1.2557 0
      vertex 15.8303 -1.28888 0
    endloop
  endfacet
  facet normal 0 0 -1
    outer loop
      vertex 14 -17 0
      vertex 16.2961 -16.5433 0
      vertex 15.5529 -16.7955 0
    endloop
  endfacet
  facet normal 0 0 -1
    outer loop
      vertex 5 -4 0
      vertex 20 -11 0
      vertex 14 -17 0
    endloop
  endfacet
  facet normal 0 0 -1
    outer loop
      vertex 20 -11 0
      vertex 15.5025 -1.20104 0
      vertex 15.6635 -1.2557 0
    endloop
  endfacet
  facet normal 0 0 -1
    outer loop
      vertex 20 -11 0
      vertex 5 -4 0
      vertex 15.5025 -1.20104 0
    endloop
  endfacet
  facet normal -0 0 -1
    outer loop
      vertex 15.5025 -1.20104 0
      vertex 5 -4 0
      vertex 15.35 -1.12583 0
    endloop
  endfacet
  facet normal -0 0 -1
    outer loop
      vertex 15.35 -1.12583 0
      vertex 5 -4 0
      vertex 15.2086 -1.03136 0
    endloop
  endfacet
  facet normal -0 0 -1
    outer loop
      vertex 15.2086 -1.03136 0
      vertex 5 -4 0
      vertex 15.0808 -0.919238 0
    endloop
  endfacet
  facet normal -0 0 -1
    outer loop
      vertex 15.0808 -0.919238 0
      vertex 5 -4 0
      vertex 14.9686 -0.791389 0
    endloop
  endfacet
  facet normal 0 0 -1
    outer loop
      vertex 14 -17 0
      vertex 15.5529 -16.7955 0
      vertex 14.7832 -16.9487 0
    endloop
  endfacet
  facet normal -0 0 -1
    outer loop
      vertex 14.9686 -0.791389 0
      vertex 5 -4 0
      vertex 14.8742 -0.65 0
    endloop
  endfacet
  facet normal -0 0 -1
    outer loop
      vertex 14.8742 -0.65 0
      vertex 5 -4 0
      vertex 14.799 -0.497488 0
    endloop
  endfacet
  facet normal -0 0 -1
    outer loop
      vertex 14.799 -0.497488 0
      vertex 5 -4 0
      vertex 14.7443 -0.336464 0
    endloop
  endfacet
  facet normal -0 0 -1
    outer loop
      vertex 14.7443 -0.336464 0
      vertex 5 -4 0
      vertex 14.7111 -0.169683 0
    endloop
  endfacet
  facet normal 0 0 -1
    outer loop
      vertex 16.65 1.12583 0
      vertex 20 11 0
      vertex 16.7914 1.03136 0
    endloop
  endfacet
  facet normal 0 0 -1
    outer loop
      vertex 16.4975 1.20104 0
      vertex 20 11 0
      vertex 16.65 1.12583 0
    endloop
  endfacet
  facet normal 0 0 -1
    outer loop
      vertex 16.3365 1.2557 0
      vertex 20 11 0
      vertex 16.4975 1.20104 0
    endloop
  endfacet
  facet normal 0 0 -1
    outer loop
      vertex 16.1697 1.28888 0
      vertex 20 11 0
      vertex 16.3365 1.2557 0
    endloop
  endfacet
  facet normal 0 0 -1
    outer loop
      vertex 16 1.3 0
      vertex 20 11 0
      vertex 16.1697 1.28888 0
    endloop
  endfacet
  facet normal 0 0 -1
    outer loop
      vertex 15.8303 1.28888 0
      vertex 20 11 0
      vertex 16 1.3 0
    endloop
  endfacet
  facet normal 0 0 -1
    outer loop
      vertex 15.6635 1.2557 0
      vertex 20 11 0
      vertex 15.8303 1.28888 0
    endloop
  endfacet
  facet normal 0 0 -1
    outer loop
      vertex 15.5025 1.20104 0
      vertex 20 11 0
      vertex 15.6635 1.2557 0
    endloop
  endfacet
  facet normal 0 0 -1
    outer loop
      vertex 14 17 0
      vertex 20 11 0
      vertex 15.5025 1.20104 0
    endloop
  endfacet
  facet normal 0 0 -1
    outer loop
      vertex 20 11 0
      vertex 14 17 0
      vertex 19.9487 11.7832 0
    endloop
  endfacet
  facet normal 0 0 -1
    outer loop
      vertex 19.9487 11.7832 0
      vertex 14 17 0
      vertex 19.7955 12.5529 0
    endloop
  endfacet
  facet normal 0 0 -1
    outer loop
      vertex 19.7955 12.5529 0
      vertex 14 17 0
      vertex 19.5433 13.2961 0
    endloop
  endfacet
  facet normal 0 0 -1
    outer loop
      vertex 19.1962 14 0
      vertex 14 17 0
      vertex 18.7601 14.6526 0
    endloop
  endfacet
  facet normal 0 0 -1
    outer loop
      vertex 18.7601 14.6526 0
      vertex 14 17 0
      vertex 18.2426 15.2426 0
    endloop
  endfacet
  facet normal 0 0 -1
    outer loop
      vertex 18.2426 15.2426 0
      vertex 14 17 0
      vertex 17.6526 15.7601 0
    endloop
  endfacet
  facet normal 0 0 -1
    outer loop
      vertex 17.6526 15.7601 0
      vertex 14 17 0
      vertex 17 16.1962 0
    endloop
  endfacet
  facet normal 0 0 -1
    outer loop
      vertex 17 16.1962 0
      vertex 14 17 0
      vertex 16.2961 16.5433 0
    endloop
  endfacet
  facet normal 0 0 -1
    outer loop
      vertex 19.5433 13.2961 0
      vertex 14 17 0
      vertex 19.1962 14 0
    endloop
  endfacet
  facet normal 0 0 -1
    outer loop
      vertex 14 17 0
      vertex 15.5025 1.20104 0
      vertex 15.35 1.12583 0
    endloop
  endfacet
  facet normal 0 0 -1
    outer loop
      vertex 14 17 0
      vertex 15.35 1.12583 0
      vertex 15.2086 1.03136 0
    endloop
  endfacet
  facet normal 0 0 -1
    outer loop
      vertex 14 17 0
      vertex 15.2086 1.03136 0
      vertex 15.0808 0.919238 0
    endloop
  endfacet
  facet normal 0 0 -1
    outer loop
      vertex 14 17 0
      vertex 15.0808 0.919238 0
      vertex 14.9686 0.791389 0
    endloop
  endfacet
  facet normal 0 0 -1
    outer loop
      vertex 5 -4 0
      vertex 14.9686 0.791389 0
      vertex 14.8742 0.65 0
    endloop
  endfacet
  facet normal 0 0 -1
    outer loop
      vertex 5 -4 0
      vertex 14.8742 0.65 0
      vertex 14.799 0.497488 0
    endloop
  endfacet
  facet normal 0 0 -1
    outer loop
      vertex 16.2961 16.5433 0
      vertex 14 17 0
      vertex 15.5529 16.7955 0
    endloop
  endfacet
  facet normal 0 0 -1
    outer loop
      vertex 5 -4 0
      vertex 14.799 0.497488 0
      vertex 14.7443 0.336464 0
    endloop
  endfacet
  facet normal 0 0 -1
    outer loop
      vertex 5 -4 0
      vertex 14.7443 0.336464 0
      vertex 14.7111 0.169683 0
    endloop
  endfacet
  facet normal 0 0 -1
    outer loop
      vertex 5 -4 0
      vertex 14.7111 0.169683 0
      vertex 14.7 0 0
    endloop
  endfacet
  facet normal -0 0 -1
    outer loop
      vertex 14.7111 -0.169683 0
      vertex 5 -4 0
      vertex 14.7 0 0
    endloop
  endfacet
  facet normal -0 0 -1
    outer loop
      vertex 14.9686 0.791389 0
      vertex 5 -4 0
      vertex 14 17 0
    endloop
  endfacet
  facet normal 0 0 -1
    outer loop
      vertex 15.5529 16.7955 0
      vertex 14 17 0
      vertex 14.7832 16.9487 0
    endloop
  endfacet
  facet normal 0 0 -1
    outer loop
      vertex 14 -17 0
      vertex 0 -12 0
      vertex 5 -4 0
    endloop
  endfacet
  facet normal -0 0 -1
    outer loop
      vertex 0 -12 0
      vertex -14 -17 0
      vertex -5 -4 0
    endloop
  endfacet
  facet normal 0 0 -1
    outer loop
      vertex -14 -17 0
      vertex 0 -12 0
      vertex 14 -17 0
    endloop
  endfacet
  facet normal -0.831442 -0.555611 0
    outer loop
      vertex -18.7601 -14.6526 0
      vertex -19.1962 -14 3
      vertex -19.1962 -14 0
    endloop
  endfacet
  facet normal -0.831442 -0.555611 0
    outer loop
      vertex -19.1962 -14 3
      vertex -18.7601 -14.6526 0
      vertex -18.7601 -14.6526 3
    endloop
  endfacet
  facet normal 0.195209 0.980762 -0
    outer loop
      vertex 15.5529 16.7955 0
      vertex 14.7832 16.9487 3
      vertex 15.5529 16.7955 3
    endloop
  endfacet
  facet normal 0.195209 0.980762 0
    outer loop
      vertex 14.7832 16.9487 3
      vertex 15.5529 16.7955 0
      vertex 14.7832 16.9487 0
    endloop
  endfacet
  facet normal 0.946962 -0.321345 0
    outer loop
      vertex 19.5433 -13.2961 3
      vertex 19.7955 -12.5529 0
      vertex 19.7955 -12.5529 3
    endloop
  endfacet
  facet normal 0.946962 -0.321345 0
    outer loop
      vertex 19.7955 -12.5529 0
      vertex 19.5433 -13.2961 3
      vertex 19.5433 -13.2961 0
    endloop
  endfacet
  facet normal 0.321345 -0.946962 0
    outer loop
      vertex 15.5529 -16.7955 0
      vertex 16.2961 -16.5433 3
      vertex 15.5529 -16.7955 3
    endloop
  endfacet
  facet normal 0.321345 -0.946962 0
    outer loop
      vertex 16.2961 -16.5433 3
      vertex 15.5529 -16.7955 0
      vertex 16.2961 -16.5433 0
    endloop
  endfacet
  facet normal 0.195209 -0.980762 0
    outer loop
      vertex 14.7832 -16.9487 0
      vertex 15.5529 -16.7955 3
      vertex 14.7832 -16.9487 3
    endloop
  endfacet
  facet normal 0.195209 -0.980762 0
    outer loop
      vertex 15.5529 -16.7955 3
      vertex 14.7832 -16.9487 0
      vertex 15.5529 -16.7955 0
    endloop
  endfacet
  facet normal 0.896885 -0.442263 0
    outer loop
      vertex 19.1962 -14 3
      vertex 19.5433 -13.2961 0
      vertex 19.5433 -13.2961 3
    endloop
  endfacet
  facet normal 0.896885 -0.442263 0
    outer loop
      vertex 19.5433 -13.2961 0
      vertex 19.1962 -14 3
      vertex 19.1962 -14 0
    endloop
  endfacet
  facet normal 0.980757 0.195233 0
    outer loop
      vertex -17.2557 -0.336464 2.6
      vertex -17.2889 -0.169683 0
      vertex -17.2889 -0.169683 2.6
    endloop
  endfacet
  facet normal 0.980757 0.195233 0
    outer loop
      vertex -17.2889 -0.169683 0
      vertex -17.2557 -0.336464 2.6
      vertex -17.2557 -0.336464 0
    endloop
  endfacet
  facet normal -0.980757 -0.195233 0
    outer loop
      vertex -14.7111 0.169683 0
      vertex -14.7443 0.336464 2.6
      vertex -14.7443 0.336464 0
    endloop
  endfacet
  facet normal -0.980757 -0.195233 0
    outer loop
      vertex -14.7443 0.336464 2.6
      vertex -14.7111 0.169683 0
      vertex -14.7111 0.169683 2.6
    endloop
  endfacet
  facet normal -0.997867 -0.0652766 0
    outer loop
      vertex -14.7 0 0
      vertex -14.7111 0.169683 2.6
      vertex -14.7111 0.169683 0
    endloop
  endfacet
  facet normal -0.997867 -0.0652766 0
    outer loop
      vertex -14.7111 0.169683 2.6
      vertex -14.7 0 0
      vertex -14.7 0 2.6
    endloop
  endfacet
  facet normal -0.946859 -0.321649 0
    outer loop
      vertex -14.7443 0.336464 0
      vertex -14.799 0.497488 2.6
      vertex -14.799 0.497488 0
    endloop
  endfacet
  facet normal -0.946859 -0.321649 0
    outer loop
      vertex -14.799 0.497488 2.6
      vertex -14.7443 0.336464 0
      vertex -14.7443 0.336464 2.6
    endloop
  endfacet
  facet normal 0.195098 0.980784 -0
    outer loop
      vertex -16.1697 -1.28888 0
      vertex -16.3365 -1.2557 2.6
      vertex -16.1697 -1.28888 2.6
    endloop
  endfacet
  facet normal 0.195098 0.980784 0
    outer loop
      vertex -16.3365 -1.2557 2.6
      vertex -16.1697 -1.28888 0
      vertex -16.3365 -1.2557 0
    endloop
  endfacet
  facet normal -0.896897 -0.442239 0
    outer loop
      vertex -14.799 0.497488 0
      vertex -14.8742 0.65 2.6
      vertex -14.8742 0.65 0
    endloop
  endfacet
  facet normal -0.896897 -0.442239 0
    outer loop
      vertex -14.8742 0.65 2.6
      vertex -14.799 0.497488 0
      vertex -14.799 0.497488 2.6
    endloop
  endfacet
  facet normal -0.831668 -0.555273 0
    outer loop
      vertex -14.8742 0.65 0
      vertex -14.9686 0.791389 2.6
      vertex -14.9686 0.791389 0
    endloop
  endfacet
  facet normal -0.831668 -0.555273 0
    outer loop
      vertex -14.9686 0.791389 2.6
      vertex -14.8742 0.65 0
      vertex -14.8742 0.65 2.6
    endloop
  endfacet
  facet normal 0.831668 -0.555273 0
    outer loop
      vertex -17.1258 0.65 2.6
      vertex -17.0314 0.791389 0
      vertex -17.0314 0.791389 2.6
    endloop
  endfacet
  facet normal 0.831668 -0.555273 0
    outer loop
      vertex -17.0314 0.791389 0
      vertex -17.1258 0.65 2.6
      vertex -17.1258 0.65 0
    endloop
  endfacet
  facet normal 0.442314 -0.89686 0
    outer loop
      vertex -16.65 1.12583 0
      vertex -16.4975 1.20104 2.6
      vertex -16.65 1.12583 2.6
    endloop
  endfacet
  facet normal 0.442314 -0.89686 0
    outer loop
      vertex -16.4975 1.20104 2.6
      vertex -16.65 1.12583 0
      vertex -16.4975 1.20104 0
    endloop
  endfacet
  facet normal -0.0653872 0.99786 0
    outer loop
      vertex -15.8303 -1.28888 0
      vertex -16 -1.3 2.6
      vertex -15.8303 -1.28888 2.6
    endloop
  endfacet
  facet normal -0.0653872 0.99786 0
    outer loop
      vertex -16 -1.3 2.6
      vertex -15.8303 -1.28888 0
      vertex -16 -1.3 0
    endloop
  endfacet
  facet normal -0.442314 -0.89686 0
    outer loop
      vertex -15.5025 1.20104 0
      vertex -15.35 1.12583 2.6
      vertex -15.5025 1.20104 2.6
    endloop
  endfacet
  facet normal -0.442314 -0.89686 -0
    outer loop
      vertex -15.35 1.12583 2.6
      vertex -15.5025 1.20104 0
      vertex -15.35 1.12583 0
    endloop
  endfacet
  facet normal -0.751608 -0.65961 0
    outer loop
      vertex -14.9686 0.791389 0
      vertex -15.0808 0.919238 2.6
      vertex -15.0808 0.919238 0
    endloop
  endfacet
  facet normal -0.751608 -0.65961 0
    outer loop
      vertex -15.0808 0.919238 2.6
      vertex -14.9686 0.791389 0
      vertex -14.9686 0.791389 2.6
    endloop
  endfacet
  facet normal -0.980757 0.195233 0
    outer loop
      vertex -14.7443 -0.336464 0
      vertex -14.7111 -0.169683 2.6
      vertex -14.7111 -0.169683 0
    endloop
  endfacet
  facet normal -0.980757 0.195233 0
    outer loop
      vertex -14.7111 -0.169683 2.6
      vertex -14.7443 -0.336464 0
      vertex -14.7443 -0.336464 2.6
    endloop
  endfacet
  facet normal 0.831668 0.555273 0
    outer loop
      vertex -17.0314 -0.791389 2.6
      vertex -17.1258 -0.65 0
      vertex -17.1258 -0.65 2.6
    endloop
  endfacet
  facet normal 0.831668 0.555273 0
    outer loop
      vertex -17.1258 -0.65 0
      vertex -17.0314 -0.791389 2.6
      vertex -17.0314 -0.791389 0
    endloop
  endfacet
  facet normal 0.659493 -0.75171 0
    outer loop
      vertex -16.9192 0.919238 0
      vertex -16.7914 1.03136 2.6
      vertex -16.9192 0.919238 2.6
    endloop
  endfacet
  facet normal 0.659493 -0.75171 0
    outer loop
      vertex -16.7914 1.03136 2.6
      vertex -16.9192 0.919238 0
      vertex -16.7914 1.03136 0
    endloop
  endfacet
  facet normal 0.321481 -0.946916 0
    outer loop
      vertex -16.4975 1.20104 0
      vertex -16.3365 1.2557 2.6
      vertex -16.4975 1.20104 2.6
    endloop
  endfacet
  facet normal 0.321481 -0.946916 0
    outer loop
      vertex -16.3365 1.2557 2.6
      vertex -16.4975 1.20104 0
      vertex -16.3365 1.2557 0
    endloop
  endfacet
  facet normal -0.831668 0.555273 0
    outer loop
      vertex -14.9686 -0.791389 0
      vertex -14.8742 -0.65 2.6
      vertex -14.8742 -0.65 0
    endloop
  endfacet
  facet normal -0.831668 0.555273 0
    outer loop
      vertex -14.8742 -0.65 2.6
      vertex -14.9686 -0.791389 0
      vertex -14.9686 -0.791389 2.6
    endloop
  endfacet
  facet normal 0.555528 -0.831498 0
    outer loop
      vertex -16.7914 1.03136 0
      vertex -16.65 1.12583 2.6
      vertex -16.7914 1.03136 2.6
    endloop
  endfacet
  facet normal 0.555528 -0.831498 0
    outer loop
      vertex -16.65 1.12583 2.6
      vertex -16.7914 1.03136 0
      vertex -16.65 1.12583 0
    endloop
  endfacet
  facet normal -0.946859 0.321649 0
    outer loop
      vertex -14.799 -0.497488 0
      vertex -14.7443 -0.336464 2.6
      vertex -14.7443 -0.336464 0
    endloop
  endfacet
  facet normal -0.946859 0.321649 0
    outer loop
      vertex -14.7443 -0.336464 2.6
      vertex -14.799 -0.497488 0
      vertex -14.799 -0.497488 2.6
    endloop
  endfacet
  facet normal 0.0653872 -0.99786 0
    outer loop
      vertex -16.1697 1.28888 0
      vertex -16 1.3 2.6
      vertex -16.1697 1.28888 2.6
    endloop
  endfacet
  facet normal 0.0653872 -0.99786 0
    outer loop
      vertex -16 1.3 2.6
      vertex -16.1697 1.28888 0
      vertex -16 1.3 0
    endloop
  endfacet
  facet normal -0.555528 -0.831498 0
    outer loop
      vertex -15.35 1.12583 0
      vertex -15.2086 1.03136 2.6
      vertex -15.35 1.12583 2.6
    endloop
  endfacet
  facet normal -0.555528 -0.831498 -0
    outer loop
      vertex -15.2086 1.03136 2.6
      vertex -15.35 1.12583 0
      vertex -15.2086 1.03136 0
    endloop
  endfacet
  facet normal -0.321481 0.946916 0
    outer loop
      vertex -15.5025 -1.20104 0
      vertex -15.6635 -1.2557 2.6
      vertex -15.5025 -1.20104 2.6
    endloop
  endfacet
  facet normal -0.321481 0.946916 0
    outer loop
      vertex -15.6635 -1.2557 2.6
      vertex -15.5025 -1.20104 0
      vertex -15.6635 -1.2557 0
    endloop
  endfacet
  facet normal -0.896897 0.442239 0
    outer loop
      vertex -14.8742 -0.65 0
      vertex -14.799 -0.497488 2.6
      vertex -14.799 -0.497488 0
    endloop
  endfacet
  facet normal -0.896897 0.442239 0
    outer loop
      vertex -14.799 -0.497488 2.6
      vertex -14.8742 -0.65 0
      vertex -14.8742 -0.65 2.6
    endloop
  endfacet
  facet normal 0.0653872 0.99786 -0
    outer loop
      vertex -16 -1.3 0
      vertex -16.1697 -1.28888 2.6
      vertex -16 -1.3 2.6
    endloop
  endfacet
  facet normal 0.0653872 0.99786 0
    outer loop
      vertex -16.1697 -1.28888 2.6
      vertex -16 -1.3 0
      vertex -16.1697 -1.28888 0
    endloop
  endfacet
  facet normal -0.659493 -0.75171 0
    outer loop
      vertex -15.2086 1.03136 0
      vertex -15.0808 0.919238 2.6
      vertex -15.2086 1.03136 2.6
    endloop
  endfacet
  facet normal -0.659493 -0.75171 -0
    outer loop
      vertex -15.0808 0.919238 2.6
      vertex -15.2086 1.03136 0
      vertex -15.0808 0.919238 0
    endloop
  endfacet
  facet normal 0.980757 -0.195233 0
    outer loop
      vertex -17.2889 0.169683 2.6
      vertex -17.2557 0.336464 0
      vertex -17.2557 0.336464 2.6
    endloop
  endfacet
  facet normal 0.980757 -0.195233 0
    outer loop
      vertex -17.2557 0.336464 0
      vertex -17.2889 0.169683 2.6
      vertex -17.2889 0.169683 0
    endloop
  endfacet
  facet normal -0.659493 0.75171 0
    outer loop
      vertex -15.0808 -0.919238 0
      vertex -15.2086 -1.03136 2.6
      vertex -15.0808 -0.919238 2.6
    endloop
  endfacet
  facet normal -0.659493 0.75171 0
    outer loop
      vertex -15.2086 -1.03136 2.6
      vertex -15.0808 -0.919238 0
      vertex -15.2086 -1.03136 0
    endloop
  endfacet
  facet normal 0.946859 0.321649 0
    outer loop
      vertex -17.201 -0.497488 2.6
      vertex -17.2557 -0.336464 0
      vertex -17.2557 -0.336464 2.6
    endloop
  endfacet
  facet normal 0.946859 0.321649 0
    outer loop
      vertex -17.2557 -0.336464 0
      vertex -17.201 -0.497488 2.6
      vertex -17.201 -0.497488 0
    endloop
  endfacet
  facet normal 0.751608 -0.65961 0
    outer loop
      vertex -17.0314 0.791389 2.6
      vertex -16.9192 0.919238 0
      vertex -16.9192 0.919238 2.6
    endloop
  endfacet
  facet normal 0.751608 -0.65961 0
    outer loop
      vertex -16.9192 0.919238 0
      vertex -17.0314 0.791389 2.6
      vertex -17.0314 0.791389 0
    endloop
  endfacet
  facet normal -0.442314 0.89686 0
    outer loop
      vertex -15.35 -1.12583 0
      vertex -15.5025 -1.20104 2.6
      vertex -15.35 -1.12583 2.6
    endloop
  endfacet
  facet normal -0.442314 0.89686 0
    outer loop
      vertex -15.5025 -1.20104 2.6
      vertex -15.35 -1.12583 0
      vertex -15.5025 -1.20104 0
    endloop
  endfacet
  facet normal 0.751608 0.65961 0
    outer loop
      vertex -16.9192 -0.919238 2.6
      vertex -17.0314 -0.791389 0
      vertex -17.0314 -0.791389 2.6
    endloop
  endfacet
  facet normal 0.751608 0.65961 0
    outer loop
      vertex -17.0314 -0.791389 0
      vertex -16.9192 -0.919238 2.6
      vertex -16.9192 -0.919238 0
    endloop
  endfacet
  facet normal 0.195098 -0.980784 0
    outer loop
      vertex -16.3365 1.2557 0
      vertex -16.1697 1.28888 2.6
      vertex -16.3365 1.2557 2.6
    endloop
  endfacet
  facet normal 0.195098 -0.980784 0
    outer loop
      vertex -16.1697 1.28888 2.6
      vertex -16.3365 1.2557 0
      vertex -16.1697 1.28888 0
    endloop
  endfacet
  facet normal 0.946859 -0.321649 0
    outer loop
      vertex -17.2557 0.336464 2.6
      vertex -17.201 0.497488 0
      vertex -17.201 0.497488 2.6
    endloop
  endfacet
  facet normal 0.946859 -0.321649 0
    outer loop
      vertex -17.201 0.497488 0
      vertex -17.2557 0.336464 2.6
      vertex -17.2557 0.336464 0
    endloop
  endfacet
  facet normal 0.997867 0.0652766 0
    outer loop
      vertex -17.2889 -0.169683 2.6
      vertex -17.3 0 0
      vertex -17.3 0 2.6
    endloop
  endfacet
  facet normal 0.997867 0.0652766 0
    outer loop
      vertex -17.3 0 0
      vertex -17.2889 -0.169683 2.6
      vertex -17.2889 -0.169683 0
    endloop
  endfacet
  facet normal -0.0653872 -0.99786 0
    outer loop
      vertex -16 1.3 0
      vertex -15.8303 1.28888 2.6
      vertex -16 1.3 2.6
    endloop
  endfacet
  facet normal -0.0653872 -0.99786 -0
    outer loop
      vertex -15.8303 1.28888 2.6
      vertex -16 1.3 0
      vertex -15.8303 1.28888 0
    endloop
  endfacet
  facet normal -0.997867 0.0652766 0
    outer loop
      vertex -14.7111 -0.169683 0
      vertex -14.7 0 2.6
      vertex -14.7 0 0
    endloop
  endfacet
  facet normal -0.997867 0.0652766 0
    outer loop
      vertex -14.7 0 2.6
      vertex -14.7111 -0.169683 0
      vertex -14.7111 -0.169683 2.6
    endloop
  endfacet
  facet normal -0.195098 0.980784 0
    outer loop
      vertex -15.6635 -1.2557 0
      vertex -15.8303 -1.28888 2.6
      vertex -15.6635 -1.2557 2.6
    endloop
  endfacet
  facet normal -0.195098 0.980784 0
    outer loop
      vertex -15.8303 -1.28888 2.6
      vertex -15.6635 -1.2557 0
      vertex -15.8303 -1.28888 0
    endloop
  endfacet
  facet normal 0.896897 -0.442239 0
    outer loop
      vertex -17.201 0.497488 2.6
      vertex -17.1258 0.65 0
      vertex -17.1258 0.65 2.6
    endloop
  endfacet
  facet normal 0.896897 -0.442239 0
    outer loop
      vertex -17.1258 0.65 0
      vertex -17.201 0.497488 2.6
      vertex -17.201 0.497488 0
    endloop
  endfacet
  facet normal 0.321481 0.946916 -0
    outer loop
      vertex -16.3365 -1.2557 0
      vertex -16.4975 -1.20104 2.6
      vertex -16.3365 -1.2557 2.6
    endloop
  endfacet
  facet normal 0.321481 0.946916 0
    outer loop
      vertex -16.4975 -1.20104 2.6
      vertex -16.3365 -1.2557 0
      vertex -16.4975 -1.20104 0
    endloop
  endfacet
  facet normal 0.997867 -0.0652766 0
    outer loop
      vertex -17.3 0 2.6
      vertex -17.2889 0.169683 0
      vertex -17.2889 0.169683 2.6
    endloop
  endfacet
  facet normal 0.997867 -0.0652766 0
    outer loop
      vertex -17.2889 0.169683 0
      vertex -17.3 0 2.6
      vertex -17.3 0 0
    endloop
  endfacet
  facet normal 0.659493 0.75171 -0
    outer loop
      vertex -16.7914 -1.03136 0
      vertex -16.9192 -0.919238 2.6
      vertex -16.7914 -1.03136 2.6
    endloop
  endfacet
  facet normal 0.659493 0.75171 0
    outer loop
      vertex -16.9192 -0.919238 2.6
      vertex -16.7914 -1.03136 0
      vertex -16.9192 -0.919238 0
    endloop
  endfacet
  facet normal -0.195098 -0.980784 0
    outer loop
      vertex -15.8303 1.28888 0
      vertex -15.6635 1.2557 2.6
      vertex -15.8303 1.28888 2.6
    endloop
  endfacet
  facet normal -0.195098 -0.980784 -0
    outer loop
      vertex -15.6635 1.2557 2.6
      vertex -15.8303 1.28888 0
      vertex -15.6635 1.2557 0
    endloop
  endfacet
  facet normal -0.751608 0.65961 0
    outer loop
      vertex -15.0808 -0.919238 0
      vertex -14.9686 -0.791389 2.6
      vertex -14.9686 -0.791389 0
    endloop
  endfacet
  facet normal -0.751608 0.65961 0
    outer loop
      vertex -14.9686 -0.791389 2.6
      vertex -15.0808 -0.919238 0
      vertex -15.0808 -0.919238 2.6
    endloop
  endfacet
  facet normal 0.896897 0.442239 0
    outer loop
      vertex -17.1258 -0.65 2.6
      vertex -17.201 -0.497488 0
      vertex -17.201 -0.497488 2.6
    endloop
  endfacet
  facet normal 0.896897 0.442239 0
    outer loop
      vertex -17.201 -0.497488 0
      vertex -17.1258 -0.65 2.6
      vertex -17.1258 -0.65 0
    endloop
  endfacet
  facet normal -0.555528 0.831498 0
    outer loop
      vertex -15.2086 -1.03136 0
      vertex -15.35 -1.12583 2.6
      vertex -15.2086 -1.03136 2.6
    endloop
  endfacet
  facet normal -0.555528 0.831498 0
    outer loop
      vertex -15.35 -1.12583 2.6
      vertex -15.2086 -1.03136 0
      vertex -15.35 -1.12583 0
    endloop
  endfacet
  facet normal -0.321481 -0.946916 0
    outer loop
      vertex -15.6635 1.2557 0
      vertex -15.5025 1.20104 2.6
      vertex -15.6635 1.2557 2.6
    endloop
  endfacet
  facet normal -0.321481 -0.946916 -0
    outer loop
      vertex -15.5025 1.20104 2.6
      vertex -15.6635 1.2557 0
      vertex -15.5025 1.20104 0
    endloop
  endfacet
  facet normal 0.555528 0.831498 -0
    outer loop
      vertex -16.65 -1.12583 0
      vertex -16.7914 -1.03136 2.6
      vertex -16.65 -1.12583 2.6
    endloop
  endfacet
  facet normal 0.555528 0.831498 0
    outer loop
      vertex -16.7914 -1.03136 2.6
      vertex -16.65 -1.12583 0
      vertex -16.7914 -1.03136 0
    endloop
  endfacet
  facet normal 0.442314 0.89686 -0
    outer loop
      vertex -16.4975 -1.20104 0
      vertex -16.65 -1.12583 2.6
      vertex -16.4975 -1.20104 2.6
    endloop
  endfacet
  facet normal 0.442314 0.89686 0
    outer loop
      vertex -16.65 -1.12583 2.6
      vertex -16.4975 -1.20104 0
      vertex -16.65 -1.12583 0
    endloop
  endfacet
  facet normal 0 0 -1
    outer loop
      vertex -14.7111 -0.169683 2.6
      vertex -14.7111 0.169683 2.6
      vertex -14.7 0 2.6
    endloop
  endfacet
  facet normal 0 0 -1
    outer loop
      vertex -14.7443 -0.336464 2.6
      vertex -14.7111 0.169683 2.6
      vertex -14.7111 -0.169683 2.6
    endloop
  endfacet
  facet normal 0 0 -1
    outer loop
      vertex -14.7443 -0.336464 2.6
      vertex -14.7443 0.336464 2.6
      vertex -14.7111 0.169683 2.6
    endloop
  endfacet
  facet normal 0 0 -1
    outer loop
      vertex -14.799 -0.497488 2.6
      vertex -14.7443 0.336464 2.6
      vertex -14.7443 -0.336464 2.6
    endloop
  endfacet
  facet normal 0 0 -1
    outer loop
      vertex -14.799 -0.497488 2.6
      vertex -14.799 0.497488 2.6
      vertex -14.7443 0.336464 2.6
    endloop
  endfacet
  facet normal 0 0 -1
    outer loop
      vertex -14.8742 -0.65 2.6
      vertex -14.799 0.497488 2.6
      vertex -14.799 -0.497488 2.6
    endloop
  endfacet
  facet normal 0 0 -1
    outer loop
      vertex -14.8742 -0.65 2.6
      vertex -14.8742 0.65 2.6
      vertex -14.799 0.497488 2.6
    endloop
  endfacet
  facet normal 0 0 -1
    outer loop
      vertex -14.9686 -0.791389 2.6
      vertex -14.8742 0.65 2.6
      vertex -14.8742 -0.65 2.6
    endloop
  endfacet
  facet normal 0 0 -1
    outer loop
      vertex -14.9686 -0.791389 2.6
      vertex -14.9686 0.791389 2.6
      vertex -14.8742 0.65 2.6
    endloop
  endfacet
  facet normal 0 0 -1
    outer loop
      vertex -15.0808 -0.919238 2.6
      vertex -14.9686 0.791389 2.6
      vertex -14.9686 -0.791389 2.6
    endloop
  endfacet
  facet normal 0 0 -1
    outer loop
      vertex -15.0808 -0.919238 2.6
      vertex -15.0808 0.919238 2.6
      vertex -14.9686 0.791389 2.6
    endloop
  endfacet
  facet normal 0 0 -1
    outer loop
      vertex -15.2086 -1.03136 2.6
      vertex -15.0808 0.919238 2.6
      vertex -15.0808 -0.919238 2.6
    endloop
  endfacet
  facet normal 0 0 -1
    outer loop
      vertex -15.2086 -1.03136 2.6
      vertex -15.2086 1.03136 2.6
      vertex -15.0808 0.919238 2.6
    endloop
  endfacet
  facet normal 0 0 -1
    outer loop
      vertex -15.35 -1.12583 2.6
      vertex -15.2086 1.03136 2.6
      vertex -15.2086 -1.03136 2.6
    endloop
  endfacet
  facet normal 0 0 -1
    outer loop
      vertex -15.35 -1.12583 2.6
      vertex -15.35 1.12583 2.6
      vertex -15.2086 1.03136 2.6
    endloop
  endfacet
  facet normal 0 0 -1
    outer loop
      vertex -15.5025 -1.20104 2.6
      vertex -15.35 1.12583 2.6
      vertex -15.35 -1.12583 2.6
    endloop
  endfacet
  facet normal 0 0 -1
    outer loop
      vertex -15.5025 -1.20104 2.6
      vertex -15.5025 1.20104 2.6
      vertex -15.35 1.12583 2.6
    endloop
  endfacet
  facet normal 0 0 -1
    outer loop
      vertex -15.6635 -1.2557 2.6
      vertex -15.5025 1.20104 2.6
      vertex -15.5025 -1.20104 2.6
    endloop
  endfacet
  facet normal 0 0 -1
    outer loop
      vertex -15.6635 -1.2557 2.6
      vertex -15.6635 1.2557 2.6
      vertex -15.5025 1.20104 2.6
    endloop
  endfacet
  facet normal 0 0 -1
    outer loop
      vertex -15.8303 -1.28888 2.6
      vertex -15.6635 1.2557 2.6
      vertex -15.6635 -1.2557 2.6
    endloop
  endfacet
  facet normal 0 0 -1
    outer loop
      vertex -15.8303 -1.28888 2.6
      vertex -15.8303 1.28888 2.6
      vertex -15.6635 1.2557 2.6
    endloop
  endfacet
  facet normal 0 0 -1
    outer loop
      vertex -16 -1.3 2.6
      vertex -15.8303 1.28888 2.6
      vertex -15.8303 -1.28888 2.6
    endloop
  endfacet
  facet normal 0 0 -1
    outer loop
      vertex -16 -1.3 2.6
      vertex -16 1.3 2.6
      vertex -15.8303 1.28888 2.6
    endloop
  endfacet
  facet normal 0 0 -1
    outer loop
      vertex -16.1697 -1.28888 2.6
      vertex -16 1.3 2.6
      vertex -16 -1.3 2.6
    endloop
  endfacet
  facet normal 0 0 -1
    outer loop
      vertex -16.1697 -1.28888 2.6
      vertex -16.1697 1.28888 2.6
      vertex -16 1.3 2.6
    endloop
  endfacet
  facet normal 0 0 -1
    outer loop
      vertex -16.3365 -1.2557 2.6
      vertex -16.1697 1.28888 2.6
      vertex -16.1697 -1.28888 2.6
    endloop
  endfacet
  facet normal 0 0 -1
    outer loop
      vertex -16.3365 -1.2557 2.6
      vertex -16.3365 1.2557 2.6
      vertex -16.1697 1.28888 2.6
    endloop
  endfacet
  facet normal 0 0 -1
    outer loop
      vertex -16.4975 -1.20104 2.6
      vertex -16.3365 1.2557 2.6
      vertex -16.3365 -1.2557 2.6
    endloop
  endfacet
  facet normal 0 0 -1
    outer loop
      vertex -16.4975 -1.20104 2.6
      vertex -16.4975 1.20104 2.6
      vertex -16.3365 1.2557 2.6
    endloop
  endfacet
  facet normal 0 0 -1
    outer loop
      vertex -16.65 -1.12583 2.6
      vertex -16.4975 1.20104 2.6
      vertex -16.4975 -1.20104 2.6
    endloop
  endfacet
  facet normal 0 0 -1
    outer loop
      vertex -16.65 -1.12583 2.6
      vertex -16.65 1.12583 2.6
      vertex -16.4975 1.20104 2.6
    endloop
  endfacet
  facet normal 0 0 -1
    outer loop
      vertex -16.7914 -1.03136 2.6
      vertex -16.65 1.12583 2.6
      vertex -16.65 -1.12583 2.6
    endloop
  endfacet
  facet normal 0 0 -1
    outer loop
      vertex -16.7914 -1.03136 2.6
      vertex -16.7914 1.03136 2.6
      vertex -16.65 1.12583 2.6
    endloop
  endfacet
  facet normal 0 0 -1
    outer loop
      vertex -16.9192 -0.919238 2.6
      vertex -16.7914 1.03136 2.6
      vertex -16.7914 -1.03136 2.6
    endloop
  endfacet
  facet normal 0 0 -1
    outer loop
      vertex -16.9192 -0.919238 2.6
      vertex -16.9192 0.919238 2.6
      vertex -16.7914 1.03136 2.6
    endloop
  endfacet
  facet normal 0 0 -1
    outer loop
      vertex -17.0314 -0.791389 2.6
      vertex -16.9192 0.919238 2.6
      vertex -16.9192 -0.919238 2.6
    endloop
  endfacet
  facet normal 0 0 -1
    outer loop
      vertex -17.0314 -0.791389 2.6
      vertex -17.0314 0.791389 2.6
      vertex -16.9192 0.919238 2.6
    endloop
  endfacet
  facet normal 0 0 -1
    outer loop
      vertex -17.1258 -0.65 2.6
      vertex -17.0314 0.791389 2.6
      vertex -17.0314 -0.791389 2.6
    endloop
  endfacet
  facet normal 0 0 -1
    outer loop
      vertex -17.1258 -0.65 2.6
      vertex -17.1258 0.65 2.6
      vertex -17.0314 0.791389 2.6
    endloop
  endfacet
  facet normal 0 0 -1
    outer loop
      vertex -17.201 -0.497488 2.6
      vertex -17.1258 0.65 2.6
      vertex -17.1258 -0.65 2.6
    endloop
  endfacet
  facet normal 0 0 -1
    outer loop
      vertex -17.201 -0.497488 2.6
      vertex -17.201 0.497488 2.6
      vertex -17.1258 0.65 2.6
    endloop
  endfacet
  facet normal 0 0 -1
    outer loop
      vertex -17.2557 -0.336464 2.6
      vertex -17.201 0.497488 2.6
      vertex -17.201 -0.497488 2.6
    endloop
  endfacet
  facet normal 0 0 -1
    outer loop
      vertex -17.2557 -0.336464 2.6
      vertex -17.2557 0.336464 2.6
      vertex -17.201 0.497488 2.6
    endloop
  endfacet
  facet normal 0 0 -1
    outer loop
      vertex -17.2889 -0.169683 2.6
      vertex -17.2557 0.336464 2.6
      vertex -17.2557 -0.336464 2.6
    endloop
  endfacet
  facet normal 0 0 -1
    outer loop
      vertex -17.2889 -0.169683 2.6
      vertex -17.2889 0.169683 2.6
      vertex -17.2557 0.336464 2.6
    endloop
  endfacet
  facet normal 0 -0 -1
    outer loop
      vertex -17.2889 0.169683 2.6
      vertex -17.2889 -0.169683 2.6
      vertex -17.3 0 2.6
    endloop
  endfacet
  facet normal -0.980757 -0.195233 0
    outer loop
      vertex 17.2889 0.169683 0
      vertex 17.2557 0.336464 2.6
      vertex 17.2557 0.336464 0
    endloop
  endfacet
  facet normal -0.980757 -0.195233 0
    outer loop
      vertex 17.2557 0.336464 2.6
      vertex 17.2889 0.169683 0
      vertex 17.2889 0.169683 2.6
    endloop
  endfacet
  facet normal -0.997867 -0.0652766 0
    outer loop
      vertex 17.3 0 0
      vertex 17.2889 0.169683 2.6
      vertex 17.2889 0.169683 0
    endloop
  endfacet
  facet normal -0.997867 -0.0652766 0
    outer loop
      vertex 17.2889 0.169683 2.6
      vertex 17.3 0 0
      vertex 17.3 0 2.6
    endloop
  endfacet
  facet normal -0.946859 -0.321649 0
    outer loop
      vertex 17.2557 0.336464 0
      vertex 17.201 0.497488 2.6
      vertex 17.201 0.497488 0
    endloop
  endfacet
  facet normal -0.946859 -0.321649 0
    outer loop
      vertex 17.201 0.497488 2.6
      vertex 17.2557 0.336464 0
      vertex 17.2557 0.336464 2.6
    endloop
  endfacet
  facet normal 0.195098 0.980784 -0
    outer loop
      vertex 15.8303 -1.28888 0
      vertex 15.6635 -1.2557 2.6
      vertex 15.8303 -1.28888 2.6
    endloop
  endfacet
  facet normal 0.195098 0.980784 0
    outer loop
      vertex 15.6635 -1.2557 2.6
      vertex 15.8303 -1.28888 0
      vertex 15.6635 -1.2557 0
    endloop
  endfacet
  facet normal -0.442314 -0.89686 0
    outer loop
      vertex 16.4975 1.20104 0
      vertex 16.65 1.12583 2.6
      vertex 16.4975 1.20104 2.6
    endloop
  endfacet
  facet normal -0.442314 -0.89686 -0
    outer loop
      vertex 16.65 1.12583 2.6
      vertex 16.4975 1.20104 0
      vertex 16.65 1.12583 0
    endloop
  endfacet
  facet normal 0.442314 0.89686 -0
    outer loop
      vertex 15.5025 -1.20104 0
      vertex 15.35 -1.12583 2.6
      vertex 15.5025 -1.20104 2.6
    endloop
  endfacet
  facet normal 0.442314 0.89686 0
    outer loop
      vertex 15.35 -1.12583 2.6
      vertex 15.5025 -1.20104 0
      vertex 15.35 -1.12583 0
    endloop
  endfacet
  facet normal -0.896897 -0.442239 0
    outer loop
      vertex 17.201 0.497488 0
      vertex 17.1258 0.65 2.6
      vertex 17.1258 0.65 0
    endloop
  endfacet
  facet normal -0.896897 -0.442239 0
    outer loop
      vertex 17.1258 0.65 2.6
      vertex 17.201 0.497488 0
      vertex 17.201 0.497488 2.6
    endloop
  endfacet
  facet normal -0.831668 -0.555273 0
    outer loop
      vertex 17.1258 0.65 0
      vertex 17.0314 0.791389 2.6
      vertex 17.0314 0.791389 0
    endloop
  endfacet
  facet normal -0.831668 -0.555273 0
    outer loop
      vertex 17.0314 0.791389 2.6
      vertex 17.1258 0.65 0
      vertex 17.1258 0.65 2.6
    endloop
  endfacet
  facet normal -0.659493 -0.75171 0
    outer loop
      vertex 16.7914 1.03136 0
      vertex 16.9192 0.919238 2.6
      vertex 16.7914 1.03136 2.6
    endloop
  endfacet
  facet normal -0.659493 -0.75171 -0
    outer loop
      vertex 16.9192 0.919238 2.6
      vertex 16.7914 1.03136 0
      vertex 16.9192 0.919238 0
    endloop
  endfacet
  facet normal -0.896897 0.442239 0
    outer loop
      vertex 17.1258 -0.65 0
      vertex 17.201 -0.497488 2.6
      vertex 17.201 -0.497488 0
    endloop
  endfacet
  facet normal -0.896897 0.442239 0
    outer loop
      vertex 17.201 -0.497488 2.6
      vertex 17.1258 -0.65 0
      vertex 17.1258 -0.65 2.6
    endloop
  endfacet
  facet normal 0.442314 -0.89686 0
    outer loop
      vertex 15.35 1.12583 0
      vertex 15.5025 1.20104 2.6
      vertex 15.35 1.12583 2.6
    endloop
  endfacet
  facet normal 0.442314 -0.89686 0
    outer loop
      vertex 15.5025 1.20104 2.6
      vertex 15.35 1.12583 0
      vertex 15.5025 1.20104 0
    endloop
  endfacet
  facet normal 0.659493 -0.75171 0
    outer loop
      vertex 15.0808 0.919238 0
      vertex 15.2086 1.03136 2.6
      vertex 15.0808 0.919238 2.6
    endloop
  endfacet
  facet normal 0.659493 -0.75171 0
    outer loop
      vertex 15.2086 1.03136 2.6
      vertex 15.0808 0.919238 0
      vertex 15.2086 1.03136 0
    endloop
  endfacet
  facet normal -0.751608 -0.65961 0
    outer loop
      vertex 17.0314 0.791389 0
      vertex 16.9192 0.919238 2.6
      vertex 16.9192 0.919238 0
    endloop
  endfacet
  facet normal -0.751608 -0.65961 0
    outer loop
      vertex 16.9192 0.919238 2.6
      vertex 17.0314 0.791389 0
      vertex 17.0314 0.791389 2.6
    endloop
  endfacet
  facet normal 0.321481 0.946916 -0
    outer loop
      vertex 15.6635 -1.2557 0
      vertex 15.5025 -1.20104 2.6
      vertex 15.6635 -1.2557 2.6
    endloop
  endfacet
  facet normal 0.321481 0.946916 0
    outer loop
      vertex 15.5025 -1.20104 2.6
      vertex 15.6635 -1.2557 0
      vertex 15.5025 -1.20104 0
    endloop
  endfacet
  facet normal -0.946859 0.321649 0
    outer loop
      vertex 17.201 -0.497488 0
      vertex 17.2557 -0.336464 2.6
      vertex 17.2557 -0.336464 0
    endloop
  endfacet
  facet normal -0.946859 0.321649 0
    outer loop
      vertex 17.2557 -0.336464 2.6
      vertex 17.201 -0.497488 0
      vertex 17.201 -0.497488 2.6
    endloop
  endfacet
  facet normal -0.555528 -0.831498 0
    outer loop
      vertex 16.65 1.12583 0
      vertex 16.7914 1.03136 2.6
      vertex 16.65 1.12583 2.6
    endloop
  endfacet
  facet normal -0.555528 -0.831498 -0
    outer loop
      vertex 16.7914 1.03136 2.6
      vertex 16.65 1.12583 0
      vertex 16.7914 1.03136 0
    endloop
  endfacet
  facet normal -0.980757 0.195233 0
    outer loop
      vertex 17.2557 -0.336464 0
      vertex 17.2889 -0.169683 2.6
      vertex 17.2889 -0.169683 0
    endloop
  endfacet
  facet normal -0.980757 0.195233 0
    outer loop
      vertex 17.2889 -0.169683 2.6
      vertex 17.2557 -0.336464 0
      vertex 17.2557 -0.336464 2.6
    endloop
  endfacet
  facet normal -0.321481 0.946916 0
    outer loop
      vertex 16.4975 -1.20104 0
      vertex 16.3365 -1.2557 2.6
      vertex 16.4975 -1.20104 2.6
    endloop
  endfacet
  facet normal -0.321481 0.946916 0
    outer loop
      vertex 16.3365 -1.2557 2.6
      vertex 16.4975 -1.20104 0
      vertex 16.3365 -1.2557 0
    endloop
  endfacet
  facet normal -0.195098 0.980784 0
    outer loop
      vertex 16.3365 -1.2557 0
      vertex 16.1697 -1.28888 2.6
      vertex 16.3365 -1.2557 2.6
    endloop
  endfacet
  facet normal -0.195098 0.980784 0
    outer loop
      vertex 16.1697 -1.28888 2.6
      vertex 16.3365 -1.2557 0
      vertex 16.1697 -1.28888 0
    endloop
  endfacet
  facet normal 0.896897 -0.442239 0
    outer loop
      vertex 14.799 0.497488 2.6
      vertex 14.8742 0.65 0
      vertex 14.8742 0.65 2.6
    endloop
  endfacet
  facet normal 0.896897 -0.442239 0
    outer loop
      vertex 14.8742 0.65 0
      vertex 14.799 0.497488 2.6
      vertex 14.799 0.497488 0
    endloop
  endfacet
  facet normal 0.659493 0.75171 -0
    outer loop
      vertex 15.2086 -1.03136 0
      vertex 15.0808 -0.919238 2.6
      vertex 15.2086 -1.03136 2.6
    endloop
  endfacet
  facet normal 0.659493 0.75171 0
    outer loop
      vertex 15.0808 -0.919238 2.6
      vertex 15.2086 -1.03136 0
      vertex 15.0808 -0.919238 0
    endloop
  endfacet
  facet normal 0.831668 0.555273 0
    outer loop
      vertex 14.9686 -0.791389 2.6
      vertex 14.8742 -0.65 0
      vertex 14.8742 -0.65 2.6
    endloop
  endfacet
  facet normal 0.831668 0.555273 0
    outer loop
      vertex 14.8742 -0.65 0
      vertex 14.9686 -0.791389 2.6
      vertex 14.9686 -0.791389 0
    endloop
  endfacet
  facet normal 0.195098 -0.980784 0
    outer loop
      vertex 15.6635 1.2557 0
      vertex 15.8303 1.28888 2.6
      vertex 15.6635 1.2557 2.6
    endloop
  endfacet
  facet normal 0.195098 -0.980784 0
    outer loop
      vertex 15.8303 1.28888 2.6
      vertex 15.6635 1.2557 0
      vertex 15.8303 1.28888 0
    endloop
  endfacet
  facet normal -0.751608 0.65961 0
    outer loop
      vertex 16.9192 -0.919238 0
      vertex 17.0314 -0.791389 2.6
      vertex 17.0314 -0.791389 0
    endloop
  endfacet
  facet normal -0.751608 0.65961 0
    outer loop
      vertex 17.0314 -0.791389 2.6
      vertex 16.9192 -0.919238 0
      vertex 16.9192 -0.919238 2.6
    endloop
  endfacet
  facet normal 0.980757 -0.195233 0
    outer loop
      vertex 14.7111 0.169683 2.6
      vertex 14.7443 0.336464 0
      vertex 14.7443 0.336464 2.6
    endloop
  endfacet
  facet normal 0.980757 -0.195233 0
    outer loop
      vertex 14.7443 0.336464 0
      vertex 14.7111 0.169683 2.6
      vertex 14.7111 0.169683 0
    endloop
  endfacet
  facet normal 0.0653872 -0.99786 0
    outer loop
      vertex 15.8303 1.28888 0
      vertex 16 1.3 2.6
      vertex 15.8303 1.28888 2.6
    endloop
  endfacet
  facet normal 0.0653872 -0.99786 0
    outer loop
      vertex 16 1.3 2.6
      vertex 15.8303 1.28888 0
      vertex 16 1.3 0
    endloop
  endfacet
  facet normal 0.946859 0.321649 0
    outer loop
      vertex 14.799 -0.497488 2.6
      vertex 14.7443 -0.336464 0
      vertex 14.7443 -0.336464 2.6
    endloop
  endfacet
  facet normal 0.946859 0.321649 0
    outer loop
      vertex 14.7443 -0.336464 0
      vertex 14.799 -0.497488 2.6
      vertex 14.799 -0.497488 0
    endloop
  endfacet
  facet normal -0.831668 0.555273 0
    outer loop
      vertex 17.0314 -0.791389 0
      vertex 17.1258 -0.65 2.6
      vertex 17.1258 -0.65 0
    endloop
  endfacet
  facet normal -0.831668 0.555273 0
    outer loop
      vertex 17.1258 -0.65 2.6
      vertex 17.0314 -0.791389 0
      vertex 17.0314 -0.791389 2.6
    endloop
  endfacet
  facet normal 0.751608 0.65961 0
    outer loop
      vertex 15.0808 -0.919238 2.6
      vertex 14.9686 -0.791389 0
      vertex 14.9686 -0.791389 2.6
    endloop
  endfacet
  facet normal 0.751608 0.65961 0
    outer loop
      vertex 14.9686 -0.791389 0
      vertex 15.0808 -0.919238 2.6
      vertex 15.0808 -0.919238 0
    endloop
  endfacet
  facet normal 0.321481 -0.946916 0
    outer loop
      vertex 15.5025 1.20104 0
      vertex 15.6635 1.2557 2.6
      vertex 15.5025 1.20104 2.6
    endloop
  endfacet
  facet normal 0.321481 -0.946916 0
    outer loop
      vertex 15.6635 1.2557 2.6
      vertex 15.5025 1.20104 0
      vertex 15.6635 1.2557 0
    endloop
  endfacet
  facet normal -0.0653872 0.99786 0
    outer loop
      vertex 16.1697 -1.28888 0
      vertex 16 -1.3 2.6
      vertex 16.1697 -1.28888 2.6
    endloop
  endfacet
  facet normal -0.0653872 0.99786 0
    outer loop
      vertex 16 -1.3 2.6
      vertex 16.1697 -1.28888 0
      vertex 16 -1.3 0
    endloop
  endfacet
  facet normal 0.751608 -0.65961 0
    outer loop
      vertex 14.9686 0.791389 2.6
      vertex 15.0808 0.919238 0
      vertex 15.0808 0.919238 2.6
    endloop
  endfacet
  facet normal 0.751608 -0.65961 0
    outer loop
      vertex 15.0808 0.919238 0
      vertex 14.9686 0.791389 2.6
      vertex 14.9686 0.791389 0
    endloop
  endfacet
  facet normal 0.946859 -0.321649 0
    outer loop
      vertex 14.7443 0.336464 2.6
      vertex 14.799 0.497488 0
      vertex 14.799 0.497488 2.6
    endloop
  endfacet
  facet normal 0.946859 -0.321649 0
    outer loop
      vertex 14.799 0.497488 0
      vertex 14.7443 0.336464 2.6
      vertex 14.7443 0.336464 0
    endloop
  endfacet
  facet normal -0.321481 -0.946916 0
    outer loop
      vertex 16.3365 1.2557 0
      vertex 16.4975 1.20104 2.6
      vertex 16.3365 1.2557 2.6
    endloop
  endfacet
  facet normal -0.321481 -0.946916 -0
    outer loop
      vertex 16.4975 1.20104 2.6
      vertex 16.3365 1.2557 0
      vertex 16.4975 1.20104 0
    endloop
  endfacet
  facet normal 0.997867 -0.0652766 0
    outer loop
      vertex 14.7 0 2.6
      vertex 14.7111 0.169683 0
      vertex 14.7111 0.169683 2.6
    endloop
  endfacet
  facet normal 0.997867 -0.0652766 0
    outer loop
      vertex 14.7111 0.169683 0
      vertex 14.7 0 2.6
      vertex 14.7 0 0
    endloop
  endfacet
  facet normal -0.997867 0.0652766 0
    outer loop
      vertex 17.2889 -0.169683 0
      vertex 17.3 0 2.6
      vertex 17.3 0 0
    endloop
  endfacet
  facet normal -0.997867 0.0652766 0
    outer loop
      vertex 17.3 0 2.6
      vertex 17.2889 -0.169683 0
      vertex 17.2889 -0.169683 2.6
    endloop
  endfacet
  facet normal 0.555528 -0.831498 0
    outer loop
      vertex 15.2086 1.03136 0
      vertex 15.35 1.12583 2.6
      vertex 15.2086 1.03136 2.6
    endloop
  endfacet
  facet normal 0.555528 -0.831498 0
    outer loop
      vertex 15.35 1.12583 2.6
      vertex 15.2086 1.03136 0
      vertex 15.35 1.12583 0
    endloop
  endfacet
  facet normal 0.0653872 0.99786 -0
    outer loop
      vertex 16 -1.3 0
      vertex 15.8303 -1.28888 2.6
      vertex 16 -1.3 2.6
    endloop
  endfacet
  facet normal 0.0653872 0.99786 0
    outer loop
      vertex 15.8303 -1.28888 2.6
      vertex 16 -1.3 0
      vertex 15.8303 -1.28888 0
    endloop
  endfacet
  facet normal -0.0653872 -0.99786 0
    outer loop
      vertex 16 1.3 0
      vertex 16.1697 1.28888 2.6
      vertex 16 1.3 2.6
    endloop
  endfacet
  facet normal -0.0653872 -0.99786 -0
    outer loop
      vertex 16.1697 1.28888 2.6
      vertex 16 1.3 0
      vertex 16.1697 1.28888 0
    endloop
  endfacet
  facet normal -0.195098 -0.980784 0
    outer loop
      vertex 16.1697 1.28888 0
      vertex 16.3365 1.2557 2.6
      vertex 16.1697 1.28888 2.6
    endloop
  endfacet
  facet normal -0.195098 -0.980784 -0
    outer loop
      vertex 16.3365 1.2557 2.6
      vertex 16.1697 1.28888 0
      vertex 16.3365 1.2557 0
    endloop
  endfacet
  facet normal 0.980757 0.195233 0
    outer loop
      vertex 14.7443 -0.336464 2.6
      vertex 14.7111 -0.169683 0
      vertex 14.7111 -0.169683 2.6
    endloop
  endfacet
  facet normal 0.980757 0.195233 0
    outer loop
      vertex 14.7111 -0.169683 0
      vertex 14.7443 -0.336464 2.6
      vertex 14.7443 -0.336464 0
    endloop
  endfacet
  facet normal 0.997867 0.0652766 0
    outer loop
      vertex 14.7111 -0.169683 2.6
      vertex 14.7 0 0
      vertex 14.7 0 2.6
    endloop
  endfacet
  facet normal 0.997867 0.0652766 0
    outer loop
      vertex 14.7 0 0
      vertex 14.7111 -0.169683 2.6
      vertex 14.7111 -0.169683 0
    endloop
  endfacet
  facet normal 0.831668 -0.555273 0
    outer loop
      vertex 14.8742 0.65 2.6
      vertex 14.9686 0.791389 0
      vertex 14.9686 0.791389 2.6
    endloop
  endfacet
  facet normal 0.831668 -0.555273 0
    outer loop
      vertex 14.9686 0.791389 0
      vertex 14.8742 0.65 2.6
      vertex 14.8742 0.65 0
    endloop
  endfacet
  facet normal -0.555528 0.831498 0
    outer loop
      vertex 16.7914 -1.03136 0
      vertex 16.65 -1.12583 2.6
      vertex 16.7914 -1.03136 2.6
    endloop
  endfacet
  facet normal -0.555528 0.831498 0
    outer loop
      vertex 16.65 -1.12583 2.6
      vertex 16.7914 -1.03136 0
      vertex 16.65 -1.12583 0
    endloop
  endfacet
  facet normal -0.442314 0.89686 0
    outer loop
      vertex 16.65 -1.12583 0
      vertex 16.4975 -1.20104 2.6
      vertex 16.65 -1.12583 2.6
    endloop
  endfacet
  facet normal -0.442314 0.89686 0
    outer loop
      vertex 16.4975 -1.20104 2.6
      vertex 16.65 -1.12583 0
      vertex 16.4975 -1.20104 0
    endloop
  endfacet
  facet normal -0.659493 0.75171 0
    outer loop
      vertex 16.9192 -0.919238 0
      vertex 16.7914 -1.03136 2.6
      vertex 16.9192 -0.919238 2.6
    endloop
  endfacet
  facet normal -0.659493 0.75171 0
    outer loop
      vertex 16.7914 -1.03136 2.6
      vertex 16.9192 -0.919238 0
      vertex 16.7914 -1.03136 0
    endloop
  endfacet
  facet normal 0.896897 0.442239 0
    outer loop
      vertex 14.8742 -0.65 2.6
      vertex 14.799 -0.497488 0
      vertex 14.799 -0.497488 2.6
    endloop
  endfacet
  facet normal 0.896897 0.442239 0
    outer loop
      vertex 14.799 -0.497488 0
      vertex 14.8742 -0.65 2.6
      vertex 14.8742 -0.65 0
    endloop
  endfacet
  facet normal 0.555528 0.831498 -0
    outer loop
      vertex 15.35 -1.12583 0
      vertex 15.2086 -1.03136 2.6
      vertex 15.35 -1.12583 2.6
    endloop
  endfacet
  facet normal 0.555528 0.831498 0
    outer loop
      vertex 15.2086 -1.03136 2.6
      vertex 15.35 -1.12583 0
      vertex 15.2086 -1.03136 0
    endloop
  endfacet
  facet normal 0 0 -1
    outer loop
      vertex 17.2889 -0.169683 2.6
      vertex 17.2889 0.169683 2.6
      vertex 17.3 0 2.6
    endloop
  endfacet
  facet normal 0 0 -1
    outer loop
      vertex 17.2557 -0.336464 2.6
      vertex 17.2889 0.169683 2.6
      vertex 17.2889 -0.169683 2.6
    endloop
  endfacet
  facet normal 0 0 -1
    outer loop
      vertex 17.2557 -0.336464 2.6
      vertex 17.2557 0.336464 2.6
      vertex 17.2889 0.169683 2.6
    endloop
  endfacet
  facet normal 0 0 -1
    outer loop
      vertex 17.201 -0.497488 2.6
      vertex 17.2557 0.336464 2.6
      vertex 17.2557 -0.336464 2.6
    endloop
  endfacet
  facet normal 0 0 -1
    outer loop
      vertex 17.201 -0.497488 2.6
      vertex 17.201 0.497488 2.6
      vertex 17.2557 0.336464 2.6
    endloop
  endfacet
  facet normal 0 0 -1
    outer loop
      vertex 17.1258 -0.65 2.6
      vertex 17.201 0.497488 2.6
      vertex 17.201 -0.497488 2.6
    endloop
  endfacet
  facet normal 0 0 -1
    outer loop
      vertex 17.1258 -0.65 2.6
      vertex 17.1258 0.65 2.6
      vertex 17.201 0.497488 2.6
    endloop
  endfacet
  facet normal 0 0 -1
    outer loop
      vertex 17.0314 -0.791389 2.6
      vertex 17.1258 0.65 2.6
      vertex 17.1258 -0.65 2.6
    endloop
  endfacet
  facet normal 0 0 -1
    outer loop
      vertex 17.0314 -0.791389 2.6
      vertex 17.0314 0.791389 2.6
      vertex 17.1258 0.65 2.6
    endloop
  endfacet
  facet normal 0 0 -1
    outer loop
      vertex 16.9192 -0.919238 2.6
      vertex 17.0314 0.791389 2.6
      vertex 17.0314 -0.791389 2.6
    endloop
  endfacet
  facet normal 0 0 -1
    outer loop
      vertex 16.9192 -0.919238 2.6
      vertex 16.9192 0.919238 2.6
      vertex 17.0314 0.791389 2.6
    endloop
  endfacet
  facet normal 0 0 -1
    outer loop
      vertex 16.7914 -1.03136 2.6
      vertex 16.9192 0.919238 2.6
      vertex 16.9192 -0.919238 2.6
    endloop
  endfacet
  facet normal 0 0 -1
    outer loop
      vertex 16.7914 -1.03136 2.6
      vertex 16.7914 1.03136 2.6
      vertex 16.9192 0.919238 2.6
    endloop
  endfacet
  facet normal 0 0 -1
    outer loop
      vertex 16.65 -1.12583 2.6
      vertex 16.7914 1.03136 2.6
      vertex 16.7914 -1.03136 2.6
    endloop
  endfacet
  facet normal 0 0 -1
    outer loop
      vertex 16.65 -1.12583 2.6
      vertex 16.65 1.12583 2.6
      vertex 16.7914 1.03136 2.6
    endloop
  endfacet
  facet normal 0 0 -1
    outer loop
      vertex 16.4975 -1.20104 2.6
      vertex 16.65 1.12583 2.6
      vertex 16.65 -1.12583 2.6
    endloop
  endfacet
  facet normal 0 0 -1
    outer loop
      vertex 16.4975 -1.20104 2.6
      vertex 16.4975 1.20104 2.6
      vertex 16.65 1.12583 2.6
    endloop
  endfacet
  facet normal 0 0 -1
    outer loop
      vertex 16.3365 -1.2557 2.6
      vertex 16.4975 1.20104 2.6
      vertex 16.4975 -1.20104 2.6
    endloop
  endfacet
  facet normal 0 0 -1
    outer loop
      vertex 16.3365 -1.2557 2.6
      vertex 16.3365 1.2557 2.6
      vertex 16.4975 1.20104 2.6
    endloop
  endfacet
  facet normal 0 0 -1
    outer loop
      vertex 16.1697 -1.28888 2.6
      vertex 16.3365 1.2557 2.6
      vertex 16.3365 -1.2557 2.6
    endloop
  endfacet
  facet normal 0 0 -1
    outer loop
      vertex 16.1697 -1.28888 2.6
      vertex 16.1697 1.28888 2.6
      vertex 16.3365 1.2557 2.6
    endloop
  endfacet
  facet normal 0 0 -1
    outer loop
      vertex 16 -1.3 2.6
      vertex 16.1697 1.28888 2.6
      vertex 16.1697 -1.28888 2.6
    endloop
  endfacet
  facet normal 0 0 -1
    outer loop
      vertex 16 -1.3 2.6
      vertex 16 1.3 2.6
      vertex 16.1697 1.28888 2.6
    endloop
  endfacet
  facet normal 0 0 -1
    outer loop
      vertex 15.8303 -1.28888 2.6
      vertex 16 1.3 2.6
      vertex 16 -1.3 2.6
    endloop
  endfacet
  facet normal 0 0 -1
    outer loop
      vertex 15.8303 -1.28888 2.6
      vertex 15.8303 1.28888 2.6
      vertex 16 1.3 2.6
    endloop
  endfacet
  facet normal 0 0 -1
    outer loop
      vertex 15.6635 -1.2557 2.6
      vertex 15.8303 1.28888 2.6
      vertex 15.8303 -1.28888 2.6
    endloop
  endfacet
  facet normal 0 0 -1
    outer loop
      vertex 15.6635 -1.2557 2.6
      vertex 15.6635 1.2557 2.6
      vertex 15.8303 1.28888 2.6
    endloop
  endfacet
  facet normal 0 0 -1
    outer loop
      vertex 15.5025 -1.20104 2.6
      vertex 15.6635 1.2557 2.6
      vertex 15.6635 -1.2557 2.6
    endloop
  endfacet
  facet normal 0 0 -1
    outer loop
      vertex 15.5025 -1.20104 2.6
      vertex 15.5025 1.20104 2.6
      vertex 15.6635 1.2557 2.6
    endloop
  endfacet
  facet normal 0 0 -1
    outer loop
      vertex 15.35 -1.12583 2.6
      vertex 15.5025 1.20104 2.6
      vertex 15.5025 -1.20104 2.6
    endloop
  endfacet
  facet normal 0 0 -1
    outer loop
      vertex 15.35 -1.12583 2.6
      vertex 15.35 1.12583 2.6
      vertex 15.5025 1.20104 2.6
    endloop
  endfacet
  facet normal 0 0 -1
    outer loop
      vertex 15.2086 -1.03136 2.6
      vertex 15.35 1.12583 2.6
      vertex 15.35 -1.12583 2.6
    endloop
  endfacet
  facet normal 0 0 -1
    outer loop
      vertex 15.2086 -1.03136 2.6
      vertex 15.2086 1.03136 2.6
      vertex 15.35 1.12583 2.6
    endloop
  endfacet
  facet normal 0 0 -1
    outer loop
      vertex 15.0808 -0.919238 2.6
      vertex 15.2086 1.03136 2.6
      vertex 15.2086 -1.03136 2.6
    endloop
  endfacet
  facet normal 0 0 -1
    outer loop
      vertex 15.0808 -0.919238 2.6
      vertex 15.0808 0.919238 2.6
      vertex 15.2086 1.03136 2.6
    endloop
  endfacet
  facet normal 0 0 -1
    outer loop
      vertex 14.9686 -0.791389 2.6
      vertex 15.0808 0.919238 2.6
      vertex 15.0808 -0.919238 2.6
    endloop
  endfacet
  facet normal 0 0 -1
    outer loop
      vertex 14.9686 -0.791389 2.6
      vertex 14.9686 0.791389 2.6
      vertex 15.0808 0.919238 2.6
    endloop
  endfacet
  facet normal 0 0 -1
    outer loop
      vertex 14.8742 -0.65 2.6
      vertex 14.9686 0.791389 2.6
      vertex 14.9686 -0.791389 2.6
    endloop
  endfacet
  facet normal 0 0 -1
    outer loop
      vertex 14.8742 -0.65 2.6
      vertex 14.8742 0.65 2.6
      vertex 14.9686 0.791389 2.6
    endloop
  endfacet
  facet normal 0 0 -1
    outer loop
      vertex 14.799 -0.497488 2.6
      vertex 14.8742 0.65 2.6
      vertex 14.8742 -0.65 2.6
    endloop
  endfacet
  facet normal 0 0 -1
    outer loop
      vertex 14.799 -0.497488 2.6
      vertex 14.799 0.497488 2.6
      vertex 14.8742 0.65 2.6
    endloop
  endfacet
  facet normal 0 0 -1
    outer loop
      vertex 14.7443 -0.336464 2.6
      vertex 14.799 0.497488 2.6
      vertex 14.799 -0.497488 2.6
    endloop
  endfacet
  facet normal 0 0 -1
    outer loop
      vertex 14.7443 -0.336464 2.6
      vertex 14.7443 0.336464 2.6
      vertex 14.799 0.497488 2.6
    endloop
  endfacet
  facet normal 0 0 -1
    outer loop
      vertex 14.7111 -0.169683 2.6
      vertex 14.7443 0.336464 2.6
      vertex 14.7443 -0.336464 2.6
    endloop
  endfacet
  facet normal 0 0 -1
    outer loop
      vertex 14.7111 -0.169683 2.6
      vertex 14.7111 0.169683 2.6
      vertex 14.7443 0.336464 2.6
    endloop
  endfacet
  facet normal 0 -0 -1
    outer loop
      vertex 14.7111 0.169683 2.6
      vertex 14.7111 -0.169683 2.6
      vertex 14.7 0 2.6
    endloop
  endfacet
  facet normal 0 0 -1
    outer loop
      vertex 0 -12 0.599999
      vertex -5 -4 0.599999
      vertex -2 -4 0.599999
    endloop
  endfacet
  facet normal 0 0 -1
    outer loop
      vertex 0 -12 0.599999
      vertex 2 -4 0.599999
      vertex 5 -4 0.599999
    endloop
  endfacet
  facet normal 0 0 -1
    outer loop
      vertex -2 -4 0.599999
      vertex 2 -4 0.599999
      vertex 0 -12 0.599999
    endloop
  endfacet
  facet normal 0 0 -1
    outer loop
      vertex 2 -4 0.599999
      vertex -2 -4 0.599999
      vertex 2 8 0.599999
    endloop
  endfacet
  facet normal -0 0 -1
    outer loop
      vertex 2 8 0.599999
      vertex -2 -4 0.599999
      vertex -2 8 0.599999
    endloop
  endfacet
  facet normal 0 -1 0
    outer loop
      vertex 2 -4 0
      vertex 5 -4 0.599999
      vertex 2 -4 0.599999
    endloop
  endfacet
  facet normal 0 -1 -0
    outer loop
      vertex 5 -4 0.599999
      vertex 2 -4 0
      vertex 5 -4 0
    endloop
  endfacet
  facet normal -1 0 0
    outer loop
      vertex 2 -4 0
      vertex 2 8 0.599999
      vertex 2 8 0
    endloop
  endfacet
  facet normal -1 -0 0
    outer loop
      vertex 2 8 0.599999
      vertex 2 -4 0
      vertex 2 -4 0.599999
    endloop
  endfacet
  facet normal 0 -1 0
    outer loop
      vertex -2 8 0
      vertex 2 8 0.599999
      vertex -2 8 0.599999
    endloop
  endfacet
  facet normal 0 -1 -0
    outer loop
      vertex 2 8 0.599999
      vertex -2 8 0
      vertex 2 8 0
    endloop
  endfacet
  facet normal 1 -0 0
    outer loop
      vertex -2 -4 0.599999
      vertex -2 8 0
      vertex -2 8 0.599999
    endloop
  endfacet
  facet normal 1 0 0
    outer loop
      vertex -2 8 0
      vertex -2 -4 0.599999
      vertex -2 -4 0
    endloop
  endfacet
  facet normal 0 -1 0
    outer loop
      vertex -5 -4 0
      vertex -2 -4 0.599999
      vertex -5 -4 0.599999
    endloop
  endfacet
  facet normal 0 -1 -0
    outer loop
      vertex -2 -4 0.599999
      vertex -5 -4 0
      vertex -2 -4 0
    endloop
  endfacet
  facet normal 0.847998 0.529999 0
    outer loop
      vertex 0 -12 0.599999
      vertex -5 -4 0
      vertex -5 -4 0.599999
    endloop
  endfacet
  facet normal 0.847998 0.529999 0
    outer loop
      vertex -5 -4 0
      vertex 0 -12 0.599999
      vertex 0 -12 0
    endloop
  endfacet
  facet normal -0.847998 0.529999 0
    outer loop
      vertex 0 -12 0
      vertex 5 -4 0.599999
      vertex 5 -4 0
    endloop
  endfacet
  facet normal -0.847998 0.529999 0
    outer loop
      vertex 5 -4 0.599999
      vertex 0 -12 0
      vertex 0 -12 0.599999
    endloop
  endfacet
endsolid OpenSCAD_Model
