solid OpenSCAD_Model
  facet normal 0.0653982 0.997859 -0
    outer loop
      vertex 42.4284 -0.264969 2.4
      vertex 42.2 -0.25 5.4
      vertex 42.4284 -0.264969 5.4
    endloop
  endfacet
  facet normal 0.0653982 0.997859 0
    outer loop
      vertex 42.2 -0.25 5.4
      vertex 42.4284 -0.264969 2.4
      vertex 42.2 -0.25 2.4
    endloop
  endfacet
  facet normal 0.946904 0.321517 0
    outer loop
      vertex 43.8904 -1.54707 5.4
      vertex 43.8168 -1.33031 2.4
      vertex 43.8168 -1.33031 5.4
    endloop
  endfacet
  facet normal 0.946904 0.321517 0
    outer loop
      vertex 43.8168 -1.33031 2.4
      vertex 43.8904 -1.54707 5.4
      vertex 43.8904 -1.54707 2.4
    endloop
  endfacet
  facet normal -0.751846 -0.659339 0
    outer loop
      vertex 0.762558 -91.7374 2.4
      vertex 0.611633 -91.5653 5.4
      vertex 0.611633 -91.5653 2.4
    endloop
  endfacet
  facet normal -0.751846 -0.659339 0
    outer loop
      vertex 0.611633 -91.5653 5.4
      vertex 0.762558 -91.7374 2.4
      vertex 0.762558 -91.7374 5.4
    endloop
  endfacet
  facet normal 0.946922 -0.321464 0
    outer loop
      vertex 43.8168 -91.1697 5.4
      vertex 43.8904 -90.9529 2.4
      vertex 43.8904 -90.9529 5.4
    endloop
  endfacet
  facet normal 0.946922 -0.321464 0
    outer loop
      vertex 43.8904 -90.9529 2.4
      vertex 43.8168 -91.1697 5.4
      vertex 43.8168 -91.1697 2.4
    endloop
  endfacet
  facet normal -1 0 0
    outer loop
      vertex 0.25 -90.5 2.4
      vertex 0.25 -89.3577 5.4
      vertex 0.25 -89.3577 2.4
    endloop
  endfacet
  facet normal -1 -0 0
    outer loop
      vertex 0.25 -89.3577 5.4
      vertex 0.25 -90.5 2.4
      vertex 0.25 -90.5 5.4
    endloop
  endfacet
  facet normal -1 0 0
    outer loop
      vertex 0.25 -88.2423 2.4
      vertex 0.25 -2 5.4
      vertex 0.25 -2 2.4
    endloop
  endfacet
  facet normal -1 -0 0
    outer loop
      vertex 0.25 -2 5.4
      vertex 0.25 -88.2423 2.4
      vertex 0.25 -88.2423 5.4
    endloop
  endfacet
  facet normal -0.99786 0.0653925 0
    outer loop
      vertex 0.25 -2 2.4
      vertex 0.264969 -1.77158 5.4
      vertex 0.264969 -1.77158 2.4
    endloop
  endfacet
  facet normal -0.99786 0.0653925 0
    outer loop
      vertex 0.264969 -1.77158 5.4
      vertex 0.25 -2 2.4
      vertex 0.25 -2 5.4
    endloop
  endfacet
  facet normal 0 1 -0
    outer loop
      vertex 28.366 -0.25 3.35
      vertex 15.834 -0.25 4.85
      vertex 28.366 -0.25 4.85
    endloop
  endfacet
  facet normal 0 1 0
    outer loop
      vertex 15.834 -0.25 4.85
      vertex 28.366 -0.25 3.35
      vertex 15.834 -0.25 3.35
    endloop
  endfacet
  facet normal 0 1 0
    outer loop
      vertex 28.366 -0.25 4.85
      vertex 42.2 -0.25 5.4
      vertex 36.166 -0.25 4.85
    endloop
  endfacet
  facet normal 0 1 0
    outer loop
      vertex 42.2 -0.25 5.4
      vertex 36.166 -0.25 3.35
      vertex 36.166 -0.25 4.85
    endloop
  endfacet
  facet normal 0 1 0
    outer loop
      vertex 42.2 -0.25 2.4
      vertex 28.366 -0.25 3.35
      vertex 36.166 -0.25 3.35
    endloop
  endfacet
  facet normal 0 1 0
    outer loop
      vertex 28.366 -0.25 3.35
      vertex 42.2 -0.25 2.4
      vertex 15.834 -0.25 3.35
    endloop
  endfacet
  facet normal 0 1 0
    outer loop
      vertex 2 -0.25 2.4
      vertex 15.834 -0.25 3.35
      vertex 42.2 -0.25 2.4
    endloop
  endfacet
  facet normal 0 1 -0
    outer loop
      vertex 42.2 -0.25 2.4
      vertex 36.166 -0.25 3.35
      vertex 42.2 -0.25 5.4
    endloop
  endfacet
  facet normal 0 1 0
    outer loop
      vertex 42.2 -0.25 5.4
      vertex 28.366 -0.25 4.85
      vertex 2 -0.25 5.4
    endloop
  endfacet
  facet normal 0 1 -0
    outer loop
      vertex 15.834 -0.25 4.85
      vertex 2 -0.25 5.4
      vertex 28.366 -0.25 4.85
    endloop
  endfacet
  facet normal 0 1 -0
    outer loop
      vertex 8.034 -0.25 4.85
      vertex 2 -0.25 5.4
      vertex 15.834 -0.25 4.85
    endloop
  endfacet
  facet normal 0 1 -0
    outer loop
      vertex 8.034 -0.25 3.35
      vertex 2 -0.25 5.4
      vertex 8.034 -0.25 4.85
    endloop
  endfacet
  facet normal 0 1 0
    outer loop
      vertex 8.034 -0.25 3.35
      vertex 2 -0.25 2.4
      vertex 2 -0.25 5.4
    endloop
  endfacet
  facet normal 0 1 0
    outer loop
      vertex 15.834 -0.25 3.35
      vertex 2 -0.25 2.4
      vertex 8.034 -0.25 3.35
    endloop
  endfacet
  facet normal -0.831465 0.555577 0
    outer loop
      vertex 0.484451 -1.125 2.4
      vertex 0.611633 -0.934662 5.4
      vertex 0.611633 -0.934662 2.4
    endloop
  endfacet
  facet normal -0.831465 0.555577 0
    outer loop
      vertex 0.611633 -0.934662 5.4
      vertex 0.484451 -1.125 2.4
      vertex 0.484451 -1.125 5.4
    endloop
  endfacet
  facet normal 0.555406 -0.831579 0
    outer loop
      vertex 43.075 -92.0155 2.4
      vertex 43.2653 -91.8884 5.4
      vertex 43.075 -92.0155 5.4
    endloop
  endfacet
  facet normal 0.555406 -0.831579 0
    outer loop
      vertex 43.2653 -91.8884 5.4
      vertex 43.075 -92.0155 2.4
      vertex 43.2653 -91.8884 2.4
    endloop
  endfacet
  facet normal 0.751691 0.659516 0
    outer loop
      vertex 43.5884 -0.934662 5.4
      vertex 43.4374 -0.762558 2.4
      vertex 43.4374 -0.762558 5.4
    endloop
  endfacet
  facet normal 0.751691 0.659516 0
    outer loop
      vertex 43.4374 -0.762558 2.4
      vertex 43.5884 -0.934662 5.4
      vertex 43.5884 -0.934662 2.4
    endloop
  endfacet
  facet normal 0 -1 0
    outer loop
      vertex 41.0577 -92.25 2.4
      vertex 42.2 -92.25 5.4
      vertex 41.0577 -92.25 5.4
    endloop
  endfacet
  facet normal 0 -1 -0
    outer loop
      vertex 42.2 -92.25 5.4
      vertex 41.0577 -92.25 2.4
      vertex 42.2 -92.25 2.4
    endloop
  endfacet
  facet normal 0 -1 0
    outer loop
      vertex 2 -92.25 2.4
      vertex 3.14233 -92.25 5.4
      vertex 2 -92.25 5.4
    endloop
  endfacet
  facet normal 0 -1 -0
    outer loop
      vertex 3.14233 -92.25 5.4
      vertex 2 -92.25 2.4
      vertex 3.14233 -92.25 2.4
    endloop
  endfacet
  facet normal 0 -1 0
    outer loop
      vertex 4.25767 -92.25 2.4
      vertex 39.9423 -92.25 5.4
      vertex 4.25767 -92.25 5.4
    endloop
  endfacet
  facet normal 0 -1 -0
    outer loop
      vertex 39.9423 -92.25 5.4
      vertex 4.25767 -92.25 2.4
      vertex 39.9423 -92.25 2.4
    endloop
  endfacet
  facet normal -0.98078 -0.195116 0
    outer loop
      vertex 0.309631 -90.9529 2.4
      vertex 0.264969 -90.7284 5.4
      vertex 0.264969 -90.7284 2.4
    endloop
  endfacet
  facet normal -0.98078 -0.195116 0
    outer loop
      vertex 0.264969 -90.7284 5.4
      vertex 0.309631 -90.9529 2.4
      vertex 0.309631 -90.9529 5.4
    endloop
  endfacet
  facet normal -0.896874 -0.442286 0
    outer loop
      vertex 0.484451 -91.375 2.4
      vertex 0.383209 -91.1697 5.4
      vertex 0.383209 -91.1697 2.4
    endloop
  endfacet
  facet normal -0.896874 -0.442286 0
    outer loop
      vertex 0.383209 -91.1697 5.4
      vertex 0.484451 -91.375 2.4
      vertex 0.484451 -91.375 5.4
    endloop
  endfacet
  facet normal -0.831414 -0.555654 0
    outer loop
      vertex 0.611633 -91.5653 2.4
      vertex 0.484451 -91.375 5.4
      vertex 0.484451 -91.375 2.4
    endloop
  endfacet
  facet normal -0.831414 -0.555654 0
    outer loop
      vertex 0.484451 -91.375 5.4
      vertex 0.611633 -91.5653 2.4
      vertex 0.611633 -91.5653 5.4
    endloop
  endfacet
  facet normal -0.442472 -0.896782 0
    outer loop
      vertex 1.125 -92.0155 2.4
      vertex 1.33031 -92.1168 5.4
      vertex 1.125 -92.0155 5.4
    endloop
  endfacet
  facet normal -0.442472 -0.896782 -0
    outer loop
      vertex 1.33031 -92.1168 5.4
      vertex 1.125 -92.0155 2.4
      vertex 1.33031 -92.1168 2.4
    endloop
  endfacet
  facet normal 0.751683 -0.659524 0
    outer loop
      vertex 43.4374 -91.7374 5.4
      vertex 43.5884 -91.5653 2.4
      vertex 43.5884 -91.5653 5.4
    endloop
  endfacet
  facet normal 0.751683 -0.659524 0
    outer loop
      vertex 43.5884 -91.5653 2.4
      vertex 43.4374 -91.7374 5.4
      vertex 43.4374 -91.7374 2.4
    endloop
  endfacet
  facet normal 0.555654 0.831414 -0
    outer loop
      vertex 43.2653 -0.611633 2.4
      vertex 43.075 -0.484451 5.4
      vertex 43.2653 -0.611633 5.4
    endloop
  endfacet
  facet normal 0.555654 0.831414 0
    outer loop
      vertex 43.075 -0.484451 5.4
      vertex 43.2653 -0.611633 2.4
      vertex 43.075 -0.484451 2.4
    endloop
  endfacet
  facet normal 0.442286 0.896874 -0
    outer loop
      vertex 43.075 -0.484451 2.4
      vertex 42.8697 -0.383209 5.4
      vertex 43.075 -0.484451 5.4
    endloop
  endfacet
  facet normal 0.442286 0.896874 0
    outer loop
      vertex 42.8697 -0.383209 5.4
      vertex 43.075 -0.484451 2.4
      vertex 42.8697 -0.383209 2.4
    endloop
  endfacet
  facet normal -0.0655274 -0.997851 0
    outer loop
      vertex 1.77158 -92.235 2.4
      vertex 2 -92.25 5.4
      vertex 1.77158 -92.235 5.4
    endloop
  endfacet
  facet normal -0.0655274 -0.997851 -0
    outer loop
      vertex 2 -92.25 5.4
      vertex 1.77158 -92.235 2.4
      vertex 2 -92.25 2.4
    endloop
  endfacet
  facet normal -0.0653925 0.99786 0
    outer loop
      vertex 2 -0.25 2.4
      vertex 1.77158 -0.264969 5.4
      vertex 2 -0.25 5.4
    endloop
  endfacet
  facet normal -0.0653925 0.99786 0
    outer loop
      vertex 1.77158 -0.264969 5.4
      vertex 2 -0.25 2.4
      vertex 1.77158 -0.264969 2.4
    endloop
  endfacet
  facet normal 0.831579 -0.555406 0
    outer loop
      vertex 43.5884 -91.5653 5.4
      vertex 43.7155 -91.375 2.4
      vertex 43.7155 -91.375 5.4
    endloop
  endfacet
  facet normal 0.831579 -0.555406 0
    outer loop
      vertex 43.7155 -91.375 2.4
      vertex 43.5884 -91.5653 5.4
      vertex 43.5884 -91.5653 2.4
    endloop
  endfacet
  facet normal -0.321517 -0.946904 0
    outer loop
      vertex 1.33031 -92.1168 2.4
      vertex 1.54707 -92.1904 5.4
      vertex 1.33031 -92.1168 5.4
    endloop
  endfacet
  facet normal -0.321517 -0.946904 -0
    outer loop
      vertex 1.54707 -92.1904 5.4
      vertex 1.33031 -92.1168 2.4
      vertex 1.54707 -92.1904 2.4
    endloop
  endfacet
  facet normal 0.0655331 -0.99785 0
    outer loop
      vertex 42.2 -92.25 2.4
      vertex 42.4284 -92.235 5.4
      vertex 42.2 -92.25 5.4
    endloop
  endfacet
  facet normal 0.0655331 -0.99785 0
    outer loop
      vertex 42.4284 -92.235 5.4
      vertex 42.2 -92.25 2.4
      vertex 42.4284 -92.235 2.4
    endloop
  endfacet
  facet normal -0.751853 0.659331 0
    outer loop
      vertex 0.611633 -0.934662 2.4
      vertex 0.762558 -0.762558 5.4
      vertex 0.762558 -0.762558 2.4
    endloop
  endfacet
  facet normal -0.751853 0.659331 0
    outer loop
      vertex 0.762558 -0.762558 5.4
      vertex 0.611633 -0.934662 2.4
      vertex 0.611633 -0.934662 5.4
    endloop
  endfacet
  facet normal -0.555577 0.831465 0
    outer loop
      vertex 1.125 -0.484451 2.4
      vertex 0.934662 -0.611633 5.4
      vertex 1.125 -0.484451 5.4
    endloop
  endfacet
  facet normal -0.555577 0.831465 0
    outer loop
      vertex 0.934662 -0.611633 5.4
      vertex 1.125 -0.484451 2.4
      vertex 0.934662 -0.611633 2.4
    endloop
  endfacet
  facet normal -0.980782 0.195108 0
    outer loop
      vertex 0.264969 -1.77158 2.4
      vertex 0.309631 -1.54707 5.4
      vertex 0.309631 -1.54707 2.4
    endloop
  endfacet
  facet normal -0.980782 0.195108 0
    outer loop
      vertex 0.309631 -1.54707 5.4
      vertex 0.264969 -1.77158 2.4
      vertex 0.264969 -1.77158 5.4
    endloop
  endfacet
  facet normal -0.659331 0.751853 0
    outer loop
      vertex 0.934662 -0.611633 2.4
      vertex 0.762558 -0.762558 5.4
      vertex 0.934662 -0.611633 5.4
    endloop
  endfacet
  facet normal -0.659331 0.751853 0
    outer loop
      vertex 0.762558 -0.762558 5.4
      vertex 0.934662 -0.611633 2.4
      vertex 0.762558 -0.762558 2.4
    endloop
  endfacet
  facet normal -0.997859 -0.0653982 0
    outer loop
      vertex 0.264969 -90.7284 2.4
      vertex 0.25 -90.5 5.4
      vertex 0.25 -90.5 2.4
    endloop
  endfacet
  facet normal -0.997859 -0.0653982 0
    outer loop
      vertex 0.25 -90.5 5.4
      vertex 0.264969 -90.7284 2.4
      vertex 0.264969 -90.7284 5.4
    endloop
  endfacet
  facet normal -0.442269 0.896883 0
    outer loop
      vertex 1.33031 -0.383209 2.4
      vertex 1.125 -0.484451 5.4
      vertex 1.33031 -0.383209 5.4
    endloop
  endfacet
  facet normal -0.442269 0.896883 0
    outer loop
      vertex 1.125 -0.484451 5.4
      vertex 1.33031 -0.383209 2.4
      vertex 1.125 -0.484451 2.4
    endloop
  endfacet
  facet normal -0.896883 0.442269 0
    outer loop
      vertex 0.383209 -1.33031 2.4
      vertex 0.484451 -1.125 5.4
      vertex 0.484451 -1.125 2.4
    endloop
  endfacet
  facet normal -0.896883 0.442269 0
    outer loop
      vertex 0.484451 -1.125 5.4
      vertex 0.383209 -1.33031 2.4
      vertex 0.383209 -1.33031 5.4
    endloop
  endfacet
  facet normal -0.946933 0.321431 0
    outer loop
      vertex 0.309631 -1.54707 2.4
      vertex 0.383209 -1.33031 5.4
      vertex 0.383209 -1.33031 2.4
    endloop
  endfacet
  facet normal -0.946933 0.321431 0
    outer loop
      vertex 0.383209 -1.33031 5.4
      vertex 0.309631 -1.54707 2.4
      vertex 0.309631 -1.54707 5.4
    endloop
  endfacet
  facet normal 1 -0 0
    outer loop
      vertex 43.95 -90.5 5.4
      vertex 43.95 -89.3577 2.4
      vertex 43.95 -89.3577 5.4
    endloop
  endfacet
  facet normal 1 0 0
    outer loop
      vertex 43.95 -89.3577 2.4
      vertex 43.95 -90.5 5.4
      vertex 43.95 -90.5 2.4
    endloop
  endfacet
  facet normal 1 -0 0
    outer loop
      vertex 43.95 -88.2423 5.4
      vertex 43.95 -2 2.4
      vertex 43.95 -2 5.4
    endloop
  endfacet
  facet normal 1 0 0
    outer loop
      vertex 43.95 -2 2.4
      vertex 43.95 -88.2423 5.4
      vertex 43.95 -88.2423 2.4
    endloop
  endfacet
  facet normal 0.997851 0.0655274 0
    outer loop
      vertex 43.95 -2 5.4
      vertex 43.935 -1.77158 2.4
      vertex 43.935 -1.77158 5.4
    endloop
  endfacet
  facet normal 0.997851 0.0655274 0
    outer loop
      vertex 43.935 -1.77158 2.4
      vertex 43.95 -2 5.4
      vertex 43.95 -2 2.4
    endloop
  endfacet
  facet normal -0.321431 0.946933 0
    outer loop
      vertex 1.54707 -0.309631 2.4
      vertex 1.33031 -0.383209 5.4
      vertex 1.54707 -0.309631 5.4
    endloop
  endfacet
  facet normal -0.321431 0.946933 0
    outer loop
      vertex 1.33031 -0.383209 5.4
      vertex 1.54707 -0.309631 2.4
      vertex 1.33031 -0.383209 2.4
    endloop
  endfacet
  facet normal 0.896774 -0.44249 0
    outer loop
      vertex 43.7155 -91.375 5.4
      vertex 43.8168 -91.1697 2.4
      vertex 43.8168 -91.1697 5.4
    endloop
  endfacet
  facet normal 0.896774 -0.44249 0
    outer loop
      vertex 43.8168 -91.1697 2.4
      vertex 43.7155 -91.375 5.4
      vertex 43.7155 -91.375 2.4
    endloop
  endfacet
  facet normal 0.659339 0.751846 -0
    outer loop
      vertex 43.4374 -0.762558 2.4
      vertex 43.2653 -0.611633 5.4
      vertex 43.4374 -0.762558 5.4
    endloop
  endfacet
  facet normal 0.659339 0.751846 0
    outer loop
      vertex 43.2653 -0.611633 5.4
      vertex 43.4374 -0.762558 2.4
      vertex 43.2653 -0.611633 2.4
    endloop
  endfacet
  facet normal 0.321464 -0.946922 0
    outer loop
      vertex 42.6529 -92.1904 2.4
      vertex 42.8697 -92.1168 5.4
      vertex 42.6529 -92.1904 5.4
    endloop
  endfacet
  facet normal 0.321464 -0.946922 0
    outer loop
      vertex 42.8697 -92.1168 5.4
      vertex 42.6529 -92.1904 2.4
      vertex 42.8697 -92.1168 2.4
    endloop
  endfacet
  facet normal 0.659524 -0.751683 0
    outer loop
      vertex 43.2653 -91.8884 2.4
      vertex 43.4374 -91.7374 5.4
      vertex 43.2653 -91.8884 5.4
    endloop
  endfacet
  facet normal 0.659524 -0.751683 0
    outer loop
      vertex 43.4374 -91.7374 5.4
      vertex 43.2653 -91.8884 2.4
      vertex 43.4374 -91.7374 2.4
    endloop
  endfacet
  facet normal -0.946951 -0.321378 0
    outer loop
      vertex 0.383209 -91.1697 2.4
      vertex 0.309631 -90.9529 5.4
      vertex 0.309631 -90.9529 2.4
    endloop
  endfacet
  facet normal -0.946951 -0.321378 0
    outer loop
      vertex 0.309631 -90.9529 5.4
      vertex 0.383209 -91.1697 2.4
      vertex 0.383209 -91.1697 5.4
    endloop
  endfacet
  facet normal 0.44249 -0.896774 0
    outer loop
      vertex 42.8697 -92.1168 2.4
      vertex 43.075 -92.0155 5.4
      vertex 42.8697 -92.1168 5.4
    endloop
  endfacet
  facet normal 0.44249 -0.896774 0
    outer loop
      vertex 43.075 -92.0155 5.4
      vertex 42.8697 -92.1168 2.4
      vertex 43.075 -92.0155 2.4
    endloop
  endfacet
  facet normal 0.321378 0.946951 -0
    outer loop
      vertex 42.8697 -0.383209 2.4
      vertex 42.6529 -0.309631 5.4
      vertex 42.8697 -0.383209 5.4
    endloop
  endfacet
  facet normal 0.321378 0.946951 0
    outer loop
      vertex 42.6529 -0.309631 5.4
      vertex 42.8697 -0.383209 2.4
      vertex 42.6529 -0.309631 2.4
    endloop
  endfacet
  facet normal -0.194847 -0.980834 0
    outer loop
      vertex 1.54707 -92.1904 2.4
      vertex 1.77158 -92.235 5.4
      vertex 1.54707 -92.1904 5.4
    endloop
  endfacet
  facet normal -0.194847 -0.980834 -0
    outer loop
      vertex 1.77158 -92.235 5.4
      vertex 1.54707 -92.1904 2.4
      vertex 1.77158 -92.235 2.4
    endloop
  endfacet
  facet normal 0.980834 0.194847 0
    outer loop
      vertex 43.935 -1.77158 5.4
      vertex 43.8904 -1.54707 2.4
      vertex 43.8904 -1.54707 5.4
    endloop
  endfacet
  facet normal 0.980834 0.194847 0
    outer loop
      vertex 43.8904 -1.54707 2.4
      vertex 43.935 -1.77158 5.4
      vertex 43.935 -1.77158 2.4
    endloop
  endfacet
  facet normal 0 0 1
    outer loop
      vertex 0.2 -88.8 5.4
      vertex 2.4 -88.8 5.4
      vertex 0.229942 -88.3432 5.4
    endloop
  endfacet
  facet normal 0 -0 1
    outer loop
      vertex 0.229942 -89.2568 5.4
      vertex 2.4 -88.8 5.4
      vertex 0.2 -88.8 5.4
    endloop
  endfacet
  facet normal 0 0 1
    outer loop
      vertex 2.4 -88.8 5.4
      vertex 0.229942 -89.2568 5.4
      vertex 0.25 -89.3577 5.4
    endloop
  endfacet
  facet normal 0 0 1
    outer loop
      vertex 5 -88.8 5.4
      vertex 7.2 -88.8 5.4
      vertex 7.17006 -88.3432 5.4
    endloop
  endfacet
  facet normal 0 0 1
    outer loop
      vertex 4.98888 -88.6303 5.4
      vertex 7.17006 -88.3432 5.4
      vertex 7.08074 -87.8941 5.4
    endloop
  endfacet
  facet normal 0 0 1
    outer loop
      vertex 7.2 -88.8 5.4
      vertex 5 -88.8 5.4
      vertex 7.17006 -89.2568 5.4
    endloop
  endfacet
  facet normal 0 0 1
    outer loop
      vertex 4.98888 -88.6303 5.4
      vertex 7.08074 -87.8941 5.4
      vertex 6.93358 -87.4606 5.4
    endloop
  endfacet
  facet normal -0 0 1
    outer loop
      vertex 4.98888 -88.9697 5.4
      vertex 7.17006 -89.2568 5.4
      vertex 5 -88.8 5.4
    endloop
  endfacet
  facet normal 0 0 1
    outer loop
      vertex 4.98888 -88.6303 5.4
      vertex 6.93358 -87.4606 5.4
      vertex 6.73109 -87.05 5.4
    endloop
  endfacet
  facet normal 0 0 1
    outer loop
      vertex 7.17006 -89.2568 5.4
      vertex 4.98888 -88.9697 5.4
      vertex 7.08074 -89.7059 5.4
    endloop
  endfacet
  facet normal 0 0 1
    outer loop
      vertex 4.98888 -88.6303 5.4
      vertex 6.73109 -87.05 5.4
      vertex 6.47674 -86.6693 5.4
    endloop
  endfacet
  facet normal -0 0 1
    outer loop
      vertex 4.9557 -89.1365 5.4
      vertex 7.08074 -89.7059 5.4
      vertex 4.98888 -88.9697 5.4
    endloop
  endfacet
  facet normal 0 0 1
    outer loop
      vertex 7.08074 -89.7059 5.4
      vertex 4.9557 -89.1365 5.4
      vertex 6.93358 -90.1394 5.4
    endloop
  endfacet
  facet normal 0 0 1
    outer loop
      vertex 4.98888 -88.6303 5.4
      vertex 6.47674 -86.6693 5.4
      vertex 6.17487 -86.3251 5.4
    endloop
  endfacet
  facet normal -0 0 1
    outer loop
      vertex 37.1193 -87.8941 5.4
      vertex 39.2443 -88.4635 5.4
      vertex 37.2664 -87.4606 5.4
    endloop
  endfacet
  facet normal 0 0 1
    outer loop
      vertex 39.2443 -88.4635 5.4
      vertex 37.1193 -87.8941 5.4
      vertex 39.2111 -88.6303 5.4
    endloop
  endfacet
  facet normal 0 -0 1
    outer loop
      vertex 37.7233 -90.9307 5.4
      vertex 39.2 -88.8 5.4
      vertex 37.4689 -90.55 5.4
    endloop
  endfacet
  facet normal 0 0 1
    outer loop
      vertex 39.2 -88.8 5.4
      vertex 37.7233 -90.9307 5.4
      vertex 37.8279 -91.05 5.4
    endloop
  endfacet
  facet normal -0 0 1
    outer loop
      vertex 37.0299 -88.3432 5.4
      vertex 39.2111 -88.6303 5.4
      vertex 37.1193 -87.8941 5.4
    endloop
  endfacet
  facet normal 0 0 1
    outer loop
      vertex 39.2 -88.8 5.4
      vertex 37.2664 -90.1394 5.4
      vertex 37.4689 -90.55 5.4
    endloop
  endfacet
  facet normal 0 0 1
    outer loop
      vertex 39.2111 -88.6303 5.4
      vertex 37.0299 -88.3432 5.4
      vertex 39.2 -88.8 5.4
    endloop
  endfacet
  facet normal 0 0 1
    outer loop
      vertex 39.2 -88.8 5.4
      vertex 37.1193 -89.7059 5.4
      vertex 37.2664 -90.1394 5.4
    endloop
  endfacet
  facet normal 0 0 1
    outer loop
      vertex 37 -88.8 5.4
      vertex 39.2 -88.8 5.4
      vertex 37.0299 -88.3432 5.4
    endloop
  endfacet
  facet normal 0 0 1
    outer loop
      vertex 39.2 -88.8 5.4
      vertex 37.0299 -89.2568 5.4
      vertex 37.1193 -89.7059 5.4
    endloop
  endfacet
  facet normal 0 0 1
    outer loop
      vertex 39.2 -88.8 5.4
      vertex 37 -88.8 5.4
      vertex 37.0299 -89.2568 5.4
    endloop
  endfacet
  facet normal 0 0 1
    outer loop
      vertex 7.17006 -88.3432 5.4
      vertex 4.98888 -88.6303 5.4
      vertex 5 -88.8 5.4
    endloop
  endfacet
  facet normal 0 0 1
    outer loop
      vertex 5.45 -85.7689 5.4
      vertex 4.9557 -88.4635 5.4
      vertex 4.98888 -88.6303 5.4
    endloop
  endfacet
  facet normal 0 0 1
    outer loop
      vertex 5.45 -85.7689 5.4
      vertex 4.90104 -88.3025 5.4
      vertex 4.9557 -88.4635 5.4
    endloop
  endfacet
  facet normal 0 0 1
    outer loop
      vertex 5.45 -85.7689 5.4
      vertex 4.82583 -88.15 5.4
      vertex 4.90104 -88.3025 5.4
    endloop
  endfacet
  facet normal 0 0 1
    outer loop
      vertex 5.45 -85.7689 5.4
      vertex 4.73136 -88.0086 5.4
      vertex 4.82583 -88.15 5.4
    endloop
  endfacet
  facet normal 0 0 1
    outer loop
      vertex 5.45 -85.7689 5.4
      vertex 4.61924 -87.8808 5.4
      vertex 4.73136 -88.0086 5.4
    endloop
  endfacet
  facet normal 0 0 1
    outer loop
      vertex 4.19749 -87.599 5.4
      vertex 5.03939 -85.5664 5.4
      vertex 4.60587 -85.4193 5.4
    endloop
  endfacet
  facet normal 0 0 1
    outer loop
      vertex 5.45 -85.7689 5.4
      vertex 4.49139 -87.7686 5.4
      vertex 4.61924 -87.8808 5.4
    endloop
  endfacet
  facet normal 0 0 1
    outer loop
      vertex 5.45 -85.7689 5.4
      vertex 4.35 -87.6742 5.4
      vertex 4.49139 -87.7686 5.4
    endloop
  endfacet
  facet normal 0 0 1
    outer loop
      vertex 5.03939 -85.5664 5.4
      vertex 4.19749 -87.599 5.4
      vertex 4.35 -87.6742 5.4
    endloop
  endfacet
  facet normal 0 0 1
    outer loop
      vertex 4.03646 -87.5443 5.4
      vertex 4.60587 -85.4193 5.4
      vertex 4.15684 -85.3299 5.4
    endloop
  endfacet
  facet normal 0 0 1
    outer loop
      vertex 4.60587 -85.4193 5.4
      vertex 4.03646 -87.5443 5.4
      vertex 4.19749 -87.599 5.4
    endloop
  endfacet
  facet normal 0 0 1
    outer loop
      vertex 4.15684 -85.3299 5.4
      vertex 3.86968 -87.5111 5.4
      vertex 4.03646 -87.5443 5.4
    endloop
  endfacet
  facet normal 0 0 1
    outer loop
      vertex 3.7 -85.3 5.4
      vertex 3.86968 -87.5111 5.4
      vertex 4.15684 -85.3299 5.4
    endloop
  endfacet
  facet normal 0 0 1
    outer loop
      vertex 3.7 -85.3 5.4
      vertex 3.7 -87.5 5.4
      vertex 3.86968 -87.5111 5.4
    endloop
  endfacet
  facet normal 0 0 1
    outer loop
      vertex 3.7 -85.3 5.4
      vertex 3.53032 -87.5111 5.4
      vertex 3.7 -87.5 5.4
    endloop
  endfacet
  facet normal -0 0 1
    outer loop
      vertex 3.24316 -85.3299 5.4
      vertex 3.53032 -87.5111 5.4
      vertex 3.7 -85.3 5.4
    endloop
  endfacet
  facet normal 0 0 1
    outer loop
      vertex 3.53032 -87.5111 5.4
      vertex 3.24316 -85.3299 5.4
      vertex 3.36353 -87.5443 5.4
    endloop
  endfacet
  facet normal -0 0 1
    outer loop
      vertex 2.79413 -85.4193 5.4
      vertex 3.36353 -87.5443 5.4
      vertex 3.24316 -85.3299 5.4
    endloop
  endfacet
  facet normal 0 0 1
    outer loop
      vertex 3.36353 -87.5443 5.4
      vertex 2.79413 -85.4193 5.4
      vertex 3.20251 -87.599 5.4
    endloop
  endfacet
  facet normal -0 0 1
    outer loop
      vertex 2.36061 -85.5664 5.4
      vertex 3.20251 -87.599 5.4
      vertex 2.79413 -85.4193 5.4
    endloop
  endfacet
  facet normal 0 0 1
    outer loop
      vertex 3.20251 -87.599 5.4
      vertex 2.36061 -85.5664 5.4
      vertex 3.05 -87.6742 5.4
    endloop
  endfacet
  facet normal -0 0 1
    outer loop
      vertex 1.95 -85.7689 5.4
      vertex 3.05 -87.6742 5.4
      vertex 2.36061 -85.5664 5.4
    endloop
  endfacet
  facet normal 0 0 1
    outer loop
      vertex 3.05 -87.6742 5.4
      vertex 1.95 -85.7689 5.4
      vertex 2.90861 -87.7686 5.4
    endloop
  endfacet
  facet normal -0 0 1
    outer loop
      vertex 1.56933 -86.0233 5.4
      vertex 2.90861 -87.7686 5.4
      vertex 1.95 -85.7689 5.4
    endloop
  endfacet
  facet normal -0 0 1
    outer loop
      vertex 1.45 -86.1279 5.4
      vertex 2.90861 -87.7686 5.4
      vertex 1.56933 -86.0233 5.4
    endloop
  endfacet
  facet normal 0 0 1
    outer loop
      vertex 2.90861 -87.7686 5.4
      vertex 1.45 -86.1279 5.4
      vertex 2.78076 -87.8808 5.4
    endloop
  endfacet
  facet normal 0 0 1
    outer loop
      vertex 2.78076 -87.8808 5.4
      vertex 1.45 -86.1279 5.4
      vertex 2.66864 -88.0086 5.4
    endloop
  endfacet
  facet normal 0 0 1
    outer loop
      vertex 0.25 -88.2423 5.4
      vertex 2.57417 -88.15 5.4
      vertex 1.45 -86.1279 5.4
    endloop
  endfacet
  facet normal 0 0 1
    outer loop
      vertex 2.66864 -88.0086 5.4
      vertex 1.45 -86.1279 5.4
      vertex 2.57417 -88.15 5.4
    endloop
  endfacet
  facet normal 0 0 1
    outer loop
      vertex 43.95 -88.2423 5.4
      vertex 41.7889 -88.6303 5.4
      vertex 41.8 -88.8 5.4
    endloop
  endfacet
  facet normal 0 0 1
    outer loop
      vertex 42.25 -85.7689 5.4
      vertex 41.7557 -88.4635 5.4
      vertex 41.7889 -88.6303 5.4
    endloop
  endfacet
  facet normal 0 0 1
    outer loop
      vertex 42.25 -85.7689 5.4
      vertex 41.701 -88.3025 5.4
      vertex 41.7557 -88.4635 5.4
    endloop
  endfacet
  facet normal 0 0 1
    outer loop
      vertex 42.25 -85.7689 5.4
      vertex 41.6258 -88.15 5.4
      vertex 41.701 -88.3025 5.4
    endloop
  endfacet
  facet normal 0 0 1
    outer loop
      vertex 42.25 -85.7689 5.4
      vertex 41.5314 -88.0086 5.4
      vertex 41.6258 -88.15 5.4
    endloop
  endfacet
  facet normal 0 0 1
    outer loop
      vertex 42.25 -85.7689 5.4
      vertex 41.4192 -87.8808 5.4
      vertex 41.5314 -88.0086 5.4
    endloop
  endfacet
  facet normal 0 0 1
    outer loop
      vertex 40.9975 -87.599 5.4
      vertex 41.8394 -85.5664 5.4
      vertex 41.4059 -85.4193 5.4
    endloop
  endfacet
  facet normal 0 0 1
    outer loop
      vertex 42.25 -85.7689 5.4
      vertex 41.2914 -87.7686 5.4
      vertex 41.4192 -87.8808 5.4
    endloop
  endfacet
  facet normal 0 0 1
    outer loop
      vertex 42.25 -85.7689 5.4
      vertex 41.15 -87.6742 5.4
      vertex 41.2914 -87.7686 5.4
    endloop
  endfacet
  facet normal 0 0 1
    outer loop
      vertex 41.8394 -85.5664 5.4
      vertex 40.9975 -87.599 5.4
      vertex 41.15 -87.6742 5.4
    endloop
  endfacet
  facet normal 0 0 1
    outer loop
      vertex 40.8365 -87.5443 5.4
      vertex 41.4059 -85.4193 5.4
      vertex 40.9568 -85.3299 5.4
    endloop
  endfacet
  facet normal 0 0 1
    outer loop
      vertex 41.4059 -85.4193 5.4
      vertex 40.8365 -87.5443 5.4
      vertex 40.9975 -87.599 5.4
    endloop
  endfacet
  facet normal 0 0 1
    outer loop
      vertex 40.9568 -85.3299 5.4
      vertex 40.6697 -87.5111 5.4
      vertex 40.8365 -87.5443 5.4
    endloop
  endfacet
  facet normal 0 0 1
    outer loop
      vertex 40.5 -85.3 5.4
      vertex 40.6697 -87.5111 5.4
      vertex 40.9568 -85.3299 5.4
    endloop
  endfacet
  facet normal 0 0 1
    outer loop
      vertex 40.5 -85.3 5.4
      vertex 40.5 -87.5 5.4
      vertex 40.6697 -87.5111 5.4
    endloop
  endfacet
  facet normal 0 0 1
    outer loop
      vertex 40.5 -85.3 5.4
      vertex 40.3303 -87.5111 5.4
      vertex 40.5 -87.5 5.4
    endloop
  endfacet
  facet normal -0 0 1
    outer loop
      vertex 40.0432 -85.3299 5.4
      vertex 40.3303 -87.5111 5.4
      vertex 40.5 -85.3 5.4
    endloop
  endfacet
  facet normal 0 0 1
    outer loop
      vertex 40.3303 -87.5111 5.4
      vertex 40.0432 -85.3299 5.4
      vertex 40.1635 -87.5443 5.4
    endloop
  endfacet
  facet normal -0 0 1
    outer loop
      vertex 39.5941 -85.4193 5.4
      vertex 40.1635 -87.5443 5.4
      vertex 40.0432 -85.3299 5.4
    endloop
  endfacet
  facet normal 0 0 1
    outer loop
      vertex 40.1635 -87.5443 5.4
      vertex 39.5941 -85.4193 5.4
      vertex 40.0025 -87.599 5.4
    endloop
  endfacet
  facet normal -0 0 1
    outer loop
      vertex 39.1606 -85.5664 5.4
      vertex 40.0025 -87.599 5.4
      vertex 39.5941 -85.4193 5.4
    endloop
  endfacet
  facet normal 0 0 1
    outer loop
      vertex 40.0025 -87.599 5.4
      vertex 39.1606 -85.5664 5.4
      vertex 39.85 -87.6742 5.4
    endloop
  endfacet
  facet normal -0 0 1
    outer loop
      vertex 38.75 -85.7689 5.4
      vertex 39.85 -87.6742 5.4
      vertex 39.1606 -85.5664 5.4
    endloop
  endfacet
  facet normal 0 0 1
    outer loop
      vertex 39.85 -87.6742 5.4
      vertex 38.75 -85.7689 5.4
      vertex 39.7086 -87.7686 5.4
    endloop
  endfacet
  facet normal -0 0 1
    outer loop
      vertex 38.3693 -86.0233 5.4
      vertex 39.7086 -87.7686 5.4
      vertex 38.75 -85.7689 5.4
    endloop
  endfacet
  facet normal 0 0 1
    outer loop
      vertex 39.7086 -87.7686 5.4
      vertex 38.3693 -86.0233 5.4
      vertex 39.5808 -87.8808 5.4
    endloop
  endfacet
  facet normal -0 0 1
    outer loop
      vertex 38.0251 -86.3251 5.4
      vertex 39.5808 -87.8808 5.4
      vertex 38.3693 -86.0233 5.4
    endloop
  endfacet
  facet normal 0 0 1
    outer loop
      vertex 39.5808 -87.8808 5.4
      vertex 38.0251 -86.3251 5.4
      vertex 39.4686 -88.0086 5.4
    endloop
  endfacet
  facet normal 0 0 1
    outer loop
      vertex 39.4686 -88.0086 5.4
      vertex 37.7233 -86.6693 5.4
      vertex 39.3742 -88.15 5.4
    endloop
  endfacet
  facet normal -0 0 1
    outer loop
      vertex 37.7233 -86.6693 5.4
      vertex 39.4686 -88.0086 5.4
      vertex 38.0251 -86.3251 5.4
    endloop
  endfacet
  facet normal -0 0 1
    outer loop
      vertex 42.75 -86.1279 5.4
      vertex 43.95 -88.2423 5.4
      vertex 43.95 -2 5.4
    endloop
  endfacet
  facet normal 0 0 1
    outer loop
      vertex 41.7889 -88.6303 5.4
      vertex 43.95 -88.2423 5.4
      vertex 42.75 -86.1279 5.4
    endloop
  endfacet
  facet normal 0 0 1
    outer loop
      vertex 42.7159 -2.19118 5.4
      vertex 43.95 -2 5.4
      vertex 43.935 -1.77158 5.4
    endloop
  endfacet
  facet normal 0 0 1
    outer loop
      vertex 43.95 -88.2423 5.4
      vertex 41.8 -88.8 5.4
      vertex 43.95 -89.3577 5.4
    endloop
  endfacet
  facet normal 0 0 1
    outer loop
      vertex 42.6739 -2.06731 5.4
      vertex 43.935 -1.77158 5.4
      vertex 43.8904 -1.54707 5.4
    endloop
  endfacet
  facet normal -0 0 1
    outer loop
      vertex 41.7889 -88.9697 5.4
      vertex 43.95 -89.3577 5.4
      vertex 41.8 -88.8 5.4
    endloop
  endfacet
  facet normal 0 0 1
    outer loop
      vertex 42.616 -1.95 5.4
      vertex 43.8904 -1.54707 5.4
      vertex 43.8168 -1.33031 5.4
    endloop
  endfacet
  facet normal -0 0 1
    outer loop
      vertex 41.7557 -89.1365 5.4
      vertex 43.95 -89.3577 5.4
      vertex 41.7889 -88.9697 5.4
    endloop
  endfacet
  facet normal 0 0 1
    outer loop
      vertex 42.616 -1.95 5.4
      vertex 43.8168 -1.33031 5.4
      vertex 43.7155 -1.125 5.4
    endloop
  endfacet
  facet normal -0 0 1
    outer loop
      vertex 41.701 -89.2975 5.4
      vertex 43.95 -89.3577 5.4
      vertex 41.7557 -89.1365 5.4
    endloop
  endfacet
  facet normal 0 0 1
    outer loop
      vertex 42.5433 -1.84124 5.4
      vertex 43.7155 -1.125 5.4
      vertex 43.5884 -0.934662 5.4
    endloop
  endfacet
  facet normal 0 0 1
    outer loop
      vertex 43.95 -89.3577 5.4
      vertex 41.701 -89.2975 5.4
      vertex 43.95 -90.5 5.4
    endloop
  endfacet
  facet normal 0 0 1
    outer loop
      vertex 42.4571 -1.74289 5.4
      vertex 43.5884 -0.934662 5.4
      vertex 43.4374 -0.762558 5.4
    endloop
  endfacet
  facet normal -0 0 1
    outer loop
      vertex 41.6258 -89.45 5.4
      vertex 43.95 -90.5 5.4
      vertex 41.701 -89.2975 5.4
    endloop
  endfacet
  facet normal 0 0 1
    outer loop
      vertex 42.4571 -1.74289 5.4
      vertex 43.4374 -0.762558 5.4
      vertex 43.2653 -0.611633 5.4
    endloop
  endfacet
  facet normal -0 0 1
    outer loop
      vertex 41.5314 -89.5914 5.4
      vertex 43.95 -90.5 5.4
      vertex 41.6258 -89.45 5.4
    endloop
  endfacet
  facet normal 0 0 1
    outer loop
      vertex 42.3588 -1.65665 5.4
      vertex 43.2653 -0.611633 5.4
      vertex 43.075 -0.484451 5.4
    endloop
  endfacet
  facet normal 0 0 1
    outer loop
      vertex 43.95 -90.5 5.4
      vertex 41.5314 -89.5914 5.4
      vertex 43.935 -90.7284 5.4
    endloop
  endfacet
  facet normal 0 0 1
    outer loop
      vertex 42.25 -1.58397 5.4
      vertex 43.075 -0.484451 5.4
      vertex 42.8697 -0.383209 5.4
    endloop
  endfacet
  facet normal 0 0 1
    outer loop
      vertex 43.935 -90.7284 5.4
      vertex 41.5314 -89.5914 5.4
      vertex 43.8904 -90.9529 5.4
    endloop
  endfacet
  facet normal 0 0 1
    outer loop
      vertex 43.95 -2 5.4
      vertex 42.75 -2.45 5.4
      vertex 42.75 -86.1279 5.4
    endloop
  endfacet
  facet normal 0 0 1
    outer loop
      vertex 43.95 -2 5.4
      vertex 42.7414 -2.31948 5.4
      vertex 42.75 -2.45 5.4
    endloop
  endfacet
  facet normal 0 0 1
    outer loop
      vertex 43.95 -2 5.4
      vertex 42.7159 -2.19118 5.4
      vertex 42.7414 -2.31948 5.4
    endloop
  endfacet
  facet normal 0 0 1
    outer loop
      vertex 43.935 -1.77158 5.4
      vertex 42.6739 -2.06731 5.4
      vertex 42.7159 -2.19118 5.4
    endloop
  endfacet
  facet normal 0 0 1
    outer loop
      vertex 42.25 -1.58397 5.4
      vertex 42.8697 -0.383209 5.4
      vertex 42.6529 -0.309631 5.4
    endloop
  endfacet
  facet normal 0 0 1
    outer loop
      vertex 43.8904 -1.54707 5.4
      vertex 42.616 -1.95 5.4
      vertex 42.6739 -2.06731 5.4
    endloop
  endfacet
  facet normal 0 0 1
    outer loop
      vertex 43.7155 -1.125 5.4
      vertex 42.5433 -1.84124 5.4
      vertex 42.616 -1.95 5.4
    endloop
  endfacet
  facet normal 0 0 1
    outer loop
      vertex 43.5884 -0.934662 5.4
      vertex 42.4571 -1.74289 5.4
      vertex 42.5433 -1.84124 5.4
    endloop
  endfacet
  facet normal 0 0 1
    outer loop
      vertex 42.1327 -1.52613 5.4
      vertex 42.6529 -0.309631 5.4
      vertex 42.4284 -0.264969 5.4
    endloop
  endfacet
  facet normal 0 0 1
    outer loop
      vertex 43.2653 -0.611633 5.4
      vertex 42.3588 -1.65665 5.4
      vertex 42.4571 -1.74289 5.4
    endloop
  endfacet
  facet normal 0 0 1
    outer loop
      vertex 43.075 -0.484451 5.4
      vertex 42.25 -1.58397 5.4
      vertex 42.3588 -1.65665 5.4
    endloop
  endfacet
  facet normal 0 0 1
    outer loop
      vertex 42.1327 -1.52613 5.4
      vertex 42.4284 -0.264969 5.4
      vertex 42.2 -0.25 5.4
    endloop
  endfacet
  facet normal 0 0 1
    outer loop
      vertex 42.6529 -0.309631 5.4
      vertex 42.1327 -1.52613 5.4
      vertex 42.25 -1.58397 5.4
    endloop
  endfacet
  facet normal 0 0 1
    outer loop
      vertex 42.2 -0.25 5.4
      vertex 42.0088 -1.48407 5.4
      vertex 42.1327 -1.52613 5.4
    endloop
  endfacet
  facet normal 0 0 1
    outer loop
      vertex 42.2 -0.25 5.4
      vertex 41.8805 -1.45856 5.4
      vertex 42.0088 -1.48407 5.4
    endloop
  endfacet
  facet normal 0 0 1
    outer loop
      vertex 42.2 -0.25 5.4
      vertex 41.75 -1.45 5.4
      vertex 41.8805 -1.45856 5.4
    endloop
  endfacet
  facet normal 0 0 1
    outer loop
      vertex 42.2 -0.25 5.4
      vertex 2.45 -1.45 5.4
      vertex 41.75 -1.45 5.4
    endloop
  endfacet
  facet normal -0 0 1
    outer loop
      vertex 2 -0.25 5.4
      vertex 2.45 -1.45 5.4
      vertex 42.2 -0.25 5.4
    endloop
  endfacet
  facet normal 0 0 1
    outer loop
      vertex 2 -0.25 5.4
      vertex 2.31948 -1.45856 5.4
      vertex 2.45 -1.45 5.4
    endloop
  endfacet
  facet normal 0 0 1
    outer loop
      vertex 2 -0.25 5.4
      vertex 2.19118 -1.48407 5.4
      vertex 2.31948 -1.45856 5.4
    endloop
  endfacet
  facet normal 0 0 1
    outer loop
      vertex 2 -0.25 5.4
      vertex 2.06731 -1.52613 5.4
      vertex 2.19118 -1.48407 5.4
    endloop
  endfacet
  facet normal -0 0 1
    outer loop
      vertex 1.77158 -0.264969 5.4
      vertex 2.06731 -1.52613 5.4
      vertex 2 -0.25 5.4
    endloop
  endfacet
  facet normal -0 0 1
    outer loop
      vertex 1.54707 -0.309631 5.4
      vertex 2.06731 -1.52613 5.4
      vertex 1.77158 -0.264969 5.4
    endloop
  endfacet
  facet normal 0 0 1
    outer loop
      vertex 2.06731 -1.52613 5.4
      vertex 1.54707 -0.309631 5.4
      vertex 1.95 -1.58397 5.4
    endloop
  endfacet
  facet normal -0 0 1
    outer loop
      vertex 1.33031 -0.383209 5.4
      vertex 1.95 -1.58397 5.4
      vertex 1.54707 -0.309631 5.4
    endloop
  endfacet
  facet normal -0 0 1
    outer loop
      vertex 1.125 -0.484451 5.4
      vertex 1.95 -1.58397 5.4
      vertex 1.33031 -0.383209 5.4
    endloop
  endfacet
  facet normal 0 0 1
    outer loop
      vertex 1.95 -1.58397 5.4
      vertex 1.125 -0.484451 5.4
      vertex 1.84124 -1.65665 5.4
    endloop
  endfacet
  facet normal -0 0 1
    outer loop
      vertex 0.934662 -0.611633 5.4
      vertex 1.84124 -1.65665 5.4
      vertex 1.125 -0.484451 5.4
    endloop
  endfacet
  facet normal 0 0 1
    outer loop
      vertex 1.84124 -1.65665 5.4
      vertex 0.934662 -0.611633 5.4
      vertex 1.74289 -1.74289 5.4
    endloop
  endfacet
  facet normal -0 0 1
    outer loop
      vertex 0.762558 -0.762558 5.4
      vertex 1.74289 -1.74289 5.4
      vertex 0.934662 -0.611633 5.4
    endloop
  endfacet
  facet normal -0 0 1
    outer loop
      vertex 0.611633 -0.934662 5.4
      vertex 1.74289 -1.74289 5.4
      vertex 0.762558 -0.762558 5.4
    endloop
  endfacet
  facet normal 0 0 1
    outer loop
      vertex 1.74289 -1.74289 5.4
      vertex 0.611633 -0.934662 5.4
      vertex 1.65665 -1.84124 5.4
    endloop
  endfacet
  facet normal 0 0 1
    outer loop
      vertex 1.65665 -1.84124 5.4
      vertex 0.484451 -1.125 5.4
      vertex 1.58397 -1.95 5.4
    endloop
  endfacet
  facet normal -0 0 1
    outer loop
      vertex 0.484451 -1.125 5.4
      vertex 1.65665 -1.84124 5.4
      vertex 0.611633 -0.934662 5.4
    endloop
  endfacet
  facet normal 0 0 1
    outer loop
      vertex 43.95 -88.2423 5.4
      vertex 44 -88.8 5.4
      vertex 43.9701 -88.3432 5.4
    endloop
  endfacet
  facet normal 0 0 1
    outer loop
      vertex 43.95 -89.3577 5.4
      vertex 44 -88.8 5.4
      vertex 43.95 -88.2423 5.4
    endloop
  endfacet
  facet normal 0 0 1
    outer loop
      vertex 44 -88.8 5.4
      vertex 43.95 -89.3577 5.4
      vertex 43.9701 -89.2568 5.4
    endloop
  endfacet
  facet normal -0 0 1
    outer loop
      vertex 41.4192 -89.7192 5.4
      vertex 43.8904 -90.9529 5.4
      vertex 41.5314 -89.5914 5.4
    endloop
  endfacet
  facet normal 0 0 1
    outer loop
      vertex 43.8904 -90.9529 5.4
      vertex 41.4192 -89.7192 5.4
      vertex 43.8168 -91.1697 5.4
    endloop
  endfacet
  facet normal 0 0 1
    outer loop
      vertex 41.7889 -88.6303 5.4
      vertex 42.75 -86.1279 5.4
      vertex 42.6307 -86.0233 5.4
    endloop
  endfacet
  facet normal 0 0 1
    outer loop
      vertex 43.8168 -91.1697 5.4
      vertex 41.4192 -89.7192 5.4
      vertex 43.7155 -91.375 5.4
    endloop
  endfacet
  facet normal 0 0 1
    outer loop
      vertex 41.7889 -88.6303 5.4
      vertex 42.6307 -86.0233 5.4
      vertex 42.25 -85.7689 5.4
    endloop
  endfacet
  facet normal 0 0 1
    outer loop
      vertex 43.7155 -91.375 5.4
      vertex 41.4192 -89.7192 5.4
      vertex 43.5884 -91.5653 5.4
    endloop
  endfacet
  facet normal 0 0 1
    outer loop
      vertex 41.15 -87.6742 5.4
      vertex 42.25 -85.7689 5.4
      vertex 41.8394 -85.5664 5.4
    endloop
  endfacet
  facet normal 0 0 1
    outer loop
      vertex 43.5884 -91.5653 5.4
      vertex 41.4192 -89.7192 5.4
      vertex 43.4374 -91.7374 5.4
    endloop
  endfacet
  facet normal 0 0 1
    outer loop
      vertex 43.4374 -91.7374 5.4
      vertex 41.4192 -89.7192 5.4
      vertex 43.2653 -91.8884 5.4
    endloop
  endfacet
  facet normal 0 0 1
    outer loop
      vertex 43.2653 -91.8884 5.4
      vertex 41.4192 -89.7192 5.4
      vertex 43.075 -92.0155 5.4
    endloop
  endfacet
  facet normal 0 0 1
    outer loop
      vertex 43.075 -92.0155 5.4
      vertex 41.4192 -89.7192 5.4
      vertex 42.8697 -92.1168 5.4
    endloop
  endfacet
  facet normal 0 0 1
    outer loop
      vertex 42.8697 -92.1168 5.4
      vertex 41.4192 -89.7192 5.4
      vertex 42.6529 -92.1904 5.4
    endloop
  endfacet
  facet normal -0 0 1
    outer loop
      vertex 41.2914 -89.8314 5.4
      vertex 42.6529 -92.1904 5.4
      vertex 41.4192 -89.7192 5.4
    endloop
  endfacet
  facet normal 0 0 1
    outer loop
      vertex 42.6529 -92.1904 5.4
      vertex 41.2914 -89.8314 5.4
      vertex 42.4284 -92.235 5.4
    endloop
  endfacet
  facet normal 0 0 1
    outer loop
      vertex 42.4284 -92.235 5.4
      vertex 41.2914 -89.8314 5.4
      vertex 42.2 -92.25 5.4
    endloop
  endfacet
  facet normal -0 0 1
    outer loop
      vertex 41.15 -89.9258 5.4
      vertex 42.2 -92.25 5.4
      vertex 41.2914 -89.8314 5.4
    endloop
  endfacet
  facet normal 0 0 1
    outer loop
      vertex 41.15 -89.9258 5.4
      vertex 41.0577 -92.25 5.4
      vertex 42.2 -92.25 5.4
    endloop
  endfacet
  facet normal -0 0 1
    outer loop
      vertex 40.9975 -90.001 5.4
      vertex 41.0577 -92.25 5.4
      vertex 41.15 -89.9258 5.4
    endloop
  endfacet
  facet normal -0 0 1
    outer loop
      vertex 40.8365 -90.0557 5.4
      vertex 41.0577 -92.25 5.4
      vertex 40.9975 -90.001 5.4
    endloop
  endfacet
  facet normal -0 0 1
    outer loop
      vertex 40.6697 -90.0889 5.4
      vertex 41.0577 -92.25 5.4
      vertex 40.8365 -90.0557 5.4
    endloop
  endfacet
  facet normal 0 0 1
    outer loop
      vertex 41.0577 -92.25 5.4
      vertex 40.6697 -90.0889 5.4
      vertex 40.9568 -92.2701 5.4
    endloop
  endfacet
  facet normal -0 0 1
    outer loop
      vertex 40.5 -90.1 5.4
      vertex 40.9568 -92.2701 5.4
      vertex 40.6697 -90.0889 5.4
    endloop
  endfacet
  facet normal 0 0 1
    outer loop
      vertex 40.5 -90.1 5.4
      vertex 40.5 -92.3 5.4
      vertex 40.9568 -92.2701 5.4
    endloop
  endfacet
  facet normal 0 0 1
    outer loop
      vertex 40.3303 -90.0889 5.4
      vertex 40.5 -92.3 5.4
      vertex 40.5 -90.1 5.4
    endloop
  endfacet
  facet normal 0 0 1
    outer loop
      vertex 39.9423 -92.25 5.4
      vertex 40.3303 -90.0889 5.4
      vertex 40.1635 -90.0557 5.4
    endloop
  endfacet
  facet normal 0 0 1
    outer loop
      vertex 40.3303 -90.0889 5.4
      vertex 40.0432 -92.2701 5.4
      vertex 40.5 -92.3 5.4
    endloop
  endfacet
  facet normal 0 0 1
    outer loop
      vertex 39.9423 -92.25 5.4
      vertex 40.1635 -90.0557 5.4
      vertex 40.0025 -90.001 5.4
    endloop
  endfacet
  facet normal 0 0 1
    outer loop
      vertex 40.3303 -90.0889 5.4
      vertex 39.9423 -92.25 5.4
      vertex 40.0432 -92.2701 5.4
    endloop
  endfacet
  facet normal 0 0 1
    outer loop
      vertex 39.85 -89.9258 5.4
      vertex 39.9423 -92.25 5.4
      vertex 40.0025 -90.001 5.4
    endloop
  endfacet
  facet normal 0 0 1
    outer loop
      vertex 37.8279 -91.05 5.4
      vertex 39.85 -89.9258 5.4
      vertex 39.7086 -89.8314 5.4
    endloop
  endfacet
  facet normal 0 0 1
    outer loop
      vertex 37.8279 -91.05 5.4
      vertex 39.7086 -89.8314 5.4
      vertex 39.5808 -89.7192 5.4
    endloop
  endfacet
  facet normal 0 0 1
    outer loop
      vertex 37.8279 -91.05 5.4
      vertex 39.5808 -89.7192 5.4
      vertex 39.4686 -89.5914 5.4
    endloop
  endfacet
  facet normal 0 0 1
    outer loop
      vertex 37.8279 -91.05 5.4
      vertex 39.4686 -89.5914 5.4
      vertex 39.3742 -89.45 5.4
    endloop
  endfacet
  facet normal 0 0 1
    outer loop
      vertex 37.8279 -91.05 5.4
      vertex 39.3742 -89.45 5.4
      vertex 39.299 -89.2975 5.4
    endloop
  endfacet
  facet normal 0 0 1
    outer loop
      vertex 37.8279 -91.05 5.4
      vertex 39.299 -89.2975 5.4
      vertex 39.2443 -89.1365 5.4
    endloop
  endfacet
  facet normal -0 0 1
    outer loop
      vertex 37.4689 -87.05 5.4
      vertex 39.3742 -88.15 5.4
      vertex 37.7233 -86.6693 5.4
    endloop
  endfacet
  facet normal 0 0 1
    outer loop
      vertex 39.3742 -88.15 5.4
      vertex 37.4689 -87.05 5.4
      vertex 39.299 -88.3025 5.4
    endloop
  endfacet
  facet normal -0 0 1
    outer loop
      vertex 37.2664 -87.4606 5.4
      vertex 39.299 -88.3025 5.4
      vertex 37.4689 -87.05 5.4
    endloop
  endfacet
  facet normal 0 0 1
    outer loop
      vertex 39.299 -88.3025 5.4
      vertex 37.2664 -87.4606 5.4
      vertex 39.2443 -88.4635 5.4
    endloop
  endfacet
  facet normal 0 0 1
    outer loop
      vertex 39.2 -88.8 5.4
      vertex 37.8279 -91.05 5.4
      vertex 39.2111 -88.9697 5.4
    endloop
  endfacet
  facet normal 0 0 1
    outer loop
      vertex 39.2111 -88.9697 5.4
      vertex 37.8279 -91.05 5.4
      vertex 39.2443 -89.1365 5.4
    endloop
  endfacet
  facet normal 0 0 1
    outer loop
      vertex 39.85 -89.9258 5.4
      vertex 37.8279 -91.05 5.4
      vertex 39.9423 -92.25 5.4
    endloop
  endfacet
  facet normal -0 0 1
    outer loop
      vertex 6.37209 -91.05 5.4
      vertex 39.9423 -92.25 5.4
      vertex 37.8279 -91.05 5.4
    endloop
  endfacet
  facet normal 0 0 1
    outer loop
      vertex 4.98888 -88.6303 5.4
      vertex 6.17487 -86.3251 5.4
      vertex 5.83066 -86.0233 5.4
    endloop
  endfacet
  facet normal 0 0 1
    outer loop
      vertex 4.98888 -88.6303 5.4
      vertex 5.83066 -86.0233 5.4
      vertex 5.45 -85.7689 5.4
    endloop
  endfacet
  facet normal 0 0 1
    outer loop
      vertex 4.35 -87.6742 5.4
      vertex 5.45 -85.7689 5.4
      vertex 5.03939 -85.5664 5.4
    endloop
  endfacet
  facet normal -0 0 1
    outer loop
      vertex 4.90104 -89.2975 5.4
      vertex 6.93358 -90.1394 5.4
      vertex 4.9557 -89.1365 5.4
    endloop
  endfacet
  facet normal 0 0 1
    outer loop
      vertex 6.93358 -90.1394 5.4
      vertex 4.90104 -89.2975 5.4
      vertex 6.73109 -90.55 5.4
    endloop
  endfacet
  facet normal -0 0 1
    outer loop
      vertex 4.82583 -89.45 5.4
      vertex 6.73109 -90.55 5.4
      vertex 4.90104 -89.2975 5.4
    endloop
  endfacet
  facet normal 0 0 1
    outer loop
      vertex 6.73109 -90.55 5.4
      vertex 4.82583 -89.45 5.4
      vertex 6.47674 -90.9307 5.4
    endloop
  endfacet
  facet normal -0 0 1
    outer loop
      vertex 4.73136 -89.5914 5.4
      vertex 6.47674 -90.9307 5.4
      vertex 4.82583 -89.45 5.4
    endloop
  endfacet
  facet normal 0 0 1
    outer loop
      vertex 6.47674 -90.9307 5.4
      vertex 4.73136 -89.5914 5.4
      vertex 6.37209 -91.05 5.4
    endloop
  endfacet
  facet normal -0 0 1
    outer loop
      vertex 4.61924 -89.7192 5.4
      vertex 6.37209 -91.05 5.4
      vertex 4.73136 -89.5914 5.4
    endloop
  endfacet
  facet normal -0 0 1
    outer loop
      vertex 4.49139 -89.8314 5.4
      vertex 6.37209 -91.05 5.4
      vertex 4.61924 -89.7192 5.4
    endloop
  endfacet
  facet normal -0 0 1
    outer loop
      vertex 4.35 -89.9258 5.4
      vertex 6.37209 -91.05 5.4
      vertex 4.49139 -89.8314 5.4
    endloop
  endfacet
  facet normal 0 0 1
    outer loop
      vertex 6.37209 -91.05 5.4
      vertex 4.25767 -92.25 5.4
      vertex 39.9423 -92.25 5.4
    endloop
  endfacet
  facet normal 0 0 1
    outer loop
      vertex 4.35 -89.9258 5.4
      vertex 4.25767 -92.25 5.4
      vertex 6.37209 -91.05 5.4
    endloop
  endfacet
  facet normal -0 0 1
    outer loop
      vertex 4.19749 -90.001 5.4
      vertex 4.25767 -92.25 5.4
      vertex 4.35 -89.9258 5.4
    endloop
  endfacet
  facet normal -0 0 1
    outer loop
      vertex 4.03646 -90.0557 5.4
      vertex 4.25767 -92.25 5.4
      vertex 4.19749 -90.001 5.4
    endloop
  endfacet
  facet normal -0 0 1
    outer loop
      vertex 3.86968 -90.0889 5.4
      vertex 4.25767 -92.25 5.4
      vertex 4.03646 -90.0557 5.4
    endloop
  endfacet
  facet normal 0 0 1
    outer loop
      vertex 4.25767 -92.25 5.4
      vertex 3.86968 -90.0889 5.4
      vertex 4.15684 -92.2701 5.4
    endloop
  endfacet
  facet normal -0 0 1
    outer loop
      vertex 3.7 -90.1 5.4
      vertex 4.15684 -92.2701 5.4
      vertex 3.86968 -90.0889 5.4
    endloop
  endfacet
  facet normal 0 0 1
    outer loop
      vertex 3.7 -90.1 5.4
      vertex 3.7 -92.3 5.4
      vertex 4.15684 -92.2701 5.4
    endloop
  endfacet
  facet normal 0 0 1
    outer loop
      vertex 3.53032 -90.0889 5.4
      vertex 3.7 -92.3 5.4
      vertex 3.7 -90.1 5.4
    endloop
  endfacet
  facet normal 0 0 1
    outer loop
      vertex 3.14233 -92.25 5.4
      vertex 3.53032 -90.0889 5.4
      vertex 3.36353 -90.0557 5.4
    endloop
  endfacet
  facet normal 0 0 1
    outer loop
      vertex 3.53032 -90.0889 5.4
      vertex 3.24316 -92.2701 5.4
      vertex 3.7 -92.3 5.4
    endloop
  endfacet
  facet normal 0 0 1
    outer loop
      vertex 3.14233 -92.25 5.4
      vertex 3.36353 -90.0557 5.4
      vertex 3.20251 -90.001 5.4
    endloop
  endfacet
  facet normal 0 0 1
    outer loop
      vertex 3.53032 -90.0889 5.4
      vertex 3.14233 -92.25 5.4
      vertex 3.24316 -92.2701 5.4
    endloop
  endfacet
  facet normal 0 0 1
    outer loop
      vertex 3.05 -89.9258 5.4
      vertex 3.14233 -92.25 5.4
      vertex 3.20251 -90.001 5.4
    endloop
  endfacet
  facet normal 0 0 1
    outer loop
      vertex 2 -92.25 5.4
      vertex 3.05 -89.9258 5.4
      vertex 2.90861 -89.8314 5.4
    endloop
  endfacet
  facet normal 0 0 1
    outer loop
      vertex 1.54707 -92.1904 5.4
      vertex 2.90861 -89.8314 5.4
      vertex 2.78076 -89.7192 5.4
    endloop
  endfacet
  facet normal 0 0 1
    outer loop
      vertex 0.309631 -90.9529 5.4
      vertex 2.78076 -89.7192 5.4
      vertex 2.66864 -89.5914 5.4
    endloop
  endfacet
  facet normal 0 0 1
    outer loop
      vertex 0.25 -90.5 5.4
      vertex 2.66864 -89.5914 5.4
      vertex 2.57417 -89.45 5.4
    endloop
  endfacet
  facet normal 0 0 1
    outer loop
      vertex 0.25 -90.5 5.4
      vertex 2.57417 -89.45 5.4
      vertex 2.49896 -89.2975 5.4
    endloop
  endfacet
  facet normal 0 0 1
    outer loop
      vertex 0.25 -89.3577 5.4
      vertex 2.49896 -89.2975 5.4
      vertex 2.4443 -89.1365 5.4
    endloop
  endfacet
  facet normal 0 0 1
    outer loop
      vertex 3.05 -89.9258 5.4
      vertex 2 -92.25 5.4
      vertex 3.14233 -92.25 5.4
    endloop
  endfacet
  facet normal 0 0 1
    outer loop
      vertex 0.25 -89.3577 5.4
      vertex 2.4443 -89.1365 5.4
      vertex 2.41112 -88.9697 5.4
    endloop
  endfacet
  facet normal 0 0 1
    outer loop
      vertex 0.25 -89.3577 5.4
      vertex 2.41112 -88.9697 5.4
      vertex 2.4 -88.8 5.4
    endloop
  endfacet
  facet normal 0 0 1
    outer loop
      vertex 2.57417 -88.15 5.4
      vertex 0.25 -88.2423 5.4
      vertex 2.49896 -88.3025 5.4
    endloop
  endfacet
  facet normal 0 0 1
    outer loop
      vertex 2.49896 -88.3025 5.4
      vertex 0.25 -88.2423 5.4
      vertex 2.4443 -88.4635 5.4
    endloop
  endfacet
  facet normal 0 0 1
    outer loop
      vertex 2.49896 -89.2975 5.4
      vertex 0.25 -89.3577 5.4
      vertex 0.25 -90.5 5.4
    endloop
  endfacet
  facet normal 0 0 1
    outer loop
      vertex 2.4443 -88.4635 5.4
      vertex 0.25 -88.2423 5.4
      vertex 2.41112 -88.6303 5.4
    endloop
  endfacet
  facet normal 0 0 1
    outer loop
      vertex 2.66864 -89.5914 5.4
      vertex 0.25 -90.5 5.4
      vertex 0.264969 -90.7284 5.4
    endloop
  endfacet
  facet normal -0 0 1
    outer loop
      vertex 0.229942 -88.3432 5.4
      vertex 2.41112 -88.6303 5.4
      vertex 0.25 -88.2423 5.4
    endloop
  endfacet
  facet normal 0 0 1
    outer loop
      vertex 2.90861 -89.8314 5.4
      vertex 1.77158 -92.235 5.4
      vertex 2 -92.25 5.4
    endloop
  endfacet
  facet normal 0 0 1
    outer loop
      vertex 1.45 -2.45 5.4
      vertex 0.25 -2 5.4
      vertex 1.45 -86.1279 5.4
    endloop
  endfacet
  facet normal -0 0 1
    outer loop
      vertex 0.383209 -1.33031 5.4
      vertex 1.58397 -1.95 5.4
      vertex 0.484451 -1.125 5.4
    endloop
  endfacet
  facet normal 0 0 1
    outer loop
      vertex 2.41112 -88.6303 5.4
      vertex 0.229942 -88.3432 5.4
      vertex 2.4 -88.8 5.4
    endloop
  endfacet
  facet normal -0 0 1
    outer loop
      vertex 0.309631 -1.54707 5.4
      vertex 1.58397 -1.95 5.4
      vertex 0.383209 -1.33031 5.4
    endloop
  endfacet
  facet normal 0 0 1
    outer loop
      vertex 2.90861 -89.8314 5.4
      vertex 1.54707 -92.1904 5.4
      vertex 1.77158 -92.235 5.4
    endloop
  endfacet
  facet normal 0 0 1
    outer loop
      vertex 1.58397 -1.95 5.4
      vertex 0.309631 -1.54707 5.4
      vertex 1.52613 -2.06731 5.4
    endloop
  endfacet
  facet normal 0 0 1
    outer loop
      vertex 2.78076 -89.7192 5.4
      vertex 1.33031 -92.1168 5.4
      vertex 1.54707 -92.1904 5.4
    endloop
  endfacet
  facet normal -0 0 1
    outer loop
      vertex 0.264969 -1.77158 5.4
      vertex 1.52613 -2.06731 5.4
      vertex 0.309631 -1.54707 5.4
    endloop
  endfacet
  facet normal 0 0 1
    outer loop
      vertex 2.78076 -89.7192 5.4
      vertex 1.125 -92.0155 5.4
      vertex 1.33031 -92.1168 5.4
    endloop
  endfacet
  facet normal 0 0 1
    outer loop
      vertex 1.52613 -2.06731 5.4
      vertex 0.264969 -1.77158 5.4
      vertex 1.48407 -2.19118 5.4
    endloop
  endfacet
  facet normal 0 0 1
    outer loop
      vertex 2.78076 -89.7192 5.4
      vertex 0.934662 -91.8884 5.4
      vertex 1.125 -92.0155 5.4
    endloop
  endfacet
  facet normal -0 0 1
    outer loop
      vertex 0.25 -2 5.4
      vertex 1.48407 -2.19118 5.4
      vertex 0.264969 -1.77158 5.4
    endloop
  endfacet
  facet normal 0 0 1
    outer loop
      vertex 2.78076 -89.7192 5.4
      vertex 0.762558 -91.7374 5.4
      vertex 0.934662 -91.8884 5.4
    endloop
  endfacet
  facet normal 0 0 1
    outer loop
      vertex 1.48407 -2.19118 5.4
      vertex 0.25 -2 5.4
      vertex 1.45856 -2.31948 5.4
    endloop
  endfacet
  facet normal 0 0 1
    outer loop
      vertex 2.78076 -89.7192 5.4
      vertex 0.611633 -91.5653 5.4
      vertex 0.762558 -91.7374 5.4
    endloop
  endfacet
  facet normal 0 0 1
    outer loop
      vertex 1.45856 -2.31948 5.4
      vertex 0.25 -2 5.4
      vertex 1.45 -2.45 5.4
    endloop
  endfacet
  facet normal 0 0 1
    outer loop
      vertex 2.78076 -89.7192 5.4
      vertex 0.484451 -91.375 5.4
      vertex 0.611633 -91.5653 5.4
    endloop
  endfacet
  facet normal 0 0 1
    outer loop
      vertex 1.45 -86.1279 5.4
      vertex 0.25 -2 5.4
      vertex 0.25 -88.2423 5.4
    endloop
  endfacet
  facet normal 0 0 1
    outer loop
      vertex 2.78076 -89.7192 5.4
      vertex 0.383209 -91.1697 5.4
      vertex 0.484451 -91.375 5.4
    endloop
  endfacet
  facet normal 0 0 1
    outer loop
      vertex 2.78076 -89.7192 5.4
      vertex 0.309631 -90.9529 5.4
      vertex 0.383209 -91.1697 5.4
    endloop
  endfacet
  facet normal 0 0 1
    outer loop
      vertex 2.66864 -89.5914 5.4
      vertex 0.264969 -90.7284 5.4
      vertex 0.309631 -90.9529 5.4
    endloop
  endfacet
  facet normal -0.195108 0.980782 0
    outer loop
      vertex 1.77158 -0.264969 2.4
      vertex 1.54707 -0.309631 5.4
      vertex 1.77158 -0.264969 5.4
    endloop
  endfacet
  facet normal -0.195108 0.980782 0
    outer loop
      vertex 1.54707 -0.309631 5.4
      vertex 1.77158 -0.264969 2.4
      vertex 1.54707 -0.309631 2.4
    endloop
  endfacet
  facet normal 0.194856 -0.980832 0
    outer loop
      vertex 42.4284 -92.235 2.4
      vertex 42.6529 -92.1904 5.4
      vertex 42.4284 -92.235 5.4
    endloop
  endfacet
  facet normal 0.194856 -0.980832 0
    outer loop
      vertex 42.6529 -92.1904 5.4
      vertex 42.4284 -92.235 2.4
      vertex 42.6529 -92.1904 2.4
    endloop
  endfacet
  facet normal 0.99785 -0.0655331 0
    outer loop
      vertex 43.935 -90.7284 5.4
      vertex 43.95 -90.5 2.4
      vertex 43.95 -90.5 5.4
    endloop
  endfacet
  facet normal 0.99785 -0.0655331 0
    outer loop
      vertex 43.95 -90.5 2.4
      vertex 43.935 -90.7284 5.4
      vertex 43.935 -90.7284 2.4
    endloop
  endfacet
  facet normal 0.980832 -0.194856 0
    outer loop
      vertex 43.8904 -90.9529 5.4
      vertex 43.935 -90.7284 2.4
      vertex 43.935 -90.7284 5.4
    endloop
  endfacet
  facet normal 0.980832 -0.194856 0
    outer loop
      vertex 43.935 -90.7284 2.4
      vertex 43.8904 -90.9529 5.4
      vertex 43.8904 -90.9529 2.4
    endloop
  endfacet
  facet normal 0.831631 0.555329 0
    outer loop
      vertex 43.7155 -1.125 5.4
      vertex 43.5884 -0.934662 2.4
      vertex 43.5884 -0.934662 5.4
    endloop
  endfacet
  facet normal 0.831631 0.555329 0
    outer loop
      vertex 43.5884 -0.934662 2.4
      vertex 43.7155 -1.125 5.4
      vertex 43.7155 -1.125 2.4
    endloop
  endfacet
  facet normal -0.659516 -0.751691 0
    outer loop
      vertex 0.762558 -91.7374 2.4
      vertex 0.934662 -91.8884 5.4
      vertex 0.762558 -91.7374 5.4
    endloop
  endfacet
  facet normal -0.659516 -0.751691 -0
    outer loop
      vertex 0.934662 -91.8884 5.4
      vertex 0.762558 -91.7374 2.4
      vertex 0.934662 -91.8884 2.4
    endloop
  endfacet
  facet normal 0.195116 0.98078 -0
    outer loop
      vertex 42.6529 -0.309631 2.4
      vertex 42.4284 -0.264969 5.4
      vertex 42.6529 -0.309631 5.4
    endloop
  endfacet
  facet normal 0.195116 0.98078 0
    outer loop
      vertex 42.4284 -0.264969 5.4
      vertex 42.6529 -0.309631 2.4
      vertex 42.4284 -0.264969 2.4
    endloop
  endfacet
  facet normal -0.555329 -0.831631 0
    outer loop
      vertex 0.934662 -91.8884 2.4
      vertex 1.125 -92.0155 5.4
      vertex 0.934662 -91.8884 5.4
    endloop
  endfacet
  facet normal -0.555329 -0.831631 -0
    outer loop
      vertex 1.125 -92.0155 5.4
      vertex 0.934662 -91.8884 2.4
      vertex 1.125 -92.0155 2.4
    endloop
  endfacet
  facet normal 0.896782 0.442472 0
    outer loop
      vertex 43.8168 -1.33031 5.4
      vertex 43.7155 -1.125 2.4
      vertex 43.7155 -1.125 5.4
    endloop
  endfacet
  facet normal 0.896782 0.442472 0
    outer loop
      vertex 43.7155 -1.125 2.4
      vertex 43.8168 -1.33031 5.4
      vertex 43.8168 -1.33031 2.4
    endloop
  endfacet
  facet normal -0.321451 -0.946926 0
    outer loop
      vertex 42.0088 -1.48407 2.4
      vertex 42.1327 -1.52613 5.4
      vertex 42.0088 -1.48407 5.4
    endloop
  endfacet
  facet normal -0.321451 -0.946926 -0
    outer loop
      vertex 42.1327 -1.52613 5.4
      vertex 42.0088 -1.48407 2.4
      vertex 42.1327 -1.52613 2.4
    endloop
  endfacet
  facet normal 0 -1 0
    outer loop
      vertex 2.45 -1.45 2.4
      vertex 41.75 -1.45 5.4
      vertex 2.45 -1.45 5.4
    endloop
  endfacet
  facet normal 0 -1 -0
    outer loop
      vertex 41.75 -1.45 5.4
      vertex 2.45 -1.45 2.4
      vertex 41.75 -1.45 2.4
    endloop
  endfacet
  facet normal -0.195013 -0.980801 0
    outer loop
      vertex 41.8805 -1.45856 2.4
      vertex 42.0088 -1.48407 5.4
      vertex 41.8805 -1.45856 5.4
    endloop
  endfacet
  facet normal -0.195013 -0.980801 -0
    outer loop
      vertex 42.0088 -1.48407 5.4
      vertex 41.8805 -1.45856 2.4
      vertex 42.0088 -1.48407 2.4
    endloop
  endfacet
  facet normal -0.0654532 -0.997856 0
    outer loop
      vertex 41.75 -1.45 2.4
      vertex 41.8805 -1.45856 5.4
      vertex 41.75 -1.45 5.4
    endloop
  endfacet
  facet normal -0.0654532 -0.997856 -0
    outer loop
      vertex 41.8805 -1.45856 5.4
      vertex 41.75 -1.45 2.4
      vertex 41.8805 -1.45856 2.4
    endloop
  endfacet
  facet normal 0.946903 -0.32152 0
    outer loop
      vertex 1.48407 -2.19118 5.4
      vertex 1.52613 -2.06731 2.4
      vertex 1.52613 -2.06731 5.4
    endloop
  endfacet
  facet normal 0.946903 -0.32152 0
    outer loop
      vertex 1.52613 -2.06731 2.4
      vertex 1.48407 -2.19118 5.4
      vertex 1.48407 -2.19118 2.4
    endloop
  endfacet
  facet normal 0.896906 -0.442222 0
    outer loop
      vertex 1.52613 -2.06731 5.4
      vertex 1.58397 -1.95 2.4
      vertex 1.58397 -1.95 5.4
    endloop
  endfacet
  facet normal 0.896906 -0.442222 0
    outer loop
      vertex 1.58397 -1.95 2.4
      vertex 1.52613 -2.06731 5.4
      vertex 1.52613 -2.06731 2.4
    endloop
  endfacet
  facet normal -1 0 0
    outer loop
      vertex 42.75 -86.1279 2.4
      vertex 42.75 -2.45 5.4
      vertex 42.75 -2.45 2.4
    endloop
  endfacet
  facet normal -1 -0 0
    outer loop
      vertex 42.75 -2.45 5.4
      vertex 42.75 -86.1279 2.4
      vertex 42.75 -86.1279 5.4
    endloop
  endfacet
  facet normal 1 -0 0
    outer loop
      vertex 1.45 -86.1279 5.4
      vertex 1.45 -2.45 2.4
      vertex 1.45 -2.45 5.4
    endloop
  endfacet
  facet normal 1 0 0
    outer loop
      vertex 1.45 -2.45 2.4
      vertex 1.45 -86.1279 5.4
      vertex 1.45 -86.1279 2.4
    endloop
  endfacet
  facet normal 0.831438 -0.555617 0
    outer loop
      vertex 1.58397 -1.95 5.4
      vertex 1.65665 -1.84124 2.4
      vertex 1.65665 -1.84124 5.4
    endloop
  endfacet
  facet normal 0.831438 -0.555617 0
    outer loop
      vertex 1.65665 -1.84124 2.4
      vertex 1.58397 -1.95 5.4
      vertex 1.58397 -1.95 2.4
    endloop
  endfacet
  facet normal 0.195013 -0.980801 0
    outer loop
      vertex 2.19118 -1.48407 2.4
      vertex 2.31948 -1.45856 5.4
      vertex 2.19118 -1.48407 5.4
    endloop
  endfacet
  facet normal 0.195013 -0.980801 0
    outer loop
      vertex 2.31948 -1.45856 5.4
      vertex 2.19118 -1.48407 2.4
      vertex 2.31948 -1.45856 2.4
    endloop
  endfacet
  facet normal 0 1 -0
    outer loop
      vertex 37.8279 -91.05 2.4
      vertex 6.37209 -91.05 5.4
      vertex 37.8279 -91.05 5.4
    endloop
  endfacet
  facet normal 0 1 0
    outer loop
      vertex 6.37209 -91.05 5.4
      vertex 37.8279 -91.05 2.4
      vertex 6.37209 -91.05 2.4
    endloop
  endfacet
  facet normal -0.896724 -0.442591 0
    outer loop
      vertex 42.6739 -2.06731 2.4
      vertex 42.616 -1.95 5.4
      vertex 42.616 -1.95 2.4
    endloop
  endfacet
  facet normal -0.896724 -0.442591 0
    outer loop
      vertex 42.616 -1.95 5.4
      vertex 42.6739 -2.06731 2.4
      vertex 42.6739 -2.06731 5.4
    endloop
  endfacet
  facet normal -0.831368 -0.555723 0
    outer loop
      vertex 42.616 -1.95 2.4
      vertex 42.5433 -1.84124 5.4
      vertex 42.5433 -1.84124 2.4
    endloop
  endfacet
  facet normal -0.831368 -0.555723 0
    outer loop
      vertex 42.5433 -1.84124 5.4
      vertex 42.616 -1.95 2.4
      vertex 42.616 -1.95 5.4
    endloop
  endfacet
  facet normal -0.659489 -0.751714 0
    outer loop
      vertex 42.3588 -1.65665 2.4
      vertex 42.4571 -1.74289 5.4
      vertex 42.3588 -1.65665 5.4
    endloop
  endfacet
  facet normal -0.659489 -0.751714 -0
    outer loop
      vertex 42.4571 -1.74289 5.4
      vertex 42.3588 -1.65665 2.4
      vertex 42.4571 -1.74289 2.4
    endloop
  endfacet
  facet normal 0.32152 -0.946903 0
    outer loop
      vertex 2.06731 -1.52613 2.4
      vertex 2.19118 -1.48407 5.4
      vertex 2.06731 -1.52613 5.4
    endloop
  endfacet
  facet normal 0.32152 -0.946903 0
    outer loop
      vertex 2.19118 -1.48407 5.4
      vertex 2.06731 -1.52613 2.4
      vertex 2.19118 -1.48407 2.4
    endloop
  endfacet
  facet normal 0.555617 -0.831438 0
    outer loop
      vertex 1.84124 -1.65665 2.4
      vertex 1.95 -1.58397 5.4
      vertex 1.84124 -1.65665 5.4
    endloop
  endfacet
  facet normal 0.555617 -0.831438 0
    outer loop
      vertex 1.95 -1.58397 5.4
      vertex 1.84124 -1.65665 2.4
      vertex 1.95 -1.58397 2.4
    endloop
  endfacet
  facet normal 0.6593 -0.75188 0
    outer loop
      vertex 1.74289 -1.74289 2.4
      vertex 1.84124 -1.65665 5.4
      vertex 1.74289 -1.74289 5.4
    endloop
  endfacet
  facet normal 0.6593 -0.75188 0
    outer loop
      vertex 1.84124 -1.65665 5.4
      vertex 1.74289 -1.74289 2.4
      vertex 1.84124 -1.65665 2.4
    endloop
  endfacet
  facet normal 0.442222 -0.896906 0
    outer loop
      vertex 1.95 -1.58397 2.4
      vertex 2.06731 -1.52613 5.4
      vertex 1.95 -1.58397 5.4
    endloop
  endfacet
  facet normal 0.442222 -0.896906 0
    outer loop
      vertex 2.06731 -1.52613 5.4
      vertex 1.95 -1.58397 2.4
      vertex 2.06731 -1.52613 2.4
    endloop
  endfacet
  facet normal 0.0654432 -0.997856 0
    outer loop
      vertex 2.31948 -1.45856 2.4
      vertex 2.45 -1.45 5.4
      vertex 2.31948 -1.45856 5.4
    endloop
  endfacet
  facet normal 0.0654432 -0.997856 0
    outer loop
      vertex 2.45 -1.45 5.4
      vertex 2.31948 -1.45856 2.4
      vertex 2.45 -1.45 2.4
    endloop
  endfacet
  facet normal -0.947042 -0.321109 0
    outer loop
      vertex 42.7159 -2.19118 2.4
      vertex 42.6739 -2.06731 5.4
      vertex 42.6739 -2.06731 2.4
    endloop
  endfacet
  facet normal -0.947042 -0.321109 0
    outer loop
      vertex 42.6739 -2.06731 5.4
      vertex 42.7159 -2.19118 2.4
      vertex 42.7159 -2.19118 5.4
    endloop
  endfacet
  facet normal -0.980815 -0.19494 0
    outer loop
      vertex 42.7414 -2.31948 2.4
      vertex 42.7159 -2.19118 5.4
      vertex 42.7159 -2.19118 2.4
    endloop
  endfacet
  facet normal -0.980815 -0.19494 0
    outer loop
      vertex 42.7159 -2.19118 5.4
      vertex 42.7414 -2.31948 2.4
      vertex 42.7414 -2.31948 5.4
    endloop
  endfacet
  facet normal 0.75188 -0.6593 0
    outer loop
      vertex 1.65665 -1.84124 5.4
      vertex 1.74289 -1.74289 2.4
      vertex 1.74289 -1.74289 5.4
    endloop
  endfacet
  facet normal 0.75188 -0.6593 0
    outer loop
      vertex 1.74289 -1.74289 2.4
      vertex 1.65665 -1.84124 5.4
      vertex 1.65665 -1.84124 2.4
    endloop
  endfacet
  facet normal -0.752032 -0.659127 0
    outer loop
      vertex 42.5433 -1.84124 2.4
      vertex 42.4571 -1.74289 5.4
      vertex 42.4571 -1.74289 2.4
    endloop
  endfacet
  facet normal -0.752032 -0.659127 0
    outer loop
      vertex 42.4571 -1.74289 5.4
      vertex 42.5433 -1.84124 2.4
      vertex 42.5433 -1.84124 5.4
    endloop
  endfacet
  facet normal 0.980801 -0.195013 0
    outer loop
      vertex 1.45856 -2.31948 5.4
      vertex 1.48407 -2.19118 2.4
      vertex 1.48407 -2.19118 5.4
    endloop
  endfacet
  facet normal 0.980801 -0.195013 0
    outer loop
      vertex 1.48407 -2.19118 2.4
      vertex 1.45856 -2.31948 5.4
      vertex 1.45856 -2.31948 2.4
    endloop
  endfacet
  facet normal 0.997856 -0.0654432 0
    outer loop
      vertex 1.45 -2.45 5.4
      vertex 1.45856 -2.31948 2.4
      vertex 1.45856 -2.31948 5.4
    endloop
  endfacet
  facet normal 0.997856 -0.0654432 0
    outer loop
      vertex 1.45856 -2.31948 2.4
      vertex 1.45 -2.45 5.4
      vertex 1.45 -2.45 2.4
    endloop
  endfacet
  facet normal -0.997836 -0.0657477 0
    outer loop
      vertex 42.75 -2.45 2.4
      vertex 42.7414 -2.31948 5.4
      vertex 42.7414 -2.31948 2.4
    endloop
  endfacet
  facet normal -0.997836 -0.0657477 0
    outer loop
      vertex 42.7414 -2.31948 5.4
      vertex 42.75 -2.45 2.4
      vertex 42.75 -2.45 5.4
    endloop
  endfacet
  facet normal -0.442252 -0.896891 0
    outer loop
      vertex 42.1327 -1.52613 2.4
      vertex 42.25 -1.58397 5.4
      vertex 42.1327 -1.52613 5.4
    endloop
  endfacet
  facet normal -0.442252 -0.896891 -0
    outer loop
      vertex 42.25 -1.58397 5.4
      vertex 42.1327 -1.52613 2.4
      vertex 42.25 -1.58397 2.4
    endloop
  endfacet
  facet normal -0.555476 -0.831533 0
    outer loop
      vertex 42.25 -1.58397 2.4
      vertex 42.3588 -1.65665 5.4
      vertex 42.25 -1.58397 5.4
    endloop
  endfacet
  facet normal -0.555476 -0.831533 -0
    outer loop
      vertex 42.3588 -1.65665 5.4
      vertex 42.25 -1.58397 2.4
      vertex 42.3588 -1.65665 2.4
    endloop
  endfacet
  facet normal 1 -0 0
    outer loop
      vertex 15.834 -0.25 4.85
      vertex 15.834 0.75 3.35
      vertex 15.834 0.75 4.85
    endloop
  endfacet
  facet normal 1 0 0
    outer loop
      vertex 15.834 0.75 3.35
      vertex 15.834 -0.25 4.85
      vertex 15.834 -0.25 3.35
    endloop
  endfacet
  facet normal 0 0 -1
    outer loop
      vertex 8.034 -0.25 3.35
      vertex 15.834 0.75 3.35
      vertex 15.834 -0.25 3.35
    endloop
  endfacet
  facet normal -0 0 -1
    outer loop
      vertex 15.834 0.75 3.35
      vertex 8.034 -0.25 3.35
      vertex 8.034 0.75 3.35
    endloop
  endfacet
  facet normal -0 0 1
    outer loop
      vertex 8.034 0.75 4.85
      vertex 15.834 -0.25 4.85
      vertex 15.834 0.75 4.85
    endloop
  endfacet
  facet normal 0 0 1
    outer loop
      vertex 15.834 -0.25 4.85
      vertex 8.034 0.75 4.85
      vertex 8.034 -0.25 4.85
    endloop
  endfacet
  facet normal -1 0 0
    outer loop
      vertex 8.034 -0.25 3.35
      vertex 8.034 0.75 4.85
      vertex 8.034 0.75 3.35
    endloop
  endfacet
  facet normal -1 -0 0
    outer loop
      vertex 8.034 0.75 4.85
      vertex 8.034 -0.25 3.35
      vertex 8.034 -0.25 4.85
    endloop
  endfacet
  facet normal 0 1 -0
    outer loop
      vertex 15.834 0.75 3.35
      vertex 8.034 0.75 4.85
      vertex 15.834 0.75 4.85
    endloop
  endfacet
  facet normal 0 1 0
    outer loop
      vertex 8.034 0.75 4.85
      vertex 15.834 0.75 3.35
      vertex 8.034 0.75 3.35
    endloop
  endfacet
  facet normal 1 -0 0
    outer loop
      vertex 36.166 -0.25 4.85
      vertex 36.166 0.75 3.35
      vertex 36.166 0.75 4.85
    endloop
  endfacet
  facet normal 1 0 0
    outer loop
      vertex 36.166 0.75 3.35
      vertex 36.166 -0.25 4.85
      vertex 36.166 -0.25 3.35
    endloop
  endfacet
  facet normal 0 0 -1
    outer loop
      vertex 28.366 -0.25 3.35
      vertex 36.166 0.75 3.35
      vertex 36.166 -0.25 3.35
    endloop
  endfacet
  facet normal -0 0 -1
    outer loop
      vertex 36.166 0.75 3.35
      vertex 28.366 -0.25 3.35
      vertex 28.366 0.75 3.35
    endloop
  endfacet
  facet normal -0 0 1
    outer loop
      vertex 28.366 0.75 4.85
      vertex 36.166 -0.25 4.85
      vertex 36.166 0.75 4.85
    endloop
  endfacet
  facet normal 0 0 1
    outer loop
      vertex 36.166 -0.25 4.85
      vertex 28.366 0.75 4.85
      vertex 28.366 -0.25 4.85
    endloop
  endfacet
  facet normal -1 0 0
    outer loop
      vertex 28.366 -0.25 3.35
      vertex 28.366 0.75 4.85
      vertex 28.366 0.75 3.35
    endloop
  endfacet
  facet normal -1 -0 0
    outer loop
      vertex 28.366 0.75 4.85
      vertex 28.366 -0.25 3.35
      vertex 28.366 -0.25 4.85
    endloop
  endfacet
  facet normal 0 1 -0
    outer loop
      vertex 36.166 0.75 3.35
      vertex 28.366 0.75 4.85
      vertex 36.166 0.75 4.85
    endloop
  endfacet
  facet normal 0 1 0
    outer loop
      vertex 28.366 0.75 4.85
      vertex 36.166 0.75 3.35
      vertex 28.366 0.75 3.35
    endloop
  endfacet
  facet normal 0.98079 -0.195066 0
    outer loop
      vertex 7.08074 -89.7059 5.4
      vertex 7.17006 -89.2568 2.4
      vertex 7.17006 -89.2568 5.4
    endloop
  endfacet
  facet normal 0.98079 -0.195066 0
    outer loop
      vertex 7.17006 -89.2568 2.4
      vertex 7.08074 -89.7059 5.4
      vertex 7.08074 -89.7059 2.4
    endloop
  endfacet
  facet normal 0.997859 -0.0654026 0
    outer loop
      vertex 7.17006 -89.2568 5.4
      vertex 7.2 -88.8 2.4
      vertex 7.2 -88.8 5.4
    endloop
  endfacet
  facet normal 0.997859 -0.0654026 0
    outer loop
      vertex 7.2 -88.8 2.4
      vertex 7.17006 -89.2568 5.4
      vertex 7.17006 -89.2568 2.4
    endloop
  endfacet
  facet normal 0.442305 0.896864 -0
    outer loop
      vertex 5.45 -85.7689 2.4
      vertex 5.03939 -85.5664 5.4
      vertex 5.45 -85.7689 5.4
    endloop
  endfacet
  facet normal 0.442305 0.896864 0
    outer loop
      vertex 5.03939 -85.5664 5.4
      vertex 5.45 -85.7689 2.4
      vertex 5.03939 -85.5664 2.4
    endloop
  endfacet
  facet normal 0.946926 0.321452 0
    outer loop
      vertex 7.08074 -87.8941 5.4
      vertex 6.93358 -87.4606 2.4
      vertex 6.93358 -87.4606 5.4
    endloop
  endfacet
  facet normal 0.946926 0.321452 0
    outer loop
      vertex 6.93358 -87.4606 2.4
      vertex 7.08074 -87.8941 5.4
      vertex 7.08074 -87.8941 2.4
    endloop
  endfacet
  facet normal 0.896869 -0.442297 0
    outer loop
      vertex 6.73109 -90.55 5.4
      vertex 6.93358 -90.1394 2.4
      vertex 6.93358 -90.1394 5.4
    endloop
  endfacet
  facet normal 0.896869 -0.442297 0
    outer loop
      vertex 6.93358 -90.1394 2.4
      vertex 6.73109 -90.55 5.4
      vertex 6.73109 -90.55 2.4
    endloop
  endfacet
  facet normal 0.98079 0.195066 0
    outer loop
      vertex 7.17006 -88.3432 5.4
      vertex 7.08074 -87.8941 2.4
      vertex 7.08074 -87.8941 5.4
    endloop
  endfacet
  facet normal 0.98079 0.195066 0
    outer loop
      vertex 7.08074 -87.8941 2.4
      vertex 7.17006 -88.3432 5.4
      vertex 7.17006 -88.3432 2.4
    endloop
  endfacet
  facet normal 0.195263 0.980751 -0
    outer loop
      vertex 4.60587 -85.4193 2.4
      vertex 4.15684 -85.3299 5.4
      vertex 4.60587 -85.4193 5.4
    endloop
  endfacet
  facet normal 0.195263 0.980751 0
    outer loop
      vertex 4.15684 -85.3299 5.4
      vertex 4.60587 -85.4193 2.4
      vertex 4.15684 -85.3299 2.4
    endloop
  endfacet
  facet normal -0.997859 -0.0654069 0
    outer loop
      vertex 0.229942 -89.2568 2.4
      vertex 0.2 -88.8 5.4
      vertex 0.2 -88.8 2.4
    endloop
  endfacet
  facet normal -0.997859 -0.0654069 0
    outer loop
      vertex 0.2 -88.8 5.4
      vertex 0.229942 -89.2568 2.4
      vertex 0.229942 -89.2568 5.4
    endloop
  endfacet
  facet normal 0.659267 0.751909 -0
    outer loop
      vertex 6.17487 -86.3251 2.4
      vertex 5.83066 -86.0233 5.4
      vertex 6.17487 -86.3251 5.4
    endloop
  endfacet
  facet normal 0.659267 0.751909 0
    outer loop
      vertex 5.83066 -86.0233 5.4
      vertex 6.17487 -86.3251 2.4
      vertex 5.83066 -86.0233 2.4
    endloop
  endfacet
  facet normal -0.0653099 -0.997865 0
    outer loop
      vertex 3.24316 -92.2701 2.4
      vertex 3.7 -92.3 5.4
      vertex 3.24316 -92.2701 5.4
    endloop
  endfacet
  facet normal -0.0653099 -0.997865 -0
    outer loop
      vertex 3.7 -92.3 5.4
      vertex 3.24316 -92.2701 2.4
      vertex 3.7 -92.3 2.4
    endloop
  endfacet
  facet normal -0.555637 0.831425 0
    outer loop
      vertex 1.95 -85.7689 2.4
      vertex 1.56933 -86.0233 5.4
      vertex 1.95 -85.7689 5.4
    endloop
  endfacet
  facet normal -0.555637 0.831425 0
    outer loop
      vertex 1.56933 -86.0233 5.4
      vertex 1.95 -85.7689 2.4
      vertex 1.56933 -86.0233 2.4
    endloop
  endfacet
  facet normal 0.321322 0.94697 -0
    outer loop
      vertex 5.03939 -85.5664 2.4
      vertex 4.60587 -85.4193 5.4
      vertex 5.03939 -85.5664 5.4
    endloop
  endfacet
  facet normal 0.321322 0.94697 0
    outer loop
      vertex 4.60587 -85.4193 5.4
      vertex 5.03939 -85.5664 2.4
      vertex 4.60587 -85.4193 2.4
    endloop
  endfacet
  facet normal -0.980808 -0.194976 0
    outer loop
      vertex 0.25 -89.3577 2.4
      vertex 0.229942 -89.2568 5.4
      vertex 0.229942 -89.2568 2.4
    endloop
  endfacet
  facet normal -0.980808 -0.194976 0
    outer loop
      vertex 0.229942 -89.2568 5.4
      vertex 0.25 -89.3577 2.4
      vertex 0.25 -89.3577 5.4
    endloop
  endfacet
  facet normal 0.0653099 0.997865 -0
    outer loop
      vertex 4.15684 -85.3299 2.4
      vertex 3.7 -85.3 5.4
      vertex 4.15684 -85.3299 5.4
    endloop
  endfacet
  facet normal 0.0653099 0.997865 0
    outer loop
      vertex 3.7 -85.3 5.4
      vertex 4.15684 -85.3299 2.4
      vertex 3.7 -85.3 2.4
    endloop
  endfacet
  facet normal 0.751824 0.659364 0
    outer loop
      vertex 6.47674 -86.6693 5.4
      vertex 6.17487 -86.3251 2.4
      vertex 6.17487 -86.3251 5.4
    endloop
  endfacet
  facet normal 0.751824 0.659364 0
    outer loop
      vertex 6.17487 -86.3251 2.4
      vertex 6.47674 -86.6693 5.4
      vertex 6.47674 -86.6693 2.4
    endloop
  endfacet
  facet normal 0.831495 -0.555532 0
    outer loop
      vertex 6.47674 -90.9307 5.4
      vertex 6.73109 -90.55 2.4
      vertex 6.73109 -90.55 5.4
    endloop
  endfacet
  facet normal 0.831495 -0.555532 0
    outer loop
      vertex 6.73109 -90.55 2.4
      vertex 6.47674 -90.9307 5.4
      vertex 6.47674 -90.9307 2.4
    endloop
  endfacet
  facet normal 0.0653099 -0.997865 0
    outer loop
      vertex 3.7 -92.3 2.4
      vertex 4.15684 -92.2701 5.4
      vertex 3.7 -92.3 5.4
    endloop
  endfacet
  facet normal 0.0653099 -0.997865 0
    outer loop
      vertex 4.15684 -92.2701 5.4
      vertex 3.7 -92.3 2.4
      vertex 4.15684 -92.2701 2.4
    endloop
  endfacet
  facet normal 0.997859 0.0654026 0
    outer loop
      vertex 7.2 -88.8 5.4
      vertex 7.17006 -88.3432 2.4
      vertex 7.17006 -88.3432 5.4
    endloop
  endfacet
  facet normal 0.997859 0.0654026 0
    outer loop
      vertex 7.17006 -88.3432 2.4
      vertex 7.2 -88.8 5.4
      vertex 7.2 -88.8 2.4
    endloop
  endfacet
  facet normal 0.896869 0.442297 0
    outer loop
      vertex 6.93358 -87.4606 5.4
      vertex 6.73109 -87.05 2.4
      vertex 6.73109 -87.05 5.4
    endloop
  endfacet
  facet normal 0.896869 0.442297 0
    outer loop
      vertex 6.73109 -87.05 2.4
      vertex 6.93358 -87.4606 5.4
      vertex 6.93358 -87.4606 2.4
    endloop
  endfacet
  facet normal -0.442305 0.896864 0
    outer loop
      vertex 2.36061 -85.5664 2.4
      vertex 1.95 -85.7689 5.4
      vertex 2.36061 -85.5664 5.4
    endloop
  endfacet
  facet normal -0.442305 0.896864 0
    outer loop
      vertex 1.95 -85.7689 5.4
      vertex 2.36061 -85.5664 2.4
      vertex 1.95 -85.7689 2.4
    endloop
  endfacet
  facet normal -0.980808 0.194976 0
    outer loop
      vertex 0.229942 -88.3432 2.4
      vertex 0.25 -88.2423 5.4
      vertex 0.25 -88.2423 2.4
    endloop
  endfacet
  facet normal -0.980808 0.194976 0
    outer loop
      vertex 0.25 -88.2423 5.4
      vertex 0.229942 -88.3432 2.4
      vertex 0.229942 -88.3432 5.4
    endloop
  endfacet
  facet normal 0.555647 0.831418 -0
    outer loop
      vertex 5.83066 -86.0233 2.4
      vertex 5.45 -85.7689 5.4
      vertex 5.83066 -86.0233 5.4
    endloop
  endfacet
  facet normal 0.555647 0.831418 0
    outer loop
      vertex 5.45 -85.7689 5.4
      vertex 5.83066 -86.0233 2.4
      vertex 5.45 -85.7689 2.4
    endloop
  endfacet
  facet normal 0.946926 -0.321452 0
    outer loop
      vertex 6.93358 -90.1394 5.4
      vertex 7.08074 -89.7059 2.4
      vertex 7.08074 -89.7059 5.4
    endloop
  endfacet
  facet normal 0.946926 -0.321452 0
    outer loop
      vertex 7.08074 -89.7059 2.4
      vertex 6.93358 -90.1394 5.4
      vertex 6.93358 -90.1394 2.4
    endloop
  endfacet
  facet normal -0.997859 0.0654069 0
    outer loop
      vertex 0.2 -88.8 2.4
      vertex 0.229942 -88.3432 5.4
      vertex 0.229942 -88.3432 2.4
    endloop
  endfacet
  facet normal -0.997859 0.0654069 0
    outer loop
      vertex 0.229942 -88.3432 5.4
      vertex 0.2 -88.8 2.4
      vertex 0.2 -88.8 5.4
    endloop
  endfacet
  facet normal 0.831495 0.555532 0
    outer loop
      vertex 6.73109 -87.05 5.4
      vertex 6.47674 -86.6693 2.4
      vertex 6.47674 -86.6693 5.4
    endloop
  endfacet
  facet normal 0.831495 0.555532 0
    outer loop
      vertex 6.47674 -86.6693 2.4
      vertex 6.73109 -87.05 5.4
      vertex 6.73109 -87.05 2.4
    endloop
  endfacet
  facet normal 0.195499 -0.980704 0
    outer loop
      vertex 4.15684 -92.2701 2.4
      vertex 4.25767 -92.25 5.4
      vertex 4.15684 -92.2701 5.4
    endloop
  endfacet
  facet normal 0.195499 -0.980704 0
    outer loop
      vertex 4.25767 -92.25 5.4
      vertex 4.15684 -92.2701 2.4
      vertex 4.25767 -92.25 2.4
    endloop
  endfacet
  facet normal -0.0653099 0.997865 0
    outer loop
      vertex 3.7 -85.3 2.4
      vertex 3.24316 -85.3299 5.4
      vertex 3.7 -85.3 5.4
    endloop
  endfacet
  facet normal -0.0653099 0.997865 0
    outer loop
      vertex 3.24316 -85.3299 5.4
      vertex 3.7 -85.3 2.4
      vertex 3.24316 -85.3299 2.4
    endloop
  endfacet
  facet normal 0.751756 -0.659441 0
    outer loop
      vertex 6.37209 -91.05 5.4
      vertex 6.47674 -90.9307 2.4
      vertex 6.47674 -90.9307 5.4
    endloop
  endfacet
  facet normal 0.751756 -0.659441 0
    outer loop
      vertex 6.47674 -90.9307 2.4
      vertex 6.37209 -91.05 5.4
      vertex 6.37209 -91.05 2.4
    endloop
  endfacet
  facet normal -0.195499 -0.980704 0
    outer loop
      vertex 3.14233 -92.25 2.4
      vertex 3.24316 -92.2701 5.4
      vertex 3.14233 -92.25 5.4
    endloop
  endfacet
  facet normal -0.195499 -0.980704 -0
    outer loop
      vertex 3.24316 -92.2701 5.4
      vertex 3.14233 -92.25 2.4
      vertex 3.24316 -92.2701 2.4
    endloop
  endfacet
  facet normal -0.321322 0.94697 0
    outer loop
      vertex 2.79413 -85.4193 2.4
      vertex 2.36061 -85.5664 5.4
      vertex 2.79413 -85.4193 5.4
    endloop
  endfacet
  facet normal -0.321322 0.94697 0
    outer loop
      vertex 2.36061 -85.5664 5.4
      vertex 2.79413 -85.4193 2.4
      vertex 2.36061 -85.5664 2.4
    endloop
  endfacet
  facet normal -0.195263 0.980751 0
    outer loop
      vertex 3.24316 -85.3299 2.4
      vertex 2.79413 -85.4193 5.4
      vertex 3.24316 -85.3299 5.4
    endloop
  endfacet
  facet normal -0.195263 0.980751 0
    outer loop
      vertex 2.79413 -85.4193 5.4
      vertex 3.24316 -85.3299 2.4
      vertex 2.79413 -85.4193 2.4
    endloop
  endfacet
  facet normal -0.659169 0.751995 0
    outer loop
      vertex 1.56933 -86.0233 2.4
      vertex 1.45 -86.1279 5.4
      vertex 1.56933 -86.0233 5.4
    endloop
  endfacet
  facet normal -0.659169 0.751995 0
    outer loop
      vertex 1.45 -86.1279 5.4
      vertex 1.56933 -86.0233 2.4
      vertex 1.45 -86.1279 2.4
    endloop
  endfacet
  facet normal 0.98073 -0.195368 0
    outer loop
      vertex 43.95 -89.3577 5.4
      vertex 43.9701 -89.2568 2.4
      vertex 43.9701 -89.2568 5.4
    endloop
  endfacet
  facet normal 0.98073 -0.195368 0
    outer loop
      vertex 43.9701 -89.2568 2.4
      vertex 43.95 -89.3577 5.4
      vertex 43.95 -89.3577 2.4
    endloop
  endfacet
  facet normal 0.997865 -0.0653156 0
    outer loop
      vertex 43.9701 -89.2568 5.4
      vertex 44 -88.8 2.4
      vertex 44 -88.8 5.4
    endloop
  endfacet
  facet normal 0.997865 -0.0653156 0
    outer loop
      vertex 44 -88.8 2.4
      vertex 43.9701 -89.2568 5.4
      vertex 43.9701 -89.2568 2.4
    endloop
  endfacet
  facet normal -0.89686 0.442314 0
    outer loop
      vertex 37.2664 -87.4606 2.4
      vertex 37.4689 -87.05 5.4
      vertex 37.4689 -87.05 2.4
    endloop
  endfacet
  facet normal -0.89686 0.442314 0
    outer loop
      vertex 37.4689 -87.05 5.4
      vertex 37.2664 -87.4606 2.4
      vertex 37.2664 -87.4606 5.4
    endloop
  endfacet
  facet normal 0.997865 0.0653156 0
    outer loop
      vertex 44 -88.8 5.4
      vertex 43.9701 -88.3432 2.4
      vertex 43.9701 -88.3432 5.4
    endloop
  endfacet
  facet normal 0.997865 0.0653156 0
    outer loop
      vertex 43.9701 -88.3432 2.4
      vertex 44 -88.8 5.4
      vertex 44 -88.8 2.4
    endloop
  endfacet
  facet normal -0.0653156 -0.997865 0
    outer loop
      vertex 40.0432 -92.2701 2.4
      vertex 40.5 -92.3 5.4
      vertex 40.0432 -92.2701 5.4
    endloop
  endfacet
  facet normal -0.0653156 -0.997865 -0
    outer loop
      vertex 40.5 -92.3 5.4
      vertex 40.0432 -92.2701 2.4
      vertex 40.5 -92.3 2.4
    endloop
  endfacet
  facet normal -0.946966 0.321335 0
    outer loop
      vertex 37.1193 -87.8941 2.4
      vertex 37.2664 -87.4606 5.4
      vertex 37.2664 -87.4606 2.4
    endloop
  endfacet
  facet normal -0.946966 0.321335 0
    outer loop
      vertex 37.2664 -87.4606 5.4
      vertex 37.1193 -87.8941 2.4
      vertex 37.1193 -87.8941 5.4
    endloop
  endfacet
  facet normal -0.946966 -0.321335 0
    outer loop
      vertex 37.2664 -90.1394 2.4
      vertex 37.1193 -89.7059 5.4
      vertex 37.1193 -89.7059 2.4
    endloop
  endfacet
  facet normal -0.946966 -0.321335 0
    outer loop
      vertex 37.1193 -89.7059 5.4
      vertex 37.2664 -90.1394 2.4
      vertex 37.2664 -90.1394 5.4
    endloop
  endfacet
  facet normal -0.321335 0.946966 0
    outer loop
      vertex 39.5941 -85.4193 2.4
      vertex 39.1606 -85.5664 5.4
      vertex 39.5941 -85.4193 5.4
    endloop
  endfacet
  facet normal -0.321335 0.946966 0
    outer loop
      vertex 39.1606 -85.5664 5.4
      vertex 39.5941 -85.4193 2.4
      vertex 39.1606 -85.5664 2.4
    endloop
  endfacet
  facet normal 0.321335 0.946966 -0
    outer loop
      vertex 41.8394 -85.5664 2.4
      vertex 41.4059 -85.4193 5.4
      vertex 41.8394 -85.5664 5.4
    endloop
  endfacet
  facet normal 0.321335 0.946966 0
    outer loop
      vertex 41.4059 -85.4193 5.4
      vertex 41.8394 -85.5664 2.4
      vertex 41.4059 -85.4193 2.4
    endloop
  endfacet
  facet normal -0.980757 -0.195234 0
    outer loop
      vertex 37.1193 -89.7059 2.4
      vertex 37.0299 -89.2568 5.4
      vertex 37.0299 -89.2568 2.4
    endloop
  endfacet
  facet normal -0.980757 -0.195234 0
    outer loop
      vertex 37.0299 -89.2568 5.4
      vertex 37.1193 -89.7059 2.4
      vertex 37.1193 -89.7059 5.4
    endloop
  endfacet
  facet normal -0.7519 0.659278 0
    outer loop
      vertex 37.7233 -86.6693 2.4
      vertex 38.0251 -86.3251 5.4
      vertex 38.0251 -86.3251 2.4
    endloop
  endfacet
  facet normal -0.7519 0.659278 0
    outer loop
      vertex 38.0251 -86.3251 5.4
      vertex 37.7233 -86.6693 2.4
      vertex 37.7233 -86.6693 5.4
    endloop
  endfacet
  facet normal -0.997865 0.0653156 0
    outer loop
      vertex 37 -88.8 2.4
      vertex 37.0299 -88.3432 5.4
      vertex 37.0299 -88.3432 2.4
    endloop
  endfacet
  facet normal -0.997865 0.0653156 0
    outer loop
      vertex 37.0299 -88.3432 5.4
      vertex 37 -88.8 2.4
      vertex 37 -88.8 5.4
    endloop
  endfacet
  facet normal -0.751913 -0.659263 0
    outer loop
      vertex 37.8279 -91.05 2.4
      vertex 37.7233 -90.9307 5.4
      vertex 37.7233 -90.9307 2.4
    endloop
  endfacet
  facet normal -0.751913 -0.659263 0
    outer loop
      vertex 37.7233 -90.9307 5.4
      vertex 37.8279 -91.05 2.4
      vertex 37.8279 -91.05 5.4
    endloop
  endfacet
  facet normal -0.0653156 0.997865 0
    outer loop
      vertex 40.5 -85.3 2.4
      vertex 40.0432 -85.3299 5.4
      vertex 40.5 -85.3 5.4
    endloop
  endfacet
  facet normal -0.0653156 0.997865 0
    outer loop
      vertex 40.0432 -85.3299 5.4
      vertex 40.5 -85.3 2.4
      vertex 40.0432 -85.3299 2.4
    endloop
  endfacet
  facet normal -0.997865 -0.0653156 0
    outer loop
      vertex 37.0299 -89.2568 2.4
      vertex 37 -88.8 5.4
      vertex 37 -88.8 2.4
    endloop
  endfacet
  facet normal -0.997865 -0.0653156 0
    outer loop
      vertex 37 -88.8 5.4
      vertex 37.0299 -89.2568 2.4
      vertex 37.0299 -89.2568 5.4
    endloop
  endfacet
  facet normal 0.195234 0.980757 -0
    outer loop
      vertex 41.4059 -85.4193 2.4
      vertex 40.9568 -85.3299 5.4
      vertex 41.4059 -85.4193 5.4
    endloop
  endfacet
  facet normal 0.195234 0.980757 0
    outer loop
      vertex 40.9568 -85.3299 5.4
      vertex 41.4059 -85.4193 2.4
      vertex 40.9568 -85.3299 2.4
    endloop
  endfacet
  facet normal -0.555607 0.831445 0
    outer loop
      vertex 38.75 -85.7689 2.4
      vertex 38.3693 -86.0233 5.4
      vertex 38.75 -85.7689 5.4
    endloop
  endfacet
  facet normal -0.555607 0.831445 0
    outer loop
      vertex 38.3693 -86.0233 5.4
      vertex 38.75 -85.7689 2.4
      vertex 38.3693 -86.0233 2.4
    endloop
  endfacet
  facet normal 0.98073 0.195368 0
    outer loop
      vertex 43.9701 -88.3432 5.4
      vertex 43.95 -88.2423 2.4
      vertex 43.95 -88.2423 5.4
    endloop
  endfacet
  facet normal 0.98073 0.195368 0
    outer loop
      vertex 43.95 -88.2423 2.4
      vertex 43.9701 -88.3432 5.4
      vertex 43.9701 -88.3432 2.4
    endloop
  endfacet
  facet normal 0.0653156 -0.997865 0
    outer loop
      vertex 40.5 -92.3 2.4
      vertex 40.9568 -92.2701 5.4
      vertex 40.5 -92.3 5.4
    endloop
  endfacet
  facet normal 0.0653156 -0.997865 0
    outer loop
      vertex 40.9568 -92.2701 5.4
      vertex 40.5 -92.3 2.4
      vertex 40.9568 -92.2701 2.4
    endloop
  endfacet
  facet normal -0.831445 0.555607 0
    outer loop
      vertex 37.4689 -87.05 2.4
      vertex 37.7233 -86.6693 5.4
      vertex 37.7233 -86.6693 2.4
    endloop
  endfacet
  facet normal -0.831445 0.555607 0
    outer loop
      vertex 37.7233 -86.6693 5.4
      vertex 37.4689 -87.05 2.4
      vertex 37.4689 -87.05 5.4
    endloop
  endfacet
  facet normal 0.442314 0.89686 -0
    outer loop
      vertex 42.25 -85.7689 2.4
      vertex 41.8394 -85.5664 5.4
      vertex 42.25 -85.7689 5.4
    endloop
  endfacet
  facet normal 0.442314 0.89686 0
    outer loop
      vertex 41.8394 -85.5664 5.4
      vertex 42.25 -85.7689 2.4
      vertex 41.8394 -85.5664 2.4
    endloop
  endfacet
  facet normal -0.195368 -0.98073 0
    outer loop
      vertex 39.9423 -92.25 2.4
      vertex 40.0432 -92.2701 5.4
      vertex 39.9423 -92.25 5.4
    endloop
  endfacet
  facet normal -0.195368 -0.98073 -0
    outer loop
      vertex 40.0432 -92.2701 5.4
      vertex 39.9423 -92.25 2.4
      vertex 40.0432 -92.2701 2.4
    endloop
  endfacet
  facet normal 0.0653156 0.997865 -0
    outer loop
      vertex 40.9568 -85.3299 2.4
      vertex 40.5 -85.3 5.4
      vertex 40.9568 -85.3299 5.4
    endloop
  endfacet
  facet normal 0.0653156 0.997865 0
    outer loop
      vertex 40.5 -85.3 5.4
      vertex 40.9568 -85.3299 2.4
      vertex 40.5 -85.3 2.4
    endloop
  endfacet
  facet normal -0.980757 0.195234 0
    outer loop
      vertex 37.0299 -88.3432 2.4
      vertex 37.1193 -87.8941 5.4
      vertex 37.1193 -87.8941 2.4
    endloop
  endfacet
  facet normal -0.980757 0.195234 0
    outer loop
      vertex 37.1193 -87.8941 5.4
      vertex 37.0299 -88.3432 2.4
      vertex 37.0299 -88.3432 5.4
    endloop
  endfacet
  facet normal 0.555607 0.831445 -0
    outer loop
      vertex 42.6307 -86.0233 2.4
      vertex 42.25 -85.7689 5.4
      vertex 42.6307 -86.0233 5.4
    endloop
  endfacet
  facet normal 0.555607 0.831445 0
    outer loop
      vertex 42.25 -85.7689 5.4
      vertex 42.6307 -86.0233 2.4
      vertex 42.25 -85.7689 2.4
    endloop
  endfacet
  facet normal 0.659263 0.751913 -0
    outer loop
      vertex 42.75 -86.1279 2.4
      vertex 42.6307 -86.0233 5.4
      vertex 42.75 -86.1279 5.4
    endloop
  endfacet
  facet normal 0.659263 0.751913 0
    outer loop
      vertex 42.6307 -86.0233 5.4
      vertex 42.75 -86.1279 2.4
      vertex 42.6307 -86.0233 2.4
    endloop
  endfacet
  facet normal 0.195368 -0.98073 0
    outer loop
      vertex 40.9568 -92.2701 2.4
      vertex 41.0577 -92.25 5.4
      vertex 40.9568 -92.2701 5.4
    endloop
  endfacet
  facet normal 0.195368 -0.98073 0
    outer loop
      vertex 41.0577 -92.25 5.4
      vertex 40.9568 -92.2701 2.4
      vertex 41.0577 -92.25 2.4
    endloop
  endfacet
  facet normal -0.89686 -0.442314 0
    outer loop
      vertex 37.4689 -90.55 2.4
      vertex 37.2664 -90.1394 5.4
      vertex 37.2664 -90.1394 2.4
    endloop
  endfacet
  facet normal -0.89686 -0.442314 0
    outer loop
      vertex 37.2664 -90.1394 5.4
      vertex 37.4689 -90.55 2.4
      vertex 37.4689 -90.55 5.4
    endloop
  endfacet
  facet normal -0.442314 0.89686 0
    outer loop
      vertex 39.1606 -85.5664 2.4
      vertex 38.75 -85.7689 5.4
      vertex 39.1606 -85.5664 5.4
    endloop
  endfacet
  facet normal -0.442314 0.89686 0
    outer loop
      vertex 38.75 -85.7689 5.4
      vertex 39.1606 -85.5664 2.4
      vertex 38.75 -85.7689 2.4
    endloop
  endfacet
  facet normal -0.831445 -0.555607 0
    outer loop
      vertex 37.7233 -90.9307 2.4
      vertex 37.4689 -90.55 5.4
      vertex 37.4689 -90.55 2.4
    endloop
  endfacet
  facet normal -0.831445 -0.555607 0
    outer loop
      vertex 37.4689 -90.55 5.4
      vertex 37.7233 -90.9307 2.4
      vertex 37.7233 -90.9307 5.4
    endloop
  endfacet
  facet normal -0.195234 0.980757 0
    outer loop
      vertex 40.0432 -85.3299 2.4
      vertex 39.5941 -85.4193 5.4
      vertex 40.0432 -85.3299 5.4
    endloop
  endfacet
  facet normal -0.195234 0.980757 0
    outer loop
      vertex 39.5941 -85.4193 5.4
      vertex 40.0432 -85.3299 2.4
      vertex 39.5941 -85.4193 2.4
    endloop
  endfacet
  facet normal -0.659278 0.7519 0
    outer loop
      vertex 38.3693 -86.0233 2.4
      vertex 38.0251 -86.3251 5.4
      vertex 38.3693 -86.0233 5.4
    endloop
  endfacet
  facet normal -0.659278 0.7519 0
    outer loop
      vertex 38.0251 -86.3251 5.4
      vertex 38.3693 -86.0233 2.4
      vertex 38.0251 -86.3251 2.4
    endloop
  endfacet
  facet normal 0.980776 -0.195136 0
    outer loop
      vertex 8.77333 -60.6823 4.4
      vertex 8.83075 -60.3937 2.4
      vertex 8.83075 -60.3937 4.4
    endloop
  endfacet
  facet normal 0.980776 -0.195136 0
    outer loop
      vertex 8.83075 -60.3937 2.4
      vertex 8.77333 -60.6823 4.4
      vertex 8.77333 -60.6823 2.4
    endloop
  endfacet
  facet normal 0.997859 -0.0654027 0
    outer loop
      vertex 8.83075 -60.3937 4.4
      vertex 8.85 -60.1 2.4
      vertex 8.85 -60.1 4.4
    endloop
  endfacet
  facet normal 0.997859 -0.0654027 0
    outer loop
      vertex 8.85 -60.1 2.4
      vertex 8.83075 -60.3937 4.4
      vertex 8.83075 -60.3937 2.4
    endloop
  endfacet
  facet normal 0.321421 0.946936 -0
    outer loop
      vertex 7.46104 -58.0213 2.4
      vertex 7.18234 -57.9267 4.4
      vertex 7.46104 -58.0213 4.4
    endloop
  endfacet
  facet normal 0.321421 0.946936 0
    outer loop
      vertex 7.18234 -57.9267 4.4
      vertex 7.46104 -58.0213 2.4
      vertex 7.18234 -57.9267 2.4
    endloop
  endfacet
  facet normal -0.980776 0.195136 0
    outer loop
      vertex 4.36925 -59.8063 2.4
      vertex 4.42667 -59.5177 4.4
      vertex 4.42667 -59.5177 2.4
    endloop
  endfacet
  facet normal -0.980776 0.195136 0
    outer loop
      vertex 4.42667 -59.5177 4.4
      vertex 4.36925 -59.8063 2.4
      vertex 4.36925 -59.8063 4.4
    endloop
  endfacet
  facet normal 0.751882 -0.659298 0
    outer loop
      vertex 8.19099 -61.691 4.4
      vertex 8.38504 -61.4697 2.4
      vertex 8.38504 -61.4697 4.4
    endloop
  endfacet
  facet normal 0.751882 -0.659298 0
    outer loop
      vertex 8.38504 -61.4697 2.4
      vertex 8.19099 -61.691 4.4
      vertex 8.19099 -61.691 2.4
    endloop
  endfacet
  facet normal -0.980776 -0.195136 0
    outer loop
      vertex 4.42667 -60.6823 2.4
      vertex 4.36925 -60.3937 4.4
      vertex 4.36925 -60.3937 2.4
    endloop
  endfacet
  facet normal -0.980776 -0.195136 0
    outer loop
      vertex 4.36925 -60.3937 4.4
      vertex 4.42667 -60.6823 2.4
      vertex 4.42667 -60.6823 4.4
    endloop
  endfacet
  facet normal -0.831459 0.555586 0
    outer loop
      vertex 4.65144 -58.975 2.4
      vertex 4.81495 -58.7303 4.4
      vertex 4.81495 -58.7303 2.4
    endloop
  endfacet
  facet normal -0.831459 0.555586 0
    outer loop
      vertex 4.81495 -58.7303 4.4
      vertex 4.65144 -58.975 2.4
      vertex 4.65144 -58.975 4.4
    endloop
  endfacet
  facet normal -0.946936 0.321421 0
    outer loop
      vertex 4.42667 -59.5177 2.4
      vertex 4.52127 -59.239 4.4
      vertex 4.52127 -59.239 2.4
    endloop
  endfacet
  facet normal -0.946936 0.321421 0
    outer loop
      vertex 4.52127 -59.239 4.4
      vertex 4.42667 -59.5177 2.4
      vertex 4.42667 -59.5177 4.4
    endloop
  endfacet
  facet normal 0.997859 0.0654027 0
    outer loop
      vertex 8.85 -60.1 4.4
      vertex 8.83075 -59.8063 2.4
      vertex 8.83075 -59.8063 4.4
    endloop
  endfacet
  facet normal 0.997859 0.0654027 0
    outer loop
      vertex 8.83075 -59.8063 2.4
      vertex 8.85 -60.1 4.4
      vertex 8.85 -60.1 2.4
    endloop
  endfacet
  facet normal -0.659236 0.751936 0
    outer loop
      vertex 5.23029 -58.315 2.4
      vertex 5.00901 -58.509 4.4
      vertex 5.23029 -58.315 4.4
    endloop
  endfacet
  facet normal -0.659236 0.751936 0
    outer loop
      vertex 5.00901 -58.509 4.4
      vertex 5.23029 -58.315 2.4
      vertex 5.00901 -58.509 2.4
    endloop
  endfacet
  facet normal 0.321421 -0.946936 0
    outer loop
      vertex 7.18234 -62.2733 2.4
      vertex 7.46104 -62.1787 4.4
      vertex 7.18234 -62.2733 4.4
    endloop
  endfacet
  facet normal 0.321421 -0.946936 0
    outer loop
      vertex 7.46104 -62.1787 4.4
      vertex 7.18234 -62.2733 2.4
      vertex 7.46104 -62.1787 2.4
    endloop
  endfacet
  facet normal -0.8969 -0.442233 0
    outer loop
      vertex 4.65144 -61.225 2.4
      vertex 4.52127 -60.961 4.4
      vertex 4.52127 -60.961 2.4
    endloop
  endfacet
  facet normal -0.8969 -0.442233 0
    outer loop
      vertex 4.52127 -60.961 4.4
      vertex 4.65144 -61.225 2.4
      vertex 4.65144 -61.225 4.4
    endloop
  endfacet
  facet normal 0.442096 0.896968 -0
    outer loop
      vertex 7.725 -58.1514 2.4
      vertex 7.46104 -58.0213 4.4
      vertex 7.725 -58.1514 4.4
    endloop
  endfacet
  facet normal 0.442096 0.896968 0
    outer loop
      vertex 7.46104 -58.0213 4.4
      vertex 7.725 -58.1514 2.4
      vertex 7.46104 -58.0213 2.4
    endloop
  endfacet
  facet normal 0.980776 0.195136 0
    outer loop
      vertex 8.83075 -59.8063 4.4
      vertex 8.77333 -59.5177 2.4
      vertex 8.77333 -59.5177 4.4
    endloop
  endfacet
  facet normal 0.980776 0.195136 0
    outer loop
      vertex 8.77333 -59.5177 2.4
      vertex 8.83075 -59.8063 4.4
      vertex 8.83075 -59.8063 2.4
    endloop
  endfacet
  facet normal 0.065238 0.99787 -0
    outer loop
      vertex 6.89368 -57.8692 2.4
      vertex 6.6 -57.85 4.4
      vertex 6.89368 -57.8692 4.4
    endloop
  endfacet
  facet normal 0.065238 0.99787 0
    outer loop
      vertex 6.6 -57.85 4.4
      vertex 6.89368 -57.8692 2.4
      vertex 6.6 -57.85 2.4
    endloop
  endfacet
  facet normal 0.442096 -0.896968 0
    outer loop
      vertex 7.46104 -62.1787 2.4
      vertex 7.725 -62.0486 4.4
      vertex 7.46104 -62.1787 4.4
    endloop
  endfacet
  facet normal 0.442096 -0.896968 0
    outer loop
      vertex 7.725 -62.0486 4.4
      vertex 7.46104 -62.1787 2.4
      vertex 7.725 -62.0486 2.4
    endloop
  endfacet
  facet normal 0.946936 0.321421 0
    outer loop
      vertex 8.77333 -59.5177 4.4
      vertex 8.67873 -59.239 2.4
      vertex 8.67873 -59.239 4.4
    endloop
  endfacet
  facet normal 0.946936 0.321421 0
    outer loop
      vertex 8.67873 -59.239 2.4
      vertex 8.77333 -59.5177 4.4
      vertex 8.77333 -59.5177 2.4
    endloop
  endfacet
  facet normal -0.442096 -0.896968 0
    outer loop
      vertex 5.475 -62.0486 2.4
      vertex 5.73896 -62.1787 4.4
      vertex 5.475 -62.0486 4.4
    endloop
  endfacet
  facet normal -0.442096 -0.896968 -0
    outer loop
      vertex 5.73896 -62.1787 4.4
      vertex 5.475 -62.0486 2.4
      vertex 5.73896 -62.1787 2.4
    endloop
  endfacet
  facet normal -0.751865 -0.659317 0
    outer loop
      vertex 5.00901 -61.691 2.4
      vertex 4.81495 -61.4697 4.4
      vertex 4.81495 -61.4697 2.4
    endloop
  endfacet
  facet normal -0.751865 -0.659317 0
    outer loop
      vertex 4.81495 -61.4697 4.4
      vertex 5.00901 -61.691 2.4
      vertex 5.00901 -61.691 4.4
    endloop
  endfacet
  facet normal -0.659236 -0.751936 0
    outer loop
      vertex 5.00901 -61.691 2.4
      vertex 5.23029 -61.885 4.4
      vertex 5.00901 -61.691 4.4
    endloop
  endfacet
  facet normal -0.659236 -0.751936 -0
    outer loop
      vertex 5.23029 -61.885 4.4
      vertex 5.00901 -61.691 2.4
      vertex 5.23029 -61.885 2.4
    endloop
  endfacet
  facet normal 0.555782 -0.831328 0
    outer loop
      vertex 7.725 -62.0486 2.4
      vertex 7.96971 -61.885 4.4
      vertex 7.725 -62.0486 4.4
    endloop
  endfacet
  facet normal 0.555782 -0.831328 0
    outer loop
      vertex 7.96971 -61.885 4.4
      vertex 7.725 -62.0486 2.4
      vertex 7.96971 -61.885 2.4
    endloop
  endfacet
  facet normal 0.831443 -0.555609 0
    outer loop
      vertex 8.38504 -61.4697 4.4
      vertex 8.54856 -61.225 2.4
      vertex 8.54856 -61.225 4.4
    endloop
  endfacet
  facet normal 0.831443 -0.555609 0
    outer loop
      vertex 8.54856 -61.225 2.4
      vertex 8.38504 -61.4697 4.4
      vertex 8.38504 -61.4697 2.4
    endloop
  endfacet
  facet normal -0.321421 -0.946936 0
    outer loop
      vertex 5.73896 -62.1787 2.4
      vertex 6.01766 -62.2733 4.4
      vertex 5.73896 -62.1787 4.4
    endloop
  endfacet
  facet normal -0.321421 -0.946936 -0
    outer loop
      vertex 6.01766 -62.2733 4.4
      vertex 5.73896 -62.1787 2.4
      vertex 6.01766 -62.2733 2.4
    endloop
  endfacet
  facet normal -0.555782 0.831328 0
    outer loop
      vertex 5.475 -58.1514 2.4
      vertex 5.23029 -58.315 4.4
      vertex 5.475 -58.1514 4.4
    endloop
  endfacet
  facet normal -0.555782 0.831328 0
    outer loop
      vertex 5.23029 -58.315 4.4
      vertex 5.475 -58.1514 2.4
      vertex 5.23029 -58.315 2.4
    endloop
  endfacet
  facet normal -0.065238 0.99787 0
    outer loop
      vertex 6.6 -57.85 2.4
      vertex 6.30632 -57.8692 4.4
      vertex 6.6 -57.85 4.4
    endloop
  endfacet
  facet normal -0.065238 0.99787 0
    outer loop
      vertex 6.30632 -57.8692 4.4
      vertex 6.6 -57.85 2.4
      vertex 6.30632 -57.8692 2.4
    endloop
  endfacet
  facet normal -0.751865 0.659317 0
    outer loop
      vertex 4.81495 -58.7303 2.4
      vertex 5.00901 -58.509 4.4
      vertex 5.00901 -58.509 2.4
    endloop
  endfacet
  facet normal -0.751865 0.659317 0
    outer loop
      vertex 5.00901 -58.509 4.4
      vertex 4.81495 -58.7303 2.4
      vertex 4.81495 -58.7303 4.4
    endloop
  endfacet
  facet normal 0.8969 -0.442233 0
    outer loop
      vertex 8.54856 -61.225 4.4
      vertex 8.67873 -60.961 2.4
      vertex 8.67873 -60.961 4.4
    endloop
  endfacet
  facet normal 0.8969 -0.442233 0
    outer loop
      vertex 8.67873 -60.961 2.4
      vertex 8.54856 -61.225 4.4
      vertex 8.54856 -61.225 2.4
    endloop
  endfacet
  facet normal 0.8969 0.442233 0
    outer loop
      vertex 8.67873 -59.239 4.4
      vertex 8.54856 -58.975 2.4
      vertex 8.54856 -58.975 4.4
    endloop
  endfacet
  facet normal 0.8969 0.442233 0
    outer loop
      vertex 8.54856 -58.975 2.4
      vertex 8.67873 -59.239 4.4
      vertex 8.67873 -59.239 2.4
    endloop
  endfacet
  facet normal 0.195031 -0.980797 0
    outer loop
      vertex 6.89368 -62.3307 2.4
      vertex 7.18234 -62.2733 4.4
      vertex 6.89368 -62.3307 4.4
    endloop
  endfacet
  facet normal 0.195031 -0.980797 0
    outer loop
      vertex 7.18234 -62.2733 4.4
      vertex 6.89368 -62.3307 2.4
      vertex 7.18234 -62.2733 2.4
    endloop
  endfacet
  facet normal 0.555782 0.831328 -0
    outer loop
      vertex 7.96971 -58.315 2.4
      vertex 7.725 -58.1514 4.4
      vertex 7.96971 -58.315 4.4
    endloop
  endfacet
  facet normal 0.555782 0.831328 0
    outer loop
      vertex 7.725 -58.1514 4.4
      vertex 7.96971 -58.315 2.4
      vertex 7.725 -58.1514 2.4
    endloop
  endfacet
  facet normal 0.831443 0.555609 0
    outer loop
      vertex 8.54856 -58.975 4.4
      vertex 8.38504 -58.7303 2.4
      vertex 8.38504 -58.7303 4.4
    endloop
  endfacet
  facet normal 0.831443 0.555609 0
    outer loop
      vertex 8.38504 -58.7303 2.4
      vertex 8.54856 -58.975 4.4
      vertex 8.54856 -58.975 2.4
    endloop
  endfacet
  facet normal -0.997859 -0.0654027 0
    outer loop
      vertex 4.36925 -60.3937 2.4
      vertex 4.35 -60.1 4.4
      vertex 4.35 -60.1 2.4
    endloop
  endfacet
  facet normal -0.997859 -0.0654027 0
    outer loop
      vertex 4.35 -60.1 4.4
      vertex 4.36925 -60.3937 2.4
      vertex 4.36925 -60.3937 4.4
    endloop
  endfacet
  facet normal 0.195358 0.980732 -0
    outer loop
      vertex 7.18234 -57.9267 2.4
      vertex 6.89368 -57.8692 4.4
      vertex 7.18234 -57.9267 4.4
    endloop
  endfacet
  facet normal 0.195358 0.980732 0
    outer loop
      vertex 6.89368 -57.8692 4.4
      vertex 7.18234 -57.9267 2.4
      vertex 6.89368 -57.8692 2.4
    endloop
  endfacet
  facet normal -0.195031 -0.980797 0
    outer loop
      vertex 6.01766 -62.2733 2.4
      vertex 6.30632 -62.3307 4.4
      vertex 6.01766 -62.2733 4.4
    endloop
  endfacet
  facet normal -0.195031 -0.980797 -0
    outer loop
      vertex 6.30632 -62.3307 4.4
      vertex 6.01766 -62.2733 2.4
      vertex 6.30632 -62.3307 2.4
    endloop
  endfacet
  facet normal -0.8969 0.442233 0
    outer loop
      vertex 4.52127 -59.239 2.4
      vertex 4.65144 -58.975 4.4
      vertex 4.65144 -58.975 2.4
    endloop
  endfacet
  facet normal -0.8969 0.442233 0
    outer loop
      vertex 4.65144 -58.975 4.4
      vertex 4.52127 -59.239 2.4
      vertex 4.52127 -59.239 4.4
    endloop
  endfacet
  facet normal 0.0655763 -0.997848 0
    outer loop
      vertex 6.6 -62.35 2.4
      vertex 6.89368 -62.3307 4.4
      vertex 6.6 -62.35 4.4
    endloop
  endfacet
  facet normal 0.0655763 -0.997848 0
    outer loop
      vertex 6.89368 -62.3307 4.4
      vertex 6.6 -62.35 2.4
      vertex 6.89368 -62.3307 2.4
    endloop
  endfacet
  facet normal -0.555782 -0.831328 0
    outer loop
      vertex 5.23029 -61.885 2.4
      vertex 5.475 -62.0486 4.4
      vertex 5.23029 -61.885 4.4
    endloop
  endfacet
  facet normal -0.555782 -0.831328 -0
    outer loop
      vertex 5.475 -62.0486 4.4
      vertex 5.23029 -61.885 2.4
      vertex 5.475 -62.0486 2.4
    endloop
  endfacet
  facet normal 0.659236 -0.751936 0
    outer loop
      vertex 7.96971 -61.885 2.4
      vertex 8.19099 -61.691 4.4
      vertex 7.96971 -61.885 4.4
    endloop
  endfacet
  facet normal 0.659236 -0.751936 0
    outer loop
      vertex 8.19099 -61.691 4.4
      vertex 7.96971 -61.885 2.4
      vertex 8.19099 -61.691 2.4
    endloop
  endfacet
  facet normal 0.946936 -0.321421 0
    outer loop
      vertex 8.67873 -60.961 4.4
      vertex 8.77333 -60.6823 2.4
      vertex 8.77333 -60.6823 4.4
    endloop
  endfacet
  facet normal 0.946936 -0.321421 0
    outer loop
      vertex 8.77333 -60.6823 2.4
      vertex 8.67873 -60.961 4.4
      vertex 8.67873 -60.961 2.4
    endloop
  endfacet
  facet normal -0.195358 0.980732 0
    outer loop
      vertex 6.30632 -57.8692 2.4
      vertex 6.01766 -57.9267 4.4
      vertex 6.30632 -57.8692 4.4
    endloop
  endfacet
  facet normal -0.195358 0.980732 0
    outer loop
      vertex 6.01766 -57.9267 4.4
      vertex 6.30632 -57.8692 2.4
      vertex 6.01766 -57.9267 2.4
    endloop
  endfacet
  facet normal -0.442096 0.896968 0
    outer loop
      vertex 5.73896 -58.0213 2.4
      vertex 5.475 -58.1514 4.4
      vertex 5.73896 -58.0213 4.4
    endloop
  endfacet
  facet normal -0.442096 0.896968 0
    outer loop
      vertex 5.475 -58.1514 4.4
      vertex 5.73896 -58.0213 2.4
      vertex 5.475 -58.1514 2.4
    endloop
  endfacet
  facet normal -0.997859 0.0654027 0
    outer loop
      vertex 4.35 -60.1 2.4
      vertex 4.36925 -59.8063 4.4
      vertex 4.36925 -59.8063 2.4
    endloop
  endfacet
  facet normal -0.997859 0.0654027 0
    outer loop
      vertex 4.36925 -59.8063 4.4
      vertex 4.35 -60.1 2.4
      vertex 4.35 -60.1 4.4
    endloop
  endfacet
  facet normal -0.0655763 -0.997848 0
    outer loop
      vertex 6.30632 -62.3307 2.4
      vertex 6.6 -62.35 4.4
      vertex 6.30632 -62.3307 4.4
    endloop
  endfacet
  facet normal -0.0655763 -0.997848 -0
    outer loop
      vertex 6.6 -62.35 4.4
      vertex 6.30632 -62.3307 2.4
      vertex 6.6 -62.35 2.4
    endloop
  endfacet
  facet normal 0.751882 0.659298 0
    outer loop
      vertex 8.38504 -58.7303 4.4
      vertex 8.19099 -58.509 2.4
      vertex 8.19099 -58.509 4.4
    endloop
  endfacet
  facet normal 0.751882 0.659298 0
    outer loop
      vertex 8.19099 -58.509 2.4
      vertex 8.38504 -58.7303 4.4
      vertex 8.38504 -58.7303 2.4
    endloop
  endfacet
  facet normal 0 0 1
    outer loop
      vertex 7.4 -60.1 4.4
      vertex 8.85 -60.1 4.4
      vertex 8.83075 -59.8063 4.4
    endloop
  endfacet
  facet normal 0 0 1
    outer loop
      vertex 7.39316 -59.9956 4.4
      vertex 8.83075 -59.8063 4.4
      vertex 8.77333 -59.5177 4.4
    endloop
  endfacet
  facet normal 0 0 1
    outer loop
      vertex 8.85 -60.1 4.4
      vertex 7.4 -60.1 4.4
      vertex 8.83075 -60.3937 4.4
    endloop
  endfacet
  facet normal 0 0 1
    outer loop
      vertex 7.37274 -59.8929 4.4
      vertex 8.77333 -59.5177 4.4
      vertex 8.67873 -59.239 4.4
    endloop
  endfacet
  facet normal -0 0 1
    outer loop
      vertex 7.39316 -60.2044 4.4
      vertex 8.83075 -60.3937 4.4
      vertex 7.4 -60.1 4.4
    endloop
  endfacet
  facet normal 0 0 1
    outer loop
      vertex 7.3391 -59.7939 4.4
      vertex 8.67873 -59.239 4.4
      vertex 8.54856 -58.975 4.4
    endloop
  endfacet
  facet normal 0 0 1
    outer loop
      vertex 8.83075 -60.3937 4.4
      vertex 7.39316 -60.2044 4.4
      vertex 8.77333 -60.6823 4.4
    endloop
  endfacet
  facet normal 0 0 1
    outer loop
      vertex 7.29282 -59.7 4.4
      vertex 8.54856 -58.975 4.4
      vertex 8.38504 -58.7303 4.4
    endloop
  endfacet
  facet normal -0 0 1
    outer loop
      vertex 7.37274 -60.3071 4.4
      vertex 8.77333 -60.6823 4.4
      vertex 7.39316 -60.2044 4.4
    endloop
  endfacet
  facet normal 0 0 1
    outer loop
      vertex 7.23468 -59.613 4.4
      vertex 8.38504 -58.7303 4.4
      vertex 8.19099 -58.509 4.4
    endloop
  endfacet
  facet normal 0 0 1
    outer loop
      vertex 8.77333 -60.6823 4.4
      vertex 7.37274 -60.3071 4.4
      vertex 8.67873 -60.961 4.4
    endloop
  endfacet
  facet normal 0 0 1
    outer loop
      vertex 7.16568 -59.5343 4.4
      vertex 8.19099 -58.509 4.4
      vertex 7.96971 -58.315 4.4
    endloop
  endfacet
  facet normal -0 0 1
    outer loop
      vertex 7.3391 -60.4061 4.4
      vertex 8.67873 -60.961 4.4
      vertex 7.37274 -60.3071 4.4
    endloop
  endfacet
  facet normal 0 0 1
    outer loop
      vertex 7.08701 -59.4653 4.4
      vertex 7.96971 -58.315 4.4
      vertex 7.725 -58.1514 4.4
    endloop
  endfacet
  facet normal 0 0 1
    outer loop
      vertex 8.67873 -60.961 4.4
      vertex 7.3391 -60.4061 4.4
      vertex 8.54856 -61.225 4.4
    endloop
  endfacet
  facet normal 0 0 1
    outer loop
      vertex 7 -59.4072 4.4
      vertex 7.725 -58.1514 4.4
      vertex 7.46104 -58.0213 4.4
    endloop
  endfacet
  facet normal -0 0 1
    outer loop
      vertex 7.29282 -60.5 4.4
      vertex 8.54856 -61.225 4.4
      vertex 7.3391 -60.4061 4.4
    endloop
  endfacet
  facet normal 0 0 1
    outer loop
      vertex 8.54856 -61.225 4.4
      vertex 7.29282 -60.5 4.4
      vertex 8.38504 -61.4697 4.4
    endloop
  endfacet
  facet normal 0 0 1
    outer loop
      vertex 8.83075 -59.8063 4.4
      vertex 7.39316 -59.9956 4.4
      vertex 7.4 -60.1 4.4
    endloop
  endfacet
  facet normal 0 0 1
    outer loop
      vertex 8.77333 -59.5177 4.4
      vertex 7.37274 -59.8929 4.4
      vertex 7.39316 -59.9956 4.4
    endloop
  endfacet
  facet normal 0 0 1
    outer loop
      vertex 8.67873 -59.239 4.4
      vertex 7.3391 -59.7939 4.4
      vertex 7.37274 -59.8929 4.4
    endloop
  endfacet
  facet normal 0 0 1
    outer loop
      vertex 8.54856 -58.975 4.4
      vertex 7.29282 -59.7 4.4
      vertex 7.3391 -59.7939 4.4
    endloop
  endfacet
  facet normal 0 0 1
    outer loop
      vertex 8.38504 -58.7303 4.4
      vertex 7.23468 -59.613 4.4
      vertex 7.29282 -59.7 4.4
    endloop
  endfacet
  facet normal 0 0 1
    outer loop
      vertex 6.90615 -59.3609 4.4
      vertex 7.46104 -58.0213 4.4
      vertex 7.18234 -57.9267 4.4
    endloop
  endfacet
  facet normal 0 0 1
    outer loop
      vertex 8.19099 -58.509 4.4
      vertex 7.16568 -59.5343 4.4
      vertex 7.23468 -59.613 4.4
    endloop
  endfacet
  facet normal 0 0 1
    outer loop
      vertex 7.96971 -58.315 4.4
      vertex 7.08701 -59.4653 4.4
      vertex 7.16568 -59.5343 4.4
    endloop
  endfacet
  facet normal 0 0 1
    outer loop
      vertex 7.725 -58.1514 4.4
      vertex 7 -59.4072 4.4
      vertex 7.08701 -59.4653 4.4
    endloop
  endfacet
  facet normal 0 0 1
    outer loop
      vertex 7.46104 -58.0213 4.4
      vertex 6.90615 -59.3609 4.4
      vertex 7 -59.4072 4.4
    endloop
  endfacet
  facet normal 0 0 1
    outer loop
      vertex 6.80705 -59.3273 4.4
      vertex 7.18234 -57.9267 4.4
      vertex 6.89368 -57.8692 4.4
    endloop
  endfacet
  facet normal 0 0 1
    outer loop
      vertex 7.18234 -57.9267 4.4
      vertex 6.80705 -59.3273 4.4
      vertex 6.90615 -59.3609 4.4
    endloop
  endfacet
  facet normal 0 0 1
    outer loop
      vertex 6.89368 -57.8692 4.4
      vertex 6.70442 -59.3068 4.4
      vertex 6.80705 -59.3273 4.4
    endloop
  endfacet
  facet normal 0 0 1
    outer loop
      vertex 6.6 -57.85 4.4
      vertex 6.70442 -59.3068 4.4
      vertex 6.89368 -57.8692 4.4
    endloop
  endfacet
  facet normal 0 0 1
    outer loop
      vertex 6.6 -57.85 4.4
      vertex 6.6 -59.3 4.4
      vertex 6.70442 -59.3068 4.4
    endloop
  endfacet
  facet normal 0 0 1
    outer loop
      vertex 6.6 -57.85 4.4
      vertex 6.49558 -59.3068 4.4
      vertex 6.6 -59.3 4.4
    endloop
  endfacet
  facet normal -0 0 1
    outer loop
      vertex 6.30632 -57.8692 4.4
      vertex 6.49558 -59.3068 4.4
      vertex 6.6 -57.85 4.4
    endloop
  endfacet
  facet normal 0 0 1
    outer loop
      vertex 6.49558 -59.3068 4.4
      vertex 6.30632 -57.8692 4.4
      vertex 6.39294 -59.3273 4.4
    endloop
  endfacet
  facet normal -0 0 1
    outer loop
      vertex 6.01766 -57.9267 4.4
      vertex 6.39294 -59.3273 4.4
      vertex 6.30632 -57.8692 4.4
    endloop
  endfacet
  facet normal 0 0 1
    outer loop
      vertex 6.39294 -59.3273 4.4
      vertex 6.01766 -57.9267 4.4
      vertex 6.29385 -59.3609 4.4
    endloop
  endfacet
  facet normal -0 0 1
    outer loop
      vertex 5.73896 -58.0213 4.4
      vertex 6.29385 -59.3609 4.4
      vertex 6.01766 -57.9267 4.4
    endloop
  endfacet
  facet normal 0 0 1
    outer loop
      vertex 6.29385 -59.3609 4.4
      vertex 5.73896 -58.0213 4.4
      vertex 6.2 -59.4072 4.4
    endloop
  endfacet
  facet normal -0 0 1
    outer loop
      vertex 5.475 -58.1514 4.4
      vertex 6.2 -59.4072 4.4
      vertex 5.73896 -58.0213 4.4
    endloop
  endfacet
  facet normal 0 0 1
    outer loop
      vertex 6.2 -59.4072 4.4
      vertex 5.475 -58.1514 4.4
      vertex 6.11299 -59.4653 4.4
    endloop
  endfacet
  facet normal -0 0 1
    outer loop
      vertex 5.23029 -58.315 4.4
      vertex 6.11299 -59.4653 4.4
      vertex 5.475 -58.1514 4.4
    endloop
  endfacet
  facet normal 0 0 1
    outer loop
      vertex 6.11299 -59.4653 4.4
      vertex 5.23029 -58.315 4.4
      vertex 6.03431 -59.5343 4.4
    endloop
  endfacet
  facet normal -0 0 1
    outer loop
      vertex 5.00901 -58.509 4.4
      vertex 6.03431 -59.5343 4.4
      vertex 5.23029 -58.315 4.4
    endloop
  endfacet
  facet normal 0 0 1
    outer loop
      vertex 6.03431 -59.5343 4.4
      vertex 5.00901 -58.509 4.4
      vertex 5.96532 -59.613 4.4
    endloop
  endfacet
  facet normal 0 0 1
    outer loop
      vertex 5.96532 -59.613 4.4
      vertex 4.81495 -58.7303 4.4
      vertex 5.90718 -59.7 4.4
    endloop
  endfacet
  facet normal -0 0 1
    outer loop
      vertex 4.81495 -58.7303 4.4
      vertex 5.96532 -59.613 4.4
      vertex 5.00901 -58.509 4.4
    endloop
  endfacet
  facet normal -0 0 1
    outer loop
      vertex 7.23468 -60.587 4.4
      vertex 8.38504 -61.4697 4.4
      vertex 7.29282 -60.5 4.4
    endloop
  endfacet
  facet normal 0 0 1
    outer loop
      vertex 8.38504 -61.4697 4.4
      vertex 7.23468 -60.587 4.4
      vertex 8.19099 -61.691 4.4
    endloop
  endfacet
  facet normal -0 0 1
    outer loop
      vertex 7.16568 -60.6657 4.4
      vertex 8.19099 -61.691 4.4
      vertex 7.23468 -60.587 4.4
    endloop
  endfacet
  facet normal 0 0 1
    outer loop
      vertex 8.19099 -61.691 4.4
      vertex 7.16568 -60.6657 4.4
      vertex 7.96971 -61.885 4.4
    endloop
  endfacet
  facet normal -0 0 1
    outer loop
      vertex 7.08701 -60.7347 4.4
      vertex 7.96971 -61.885 4.4
      vertex 7.16568 -60.6657 4.4
    endloop
  endfacet
  facet normal 0 0 1
    outer loop
      vertex 7.96971 -61.885 4.4
      vertex 7.08701 -60.7347 4.4
      vertex 7.725 -62.0486 4.4
    endloop
  endfacet
  facet normal -0 0 1
    outer loop
      vertex 7 -60.7928 4.4
      vertex 7.725 -62.0486 4.4
      vertex 7.08701 -60.7347 4.4
    endloop
  endfacet
  facet normal 0 0 1
    outer loop
      vertex 7.725 -62.0486 4.4
      vertex 7 -60.7928 4.4
      vertex 7.46104 -62.1787 4.4
    endloop
  endfacet
  facet normal -0 0 1
    outer loop
      vertex 6.90615 -60.8391 4.4
      vertex 7.46104 -62.1787 4.4
      vertex 7 -60.7928 4.4
    endloop
  endfacet
  facet normal 0 0 1
    outer loop
      vertex 7.46104 -62.1787 4.4
      vertex 6.90615 -60.8391 4.4
      vertex 7.18234 -62.2733 4.4
    endloop
  endfacet
  facet normal -0 0 1
    outer loop
      vertex 6.80705 -60.8727 4.4
      vertex 7.18234 -62.2733 4.4
      vertex 6.90615 -60.8391 4.4
    endloop
  endfacet
  facet normal 0 0 1
    outer loop
      vertex 7.18234 -62.2733 4.4
      vertex 6.80705 -60.8727 4.4
      vertex 6.89368 -62.3307 4.4
    endloop
  endfacet
  facet normal -0 0 1
    outer loop
      vertex 6.70442 -60.8932 4.4
      vertex 6.89368 -62.3307 4.4
      vertex 6.80705 -60.8727 4.4
    endloop
  endfacet
  facet normal -0 0 1
    outer loop
      vertex 6.6 -60.9 4.4
      vertex 6.89368 -62.3307 4.4
      vertex 6.70442 -60.8932 4.4
    endloop
  endfacet
  facet normal 0 0 1
    outer loop
      vertex 6.6 -60.9 4.4
      vertex 6.6 -62.35 4.4
      vertex 6.89368 -62.3307 4.4
    endloop
  endfacet
  facet normal 0 0 1
    outer loop
      vertex 6.49558 -60.8932 4.4
      vertex 6.6 -62.35 4.4
      vertex 6.6 -60.9 4.4
    endloop
  endfacet
  facet normal 0 0 1
    outer loop
      vertex 6.30632 -62.3307 4.4
      vertex 6.49558 -60.8932 4.4
      vertex 6.39294 -60.8727 4.4
    endloop
  endfacet
  facet normal 0 0 1
    outer loop
      vertex 6.49558 -60.8932 4.4
      vertex 6.30632 -62.3307 4.4
      vertex 6.6 -62.35 4.4
    endloop
  endfacet
  facet normal 0 0 1
    outer loop
      vertex 6.01766 -62.2733 4.4
      vertex 6.39294 -60.8727 4.4
      vertex 6.29385 -60.8391 4.4
    endloop
  endfacet
  facet normal 0 0 1
    outer loop
      vertex 5.73896 -62.1787 4.4
      vertex 6.29385 -60.8391 4.4
      vertex 6.2 -60.7928 4.4
    endloop
  endfacet
  facet normal 0 0 1
    outer loop
      vertex 5.475 -62.0486 4.4
      vertex 6.2 -60.7928 4.4
      vertex 6.11299 -60.7347 4.4
    endloop
  endfacet
  facet normal 0 0 1
    outer loop
      vertex 5.23029 -61.885 4.4
      vertex 6.11299 -60.7347 4.4
      vertex 6.03431 -60.6657 4.4
    endloop
  endfacet
  facet normal 0 0 1
    outer loop
      vertex 6.39294 -60.8727 4.4
      vertex 6.01766 -62.2733 4.4
      vertex 6.30632 -62.3307 4.4
    endloop
  endfacet
  facet normal 0 0 1
    outer loop
      vertex 5.00901 -61.691 4.4
      vertex 6.03431 -60.6657 4.4
      vertex 5.96532 -60.587 4.4
    endloop
  endfacet
  facet normal 0 0 1
    outer loop
      vertex 4.81495 -61.4697 4.4
      vertex 5.96532 -60.587 4.4
      vertex 5.90718 -60.5 4.4
    endloop
  endfacet
  facet normal 0 0 1
    outer loop
      vertex 4.65144 -61.225 4.4
      vertex 5.90718 -60.5 4.4
      vertex 5.8609 -60.4061 4.4
    endloop
  endfacet
  facet normal 0 0 1
    outer loop
      vertex 4.52127 -60.961 4.4
      vertex 5.8609 -60.4061 4.4
      vertex 5.82726 -60.3071 4.4
    endloop
  endfacet
  facet normal 0 0 1
    outer loop
      vertex 4.42667 -60.6823 4.4
      vertex 5.82726 -60.3071 4.4
      vertex 5.80684 -60.2044 4.4
    endloop
  endfacet
  facet normal 0 0 1
    outer loop
      vertex 6.29385 -60.8391 4.4
      vertex 5.73896 -62.1787 4.4
      vertex 6.01766 -62.2733 4.4
    endloop
  endfacet
  facet normal 0 0 1
    outer loop
      vertex 4.36925 -60.3937 4.4
      vertex 5.80684 -60.2044 4.4
      vertex 5.8 -60.1 4.4
    endloop
  endfacet
  facet normal -0 0 1
    outer loop
      vertex 4.65144 -58.975 4.4
      vertex 5.90718 -59.7 4.4
      vertex 4.81495 -58.7303 4.4
    endloop
  endfacet
  facet normal 0 0 1
    outer loop
      vertex 5.90718 -59.7 4.4
      vertex 4.65144 -58.975 4.4
      vertex 5.8609 -59.7939 4.4
    endloop
  endfacet
  facet normal 0 0 1
    outer loop
      vertex 6.2 -60.7928 4.4
      vertex 5.475 -62.0486 4.4
      vertex 5.73896 -62.1787 4.4
    endloop
  endfacet
  facet normal -0 0 1
    outer loop
      vertex 4.52127 -59.239 4.4
      vertex 5.8609 -59.7939 4.4
      vertex 4.65144 -58.975 4.4
    endloop
  endfacet
  facet normal 0 0 1
    outer loop
      vertex 6.11299 -60.7347 4.4
      vertex 5.23029 -61.885 4.4
      vertex 5.475 -62.0486 4.4
    endloop
  endfacet
  facet normal 0 0 1
    outer loop
      vertex 5.8609 -59.7939 4.4
      vertex 4.52127 -59.239 4.4
      vertex 5.82726 -59.8929 4.4
    endloop
  endfacet
  facet normal 0 0 1
    outer loop
      vertex 6.03431 -60.6657 4.4
      vertex 5.00901 -61.691 4.4
      vertex 5.23029 -61.885 4.4
    endloop
  endfacet
  facet normal -0 0 1
    outer loop
      vertex 4.42667 -59.5177 4.4
      vertex 5.82726 -59.8929 4.4
      vertex 4.52127 -59.239 4.4
    endloop
  endfacet
  facet normal 0 0 1
    outer loop
      vertex 5.96532 -60.587 4.4
      vertex 4.81495 -61.4697 4.4
      vertex 5.00901 -61.691 4.4
    endloop
  endfacet
  facet normal 0 0 1
    outer loop
      vertex 5.82726 -59.8929 4.4
      vertex 4.42667 -59.5177 4.4
      vertex 5.80684 -59.9956 4.4
    endloop
  endfacet
  facet normal 0 0 1
    outer loop
      vertex 5.90718 -60.5 4.4
      vertex 4.65144 -61.225 4.4
      vertex 4.81495 -61.4697 4.4
    endloop
  endfacet
  facet normal -0 0 1
    outer loop
      vertex 4.36925 -59.8063 4.4
      vertex 5.80684 -59.9956 4.4
      vertex 4.42667 -59.5177 4.4
    endloop
  endfacet
  facet normal 0 0 1
    outer loop
      vertex 5.8609 -60.4061 4.4
      vertex 4.52127 -60.961 4.4
      vertex 4.65144 -61.225 4.4
    endloop
  endfacet
  facet normal 0 0 1
    outer loop
      vertex 5.80684 -59.9956 4.4
      vertex 4.36925 -59.8063 4.4
      vertex 5.8 -60.1 4.4
    endloop
  endfacet
  facet normal 0 0 1
    outer loop
      vertex 5.82726 -60.3071 4.4
      vertex 4.42667 -60.6823 4.4
      vertex 4.52127 -60.961 4.4
    endloop
  endfacet
  facet normal 0 0 1
    outer loop
      vertex 4.35 -60.1 4.4
      vertex 5.8 -60.1 4.4
      vertex 4.36925 -59.8063 4.4
    endloop
  endfacet
  facet normal 0 0 1
    outer loop
      vertex 5.80684 -60.2044 4.4
      vertex 4.36925 -60.3937 4.4
      vertex 4.42667 -60.6823 4.4
    endloop
  endfacet
  facet normal 0 0 1
    outer loop
      vertex 5.8 -60.1 4.4
      vertex 4.35 -60.1 4.4
      vertex 4.36925 -60.3937 4.4
    endloop
  endfacet
  facet normal -0.946936 -0.321421 0
    outer loop
      vertex 4.52127 -60.961 2.4
      vertex 4.42667 -60.6823 4.4
      vertex 4.42667 -60.6823 2.4
    endloop
  endfacet
  facet normal -0.946936 -0.321421 0
    outer loop
      vertex 4.42667 -60.6823 4.4
      vertex 4.52127 -60.961 2.4
      vertex 4.52127 -60.961 4.4
    endloop
  endfacet
  facet normal 0.659236 0.751936 -0
    outer loop
      vertex 8.19099 -58.509 2.4
      vertex 7.96971 -58.315 4.4
      vertex 8.19099 -58.509 4.4
    endloop
  endfacet
  facet normal 0.659236 0.751936 0
    outer loop
      vertex 7.96971 -58.315 4.4
      vertex 8.19099 -58.509 2.4
      vertex 7.96971 -58.315 2.4
    endloop
  endfacet
  facet normal -0.321421 0.946936 0
    outer loop
      vertex 6.01766 -57.9267 2.4
      vertex 5.73896 -58.0213 4.4
      vertex 6.01766 -57.9267 4.4
    endloop
  endfacet
  facet normal -0.321421 0.946936 0
    outer loop
      vertex 5.73896 -58.0213 4.4
      vertex 6.01766 -57.9267 2.4
      vertex 5.73896 -58.0213 2.4
    endloop
  endfacet
  facet normal -0.831459 -0.555586 0
    outer loop
      vertex 4.81495 -61.4697 2.4
      vertex 4.65144 -61.225 4.4
      vertex 4.65144 -61.225 2.4
    endloop
  endfacet
  facet normal -0.831459 -0.555586 0
    outer loop
      vertex 4.65144 -61.225 4.4
      vertex 4.81495 -61.4697 2.4
      vertex 4.81495 -61.4697 4.4
    endloop
  endfacet
  facet normal 0.980789 -0.19507 0
    outer loop
      vertex 39.7733 -60.6823 4.4
      vertex 39.8307 -60.3937 2.4
      vertex 39.8307 -60.3937 4.4
    endloop
  endfacet
  facet normal 0.980789 -0.19507 0
    outer loop
      vertex 39.8307 -60.3937 2.4
      vertex 39.7733 -60.6823 4.4
      vertex 39.7733 -60.6823 2.4
    endloop
  endfacet
  facet normal 0.997848 -0.0655719 0
    outer loop
      vertex 39.8307 -60.3937 4.4
      vertex 39.85 -60.1 2.4
      vertex 39.85 -60.1 4.4
    endloop
  endfacet
  facet normal 0.997848 -0.0655719 0
    outer loop
      vertex 39.85 -60.1 2.4
      vertex 39.8307 -60.3937 4.4
      vertex 39.8307 -60.3937 2.4
    endloop
  endfacet
  facet normal 0.321421 0.946936 -0
    outer loop
      vertex 38.461 -58.0213 2.4
      vertex 38.1823 -57.9267 4.4
      vertex 38.461 -58.0213 4.4
    endloop
  endfacet
  facet normal 0.321421 0.946936 0
    outer loop
      vertex 38.1823 -57.9267 4.4
      vertex 38.461 -58.0213 2.4
      vertex 38.1823 -57.9267 2.4
    endloop
  endfacet
  facet normal -0.980724 0.195397 0
    outer loop
      vertex 35.3692 -59.8063 2.4
      vertex 35.4267 -59.5177 4.4
      vertex 35.4267 -59.5177 2.4
    endloop
  endfacet
  facet normal -0.980724 0.195397 0
    outer loop
      vertex 35.4267 -59.5177 4.4
      vertex 35.3692 -59.8063 2.4
      vertex 35.3692 -59.8063 4.4
    endloop
  endfacet
  facet normal 0.751966 -0.659202 0
    outer loop
      vertex 39.191 -61.691 4.4
      vertex 39.385 -61.4697 2.4
      vertex 39.385 -61.4697 4.4
    endloop
  endfacet
  facet normal 0.751966 -0.659202 0
    outer loop
      vertex 39.385 -61.4697 2.4
      vertex 39.191 -61.691 4.4
      vertex 39.191 -61.691 2.4
    endloop
  endfacet
  facet normal -0.980724 -0.195397 0
    outer loop
      vertex 35.4267 -60.6823 2.4
      vertex 35.3692 -60.3937 4.4
      vertex 35.3692 -60.3937 2.4
    endloop
  endfacet
  facet normal -0.980724 -0.195397 0
    outer loop
      vertex 35.3692 -60.3937 4.4
      vertex 35.4267 -60.6823 2.4
      vertex 35.4267 -60.6823 4.4
    endloop
  endfacet
  facet normal -0.831318 0.555797 0
    outer loop
      vertex 35.6514 -58.975 2.4
      vertex 35.815 -58.7303 4.4
      vertex 35.815 -58.7303 2.4
    endloop
  endfacet
  facet normal -0.831318 0.555797 0
    outer loop
      vertex 35.815 -58.7303 4.4
      vertex 35.6514 -58.975 2.4
      vertex 35.6514 -58.975 4.4
    endloop
  endfacet
  facet normal -0.946936 0.321421 0
    outer loop
      vertex 35.4267 -59.5177 2.4
      vertex 35.5213 -59.239 4.4
      vertex 35.5213 -59.239 2.4
    endloop
  endfacet
  facet normal -0.946936 0.321421 0
    outer loop
      vertex 35.5213 -59.239 4.4
      vertex 35.4267 -59.5177 2.4
      vertex 35.4267 -59.5177 4.4
    endloop
  endfacet
  facet normal 0.997848 0.0655719 0
    outer loop
      vertex 39.85 -60.1 4.4
      vertex 39.8307 -59.8063 2.4
      vertex 39.8307 -59.8063 4.4
    endloop
  endfacet
  facet normal 0.997848 0.0655719 0
    outer loop
      vertex 39.8307 -59.8063 2.4
      vertex 39.85 -60.1 4.4
      vertex 39.85 -60.1 2.4
    endloop
  endfacet
  facet normal -0.659202 0.751966 0
    outer loop
      vertex 36.2303 -58.315 2.4
      vertex 36.009 -58.509 4.4
      vertex 36.2303 -58.315 4.4
    endloop
  endfacet
  facet normal -0.659202 0.751966 0
    outer loop
      vertex 36.009 -58.509 4.4
      vertex 36.2303 -58.315 2.4
      vertex 36.009 -58.509 2.4
    endloop
  endfacet
  facet normal 0.321421 -0.946936 0
    outer loop
      vertex 38.1823 -62.2733 2.4
      vertex 38.461 -62.1787 4.4
      vertex 38.1823 -62.2733 4.4
    endloop
  endfacet
  facet normal 0.321421 -0.946936 0
    outer loop
      vertex 38.461 -62.1787 4.4
      vertex 38.1823 -62.2733 2.4
      vertex 38.461 -62.1787 2.4
    endloop
  endfacet
  facet normal -0.896995 -0.442042 0
    outer loop
      vertex 35.6514 -61.225 2.4
      vertex 35.5213 -60.961 4.4
      vertex 35.5213 -60.961 2.4
    endloop
  endfacet
  facet normal -0.896995 -0.442042 0
    outer loop
      vertex 35.5213 -60.961 4.4
      vertex 35.6514 -61.225 2.4
      vertex 35.6514 -61.225 4.4
    endloop
  endfacet
  facet normal 0.442042 0.896995 -0
    outer loop
      vertex 38.725 -58.1514 2.4
      vertex 38.461 -58.0213 4.4
      vertex 38.725 -58.1514 4.4
    endloop
  endfacet
  facet normal 0.442042 0.896995 0
    outer loop
      vertex 38.461 -58.0213 4.4
      vertex 38.725 -58.1514 2.4
      vertex 38.461 -58.0213 2.4
    endloop
  endfacet
  facet normal 0.980789 0.19507 0
    outer loop
      vertex 39.8307 -59.8063 4.4
      vertex 39.7733 -59.5177 2.4
      vertex 39.7733 -59.5177 4.4
    endloop
  endfacet
  facet normal 0.980789 0.19507 0
    outer loop
      vertex 39.7733 -59.5177 2.4
      vertex 39.8307 -59.8063 4.4
      vertex 39.8307 -59.8063 2.4
    endloop
  endfacet
  facet normal 0.0652336 0.99787 -0
    outer loop
      vertex 37.8937 -57.8692 2.4
      vertex 37.6 -57.85 4.4
      vertex 37.8937 -57.8692 4.4
    endloop
  endfacet
  facet normal 0.0652336 0.99787 0
    outer loop
      vertex 37.6 -57.85 4.4
      vertex 37.8937 -57.8692 2.4
      vertex 37.6 -57.85 2.4
    endloop
  endfacet
  facet normal 0.442042 -0.896995 0
    outer loop
      vertex 38.461 -62.1787 2.4
      vertex 38.725 -62.0486 4.4
      vertex 38.461 -62.1787 4.4
    endloop
  endfacet
  facet normal 0.442042 -0.896995 0
    outer loop
      vertex 38.725 -62.0486 4.4
      vertex 38.461 -62.1787 2.4
      vertex 38.725 -62.0486 2.4
    endloop
  endfacet
  facet normal -0.442042 -0.896995 0
    outer loop
      vertex 36.475 -62.0486 2.4
      vertex 36.739 -62.1787 4.4
      vertex 36.475 -62.0486 4.4
    endloop
  endfacet
  facet normal -0.442042 -0.896995 -0
    outer loop
      vertex 36.739 -62.1787 4.4
      vertex 36.475 -62.0486 2.4
      vertex 36.739 -62.1787 2.4
    endloop
  endfacet
  facet normal -0.751966 -0.659202 0
    outer loop
      vertex 36.009 -61.691 2.4
      vertex 35.815 -61.4697 4.4
      vertex 35.815 -61.4697 2.4
    endloop
  endfacet
  facet normal -0.751966 -0.659202 0
    outer loop
      vertex 35.815 -61.4697 4.4
      vertex 36.009 -61.691 2.4
      vertex 36.009 -61.691 4.4
    endloop
  endfacet
  facet normal -0.659202 -0.751966 0
    outer loop
      vertex 36.009 -61.691 2.4
      vertex 36.2303 -61.885 4.4
      vertex 36.009 -61.691 4.4
    endloop
  endfacet
  facet normal -0.659202 -0.751966 -0
    outer loop
      vertex 36.2303 -61.885 4.4
      vertex 36.009 -61.691 2.4
      vertex 36.2303 -61.885 2.4
    endloop
  endfacet
  facet normal 0.555797 -0.831318 0
    outer loop
      vertex 38.725 -62.0486 2.4
      vertex 38.9697 -61.885 4.4
      vertex 38.725 -62.0486 4.4
    endloop
  endfacet
  facet normal 0.555797 -0.831318 0
    outer loop
      vertex 38.9697 -61.885 4.4
      vertex 38.725 -62.0486 2.4
      vertex 38.9697 -61.885 2.4
    endloop
  endfacet
  facet normal 0.831318 -0.555797 0
    outer loop
      vertex 39.385 -61.4697 4.4
      vertex 39.5486 -61.225 2.4
      vertex 39.5486 -61.225 4.4
    endloop
  endfacet
  facet normal 0.831318 -0.555797 0
    outer loop
      vertex 39.5486 -61.225 2.4
      vertex 39.385 -61.4697 4.4
      vertex 39.385 -61.4697 2.4
    endloop
  endfacet
  facet normal -0.321421 -0.946936 0
    outer loop
      vertex 36.739 -62.1787 2.4
      vertex 37.0177 -62.2733 4.4
      vertex 36.739 -62.1787 4.4
    endloop
  endfacet
  facet normal -0.321421 -0.946936 -0
    outer loop
      vertex 37.0177 -62.2733 4.4
      vertex 36.739 -62.1787 2.4
      vertex 37.0177 -62.2733 2.4
    endloop
  endfacet
  facet normal -0.555797 0.831318 0
    outer loop
      vertex 36.475 -58.1514 2.4
      vertex 36.2303 -58.315 4.4
      vertex 36.475 -58.1514 4.4
    endloop
  endfacet
  facet normal -0.555797 0.831318 0
    outer loop
      vertex 36.2303 -58.315 4.4
      vertex 36.475 -58.1514 2.4
      vertex 36.2303 -58.315 2.4
    endloop
  endfacet
  facet normal -0.0652336 0.99787 0
    outer loop
      vertex 37.6 -57.85 2.4
      vertex 37.3063 -57.8692 4.4
      vertex 37.6 -57.85 4.4
    endloop
  endfacet
  facet normal -0.0652336 0.99787 0
    outer loop
      vertex 37.3063 -57.8692 4.4
      vertex 37.6 -57.85 2.4
      vertex 37.3063 -57.8692 2.4
    endloop
  endfacet
  facet normal -0.751966 0.659202 0
    outer loop
      vertex 35.815 -58.7303 2.4
      vertex 36.009 -58.509 4.4
      vertex 36.009 -58.509 2.4
    endloop
  endfacet
  facet normal -0.751966 0.659202 0
    outer loop
      vertex 36.009 -58.509 4.4
      vertex 35.815 -58.7303 2.4
      vertex 35.815 -58.7303 4.4
    endloop
  endfacet
  facet normal 0.896995 -0.442042 0
    outer loop
      vertex 39.5486 -61.225 4.4
      vertex 39.6787 -60.961 2.4
      vertex 39.6787 -60.961 4.4
    endloop
  endfacet
  facet normal 0.896995 -0.442042 0
    outer loop
      vertex 39.6787 -60.961 2.4
      vertex 39.5486 -61.225 4.4
      vertex 39.5486 -61.225 2.4
    endloop
  endfacet
  facet normal 0.896995 0.442042 0
    outer loop
      vertex 39.6787 -59.239 4.4
      vertex 39.5486 -58.975 2.4
      vertex 39.5486 -58.975 4.4
    endloop
  endfacet
  facet normal 0.896995 0.442042 0
    outer loop
      vertex 39.5486 -58.975 2.4
      vertex 39.6787 -59.239 4.4
      vertex 39.6787 -59.239 2.4
    endloop
  endfacet
  facet normal 0.19507 -0.980789 0
    outer loop
      vertex 37.8937 -62.3307 2.4
      vertex 38.1823 -62.2733 4.4
      vertex 37.8937 -62.3307 4.4
    endloop
  endfacet
  facet normal 0.19507 -0.980789 0
    outer loop
      vertex 38.1823 -62.2733 4.4
      vertex 37.8937 -62.3307 2.4
      vertex 38.1823 -62.2733 2.4
    endloop
  endfacet
  facet normal 0.555797 0.831318 -0
    outer loop
      vertex 38.9697 -58.315 2.4
      vertex 38.725 -58.1514 4.4
      vertex 38.9697 -58.315 4.4
    endloop
  endfacet
  facet normal 0.555797 0.831318 0
    outer loop
      vertex 38.725 -58.1514 4.4
      vertex 38.9697 -58.315 2.4
      vertex 38.725 -58.1514 2.4
    endloop
  endfacet
  facet normal 0.831318 0.555797 0
    outer loop
      vertex 39.5486 -58.975 4.4
      vertex 39.385 -58.7303 2.4
      vertex 39.385 -58.7303 4.4
    endloop
  endfacet
  facet normal 0.831318 0.555797 0
    outer loop
      vertex 39.385 -58.7303 2.4
      vertex 39.5486 -58.975 4.4
      vertex 39.5486 -58.975 2.4
    endloop
  endfacet
  facet normal -0.99787 -0.0652336 0
    outer loop
      vertex 35.3692 -60.3937 2.4
      vertex 35.35 -60.1 4.4
      vertex 35.35 -60.1 2.4
    endloop
  endfacet
  facet normal -0.99787 -0.0652336 0
    outer loop
      vertex 35.35 -60.1 4.4
      vertex 35.3692 -60.3937 2.4
      vertex 35.3692 -60.3937 4.4
    endloop
  endfacet
  facet normal 0.195397 0.980724 -0
    outer loop
      vertex 38.1823 -57.9267 2.4
      vertex 37.8937 -57.8692 4.4
      vertex 38.1823 -57.9267 4.4
    endloop
  endfacet
  facet normal 0.195397 0.980724 0
    outer loop
      vertex 37.8937 -57.8692 4.4
      vertex 38.1823 -57.9267 2.4
      vertex 37.8937 -57.8692 2.4
    endloop
  endfacet
  facet normal -0.19507 -0.980789 0
    outer loop
      vertex 37.0177 -62.2733 2.4
      vertex 37.3063 -62.3307 4.4
      vertex 37.0177 -62.2733 4.4
    endloop
  endfacet
  facet normal -0.19507 -0.980789 -0
    outer loop
      vertex 37.3063 -62.3307 4.4
      vertex 37.0177 -62.2733 2.4
      vertex 37.3063 -62.3307 2.4
    endloop
  endfacet
  facet normal -0.896995 0.442042 0
    outer loop
      vertex 35.5213 -59.239 2.4
      vertex 35.6514 -58.975 4.4
      vertex 35.6514 -58.975 2.4
    endloop
  endfacet
  facet normal -0.896995 0.442042 0
    outer loop
      vertex 35.6514 -58.975 4.4
      vertex 35.5213 -59.239 2.4
      vertex 35.5213 -59.239 4.4
    endloop
  endfacet
  facet normal -0.831318 -0.555797 0
    outer loop
      vertex 35.815 -61.4697 2.4
      vertex 35.6514 -61.225 4.4
      vertex 35.6514 -61.225 2.4
    endloop
  endfacet
  facet normal -0.831318 -0.555797 0
    outer loop
      vertex 35.6514 -61.225 4.4
      vertex 35.815 -61.4697 2.4
      vertex 35.815 -61.4697 4.4
    endloop
  endfacet
  facet normal 0.0655719 -0.997848 0
    outer loop
      vertex 37.6 -62.35 2.4
      vertex 37.8937 -62.3307 4.4
      vertex 37.6 -62.35 4.4
    endloop
  endfacet
  facet normal 0.0655719 -0.997848 0
    outer loop
      vertex 37.8937 -62.3307 4.4
      vertex 37.6 -62.35 2.4
      vertex 37.8937 -62.3307 2.4
    endloop
  endfacet
  facet normal -0.555797 -0.831318 0
    outer loop
      vertex 36.2303 -61.885 2.4
      vertex 36.475 -62.0486 4.4
      vertex 36.2303 -61.885 4.4
    endloop
  endfacet
  facet normal -0.555797 -0.831318 -0
    outer loop
      vertex 36.475 -62.0486 4.4
      vertex 36.2303 -61.885 2.4
      vertex 36.475 -62.0486 2.4
    endloop
  endfacet
  facet normal 0.659202 -0.751966 0
    outer loop
      vertex 38.9697 -61.885 2.4
      vertex 39.191 -61.691 4.4
      vertex 38.9697 -61.885 4.4
    endloop
  endfacet
  facet normal 0.659202 -0.751966 0
    outer loop
      vertex 39.191 -61.691 4.4
      vertex 38.9697 -61.885 2.4
      vertex 39.191 -61.691 2.4
    endloop
  endfacet
  facet normal 0.946936 -0.321421 0
    outer loop
      vertex 39.6787 -60.961 4.4
      vertex 39.7733 -60.6823 2.4
      vertex 39.7733 -60.6823 4.4
    endloop
  endfacet
  facet normal 0.946936 -0.321421 0
    outer loop
      vertex 39.7733 -60.6823 2.4
      vertex 39.6787 -60.961 4.4
      vertex 39.6787 -60.961 2.4
    endloop
  endfacet
  facet normal -0.195397 0.980724 0
    outer loop
      vertex 37.3063 -57.8692 2.4
      vertex 37.0177 -57.9267 4.4
      vertex 37.3063 -57.8692 4.4
    endloop
  endfacet
  facet normal -0.195397 0.980724 0
    outer loop
      vertex 37.0177 -57.9267 4.4
      vertex 37.3063 -57.8692 2.4
      vertex 37.0177 -57.9267 2.4
    endloop
  endfacet
  facet normal -0.442042 0.896995 0
    outer loop
      vertex 36.739 -58.0213 2.4
      vertex 36.475 -58.1514 4.4
      vertex 36.739 -58.0213 4.4
    endloop
  endfacet
  facet normal -0.442042 0.896995 0
    outer loop
      vertex 36.475 -58.1514 4.4
      vertex 36.739 -58.0213 2.4
      vertex 36.475 -58.1514 2.4
    endloop
  endfacet
  facet normal -0.99787 0.0652336 0
    outer loop
      vertex 35.35 -60.1 2.4
      vertex 35.3692 -59.8063 4.4
      vertex 35.3692 -59.8063 2.4
    endloop
  endfacet
  facet normal -0.99787 0.0652336 0
    outer loop
      vertex 35.3692 -59.8063 4.4
      vertex 35.35 -60.1 2.4
      vertex 35.35 -60.1 4.4
    endloop
  endfacet
  facet normal -0.0655719 -0.997848 0
    outer loop
      vertex 37.3063 -62.3307 2.4
      vertex 37.6 -62.35 4.4
      vertex 37.3063 -62.3307 4.4
    endloop
  endfacet
  facet normal -0.0655719 -0.997848 -0
    outer loop
      vertex 37.6 -62.35 4.4
      vertex 37.3063 -62.3307 2.4
      vertex 37.6 -62.35 2.4
    endloop
  endfacet
  facet normal 0 0 1
    outer loop
      vertex 38.4 -60.1 4.4
      vertex 39.85 -60.1 4.4
      vertex 39.8307 -59.8063 4.4
    endloop
  endfacet
  facet normal 0 0 1
    outer loop
      vertex 38.3932 -59.9956 4.4
      vertex 39.8307 -59.8063 4.4
      vertex 39.7733 -59.5177 4.4
    endloop
  endfacet
  facet normal 0 0 1
    outer loop
      vertex 39.85 -60.1 4.4
      vertex 38.4 -60.1 4.4
      vertex 39.8307 -60.3937 4.4
    endloop
  endfacet
  facet normal 0 0 1
    outer loop
      vertex 38.3727 -59.8929 4.4
      vertex 39.7733 -59.5177 4.4
      vertex 39.6787 -59.239 4.4
    endloop
  endfacet
  facet normal -0 0 1
    outer loop
      vertex 38.3932 -60.2044 4.4
      vertex 39.8307 -60.3937 4.4
      vertex 38.4 -60.1 4.4
    endloop
  endfacet
  facet normal 0 0 1
    outer loop
      vertex 38.3391 -59.7939 4.4
      vertex 39.6787 -59.239 4.4
      vertex 39.5486 -58.975 4.4
    endloop
  endfacet
  facet normal 0 0 1
    outer loop
      vertex 39.8307 -60.3937 4.4
      vertex 38.3932 -60.2044 4.4
      vertex 39.7733 -60.6823 4.4
    endloop
  endfacet
  facet normal 0 0 1
    outer loop
      vertex 38.2928 -59.7 4.4
      vertex 39.5486 -58.975 4.4
      vertex 39.385 -58.7303 4.4
    endloop
  endfacet
  facet normal -0 0 1
    outer loop
      vertex 38.3727 -60.3071 4.4
      vertex 39.7733 -60.6823 4.4
      vertex 38.3932 -60.2044 4.4
    endloop
  endfacet
  facet normal 0 0 1
    outer loop
      vertex 38.2347 -59.613 4.4
      vertex 39.385 -58.7303 4.4
      vertex 39.191 -58.509 4.4
    endloop
  endfacet
  facet normal 0 0 1
    outer loop
      vertex 39.7733 -60.6823 4.4
      vertex 38.3727 -60.3071 4.4
      vertex 39.6787 -60.961 4.4
    endloop
  endfacet
  facet normal 0 0 1
    outer loop
      vertex 38.1657 -59.5343 4.4
      vertex 39.191 -58.509 4.4
      vertex 38.9697 -58.315 4.4
    endloop
  endfacet
  facet normal -0 0 1
    outer loop
      vertex 38.3391 -60.4061 4.4
      vertex 39.6787 -60.961 4.4
      vertex 38.3727 -60.3071 4.4
    endloop
  endfacet
  facet normal 0 0 1
    outer loop
      vertex 38.087 -59.4653 4.4
      vertex 38.9697 -58.315 4.4
      vertex 38.725 -58.1514 4.4
    endloop
  endfacet
  facet normal 0 0 1
    outer loop
      vertex 39.6787 -60.961 4.4
      vertex 38.3391 -60.4061 4.4
      vertex 39.5486 -61.225 4.4
    endloop
  endfacet
  facet normal 0 0 1
    outer loop
      vertex 38 -59.4072 4.4
      vertex 38.725 -58.1514 4.4
      vertex 38.461 -58.0213 4.4
    endloop
  endfacet
  facet normal -0 0 1
    outer loop
      vertex 38.2928 -60.5 4.4
      vertex 39.5486 -61.225 4.4
      vertex 38.3391 -60.4061 4.4
    endloop
  endfacet
  facet normal 0 0 1
    outer loop
      vertex 39.5486 -61.225 4.4
      vertex 38.2928 -60.5 4.4
      vertex 39.385 -61.4697 4.4
    endloop
  endfacet
  facet normal 0 0 1
    outer loop
      vertex 39.8307 -59.8063 4.4
      vertex 38.3932 -59.9956 4.4
      vertex 38.4 -60.1 4.4
    endloop
  endfacet
  facet normal 0 0 1
    outer loop
      vertex 39.7733 -59.5177 4.4
      vertex 38.3727 -59.8929 4.4
      vertex 38.3932 -59.9956 4.4
    endloop
  endfacet
  facet normal 0 0 1
    outer loop
      vertex 39.6787 -59.239 4.4
      vertex 38.3391 -59.7939 4.4
      vertex 38.3727 -59.8929 4.4
    endloop
  endfacet
  facet normal 0 0 1
    outer loop
      vertex 39.5486 -58.975 4.4
      vertex 38.2928 -59.7 4.4
      vertex 38.3391 -59.7939 4.4
    endloop
  endfacet
  facet normal 0 0 1
    outer loop
      vertex 39.385 -58.7303 4.4
      vertex 38.2347 -59.613 4.4
      vertex 38.2928 -59.7 4.4
    endloop
  endfacet
  facet normal 0 0 1
    outer loop
      vertex 37.9061 -59.3609 4.4
      vertex 38.461 -58.0213 4.4
      vertex 38.1823 -57.9267 4.4
    endloop
  endfacet
  facet normal 0 0 1
    outer loop
      vertex 39.191 -58.509 4.4
      vertex 38.1657 -59.5343 4.4
      vertex 38.2347 -59.613 4.4
    endloop
  endfacet
  facet normal 0 0 1
    outer loop
      vertex 38.9697 -58.315 4.4
      vertex 38.087 -59.4653 4.4
      vertex 38.1657 -59.5343 4.4
    endloop
  endfacet
  facet normal 0 0 1
    outer loop
      vertex 38.725 -58.1514 4.4
      vertex 38 -59.4072 4.4
      vertex 38.087 -59.4653 4.4
    endloop
  endfacet
  facet normal 0 0 1
    outer loop
      vertex 38.461 -58.0213 4.4
      vertex 37.9061 -59.3609 4.4
      vertex 38 -59.4072 4.4
    endloop
  endfacet
  facet normal 0 0 1
    outer loop
      vertex 37.8071 -59.3273 4.4
      vertex 38.1823 -57.9267 4.4
      vertex 37.8937 -57.8692 4.4
    endloop
  endfacet
  facet normal 0 0 1
    outer loop
      vertex 38.1823 -57.9267 4.4
      vertex 37.8071 -59.3273 4.4
      vertex 37.9061 -59.3609 4.4
    endloop
  endfacet
  facet normal 0 0 1
    outer loop
      vertex 37.8937 -57.8692 4.4
      vertex 37.7044 -59.3068 4.4
      vertex 37.8071 -59.3273 4.4
    endloop
  endfacet
  facet normal 0 0 1
    outer loop
      vertex 37.6 -57.85 4.4
      vertex 37.7044 -59.3068 4.4
      vertex 37.8937 -57.8692 4.4
    endloop
  endfacet
  facet normal 0 0 1
    outer loop
      vertex 37.6 -57.85 4.4
      vertex 37.6 -59.3 4.4
      vertex 37.7044 -59.3068 4.4
    endloop
  endfacet
  facet normal 0 0 1
    outer loop
      vertex 37.6 -57.85 4.4
      vertex 37.4956 -59.3068 4.4
      vertex 37.6 -59.3 4.4
    endloop
  endfacet
  facet normal -0 0 1
    outer loop
      vertex 37.3063 -57.8692 4.4
      vertex 37.4956 -59.3068 4.4
      vertex 37.6 -57.85 4.4
    endloop
  endfacet
  facet normal 0 0 1
    outer loop
      vertex 37.4956 -59.3068 4.4
      vertex 37.3063 -57.8692 4.4
      vertex 37.3929 -59.3273 4.4
    endloop
  endfacet
  facet normal -0 0 1
    outer loop
      vertex 37.0177 -57.9267 4.4
      vertex 37.3929 -59.3273 4.4
      vertex 37.3063 -57.8692 4.4
    endloop
  endfacet
  facet normal 0 0 1
    outer loop
      vertex 37.3929 -59.3273 4.4
      vertex 37.0177 -57.9267 4.4
      vertex 37.2939 -59.3609 4.4
    endloop
  endfacet
  facet normal -0 0 1
    outer loop
      vertex 36.739 -58.0213 4.4
      vertex 37.2939 -59.3609 4.4
      vertex 37.0177 -57.9267 4.4
    endloop
  endfacet
  facet normal 0 0 1
    outer loop
      vertex 37.2939 -59.3609 4.4
      vertex 36.739 -58.0213 4.4
      vertex 37.2 -59.4072 4.4
    endloop
  endfacet
  facet normal -0 0 1
    outer loop
      vertex 36.475 -58.1514 4.4
      vertex 37.2 -59.4072 4.4
      vertex 36.739 -58.0213 4.4
    endloop
  endfacet
  facet normal 0 0 1
    outer loop
      vertex 37.2 -59.4072 4.4
      vertex 36.475 -58.1514 4.4
      vertex 37.113 -59.4653 4.4
    endloop
  endfacet
  facet normal -0 0 1
    outer loop
      vertex 36.2303 -58.315 4.4
      vertex 37.113 -59.4653 4.4
      vertex 36.475 -58.1514 4.4
    endloop
  endfacet
  facet normal 0 0 1
    outer loop
      vertex 37.113 -59.4653 4.4
      vertex 36.2303 -58.315 4.4
      vertex 37.0343 -59.5343 4.4
    endloop
  endfacet
  facet normal -0 0 1
    outer loop
      vertex 36.009 -58.509 4.4
      vertex 37.0343 -59.5343 4.4
      vertex 36.2303 -58.315 4.4
    endloop
  endfacet
  facet normal 0 0 1
    outer loop
      vertex 37.0343 -59.5343 4.4
      vertex 36.009 -58.509 4.4
      vertex 36.9653 -59.613 4.4
    endloop
  endfacet
  facet normal 0 0 1
    outer loop
      vertex 36.9653 -59.613 4.4
      vertex 35.815 -58.7303 4.4
      vertex 36.9072 -59.7 4.4
    endloop
  endfacet
  facet normal -0 0 1
    outer loop
      vertex 35.815 -58.7303 4.4
      vertex 36.9653 -59.613 4.4
      vertex 36.009 -58.509 4.4
    endloop
  endfacet
  facet normal -0 0 1
    outer loop
      vertex 38.2347 -60.587 4.4
      vertex 39.385 -61.4697 4.4
      vertex 38.2928 -60.5 4.4
    endloop
  endfacet
  facet normal 0 0 1
    outer loop
      vertex 39.385 -61.4697 4.4
      vertex 38.2347 -60.587 4.4
      vertex 39.191 -61.691 4.4
    endloop
  endfacet
  facet normal -0 0 1
    outer loop
      vertex 38.1657 -60.6657 4.4
      vertex 39.191 -61.691 4.4
      vertex 38.2347 -60.587 4.4
    endloop
  endfacet
  facet normal 0 0 1
    outer loop
      vertex 39.191 -61.691 4.4
      vertex 38.1657 -60.6657 4.4
      vertex 38.9697 -61.885 4.4
    endloop
  endfacet
  facet normal -0 0 1
    outer loop
      vertex 38.087 -60.7347 4.4
      vertex 38.9697 -61.885 4.4
      vertex 38.1657 -60.6657 4.4
    endloop
  endfacet
  facet normal 0 0 1
    outer loop
      vertex 38.9697 -61.885 4.4
      vertex 38.087 -60.7347 4.4
      vertex 38.725 -62.0486 4.4
    endloop
  endfacet
  facet normal -0 0 1
    outer loop
      vertex 38 -60.7928 4.4
      vertex 38.725 -62.0486 4.4
      vertex 38.087 -60.7347 4.4
    endloop
  endfacet
  facet normal 0 0 1
    outer loop
      vertex 38.725 -62.0486 4.4
      vertex 38 -60.7928 4.4
      vertex 38.461 -62.1787 4.4
    endloop
  endfacet
  facet normal -0 0 1
    outer loop
      vertex 37.9061 -60.8391 4.4
      vertex 38.461 -62.1787 4.4
      vertex 38 -60.7928 4.4
    endloop
  endfacet
  facet normal 0 0 1
    outer loop
      vertex 38.461 -62.1787 4.4
      vertex 37.9061 -60.8391 4.4
      vertex 38.1823 -62.2733 4.4
    endloop
  endfacet
  facet normal -0 0 1
    outer loop
      vertex 37.8071 -60.8727 4.4
      vertex 38.1823 -62.2733 4.4
      vertex 37.9061 -60.8391 4.4
    endloop
  endfacet
  facet normal 0 0 1
    outer loop
      vertex 38.1823 -62.2733 4.4
      vertex 37.8071 -60.8727 4.4
      vertex 37.8937 -62.3307 4.4
    endloop
  endfacet
  facet normal -0 0 1
    outer loop
      vertex 37.7044 -60.8932 4.4
      vertex 37.8937 -62.3307 4.4
      vertex 37.8071 -60.8727 4.4
    endloop
  endfacet
  facet normal -0 0 1
    outer loop
      vertex 37.6 -60.9 4.4
      vertex 37.8937 -62.3307 4.4
      vertex 37.7044 -60.8932 4.4
    endloop
  endfacet
  facet normal 0 0 1
    outer loop
      vertex 37.6 -60.9 4.4
      vertex 37.6 -62.35 4.4
      vertex 37.8937 -62.3307 4.4
    endloop
  endfacet
  facet normal 0 0 1
    outer loop
      vertex 37.4956 -60.8932 4.4
      vertex 37.6 -62.35 4.4
      vertex 37.6 -60.9 4.4
    endloop
  endfacet
  facet normal 0 0 1
    outer loop
      vertex 37.3063 -62.3307 4.4
      vertex 37.4956 -60.8932 4.4
      vertex 37.3929 -60.8727 4.4
    endloop
  endfacet
  facet normal 0 0 1
    outer loop
      vertex 37.4956 -60.8932 4.4
      vertex 37.3063 -62.3307 4.4
      vertex 37.6 -62.35 4.4
    endloop
  endfacet
  facet normal 0 0 1
    outer loop
      vertex 37.0177 -62.2733 4.4
      vertex 37.3929 -60.8727 4.4
      vertex 37.2939 -60.8391 4.4
    endloop
  endfacet
  facet normal 0 0 1
    outer loop
      vertex 36.739 -62.1787 4.4
      vertex 37.2939 -60.8391 4.4
      vertex 37.2 -60.7928 4.4
    endloop
  endfacet
  facet normal 0 0 1
    outer loop
      vertex 36.475 -62.0486 4.4
      vertex 37.2 -60.7928 4.4
      vertex 37.113 -60.7347 4.4
    endloop
  endfacet
  facet normal 0 0 1
    outer loop
      vertex 36.2303 -61.885 4.4
      vertex 37.113 -60.7347 4.4
      vertex 37.0343 -60.6657 4.4
    endloop
  endfacet
  facet normal 0 0 1
    outer loop
      vertex 37.3929 -60.8727 4.4
      vertex 37.0177 -62.2733 4.4
      vertex 37.3063 -62.3307 4.4
    endloop
  endfacet
  facet normal 0 0 1
    outer loop
      vertex 36.009 -61.691 4.4
      vertex 37.0343 -60.6657 4.4
      vertex 36.9653 -60.587 4.4
    endloop
  endfacet
  facet normal 0 0 1
    outer loop
      vertex 35.815 -61.4697 4.4
      vertex 36.9653 -60.587 4.4
      vertex 36.9072 -60.5 4.4
    endloop
  endfacet
  facet normal 0 0 1
    outer loop
      vertex 35.6514 -61.225 4.4
      vertex 36.9072 -60.5 4.4
      vertex 36.8609 -60.4061 4.4
    endloop
  endfacet
  facet normal 0 0 1
    outer loop
      vertex 35.5213 -60.961 4.4
      vertex 36.8609 -60.4061 4.4
      vertex 36.8273 -60.3071 4.4
    endloop
  endfacet
  facet normal 0 0 1
    outer loop
      vertex 35.4267 -60.6823 4.4
      vertex 36.8273 -60.3071 4.4
      vertex 36.8068 -60.2044 4.4
    endloop
  endfacet
  facet normal 0 0 1
    outer loop
      vertex 37.2939 -60.8391 4.4
      vertex 36.739 -62.1787 4.4
      vertex 37.0177 -62.2733 4.4
    endloop
  endfacet
  facet normal 0 0 1
    outer loop
      vertex 35.3692 -60.3937 4.4
      vertex 36.8068 -60.2044 4.4
      vertex 36.8 -60.1 4.4
    endloop
  endfacet
  facet normal -0 0 1
    outer loop
      vertex 35.6514 -58.975 4.4
      vertex 36.9072 -59.7 4.4
      vertex 35.815 -58.7303 4.4
    endloop
  endfacet
  facet normal 0 0 1
    outer loop
      vertex 36.9072 -59.7 4.4
      vertex 35.6514 -58.975 4.4
      vertex 36.8609 -59.7939 4.4
    endloop
  endfacet
  facet normal 0 0 1
    outer loop
      vertex 37.2 -60.7928 4.4
      vertex 36.475 -62.0486 4.4
      vertex 36.739 -62.1787 4.4
    endloop
  endfacet
  facet normal -0 0 1
    outer loop
      vertex 35.5213 -59.239 4.4
      vertex 36.8609 -59.7939 4.4
      vertex 35.6514 -58.975 4.4
    endloop
  endfacet
  facet normal 0 0 1
    outer loop
      vertex 37.113 -60.7347 4.4
      vertex 36.2303 -61.885 4.4
      vertex 36.475 -62.0486 4.4
    endloop
  endfacet
  facet normal 0 0 1
    outer loop
      vertex 36.8609 -59.7939 4.4
      vertex 35.5213 -59.239 4.4
      vertex 36.8273 -59.8929 4.4
    endloop
  endfacet
  facet normal 0 0 1
    outer loop
      vertex 37.0343 -60.6657 4.4
      vertex 36.009 -61.691 4.4
      vertex 36.2303 -61.885 4.4
    endloop
  endfacet
  facet normal -0 0 1
    outer loop
      vertex 35.4267 -59.5177 4.4
      vertex 36.8273 -59.8929 4.4
      vertex 35.5213 -59.239 4.4
    endloop
  endfacet
  facet normal 0 0 1
    outer loop
      vertex 36.9653 -60.587 4.4
      vertex 35.815 -61.4697 4.4
      vertex 36.009 -61.691 4.4
    endloop
  endfacet
  facet normal 0 0 1
    outer loop
      vertex 36.8273 -59.8929 4.4
      vertex 35.4267 -59.5177 4.4
      vertex 36.8068 -59.9956 4.4
    endloop
  endfacet
  facet normal 0 0 1
    outer loop
      vertex 36.9072 -60.5 4.4
      vertex 35.6514 -61.225 4.4
      vertex 35.815 -61.4697 4.4
    endloop
  endfacet
  facet normal -0 0 1
    outer loop
      vertex 35.3692 -59.8063 4.4
      vertex 36.8068 -59.9956 4.4
      vertex 35.4267 -59.5177 4.4
    endloop
  endfacet
  facet normal 0 0 1
    outer loop
      vertex 36.8609 -60.4061 4.4
      vertex 35.5213 -60.961 4.4
      vertex 35.6514 -61.225 4.4
    endloop
  endfacet
  facet normal 0 0 1
    outer loop
      vertex 36.8068 -59.9956 4.4
      vertex 35.3692 -59.8063 4.4
      vertex 36.8 -60.1 4.4
    endloop
  endfacet
  facet normal 0 0 1
    outer loop
      vertex 36.8273 -60.3071 4.4
      vertex 35.4267 -60.6823 4.4
      vertex 35.5213 -60.961 4.4
    endloop
  endfacet
  facet normal 0 0 1
    outer loop
      vertex 35.35 -60.1 4.4
      vertex 36.8 -60.1 4.4
      vertex 35.3692 -59.8063 4.4
    endloop
  endfacet
  facet normal 0 0 1
    outer loop
      vertex 36.8068 -60.2044 4.4
      vertex 35.3692 -60.3937 4.4
      vertex 35.4267 -60.6823 4.4
    endloop
  endfacet
  facet normal 0 0 1
    outer loop
      vertex 36.8 -60.1 4.4
      vertex 35.35 -60.1 4.4
      vertex 35.3692 -60.3937 4.4
    endloop
  endfacet
  facet normal 0.946936 0.321421 0
    outer loop
      vertex 39.7733 -59.5177 4.4
      vertex 39.6787 -59.239 2.4
      vertex 39.6787 -59.239 4.4
    endloop
  endfacet
  facet normal 0.946936 0.321421 0
    outer loop
      vertex 39.6787 -59.239 2.4
      vertex 39.7733 -59.5177 4.4
      vertex 39.7733 -59.5177 2.4
    endloop
  endfacet
  facet normal -0.946936 -0.321421 0
    outer loop
      vertex 35.5213 -60.961 2.4
      vertex 35.4267 -60.6823 4.4
      vertex 35.4267 -60.6823 2.4
    endloop
  endfacet
  facet normal -0.946936 -0.321421 0
    outer loop
      vertex 35.4267 -60.6823 4.4
      vertex 35.5213 -60.961 2.4
      vertex 35.5213 -60.961 4.4
    endloop
  endfacet
  facet normal 0.659202 0.751966 -0
    outer loop
      vertex 39.191 -58.509 2.4
      vertex 38.9697 -58.315 4.4
      vertex 39.191 -58.509 4.4
    endloop
  endfacet
  facet normal 0.659202 0.751966 0
    outer loop
      vertex 38.9697 -58.315 4.4
      vertex 39.191 -58.509 2.4
      vertex 38.9697 -58.315 2.4
    endloop
  endfacet
  facet normal 0.751966 0.659202 0
    outer loop
      vertex 39.385 -58.7303 4.4
      vertex 39.191 -58.509 2.4
      vertex 39.191 -58.509 4.4
    endloop
  endfacet
  facet normal 0.751966 0.659202 0
    outer loop
      vertex 39.191 -58.509 2.4
      vertex 39.385 -58.7303 4.4
      vertex 39.385 -58.7303 2.4
    endloop
  endfacet
  facet normal -0.321421 0.946936 0
    outer loop
      vertex 37.0177 -57.9267 2.4
      vertex 36.739 -58.0213 4.4
      vertex 37.0177 -57.9267 4.4
    endloop
  endfacet
  facet normal -0.321421 0.946936 0
    outer loop
      vertex 36.739 -58.0213 4.4
      vertex 37.0177 -57.9267 2.4
      vertex 36.739 -58.0213 2.4
    endloop
  endfacet
  facet normal 0.321498 0.94691 -0
    outer loop
      vertex 43.7307 1.69551 5.72205e-07
      vertex 43.2353 1.86371 2.4
      vertex 43.7307 1.69551 2.4
    endloop
  endfacet
  facet normal 0.321498 0.94691 0
    outer loop
      vertex 43.2353 1.86371 2.4
      vertex 43.7307 1.69551 5.72205e-07
      vertex 43.2353 1.86371 5.72205e-07
    endloop
  endfacet
  facet normal -0.442277 0.896879 0
    outer loop
      vertex 0.469269 1.69551 5.72205e-07
      vertex 0 1.4641 2.4
      vertex 0.469269 1.69551 2.4
    endloop
  endfacet
  facet normal -0.442277 0.896879 0
    outer loop
      vertex 0 1.4641 2.4
      vertex 0.469269 1.69551 5.72205e-07
      vertex 0 1.4641 5.72205e-07
    endloop
  endfacet
  facet normal 0 1 -0
    outer loop
      vertex 42.2 2 5.72205e-07
      vertex 2 2 2.4
      vertex 42.2 2 2.4
    endloop
  endfacet
  facet normal 0 1 0
    outer loop
      vertex 2 2 2.4
      vertex 42.2 2 5.72205e-07
      vertex 2 2 5.72205e-07
    endloop
  endfacet
  facet normal 0.19505 0.980793 -0
    outer loop
      vertex 43.2353 1.86371 5.72205e-07
      vertex 42.7221 1.96577 2.4
      vertex 43.2353 1.86371 2.4
    endloop
  endfacet
  facet normal 0.19505 0.980793 0
    outer loop
      vertex 42.7221 1.96577 2.4
      vertex 43.2353 1.86371 5.72205e-07
      vertex 42.7221 1.96577 5.72205e-07
    endloop
  endfacet
  facet normal 0.980779 -0.195124 0
    outer loop
      vertex 46.0637 -91.5353 2.4
      vertex 46.1658 -91.0221 5.72205e-07
      vertex 46.1658 -91.0221 2.4
    endloop
  endfacet
  facet normal 0.980779 -0.195124 0
    outer loop
      vertex 46.1658 -91.0221 5.72205e-07
      vertex 46.0637 -91.5353 2.4
      vertex 46.0637 -91.5353 5.72205e-07
    endloop
  endfacet
  facet normal 0.0654217 0.997858 -0
    outer loop
      vertex 42.7221 1.96577 5.72205e-07
      vertex 42.2 2 2.4
      vertex 42.7221 1.96577 2.4
    endloop
  endfacet
  facet normal 0.0654217 0.997858 0
    outer loop
      vertex 42.2 2 2.4
      vertex 42.7221 1.96577 5.72205e-07
      vertex 42.2 2 5.72205e-07
    endloop
  endfacet
  facet normal -0.946921 0.321468 0
    outer loop
      vertex -1.86371 -0.964722 5.72205e-07
      vertex -1.69551 -0.469269 2.4
      vertex -1.69551 -0.469269 5.72205e-07
    endloop
  endfacet
  facet normal -0.946921 0.321468 0
    outer loop
      vertex -1.69551 -0.469269 2.4
      vertex -1.86371 -0.964722 5.72205e-07
      vertex -1.86371 -0.964722 2.4
    endloop
  endfacet
  facet normal 0.555626 -0.831432 0
    outer loop
      vertex 44.2 -93.9641 5.72205e-07
      vertex 44.635 -93.6734 2.4
      vertex 44.2 -93.9641 2.4
    endloop
  endfacet
  facet normal 0.555626 -0.831432 0
    outer loop
      vertex 44.635 -93.6734 2.4
      vertex 44.2 -93.9641 5.72205e-07
      vertex 44.635 -93.6734 5.72205e-07
    endloop
  endfacet
  facet normal -0.896879 0.442277 0
    outer loop
      vertex -1.69551 -0.469269 5.72205e-07
      vertex -1.4641 0 2.4
      vertex -1.4641 0 5.72205e-07
    endloop
  endfacet
  facet normal -0.896879 0.442277 0
    outer loop
      vertex -1.4641 0 2.4
      vertex -1.69551 -0.469269 5.72205e-07
      vertex -1.69551 -0.469269 2.4
    endloop
  endfacet
  facet normal -0.831475 0.555562 0
    outer loop
      vertex -1.4641 0 5.72205e-07
      vertex -1.17342 0.435043 2.4
      vertex -1.17342 0.435043 5.72205e-07
    endloop
  endfacet
  facet normal -0.831475 0.555562 0
    outer loop
      vertex -1.17342 0.435043 2.4
      vertex -1.4641 0 5.72205e-07
      vertex -1.4641 0 2.4
    endloop
  endfacet
  facet normal 0.896898 -0.442238 0
    outer loop
      vertex 45.6641 -92.5 2.4
      vertex 45.8955 -92.0307 5.72205e-07
      vertex 45.8955 -92.0307 2.4
    endloop
  endfacet
  facet normal 0.896898 -0.442238 0
    outer loop
      vertex 45.8955 -92.0307 5.72205e-07
      vertex 45.6641 -92.5 2.4
      vertex 45.6641 -92.5 5.72205e-07
    endloop
  endfacet
  facet normal -0.0653634 -0.997862 0
    outer loop
      vertex 1.47789 -94.4658 5.72205e-07
      vertex 2 -94.5 2.4
      vertex 1.47789 -94.4658 2.4
    endloop
  endfacet
  facet normal -0.0653634 -0.997862 -0
    outer loop
      vertex 2 -94.5 2.4
      vertex 1.47789 -94.4658 5.72205e-07
      vertex 2 -94.5 5.72205e-07
    endloop
  endfacet
  facet normal 1 -0 0
    outer loop
      vertex 46.2 -90.5 2.4
      vertex 46.2 -2 5.72205e-07
      vertex 46.2 -2 2.4
    endloop
  endfacet
  facet normal 1 0 0
    outer loop
      vertex 46.2 -2 5.72205e-07
      vertex 46.2 -90.5 2.4
      vertex 46.2 -90.5 5.72205e-07
    endloop
  endfacet
  facet normal -1 0 0
    outer loop
      vertex -2 -90.5 5.72205e-07
      vertex -2 -2 2.4
      vertex -2 -2 5.72205e-07
    endloop
  endfacet
  facet normal -1 -0 0
    outer loop
      vertex -2 -2 2.4
      vertex -2 -90.5 5.72205e-07
      vertex -2 -90.5 2.4
    endloop
  endfacet
  facet normal -0.555588 -0.831458 0
    outer loop
      vertex -0.435043 -93.6734 5.72205e-07
      vertex 0 -93.9641 2.4
      vertex -0.435043 -93.6734 2.4
    endloop
  endfacet
  facet normal -0.555588 -0.831458 -0
    outer loop
      vertex 0 -93.9641 2.4
      vertex -0.435043 -93.6734 5.72205e-07
      vertex 0 -93.9641 5.72205e-07
    endloop
  endfacet
  facet normal 0.946921 0.321468 0
    outer loop
      vertex 46.0637 -0.964722 2.4
      vertex 45.8955 -0.469269 5.72205e-07
      vertex 45.8955 -0.469269 2.4
    endloop
  endfacet
  facet normal 0.946921 0.321468 0
    outer loop
      vertex 45.8955 -0.469269 5.72205e-07
      vertex 46.0637 -0.964722 2.4
      vertex 46.0637 -0.964722 5.72205e-07
    endloop
  endfacet
  facet normal -0.659355 -0.751831 0
    outer loop
      vertex -0.82843 -93.3284 5.72205e-07
      vertex -0.435043 -93.6734 2.4
      vertex -0.82843 -93.3284 2.4
    endloop
  endfacet
  facet normal -0.659355 -0.751831 -0
    outer loop
      vertex -0.435043 -93.6734 2.4
      vertex -0.82843 -93.3284 5.72205e-07
      vertex -0.435043 -93.6734 5.72205e-07
    endloop
  endfacet
  facet normal -0.751852 -0.659332 0
    outer loop
      vertex -0.82843 -93.3284 5.72205e-07
      vertex -1.17342 -92.935 2.4
      vertex -1.17342 -92.935 5.72205e-07
    endloop
  endfacet
  facet normal -0.751852 -0.659332 0
    outer loop
      vertex -1.17342 -92.935 2.4
      vertex -0.82843 -93.3284 5.72205e-07
      vertex -0.82843 -93.3284 2.4
    endloop
  endfacet
  facet normal 0.896886 0.442261 0
    outer loop
      vertex 45.8955 -0.469269 2.4
      vertex 45.6641 0 5.72205e-07
      vertex 45.6641 0 2.4
    endloop
  endfacet
  facet normal 0.896886 0.442261 0
    outer loop
      vertex 45.6641 0 5.72205e-07
      vertex 45.8955 -0.469269 2.4
      vertex 45.8955 -0.469269 5.72205e-07
    endloop
  endfacet
  facet normal -0.980793 -0.19505 0
    outer loop
      vertex -1.86371 -91.5353 5.72205e-07
      vertex -1.96577 -91.0221 2.4
      vertex -1.96577 -91.0221 5.72205e-07
    endloop
  endfacet
  facet normal -0.980793 -0.19505 0
    outer loop
      vertex -1.96577 -91.0221 2.4
      vertex -1.86371 -91.5353 5.72205e-07
      vertex -1.86371 -91.5353 2.4
    endloop
  endfacet
  facet normal 0.751842 -0.659343 0
    outer loop
      vertex 45.0284 -93.3284 2.4
      vertex 45.3734 -92.935 5.72205e-07
      vertex 45.3734 -92.935 2.4
    endloop
  endfacet
  facet normal 0.751842 -0.659343 0
    outer loop
      vertex 45.3734 -92.935 5.72205e-07
      vertex 45.0284 -93.3284 2.4
      vertex 45.0284 -93.3284 5.72205e-07
    endloop
  endfacet
  facet normal 0 -1 0
    outer loop
      vertex 2 -94.5 5.72205e-07
      vertex 42.2 -94.5 2.4
      vertex 2 -94.5 2.4
    endloop
  endfacet
  facet normal 0 -1 -0
    outer loop
      vertex 42.2 -94.5 2.4
      vertex 2 -94.5 5.72205e-07
      vertex 42.2 -94.5 5.72205e-07
    endloop
  endfacet
  facet normal 0.751831 0.659355 0
    outer loop
      vertex 45.3734 0.435043 2.4
      vertex 45.0284 0.82843 5.72205e-07
      vertex 45.0284 0.82843 2.4
    endloop
  endfacet
  facet normal 0.751831 0.659355 0
    outer loop
      vertex 45.0284 0.82843 5.72205e-07
      vertex 45.3734 0.435043 2.4
      vertex 45.3734 0.435043 5.72205e-07
    endloop
  endfacet
  facet normal 0.94691 -0.321498 0
    outer loop
      vertex 45.8955 -92.0307 2.4
      vertex 46.0637 -91.5353 5.72205e-07
      vertex 46.0637 -91.5353 2.4
    endloop
  endfacet
  facet normal 0.94691 -0.321498 0
    outer loop
      vertex 46.0637 -91.5353 5.72205e-07
      vertex 45.8955 -92.0307 2.4
      vertex 45.8955 -92.0307 5.72205e-07
    endloop
  endfacet
  facet normal -0.442261 -0.896886 0
    outer loop
      vertex 0 -93.9641 5.72205e-07
      vertex 0.469269 -94.1955 2.4
      vertex 0 -93.9641 2.4
    endloop
  endfacet
  facet normal -0.442261 -0.896886 -0
    outer loop
      vertex 0.469269 -94.1955 2.4
      vertex 0 -93.9641 5.72205e-07
      vertex 0.469269 -94.1955 5.72205e-07
    endloop
  endfacet
  facet normal 0.980776 0.195135 0
    outer loop
      vertex 46.1658 -1.47789 2.4
      vertex 46.0637 -0.964722 5.72205e-07
      vertex 46.0637 -0.964722 2.4
    endloop
  endfacet
  facet normal 0.980776 0.195135 0
    outer loop
      vertex 46.0637 -0.964722 5.72205e-07
      vertex 46.1658 -1.47789 2.4
      vertex 46.1658 -1.47789 5.72205e-07
    endloop
  endfacet
  facet normal -0.997858 -0.0654217 0
    outer loop
      vertex -1.96577 -91.0221 5.72205e-07
      vertex -2 -90.5 2.4
      vertex -2 -90.5 5.72205e-07
    endloop
  endfacet
  facet normal -0.997858 -0.0654217 0
    outer loop
      vertex -2 -90.5 2.4
      vertex -1.96577 -91.0221 5.72205e-07
      vertex -1.96577 -91.0221 2.4
    endloop
  endfacet
  facet normal -0.980791 0.195062 0
    outer loop
      vertex -1.96577 -1.47789 5.72205e-07
      vertex -1.86371 -0.964722 2.4
      vertex -1.86371 -0.964722 5.72205e-07
    endloop
  endfacet
  facet normal -0.980791 0.195062 0
    outer loop
      vertex -1.86371 -0.964722 2.4
      vertex -1.96577 -1.47789 5.72205e-07
      vertex -1.96577 -1.47789 2.4
    endloop
  endfacet
  facet normal -0.321468 0.946921 0
    outer loop
      vertex 0.964722 1.86371 5.72205e-07
      vertex 0.469269 1.69551 2.4
      vertex 0.964722 1.86371 2.4
    endloop
  endfacet
  facet normal -0.321468 0.946921 0
    outer loop
      vertex 0.469269 1.69551 2.4
      vertex 0.964722 1.86371 5.72205e-07
      vertex 0.469269 1.69551 5.72205e-07
    endloop
  endfacet
  facet normal -0.195062 0.980791 0
    outer loop
      vertex 1.47789 1.96577 5.72205e-07
      vertex 0.964722 1.86371 2.4
      vertex 1.47789 1.96577 2.4
    endloop
  endfacet
  facet normal -0.195062 0.980791 0
    outer loop
      vertex 0.964722 1.86371 2.4
      vertex 1.47789 1.96577 5.72205e-07
      vertex 0.964722 1.86371 5.72205e-07
    endloop
  endfacet
  facet normal -0.89689 -0.442253 0
    outer loop
      vertex -1.4641 -92.5 5.72205e-07
      vertex -1.69551 -92.0307 2.4
      vertex -1.69551 -92.0307 5.72205e-07
    endloop
  endfacet
  facet normal -0.89689 -0.442253 0
    outer loop
      vertex -1.69551 -92.0307 2.4
      vertex -1.4641 -92.5 5.72205e-07
      vertex -1.4641 -92.5 2.4
    endloop
  endfacet
  facet normal -0.195135 -0.980776 0
    outer loop
      vertex 0.964722 -94.3637 5.72205e-07
      vertex 1.47789 -94.4658 2.4
      vertex 0.964722 -94.3637 2.4
    endloop
  endfacet
  facet normal -0.195135 -0.980776 -0
    outer loop
      vertex 1.47789 -94.4658 2.4
      vertex 0.964722 -94.3637 5.72205e-07
      vertex 1.47789 -94.4658 5.72205e-07
    endloop
  endfacet
  facet normal -0.83145 -0.5556 0
    outer loop
      vertex -1.17342 -92.935 5.72205e-07
      vertex -1.4641 -92.5 2.4
      vertex -1.4641 -92.5 5.72205e-07
    endloop
  endfacet
  facet normal -0.83145 -0.5556 0
    outer loop
      vertex -1.4641 -92.5 2.4
      vertex -1.17342 -92.935 5.72205e-07
      vertex -1.17342 -92.935 2.4
    endloop
  endfacet
  facet normal -0.321468 -0.946921 0
    outer loop
      vertex 0.469269 -94.1955 5.72205e-07
      vertex 0.964722 -94.3637 2.4
      vertex 0.469269 -94.1955 2.4
    endloop
  endfacet
  facet normal -0.321468 -0.946921 -0
    outer loop
      vertex 0.964722 -94.3637 2.4
      vertex 0.469269 -94.1955 5.72205e-07
      vertex 0.964722 -94.3637 5.72205e-07
    endloop
  endfacet
  facet normal -0.0654205 0.997858 0
    outer loop
      vertex 2 2 5.72205e-07
      vertex 1.47789 1.96577 2.4
      vertex 2 2 2.4
    endloop
  endfacet
  facet normal -0.0654205 0.997858 0
    outer loop
      vertex 1.47789 1.96577 2.4
      vertex 2 2 5.72205e-07
      vertex 1.47789 1.96577 5.72205e-07
    endloop
  endfacet
  facet normal -0.659345 0.751841 0
    outer loop
      vertex -0.435043 1.17342 5.72205e-07
      vertex -0.82843 0.82843 2.4
      vertex -0.435043 1.17342 2.4
    endloop
  endfacet
  facet normal -0.659345 0.751841 0
    outer loop
      vertex -0.82843 0.82843 2.4
      vertex -0.435043 1.17342 5.72205e-07
      vertex -0.82843 0.82843 5.72205e-07
    endloop
  endfacet
  facet normal -0.751841 0.659345 0
    outer loop
      vertex -1.17342 0.435043 5.72205e-07
      vertex -0.82843 0.82843 2.4
      vertex -0.82843 0.82843 5.72205e-07
    endloop
  endfacet
  facet normal -0.751841 0.659345 0
    outer loop
      vertex -0.82843 0.82843 2.4
      vertex -1.17342 0.435043 5.72205e-07
      vertex -1.17342 0.435043 2.4
    endloop
  endfacet
  facet normal 0.659343 -0.751842 0
    outer loop
      vertex 44.635 -93.6734 5.72205e-07
      vertex 45.0284 -93.3284 2.4
      vertex 44.635 -93.6734 2.4
    endloop
  endfacet
  facet normal 0.659343 -0.751842 0
    outer loop
      vertex 45.0284 -93.3284 2.4
      vertex 44.635 -93.6734 5.72205e-07
      vertex 45.0284 -93.3284 5.72205e-07
    endloop
  endfacet
  facet normal 0.195124 -0.980779 0
    outer loop
      vertex 42.7221 -94.4658 5.72205e-07
      vertex 43.2353 -94.3637 2.4
      vertex 42.7221 -94.4658 2.4
    endloop
  endfacet
  facet normal 0.195124 -0.980779 0
    outer loop
      vertex 43.2353 -94.3637 2.4
      vertex 42.7221 -94.4658 5.72205e-07
      vertex 43.2353 -94.3637 5.72205e-07
    endloop
  endfacet
  facet normal -0.555562 0.831475 0
    outer loop
      vertex 0 1.4641 5.72205e-07
      vertex -0.435043 1.17342 2.4
      vertex 0 1.4641 2.4
    endloop
  endfacet
  facet normal -0.555562 0.831475 0
    outer loop
      vertex -0.435043 1.17342 2.4
      vertex 0 1.4641 5.72205e-07
      vertex -0.435043 1.17342 5.72205e-07
    endloop
  endfacet
  facet normal 0 0 1
    outer loop
      vertex -2 -90.5 2.4
      vertex 0.25 -89.3577 2.4
      vertex 0.229942 -89.2568 2.4
    endloop
  endfacet
  facet normal 0 0 1
    outer loop
      vertex 43.95 -2 2.4
      vertex 46.2 -2 2.4
      vertex 46.1658 -1.47789 2.4
    endloop
  endfacet
  facet normal 0 0 1
    outer loop
      vertex 46.2 -2 2.4
      vertex 43.95 -88.2423 2.4
      vertex 46.2 -90.5 2.4
    endloop
  endfacet
  facet normal 0 0 1
    outer loop
      vertex 43.935 -1.77158 2.4
      vertex 46.1658 -1.47789 2.4
      vertex 46.0637 -0.964722 2.4
    endloop
  endfacet
  facet normal -0 -0 1
    outer loop
      vertex 43.9701 -88.3432 2.4
      vertex 46.2 -90.5 2.4
      vertex 43.95 -88.2423 2.4
    endloop
  endfacet
  facet normal 0 0 1
    outer loop
      vertex 43.8904 -1.54707 2.4
      vertex 46.0637 -0.964722 2.4
      vertex 45.8955 -0.469269 2.4
    endloop
  endfacet
  facet normal -0 -0 1
    outer loop
      vertex 44 -88.8 2.4
      vertex 46.2 -90.5 2.4
      vertex 43.9701 -88.3432 2.4
    endloop
  endfacet
  facet normal 0 0 1
    outer loop
      vertex 43.8168 -1.33031 2.4
      vertex 45.8955 -0.469269 2.4
      vertex 45.6641 0 2.4
    endloop
  endfacet
  facet normal -0 0 1
    outer loop
      vertex 43.9701 -89.2568 2.4
      vertex 46.2 -90.5 2.4
      vertex 44 -88.8 2.4
    endloop
  endfacet
  facet normal 0 0 1
    outer loop
      vertex 43.7155 -1.125 2.4
      vertex 45.6641 0 2.4
      vertex 45.3734 0.435043 2.4
    endloop
  endfacet
  facet normal -0 0 1
    outer loop
      vertex 43.95 -89.3577 2.4
      vertex 46.2 -90.5 2.4
      vertex 43.9701 -89.2568 2.4
    endloop
  endfacet
  facet normal 0 0 1
    outer loop
      vertex 43.5884 -0.934662 2.4
      vertex 45.3734 0.435043 2.4
      vertex 45.0284 0.82843 2.4
    endloop
  endfacet
  facet normal 0 0 1
    outer loop
      vertex 43.95 -90.5 2.4
      vertex 46.2 -90.5 2.4
      vertex 43.95 -89.3577 2.4
    endloop
  endfacet
  facet normal 0 0 1
    outer loop
      vertex 43.4374 -0.762558 2.4
      vertex 45.0284 0.82843 2.4
      vertex 44.635 1.17342 2.4
    endloop
  endfacet
  facet normal -0 0 1
    outer loop
      vertex 43.935 -90.7284 2.4
      vertex 46.1658 -91.0221 2.4
      vertex 43.95 -90.5 2.4
    endloop
  endfacet
  facet normal 0 0 1
    outer loop
      vertex 43.2653 -0.611633 2.4
      vertex 44.635 1.17342 2.4
      vertex 44.2 1.4641 2.4
    endloop
  endfacet
  facet normal 0 0 1
    outer loop
      vertex 46.2 -2 2.4
      vertex 43.95 -2 2.4
      vertex 43.95 -88.2423 2.4
    endloop
  endfacet
  facet normal -0 0 1
    outer loop
      vertex 43.8168 -91.1697 2.4
      vertex 45.8955 -92.0307 2.4
      vertex 43.8904 -90.9529 2.4
    endloop
  endfacet
  facet normal 0 0 1
    outer loop
      vertex 46.0637 -91.5353 2.4
      vertex 43.8904 -90.9529 2.4
      vertex 45.8955 -92.0307 2.4
    endloop
  endfacet
  facet normal 0 0 1
    outer loop
      vertex 46.1658 -91.0221 2.4
      vertex 43.935 -90.7284 2.4
      vertex 46.0637 -91.5353 2.4
    endloop
  endfacet
  facet normal 0 0 1
    outer loop
      vertex 46.1658 -1.47789 2.4
      vertex 43.935 -1.77158 2.4
      vertex 43.95 -2 2.4
    endloop
  endfacet
  facet normal 0 0 1
    outer loop
      vertex 46.0637 -0.964722 2.4
      vertex 43.8904 -1.54707 2.4
      vertex 43.935 -1.77158 2.4
    endloop
  endfacet
  facet normal 0 0 1
    outer loop
      vertex 45.8955 -0.469269 2.4
      vertex 43.8168 -1.33031 2.4
      vertex 43.8904 -1.54707 2.4
    endloop
  endfacet
  facet normal 0 0 1
    outer loop
      vertex 43.075 -0.484451 2.4
      vertex 44.2 1.4641 2.4
      vertex 43.7307 1.69551 2.4
    endloop
  endfacet
  facet normal 0 0 1
    outer loop
      vertex 45.6641 0 2.4
      vertex 43.7155 -1.125 2.4
      vertex 43.8168 -1.33031 2.4
    endloop
  endfacet
  facet normal 0 0 1
    outer loop
      vertex 45.3734 0.435043 2.4
      vertex 43.5884 -0.934662 2.4
      vertex 43.7155 -1.125 2.4
    endloop
  endfacet
  facet normal 0 0 1
    outer loop
      vertex 45.0284 0.82843 2.4
      vertex 43.4374 -0.762558 2.4
      vertex 43.5884 -0.934662 2.4
    endloop
  endfacet
  facet normal 0 0 1
    outer loop
      vertex 44.635 1.17342 2.4
      vertex 43.2653 -0.611633 2.4
      vertex 43.4374 -0.762558 2.4
    endloop
  endfacet
  facet normal 0 0 1
    outer loop
      vertex 42.8697 -0.383209 2.4
      vertex 43.7307 1.69551 2.4
      vertex 43.2353 1.86371 2.4
    endloop
  endfacet
  facet normal 0 0 1
    outer loop
      vertex 44.2 1.4641 2.4
      vertex 43.075 -0.484451 2.4
      vertex 43.2653 -0.611633 2.4
    endloop
  endfacet
  facet normal 0 0 1
    outer loop
      vertex 43.7307 1.69551 2.4
      vertex 42.8697 -0.383209 2.4
      vertex 43.075 -0.484451 2.4
    endloop
  endfacet
  facet normal 0 0 1
    outer loop
      vertex 42.6529 -0.309631 2.4
      vertex 43.2353 1.86371 2.4
      vertex 42.7221 1.96577 2.4
    endloop
  endfacet
  facet normal 0 0 1
    outer loop
      vertex 43.2353 1.86371 2.4
      vertex 42.6529 -0.309631 2.4
      vertex 42.8697 -0.383209 2.4
    endloop
  endfacet
  facet normal 0 0 1
    outer loop
      vertex 42.7221 1.96577 2.4
      vertex 42.4284 -0.264969 2.4
      vertex 42.6529 -0.309631 2.4
    endloop
  endfacet
  facet normal 0 0 1
    outer loop
      vertex 42.2 2 2.4
      vertex 42.4284 -0.264969 2.4
      vertex 42.7221 1.96577 2.4
    endloop
  endfacet
  facet normal 0 0 1
    outer loop
      vertex 42.2 2 2.4
      vertex 42.2 -0.25 2.4
      vertex 42.4284 -0.264969 2.4
    endloop
  endfacet
  facet normal -0 0 1
    outer loop
      vertex 2 2 2.4
      vertex 42.2 -0.25 2.4
      vertex 42.2 2 2.4
    endloop
  endfacet
  facet normal 0 0 1
    outer loop
      vertex 2 2 2.4
      vertex 2 -0.25 2.4
      vertex 42.2 -0.25 2.4
    endloop
  endfacet
  facet normal 0 0 1
    outer loop
      vertex 2 2 2.4
      vertex 1.77158 -0.264969 2.4
      vertex 2 -0.25 2.4
    endloop
  endfacet
  facet normal -0 0 1
    outer loop
      vertex 1.47789 1.96577 2.4
      vertex 1.77158 -0.264969 2.4
      vertex 2 2 2.4
    endloop
  endfacet
  facet normal 0 0 1
    outer loop
      vertex 1.77158 -0.264969 2.4
      vertex 1.47789 1.96577 2.4
      vertex 1.54707 -0.309631 2.4
    endloop
  endfacet
  facet normal -0 0 1
    outer loop
      vertex 0.964722 1.86371 2.4
      vertex 1.54707 -0.309631 2.4
      vertex 1.47789 1.96577 2.4
    endloop
  endfacet
  facet normal 0 0 1
    outer loop
      vertex 1.54707 -0.309631 2.4
      vertex 0.964722 1.86371 2.4
      vertex 1.33031 -0.383209 2.4
    endloop
  endfacet
  facet normal -0 0 1
    outer loop
      vertex 0.469269 1.69551 2.4
      vertex 1.33031 -0.383209 2.4
      vertex 0.964722 1.86371 2.4
    endloop
  endfacet
  facet normal 0 0 1
    outer loop
      vertex 1.33031 -0.383209 2.4
      vertex 0.469269 1.69551 2.4
      vertex 1.125 -0.484451 2.4
    endloop
  endfacet
  facet normal -0 0 1
    outer loop
      vertex 0 1.4641 2.4
      vertex 1.125 -0.484451 2.4
      vertex 0.469269 1.69551 2.4
    endloop
  endfacet
  facet normal 0 0 1
    outer loop
      vertex 1.125 -0.484451 2.4
      vertex 0 1.4641 2.4
      vertex 0.934662 -0.611633 2.4
    endloop
  endfacet
  facet normal -0 0 1
    outer loop
      vertex -0.435043 1.17342 2.4
      vertex 0.934662 -0.611633 2.4
      vertex 0 1.4641 2.4
    endloop
  endfacet
  facet normal 0 0 1
    outer loop
      vertex 0.934662 -0.611633 2.4
      vertex -0.435043 1.17342 2.4
      vertex 0.762558 -0.762558 2.4
    endloop
  endfacet
  facet normal -0 0 1
    outer loop
      vertex -0.82843 0.82843 2.4
      vertex 0.762558 -0.762558 2.4
      vertex -0.435043 1.17342 2.4
    endloop
  endfacet
  facet normal 0 0 1
    outer loop
      vertex 0.762558 -0.762558 2.4
      vertex -0.82843 0.82843 2.4
      vertex 0.611633 -0.934662 2.4
    endloop
  endfacet
  facet normal -0 0 1
    outer loop
      vertex -1.17342 0.435043 2.4
      vertex 0.611633 -0.934662 2.4
      vertex -0.82843 0.82843 2.4
    endloop
  endfacet
  facet normal 0 0 1
    outer loop
      vertex 0.611633 -0.934662 2.4
      vertex -1.17342 0.435043 2.4
      vertex 0.484451 -1.125 2.4
    endloop
  endfacet
  facet normal -0 0 1
    outer loop
      vertex -2 -2 2.4
      vertex 0.25 -88.2423 2.4
      vertex 0.25 -2 2.4
    endloop
  endfacet
  facet normal 0 0 1
    outer loop
      vertex -2 -90.5 2.4
      vertex 0.25 -88.2423 2.4
      vertex -2 -2 2.4
    endloop
  endfacet
  facet normal 0 0 1
    outer loop
      vertex 0.484451 -1.125 2.4
      vertex -1.4641 0 2.4
      vertex 0.383209 -1.33031 2.4
    endloop
  endfacet
  facet normal -0 0 1
    outer loop
      vertex -1.4641 0 2.4
      vertex 0.484451 -1.125 2.4
      vertex -1.17342 0.435043 2.4
    endloop
  endfacet
  facet normal 0 0 1
    outer loop
      vertex 45.8955 -92.0307 2.4
      vertex 43.8168 -91.1697 2.4
      vertex 45.6641 -92.5 2.4
    endloop
  endfacet
  facet normal -0 0 1
    outer loop
      vertex 43.8904 -90.9529 2.4
      vertex 46.0637 -91.5353 2.4
      vertex 43.935 -90.7284 2.4
    endloop
  endfacet
  facet normal -0 0 1
    outer loop
      vertex 43.7155 -91.375 2.4
      vertex 45.6641 -92.5 2.4
      vertex 43.8168 -91.1697 2.4
    endloop
  endfacet
  facet normal 0 0 1
    outer loop
      vertex 45.6641 -92.5 2.4
      vertex 43.7155 -91.375 2.4
      vertex 45.3734 -92.935 2.4
    endloop
  endfacet
  facet normal -0 0 1
    outer loop
      vertex 43.5884 -91.5653 2.4
      vertex 45.3734 -92.935 2.4
      vertex 43.7155 -91.375 2.4
    endloop
  endfacet
  facet normal 0 0 1
    outer loop
      vertex 45.3734 -92.935 2.4
      vertex 43.5884 -91.5653 2.4
      vertex 45.0284 -93.3284 2.4
    endloop
  endfacet
  facet normal -0 0 1
    outer loop
      vertex 43.4374 -91.7374 2.4
      vertex 45.0284 -93.3284 2.4
      vertex 43.5884 -91.5653 2.4
    endloop
  endfacet
  facet normal 0 0 1
    outer loop
      vertex 45.0284 -93.3284 2.4
      vertex 43.4374 -91.7374 2.4
      vertex 44.635 -93.6734 2.4
    endloop
  endfacet
  facet normal -0 0 1
    outer loop
      vertex 43.2653 -91.8884 2.4
      vertex 44.635 -93.6734 2.4
      vertex 43.4374 -91.7374 2.4
    endloop
  endfacet
  facet normal 0 0 1
    outer loop
      vertex 44.635 -93.6734 2.4
      vertex 43.2653 -91.8884 2.4
      vertex 44.2 -93.9641 2.4
    endloop
  endfacet
  facet normal -0 0 1
    outer loop
      vertex 43.075 -92.0155 2.4
      vertex 44.2 -93.9641 2.4
      vertex 43.2653 -91.8884 2.4
    endloop
  endfacet
  facet normal 0 0 1
    outer loop
      vertex 44.2 -93.9641 2.4
      vertex 43.075 -92.0155 2.4
      vertex 43.7307 -94.1955 2.4
    endloop
  endfacet
  facet normal -0 0 1
    outer loop
      vertex 42.8697 -92.1168 2.4
      vertex 43.7307 -94.1955 2.4
      vertex 43.075 -92.0155 2.4
    endloop
  endfacet
  facet normal 0 0 1
    outer loop
      vertex 43.7307 -94.1955 2.4
      vertex 42.8697 -92.1168 2.4
      vertex 43.2353 -94.3637 2.4
    endloop
  endfacet
  facet normal -0 0 1
    outer loop
      vertex 42.6529 -92.1904 2.4
      vertex 43.2353 -94.3637 2.4
      vertex 42.8697 -92.1168 2.4
    endloop
  endfacet
  facet normal 0 0 1
    outer loop
      vertex 43.2353 -94.3637 2.4
      vertex 42.6529 -92.1904 2.4
      vertex 42.7221 -94.4658 2.4
    endloop
  endfacet
  facet normal -0 0 1
    outer loop
      vertex 42.4284 -92.235 2.4
      vertex 42.7221 -94.4658 2.4
      vertex 42.6529 -92.1904 2.4
    endloop
  endfacet
  facet normal -0 0 1
    outer loop
      vertex 42.2 -92.25 2.4
      vertex 42.7221 -94.4658 2.4
      vertex 42.4284 -92.235 2.4
    endloop
  endfacet
  facet normal 0 0 1
    outer loop
      vertex 42.2 -92.25 2.4
      vertex 42.2 -94.5 2.4
      vertex 42.7221 -94.4658 2.4
    endloop
  endfacet
  facet normal -0 0 1
    outer loop
      vertex 41.0577 -92.25 2.4
      vertex 42.2 -94.5 2.4
      vertex 42.2 -92.25 2.4
    endloop
  endfacet
  facet normal -0 0 1
    outer loop
      vertex 40.9568 -92.2701 2.4
      vertex 42.2 -94.5 2.4
      vertex 41.0577 -92.25 2.4
    endloop
  endfacet
  facet normal -0 0 1
    outer loop
      vertex 40.5 -92.3 2.4
      vertex 42.2 -94.5 2.4
      vertex 40.9568 -92.2701 2.4
    endloop
  endfacet
  facet normal 0 0 1
    outer loop
      vertex 40.0432 -92.2701 2.4
      vertex 42.2 -94.5 2.4
      vertex 40.5 -92.3 2.4
    endloop
  endfacet
  facet normal 0 0 1
    outer loop
      vertex 39.9423 -92.25 2.4
      vertex 42.2 -94.5 2.4
      vertex 40.0432 -92.2701 2.4
    endloop
  endfacet
  facet normal -0 0 1
    outer loop
      vertex 4.25767 -92.25 2.4
      vertex 42.2 -94.5 2.4
      vertex 39.9423 -92.25 2.4
    endloop
  endfacet
  facet normal 0 0 1
    outer loop
      vertex 2 -94.5 2.4
      vertex 4.25767 -92.25 2.4
      vertex 4.15684 -92.2701 2.4
    endloop
  endfacet
  facet normal 0 0 1
    outer loop
      vertex 2 -94.5 2.4
      vertex 4.15684 -92.2701 2.4
      vertex 3.7 -92.3 2.4
    endloop
  endfacet
  facet normal 0 0 1
    outer loop
      vertex 2 -94.5 2.4
      vertex 3.14233 -92.25 2.4
      vertex 2 -92.25 2.4
    endloop
  endfacet
  facet normal 0 0 1
    outer loop
      vertex 3.14233 -92.25 2.4
      vertex 2 -94.5 2.4
      vertex 3.24316 -92.2701 2.4
    endloop
  endfacet
  facet normal 0 0 1
    outer loop
      vertex 3.24316 -92.2701 2.4
      vertex 2 -94.5 2.4
      vertex 3.7 -92.3 2.4
    endloop
  endfacet
  facet normal 0 0 1
    outer loop
      vertex 4.25767 -92.25 2.4
      vertex 2 -94.5 2.4
      vertex 42.2 -94.5 2.4
    endloop
  endfacet
  facet normal 0 0 1
    outer loop
      vertex 1.77158 -92.235 2.4
      vertex 2 -94.5 2.4
      vertex 2 -92.25 2.4
    endloop
  endfacet
  facet normal 0 0 1
    outer loop
      vertex 1.47789 -94.4658 2.4
      vertex 1.77158 -92.235 2.4
      vertex 1.54707 -92.1904 2.4
    endloop
  endfacet
  facet normal 0 0 1
    outer loop
      vertex 1.77158 -92.235 2.4
      vertex 1.47789 -94.4658 2.4
      vertex 2 -94.5 2.4
    endloop
  endfacet
  facet normal 0 0 1
    outer loop
      vertex 0.964722 -94.3637 2.4
      vertex 1.54707 -92.1904 2.4
      vertex 1.33031 -92.1168 2.4
    endloop
  endfacet
  facet normal 0 0 1
    outer loop
      vertex 0.469269 -94.1955 2.4
      vertex 1.33031 -92.1168 2.4
      vertex 1.125 -92.0155 2.4
    endloop
  endfacet
  facet normal 0 0 1
    outer loop
      vertex 1.54707 -92.1904 2.4
      vertex 0.964722 -94.3637 2.4
      vertex 1.47789 -94.4658 2.4
    endloop
  endfacet
  facet normal 0 0 1
    outer loop
      vertex 0 -93.9641 2.4
      vertex 1.125 -92.0155 2.4
      vertex 0.934662 -91.8884 2.4
    endloop
  endfacet
  facet normal 0 0 1
    outer loop
      vertex -0.435043 -93.6734 2.4
      vertex 0.934662 -91.8884 2.4
      vertex 0.762558 -91.7374 2.4
    endloop
  endfacet
  facet normal 0 0 1
    outer loop
      vertex -0.82843 -93.3284 2.4
      vertex 0.762558 -91.7374 2.4
      vertex 0.611633 -91.5653 2.4
    endloop
  endfacet
  facet normal 0 0 1
    outer loop
      vertex -1.17342 -92.935 2.4
      vertex 0.611633 -91.5653 2.4
      vertex 0.484451 -91.375 2.4
    endloop
  endfacet
  facet normal 0 0 1
    outer loop
      vertex 1.33031 -92.1168 2.4
      vertex 0.469269 -94.1955 2.4
      vertex 0.964722 -94.3637 2.4
    endloop
  endfacet
  facet normal 0 0 1
    outer loop
      vertex -1.4641 -92.5 2.4
      vertex 0.484451 -91.375 2.4
      vertex 0.383209 -91.1697 2.4
    endloop
  endfacet
  facet normal 0 0 1
    outer loop
      vertex -1.69551 -92.0307 2.4
      vertex 0.383209 -91.1697 2.4
      vertex 0.309631 -90.9529 2.4
    endloop
  endfacet
  facet normal 0 0 1
    outer loop
      vertex -1.86371 -91.5353 2.4
      vertex 0.309631 -90.9529 2.4
      vertex 0.264969 -90.7284 2.4
    endloop
  endfacet
  facet normal 0 0 1
    outer loop
      vertex -1.96577 -91.0221 2.4
      vertex 0.264969 -90.7284 2.4
      vertex 0.25 -90.5 2.4
    endloop
  endfacet
  facet normal 0 0 1
    outer loop
      vertex -2 -90.5 2.4
      vertex 0.229942 -89.2568 2.4
      vertex 0.2 -88.8 2.4
    endloop
  endfacet
  facet normal 0 0 1
    outer loop
      vertex 1.125 -92.0155 2.4
      vertex 0 -93.9641 2.4
      vertex 0.469269 -94.1955 2.4
    endloop
  endfacet
  facet normal 0 0 1
    outer loop
      vertex 0.25 -89.3577 2.4
      vertex -2 -90.5 2.4
      vertex 0.25 -90.5 2.4
    endloop
  endfacet
  facet normal 0 0 1
    outer loop
      vertex 0.25 -88.2423 2.4
      vertex -2 -90.5 2.4
      vertex 0.229942 -88.3432 2.4
    endloop
  endfacet
  facet normal -0 0 1
    outer loop
      vertex -1.69551 -0.469269 2.4
      vertex 0.383209 -1.33031 2.4
      vertex -1.4641 0 2.4
    endloop
  endfacet
  facet normal 0 0 1
    outer loop
      vertex 0.229942 -88.3432 2.4
      vertex -2 -90.5 2.4
      vertex 0.2 -88.8 2.4
    endloop
  endfacet
  facet normal 0 0 1
    outer loop
      vertex 0.383209 -1.33031 2.4
      vertex -1.69551 -0.469269 2.4
      vertex 0.309631 -1.54707 2.4
    endloop
  endfacet
  facet normal 0 0 1
    outer loop
      vertex 0.25 -90.5 2.4
      vertex -2 -90.5 2.4
      vertex -1.96577 -91.0221 2.4
    endloop
  endfacet
  facet normal -0 0 1
    outer loop
      vertex -1.86371 -0.964722 2.4
      vertex 0.309631 -1.54707 2.4
      vertex -1.69551 -0.469269 2.4
    endloop
  endfacet
  facet normal 0 0 1
    outer loop
      vertex 0.934662 -91.8884 2.4
      vertex -0.435043 -93.6734 2.4
      vertex 0 -93.9641 2.4
    endloop
  endfacet
  facet normal 0 0 1
    outer loop
      vertex 0.309631 -1.54707 2.4
      vertex -1.86371 -0.964722 2.4
      vertex 0.264969 -1.77158 2.4
    endloop
  endfacet
  facet normal 0 0 1
    outer loop
      vertex 0.762558 -91.7374 2.4
      vertex -0.82843 -93.3284 2.4
      vertex -0.435043 -93.6734 2.4
    endloop
  endfacet
  facet normal -0 0 1
    outer loop
      vertex -1.96577 -1.47789 2.4
      vertex 0.264969 -1.77158 2.4
      vertex -1.86371 -0.964722 2.4
    endloop
  endfacet
  facet normal 0 0 1
    outer loop
      vertex 0.611633 -91.5653 2.4
      vertex -1.17342 -92.935 2.4
      vertex -0.82843 -93.3284 2.4
    endloop
  endfacet
  facet normal 0 0 1
    outer loop
      vertex 0.264969 -1.77158 2.4
      vertex -1.96577 -1.47789 2.4
      vertex 0.25 -2 2.4
    endloop
  endfacet
  facet normal 0 0 1
    outer loop
      vertex 0.484451 -91.375 2.4
      vertex -1.4641 -92.5 2.4
      vertex -1.17342 -92.935 2.4
    endloop
  endfacet
  facet normal 0 0 1
    outer loop
      vertex 0.25 -2 2.4
      vertex -1.96577 -1.47789 2.4
      vertex -2 -2 2.4
    endloop
  endfacet
  facet normal 0 0 1
    outer loop
      vertex 0.383209 -91.1697 2.4
      vertex -1.69551 -92.0307 2.4
      vertex -1.4641 -92.5 2.4
    endloop
  endfacet
  facet normal 0 0 1
    outer loop
      vertex 0.309631 -90.9529 2.4
      vertex -1.86371 -91.5353 2.4
      vertex -1.69551 -92.0307 2.4
    endloop
  endfacet
  facet normal 0 0 1
    outer loop
      vertex 0.264969 -90.7284 2.4
      vertex -1.96577 -91.0221 2.4
      vertex -1.86371 -91.5353 2.4
    endloop
  endfacet
  facet normal 0 0 1
    outer loop
      vertex 46.2 -90.5 2.4
      vertex 43.95 -90.5 2.4
      vertex 46.1658 -91.0221 2.4
    endloop
  endfacet
  facet normal 0 0 1
    outer loop
      vertex 41.75 -1.45 2.4
      vertex 42.75 -2.45 2.4
      vertex 42.7414 -2.31948 2.4
    endloop
  endfacet
  facet normal 0 0 1
    outer loop
      vertex 41.75 -1.45 2.4
      vertex 42.7414 -2.31948 2.4
      vertex 42.7159 -2.19118 2.4
    endloop
  endfacet
  facet normal 0 0 1
    outer loop
      vertex 41.75 -1.45 2.4
      vertex 42.7159 -2.19118 2.4
      vertex 42.6739 -2.06731 2.4
    endloop
  endfacet
  facet normal 0 0 1
    outer loop
      vertex 42.75 -2.45 2.4
      vertex 39.8 -54.45 2.4
      vertex 42.75 -86.1279 2.4
    endloop
  endfacet
  facet normal 0 0 1
    outer loop
      vertex 41.75 -1.45 2.4
      vertex 42.6739 -2.06731 2.4
      vertex 42.616 -1.95 2.4
    endloop
  endfacet
  facet normal 0 0 1
    outer loop
      vertex 41.75 -1.45 2.4
      vertex 42.616 -1.95 2.4
      vertex 42.5433 -1.84124 2.4
    endloop
  endfacet
  facet normal 0 0 1
    outer loop
      vertex 41.75 -1.45 2.4
      vertex 42.5433 -1.84124 2.4
      vertex 42.4571 -1.74289 2.4
    endloop
  endfacet
  facet normal 0 0 1
    outer loop
      vertex 41.75 -1.45 2.4
      vertex 42.4571 -1.74289 2.4
      vertex 42.3588 -1.65665 2.4
    endloop
  endfacet
  facet normal -0 -0 1
    outer loop
      vertex 39.85 -60.1 2.4
      vertex 42.75 -86.1279 2.4
      vertex 39.8 -54.45 2.4
    endloop
  endfacet
  facet normal 0 0 1
    outer loop
      vertex 41.75 -1.45 2.4
      vertex 42.3588 -1.65665 2.4
      vertex 42.25 -1.58397 2.4
    endloop
  endfacet
  facet normal 0 0 1
    outer loop
      vertex 41.75 -1.45 2.4
      vertex 42.25 -1.58397 2.4
      vertex 42.1327 -1.52613 2.4
    endloop
  endfacet
  facet normal 0 0 1
    outer loop
      vertex 41.75 -1.45 2.4
      vertex 42.1327 -1.52613 2.4
      vertex 42.0088 -1.48407 2.4
    endloop
  endfacet
  facet normal 0 0 1
    outer loop
      vertex 41.75 -1.45 2.4
      vertex 42.0088 -1.48407 2.4
      vertex 41.8805 -1.45856 2.4
    endloop
  endfacet
  facet normal -0 0 1
    outer loop
      vertex 39.8307 -60.3937 2.4
      vertex 42.75 -86.1279 2.4
      vertex 39.85 -60.1 2.4
    endloop
  endfacet
  facet normal 0 0 1
    outer loop
      vertex 42.75 -2.45 2.4
      vertex 41.75 -1.45 2.4
      vertex 39.8 -2.55 2.4
    endloop
  endfacet
  facet normal -0 0 1
    outer loop
      vertex 39.7733 -60.6823 2.4
      vertex 42.75 -86.1279 2.4
      vertex 39.8307 -60.3937 2.4
    endloop
  endfacet
  facet normal -0 0 1
    outer loop
      vertex 39.6787 -60.961 2.4
      vertex 42.75 -86.1279 2.4
      vertex 39.7733 -60.6823 2.4
    endloop
  endfacet
  facet normal 0 0 1
    outer loop
      vertex 42.75 -86.1279 2.4
      vertex 39.5486 -61.225 2.4
      vertex 42.6307 -86.0233 2.4
    endloop
  endfacet
  facet normal -0 0 1
    outer loop
      vertex 39.385 -61.4697 2.4
      vertex 42.6307 -86.0233 2.4
      vertex 39.5486 -61.225 2.4
    endloop
  endfacet
  facet normal 0 0 1
    outer loop
      vertex 42.6307 -86.0233 2.4
      vertex 39.385 -61.4697 2.4
      vertex 42.25 -85.7689 2.4
    endloop
  endfacet
  facet normal -0 0 1
    outer loop
      vertex 39.5486 -61.225 2.4
      vertex 42.75 -86.1279 2.4
      vertex 39.6787 -60.961 2.4
    endloop
  endfacet
  facet normal 0 0 1
    outer loop
      vertex 42.75 -2.45 2.4
      vertex 39.8 -2.55 2.4
      vertex 39.8 -54.45 2.4
    endloop
  endfacet
  facet normal 0 0 1
    outer loop
      vertex 41.75 -1.45 2.4
      vertex 4.4 -2.55 2.4
      vertex 39.8 -2.55 2.4
    endloop
  endfacet
  facet normal 0 0 1
    outer loop
      vertex 1.45 -2.45 2.4
      vertex 4.4 -54.45 2.4
      vertex 4.4 -2.55 2.4
    endloop
  endfacet
  facet normal 0 0 1
    outer loop
      vertex 1.45 -86.1279 2.4
      vertex 4.4 -54.45 2.4
      vertex 1.45 -2.45 2.4
    endloop
  endfacet
  facet normal 0 0 1
    outer loop
      vertex 4.4 -54.45 2.4
      vertex 4.35 -60.1 2.4
      vertex 4.36925 -59.8063 2.4
    endloop
  endfacet
  facet normal 0 0 1
    outer loop
      vertex 4.35 -60.1 2.4
      vertex 3.7 -85.3 2.4
      vertex 4.15684 -85.3299 2.4
    endloop
  endfacet
  facet normal 0 0 1
    outer loop
      vertex 4.4 -54.45 2.4
      vertex 1.45 -86.1279 2.4
      vertex 4.35 -60.1 2.4
    endloop
  endfacet
  facet normal 0 0 1
    outer loop
      vertex 4.35 -60.1 2.4
      vertex 3.24316 -85.3299 2.4
      vertex 3.7 -85.3 2.4
    endloop
  endfacet
  facet normal -0 0 1
    outer loop
      vertex 2.45 -1.45 2.4
      vertex 4.4 -2.55 2.4
      vertex 41.75 -1.45 2.4
    endloop
  endfacet
  facet normal -0 0 1
    outer loop
      vertex 1.45 -2.45 2.4
      vertex 4.4 -2.55 2.4
      vertex 2.45 -1.45 2.4
    endloop
  endfacet
  facet normal 0 0 1
    outer loop
      vertex 4.35 -60.1 2.4
      vertex 2.79413 -85.4193 2.4
      vertex 3.24316 -85.3299 2.4
    endloop
  endfacet
  facet normal 0 0 1
    outer loop
      vertex 1.45 -2.45 2.4
      vertex 2.45 -1.45 2.4
      vertex 2.31948 -1.45856 2.4
    endloop
  endfacet
  facet normal 0 0 1
    outer loop
      vertex 1.45 -2.45 2.4
      vertex 2.31948 -1.45856 2.4
      vertex 2.19118 -1.48407 2.4
    endloop
  endfacet
  facet normal 0 0 1
    outer loop
      vertex 1.45 -2.45 2.4
      vertex 2.19118 -1.48407 2.4
      vertex 2.06731 -1.52613 2.4
    endloop
  endfacet
  facet normal 0 0 1
    outer loop
      vertex 1.45 -2.45 2.4
      vertex 2.06731 -1.52613 2.4
      vertex 1.95 -1.58397 2.4
    endloop
  endfacet
  facet normal 0 0 1
    outer loop
      vertex 4.35 -60.1 2.4
      vertex 2.36061 -85.5664 2.4
      vertex 2.79413 -85.4193 2.4
    endloop
  endfacet
  facet normal 0 0 1
    outer loop
      vertex 1.45 -2.45 2.4
      vertex 1.95 -1.58397 2.4
      vertex 1.84124 -1.65665 2.4
    endloop
  endfacet
  facet normal 0 0 1
    outer loop
      vertex 1.45 -2.45 2.4
      vertex 1.84124 -1.65665 2.4
      vertex 1.74289 -1.74289 2.4
    endloop
  endfacet
  facet normal 0 0 1
    outer loop
      vertex 1.45 -2.45 2.4
      vertex 1.74289 -1.74289 2.4
      vertex 1.65665 -1.84124 2.4
    endloop
  endfacet
  facet normal 0 0 1
    outer loop
      vertex 1.45 -2.45 2.4
      vertex 1.65665 -1.84124 2.4
      vertex 1.58397 -1.95 2.4
    endloop
  endfacet
  facet normal 0 0 1
    outer loop
      vertex 4.35 -60.1 2.4
      vertex 1.95 -85.7689 2.4
      vertex 2.36061 -85.5664 2.4
    endloop
  endfacet
  facet normal 0 0 1
    outer loop
      vertex 1.45 -2.45 2.4
      vertex 1.58397 -1.95 2.4
      vertex 1.52613 -2.06731 2.4
    endloop
  endfacet
  facet normal 0 0 1
    outer loop
      vertex 1.45 -2.45 2.4
      vertex 1.52613 -2.06731 2.4
      vertex 1.48407 -2.19118 2.4
    endloop
  endfacet
  facet normal 0 0 1
    outer loop
      vertex 1.45 -2.45 2.4
      vertex 1.48407 -2.19118 2.4
      vertex 1.45856 -2.31948 2.4
    endloop
  endfacet
  facet normal 0 0 1
    outer loop
      vertex 4.35 -60.1 2.4
      vertex 1.56933 -86.0233 2.4
      vertex 1.95 -85.7689 2.4
    endloop
  endfacet
  facet normal 0 0 1
    outer loop
      vertex 4.35 -60.1 2.4
      vertex 1.45 -86.1279 2.4
      vertex 1.56933 -86.0233 2.4
    endloop
  endfacet
  facet normal -0 0 1
    outer loop
      vertex 39.191 -61.691 2.4
      vertex 42.25 -85.7689 2.4
      vertex 39.385 -61.4697 2.4
    endloop
  endfacet
  facet normal -0 0 1
    outer loop
      vertex 38.9697 -61.885 2.4
      vertex 42.25 -85.7689 2.4
      vertex 39.191 -61.691 2.4
    endloop
  endfacet
  facet normal 0 0 1
    outer loop
      vertex 42.25 -85.7689 2.4
      vertex 38.9697 -61.885 2.4
      vertex 41.8394 -85.5664 2.4
    endloop
  endfacet
  facet normal -0 0 1
    outer loop
      vertex 38.725 -62.0486 2.4
      vertex 41.8394 -85.5664 2.4
      vertex 38.9697 -61.885 2.4
    endloop
  endfacet
  facet normal 0 0 1
    outer loop
      vertex 41.8394 -85.5664 2.4
      vertex 38.725 -62.0486 2.4
      vertex 41.4059 -85.4193 2.4
    endloop
  endfacet
  facet normal -0 0 1
    outer loop
      vertex 38.461 -62.1787 2.4
      vertex 41.4059 -85.4193 2.4
      vertex 38.725 -62.0486 2.4
    endloop
  endfacet
  facet normal 0 0 1
    outer loop
      vertex 41.4059 -85.4193 2.4
      vertex 38.461 -62.1787 2.4
      vertex 40.9568 -85.3299 2.4
    endloop
  endfacet
  facet normal -0 0 1
    outer loop
      vertex 38.1823 -62.2733 2.4
      vertex 40.9568 -85.3299 2.4
      vertex 38.461 -62.1787 2.4
    endloop
  endfacet
  facet normal 0 0 1
    outer loop
      vertex 40.9568 -85.3299 2.4
      vertex 38.1823 -62.2733 2.4
      vertex 40.5 -85.3 2.4
    endloop
  endfacet
  facet normal -0 0 1
    outer loop
      vertex 37.8937 -62.3307 2.4
      vertex 40.5 -85.3 2.4
      vertex 38.1823 -62.2733 2.4
    endloop
  endfacet
  facet normal 0 0 1
    outer loop
      vertex 40.5 -85.3 2.4
      vertex 37.8937 -62.3307 2.4
      vertex 40.0432 -85.3299 2.4
    endloop
  endfacet
  facet normal -0 0 1
    outer loop
      vertex 37.6 -62.35 2.4
      vertex 40.0432 -85.3299 2.4
      vertex 37.8937 -62.3307 2.4
    endloop
  endfacet
  facet normal 0 0 1
    outer loop
      vertex 40.0432 -85.3299 2.4
      vertex 37.6 -62.35 2.4
      vertex 39.5941 -85.4193 2.4
    endloop
  endfacet
  facet normal 0 0 1
    outer loop
      vertex 37.3063 -62.3307 2.4
      vertex 39.5941 -85.4193 2.4
      vertex 37.6 -62.35 2.4
    endloop
  endfacet
  facet normal 0 0 1
    outer loop
      vertex 39.5941 -85.4193 2.4
      vertex 37.3063 -62.3307 2.4
      vertex 39.1606 -85.5664 2.4
    endloop
  endfacet
  facet normal 0 0 1
    outer loop
      vertex 37.0177 -62.2733 2.4
      vertex 39.1606 -85.5664 2.4
      vertex 37.3063 -62.3307 2.4
    endloop
  endfacet
  facet normal 0 0 1
    outer loop
      vertex 39.1606 -85.5664 2.4
      vertex 37.0177 -62.2733 2.4
      vertex 38.75 -85.7689 2.4
    endloop
  endfacet
  facet normal 0 0 1
    outer loop
      vertex 36.739 -62.1787 2.4
      vertex 38.75 -85.7689 2.4
      vertex 37.0177 -62.2733 2.4
    endloop
  endfacet
  facet normal 0 0 1
    outer loop
      vertex 38.75 -85.7689 2.4
      vertex 36.739 -62.1787 2.4
      vertex 38.3693 -86.0233 2.4
    endloop
  endfacet
  facet normal 0 0 1
    outer loop
      vertex 36.475 -62.0486 2.4
      vertex 38.3693 -86.0233 2.4
      vertex 36.739 -62.1787 2.4
    endloop
  endfacet
  facet normal 0 0 1
    outer loop
      vertex 38.3693 -86.0233 2.4
      vertex 36.475 -62.0486 2.4
      vertex 38.0251 -86.3251 2.4
    endloop
  endfacet
  facet normal 0 0 1
    outer loop
      vertex 36.2303 -61.885 2.4
      vertex 38.0251 -86.3251 2.4
      vertex 36.475 -62.0486 2.4
    endloop
  endfacet
  facet normal 0 0 1
    outer loop
      vertex 38.0251 -86.3251 2.4
      vertex 36.2303 -61.885 2.4
      vertex 37.7233 -86.6693 2.4
    endloop
  endfacet
  facet normal 0 0 1
    outer loop
      vertex 36.009 -61.691 2.4
      vertex 37.7233 -86.6693 2.4
      vertex 36.2303 -61.885 2.4
    endloop
  endfacet
  facet normal 0 0 1
    outer loop
      vertex 6.47674 -86.6693 2.4
      vertex 37.7233 -86.6693 2.4
      vertex 36.009 -61.691 2.4
    endloop
  endfacet
  facet normal 0 0 1
    outer loop
      vertex 37.7233 -86.6693 2.4
      vertex 6.47674 -86.6693 2.4
      vertex 37.4689 -87.05 2.4
    endloop
  endfacet
  facet normal 0 0 1
    outer loop
      vertex 39.85 -60.1 2.4
      vertex 39.8 -54.45 2.4
      vertex 39.8307 -59.8063 2.4
    endloop
  endfacet
  facet normal 0 0 1
    outer loop
      vertex 39.8 -54.45 2.4
      vertex 39.7733 -59.5177 2.4
      vertex 39.8307 -59.8063 2.4
    endloop
  endfacet
  facet normal 0 0 1
    outer loop
      vertex 39.8 -54.45 2.4
      vertex 39.6787 -59.239 2.4
      vertex 39.7733 -59.5177 2.4
    endloop
  endfacet
  facet normal 0 0 1
    outer loop
      vertex 39.8 -54.45 2.4
      vertex 39.5486 -58.975 2.4
      vertex 39.6787 -59.239 2.4
    endloop
  endfacet
  facet normal 0 0 1
    outer loop
      vertex 39.8 -54.45 2.4
      vertex 39.385 -58.7303 2.4
      vertex 39.5486 -58.975 2.4
    endloop
  endfacet
  facet normal 0 0 1
    outer loop
      vertex 39.8 -54.45 2.4
      vertex 39.191 -58.509 2.4
      vertex 39.385 -58.7303 2.4
    endloop
  endfacet
  facet normal 0 0 1
    outer loop
      vertex 39.8 -54.45 2.4
      vertex 38.9697 -58.315 2.4
      vertex 39.191 -58.509 2.4
    endloop
  endfacet
  facet normal 0 0 1
    outer loop
      vertex 39.8 -54.45 2.4
      vertex 38.725 -58.1514 2.4
      vertex 38.9697 -58.315 2.4
    endloop
  endfacet
  facet normal 0 0 1
    outer loop
      vertex 39.8 -54.45 2.4
      vertex 38.461 -58.0213 2.4
      vertex 38.725 -58.1514 2.4
    endloop
  endfacet
  facet normal 0 0 1
    outer loop
      vertex 39.8 -54.45 2.4
      vertex 38.1823 -57.9267 2.4
      vertex 38.461 -58.0213 2.4
    endloop
  endfacet
  facet normal 0 0 1
    outer loop
      vertex 39.8 -54.45 2.4
      vertex 37.8937 -57.8692 2.4
      vertex 38.1823 -57.9267 2.4
    endloop
  endfacet
  facet normal 0 0 1
    outer loop
      vertex 39.8 -54.45 2.4
      vertex 37.6 -57.85 2.4
      vertex 37.8937 -57.8692 2.4
    endloop
  endfacet
  facet normal 0 0 1
    outer loop
      vertex 39.8 -54.45 2.4
      vertex 37.3063 -57.8692 2.4
      vertex 37.6 -57.85 2.4
    endloop
  endfacet
  facet normal 0 0 1
    outer loop
      vertex 39.8 -54.45 2.4
      vertex 37.0177 -57.9267 2.4
      vertex 37.3063 -57.8692 2.4
    endloop
  endfacet
  facet normal 0 0 1
    outer loop
      vertex 39.8 -54.45 2.4
      vertex 36.739 -58.0213 2.4
      vertex 37.0177 -57.9267 2.4
    endloop
  endfacet
  facet normal 0 0 1
    outer loop
      vertex 39.8 -54.45 2.4
      vertex 36.475 -58.1514 2.4
      vertex 36.739 -58.0213 2.4
    endloop
  endfacet
  facet normal 0 0 1
    outer loop
      vertex 39.8 -54.45 2.4
      vertex 36.2303 -58.315 2.4
      vertex 36.475 -58.1514 2.4
    endloop
  endfacet
  facet normal 0 0 1
    outer loop
      vertex 7.96971 -58.315 2.4
      vertex 36.2303 -58.315 2.4
      vertex 39.8 -54.45 2.4
    endloop
  endfacet
  facet normal 0 0 1
    outer loop
      vertex 35.3692 -59.8063 2.4
      vertex 8.85 -60.1 2.4
      vertex 35.35 -60.1 2.4
    endloop
  endfacet
  facet normal 0 0 1
    outer loop
      vertex 8.83075 -59.8063 2.4
      vertex 35.3692 -59.8063 2.4
      vertex 35.4267 -59.5177 2.4
    endloop
  endfacet
  facet normal 0 0 1
    outer loop
      vertex 8.77333 -59.5177 2.4
      vertex 35.4267 -59.5177 2.4
      vertex 35.5213 -59.239 2.4
    endloop
  endfacet
  facet normal 0 0 1
    outer loop
      vertex 8.67873 -59.239 2.4
      vertex 35.5213 -59.239 2.4
      vertex 35.6514 -58.975 2.4
    endloop
  endfacet
  facet normal 0 0 1
    outer loop
      vertex 8.54856 -58.975 2.4
      vertex 35.6514 -58.975 2.4
      vertex 35.815 -58.7303 2.4
    endloop
  endfacet
  facet normal 0 0 1
    outer loop
      vertex 8.38504 -58.7303 2.4
      vertex 35.815 -58.7303 2.4
      vertex 36.009 -58.509 2.4
    endloop
  endfacet
  facet normal 0 0 1
    outer loop
      vertex 36.2303 -58.315 2.4
      vertex 7.96971 -58.315 2.4
      vertex 36.009 -58.509 2.4
    endloop
  endfacet
  facet normal 0 0 1
    outer loop
      vertex 35.3692 -59.8063 2.4
      vertex 8.83075 -59.8063 2.4
      vertex 8.85 -60.1 2.4
    endloop
  endfacet
  facet normal 0 0 1
    outer loop
      vertex 35.4267 -59.5177 2.4
      vertex 8.77333 -59.5177 2.4
      vertex 8.83075 -59.8063 2.4
    endloop
  endfacet
  facet normal 0 0 1
    outer loop
      vertex 35.5213 -59.239 2.4
      vertex 8.67873 -59.239 2.4
      vertex 8.77333 -59.5177 2.4
    endloop
  endfacet
  facet normal 0 0 1
    outer loop
      vertex 35.6514 -58.975 2.4
      vertex 8.54856 -58.975 2.4
      vertex 8.67873 -59.239 2.4
    endloop
  endfacet
  facet normal 0 0 1
    outer loop
      vertex 35.815 -58.7303 2.4
      vertex 8.38504 -58.7303 2.4
      vertex 8.54856 -58.975 2.4
    endloop
  endfacet
  facet normal 0 0 1
    outer loop
      vertex 36.009 -58.509 2.4
      vertex 8.19099 -58.509 2.4
      vertex 8.38504 -58.7303 2.4
    endloop
  endfacet
  facet normal 0 0 1
    outer loop
      vertex 36.009 -58.509 2.4
      vertex 7.96971 -58.315 2.4
      vertex 8.19099 -58.509 2.4
    endloop
  endfacet
  facet normal -0 0 1
    outer loop
      vertex 4.4 -54.45 2.4
      vertex 7.96971 -58.315 2.4
      vertex 39.8 -54.45 2.4
    endloop
  endfacet
  facet normal 0 0 1
    outer loop
      vertex 7.96971 -58.315 2.4
      vertex 4.4 -54.45 2.4
      vertex 7.725 -58.1514 2.4
    endloop
  endfacet
  facet normal 0 0 1
    outer loop
      vertex 7.725 -58.1514 2.4
      vertex 4.4 -54.45 2.4
      vertex 7.46104 -58.0213 2.4
    endloop
  endfacet
  facet normal 0 0 1
    outer loop
      vertex 7.46104 -58.0213 2.4
      vertex 4.4 -54.45 2.4
      vertex 7.18234 -57.9267 2.4
    endloop
  endfacet
  facet normal 0 0 1
    outer loop
      vertex 7.18234 -57.9267 2.4
      vertex 4.4 -54.45 2.4
      vertex 6.89368 -57.8692 2.4
    endloop
  endfacet
  facet normal 0 0 1
    outer loop
      vertex 6.89368 -57.8692 2.4
      vertex 4.4 -54.45 2.4
      vertex 6.6 -57.85 2.4
    endloop
  endfacet
  facet normal 0 0 1
    outer loop
      vertex 6.6 -57.85 2.4
      vertex 4.4 -54.45 2.4
      vertex 6.30632 -57.8692 2.4
    endloop
  endfacet
  facet normal 0 0 1
    outer loop
      vertex 4.4 -54.45 2.4
      vertex 6.01766 -57.9267 2.4
      vertex 6.30632 -57.8692 2.4
    endloop
  endfacet
  facet normal 0 0 1
    outer loop
      vertex 4.4 -54.45 2.4
      vertex 5.73896 -58.0213 2.4
      vertex 6.01766 -57.9267 2.4
    endloop
  endfacet
  facet normal 0 0 1
    outer loop
      vertex 4.4 -54.45 2.4
      vertex 5.475 -58.1514 2.4
      vertex 5.73896 -58.0213 2.4
    endloop
  endfacet
  facet normal 0 0 1
    outer loop
      vertex 4.4 -54.45 2.4
      vertex 5.23029 -58.315 2.4
      vertex 5.475 -58.1514 2.4
    endloop
  endfacet
  facet normal 0 0 1
    outer loop
      vertex 4.4 -54.45 2.4
      vertex 5.00901 -58.509 2.4
      vertex 5.23029 -58.315 2.4
    endloop
  endfacet
  facet normal 0 0 1
    outer loop
      vertex 4.4 -54.45 2.4
      vertex 4.81495 -58.7303 2.4
      vertex 5.00901 -58.509 2.4
    endloop
  endfacet
  facet normal 0 0 1
    outer loop
      vertex 4.4 -54.45 2.4
      vertex 4.65144 -58.975 2.4
      vertex 4.81495 -58.7303 2.4
    endloop
  endfacet
  facet normal 0 0 1
    outer loop
      vertex 4.4 -54.45 2.4
      vertex 4.52127 -59.239 2.4
      vertex 4.65144 -58.975 2.4
    endloop
  endfacet
  facet normal 0 0 1
    outer loop
      vertex 4.4 -54.45 2.4
      vertex 4.42667 -59.5177 2.4
      vertex 4.52127 -59.239 2.4
    endloop
  endfacet
  facet normal 0 0 1
    outer loop
      vertex 4.42667 -59.5177 2.4
      vertex 4.4 -54.45 2.4
      vertex 4.36925 -59.8063 2.4
    endloop
  endfacet
  facet normal 0 -0 1
    outer loop
      vertex 6.73109 -87.05 2.4
      vertex 37.4689 -87.05 2.4
      vertex 6.47674 -86.6693 2.4
    endloop
  endfacet
  facet normal 0 0 1
    outer loop
      vertex 37.4689 -87.05 2.4
      vertex 6.73109 -87.05 2.4
      vertex 37.2664 -87.4606 2.4
    endloop
  endfacet
  facet normal 0 -0 1
    outer loop
      vertex 6.93358 -87.4606 2.4
      vertex 37.2664 -87.4606 2.4
      vertex 6.73109 -87.05 2.4
    endloop
  endfacet
  facet normal 0 0 1
    outer loop
      vertex 8.19099 -61.691 2.4
      vertex 36.009 -61.691 2.4
      vertex 35.815 -61.4697 2.4
    endloop
  endfacet
  facet normal 0 0 1
    outer loop
      vertex 8.38504 -61.4697 2.4
      vertex 35.815 -61.4697 2.4
      vertex 35.6514 -61.225 2.4
    endloop
  endfacet
  facet normal 0 0 1
    outer loop
      vertex 8.54856 -61.225 2.4
      vertex 35.6514 -61.225 2.4
      vertex 35.5213 -60.961 2.4
    endloop
  endfacet
  facet normal 0 0 1
    outer loop
      vertex 8.67873 -60.961 2.4
      vertex 35.5213 -60.961 2.4
      vertex 35.4267 -60.6823 2.4
    endloop
  endfacet
  facet normal 0 0 1
    outer loop
      vertex 8.77333 -60.6823 2.4
      vertex 35.4267 -60.6823 2.4
      vertex 35.3692 -60.3937 2.4
    endloop
  endfacet
  facet normal 0 0 1
    outer loop
      vertex 8.83075 -60.3937 2.4
      vertex 35.3692 -60.3937 2.4
      vertex 35.35 -60.1 2.4
    endloop
  endfacet
  facet normal 0 0 1
    outer loop
      vertex 8.83075 -60.3937 2.4
      vertex 35.35 -60.1 2.4
      vertex 8.85 -60.1 2.4
    endloop
  endfacet
  facet normal 0 0 1
    outer loop
      vertex 35.3692 -60.3937 2.4
      vertex 8.83075 -60.3937 2.4
      vertex 8.77333 -60.6823 2.4
    endloop
  endfacet
  facet normal 0 0 1
    outer loop
      vertex 35.4267 -60.6823 2.4
      vertex 8.77333 -60.6823 2.4
      vertex 8.67873 -60.961 2.4
    endloop
  endfacet
  facet normal 0 0 1
    outer loop
      vertex 35.5213 -60.961 2.4
      vertex 8.67873 -60.961 2.4
      vertex 8.54856 -61.225 2.4
    endloop
  endfacet
  facet normal 0 0 1
    outer loop
      vertex 35.6514 -61.225 2.4
      vertex 8.54856 -61.225 2.4
      vertex 8.38504 -61.4697 2.4
    endloop
  endfacet
  facet normal 0 0 1
    outer loop
      vertex 35.815 -61.4697 2.4
      vertex 8.38504 -61.4697 2.4
      vertex 8.19099 -61.691 2.4
    endloop
  endfacet
  facet normal 0 0 1
    outer loop
      vertex 36.009 -61.691 2.4
      vertex 8.19099 -61.691 2.4
      vertex 6.47674 -86.6693 2.4
    endloop
  endfacet
  facet normal 0 0 1
    outer loop
      vertex 37.2664 -87.4606 2.4
      vertex 6.93358 -87.4606 2.4
      vertex 37.1193 -87.8941 2.4
    endloop
  endfacet
  facet normal 0 -0 1
    outer loop
      vertex 7.08074 -87.8941 2.4
      vertex 37.1193 -87.8941 2.4
      vertex 6.93358 -87.4606 2.4
    endloop
  endfacet
  facet normal 0 0 1
    outer loop
      vertex 37.1193 -87.8941 2.4
      vertex 7.08074 -87.8941 2.4
      vertex 37.0299 -88.3432 2.4
    endloop
  endfacet
  facet normal 0 -0 1
    outer loop
      vertex 7.17006 -88.3432 2.4
      vertex 37.0299 -88.3432 2.4
      vertex 7.08074 -87.8941 2.4
    endloop
  endfacet
  facet normal 0 -0 1
    outer loop
      vertex 7.2 -88.8 2.4
      vertex 37 -88.8 2.4
      vertex 7.17006 -88.3432 2.4
    endloop
  endfacet
  facet normal 0 0 1
    outer loop
      vertex 37 -88.8 2.4
      vertex 7.2 -88.8 2.4
      vertex 37.0299 -89.2568 2.4
    endloop
  endfacet
  facet normal 0 0 1
    outer loop
      vertex 6.47674 -86.6693 2.4
      vertex 8.19099 -61.691 2.4
      vertex 7.96971 -61.885 2.4
    endloop
  endfacet
  facet normal 0 0 1
    outer loop
      vertex 6.17487 -86.3251 2.4
      vertex 7.96971 -61.885 2.4
      vertex 7.725 -62.0486 2.4
    endloop
  endfacet
  facet normal 0 0 1
    outer loop
      vertex 5.83066 -86.0233 2.4
      vertex 7.725 -62.0486 2.4
      vertex 7.46104 -62.1787 2.4
    endloop
  endfacet
  facet normal 0 0 1
    outer loop
      vertex 7.17006 -89.2568 2.4
      vertex 37.0299 -89.2568 2.4
      vertex 7.2 -88.8 2.4
    endloop
  endfacet
  facet normal 0 0 1
    outer loop
      vertex 37.2664 -90.1394 2.4
      vertex 6.93358 -90.1394 2.4
      vertex 37.4689 -90.55 2.4
    endloop
  endfacet
  facet normal 0 0 1
    outer loop
      vertex 6.73109 -90.55 2.4
      vertex 37.4689 -90.55 2.4
      vertex 6.93358 -90.1394 2.4
    endloop
  endfacet
  facet normal 0 0 1
    outer loop
      vertex 37.4689 -90.55 2.4
      vertex 6.73109 -90.55 2.4
      vertex 37.7233 -90.9307 2.4
    endloop
  endfacet
  facet normal 0 0 1
    outer loop
      vertex 6.47674 -90.9307 2.4
      vertex 37.7233 -90.9307 2.4
      vertex 6.73109 -90.55 2.4
    endloop
  endfacet
  facet normal 0 0 1
    outer loop
      vertex 37.7233 -90.9307 2.4
      vertex 6.47674 -90.9307 2.4
      vertex 37.8279 -91.05 2.4
    endloop
  endfacet
  facet normal 0 0 1
    outer loop
      vertex 37.8279 -91.05 2.4
      vertex 6.47674 -90.9307 2.4
      vertex 6.37209 -91.05 2.4
    endloop
  endfacet
  facet normal 0 0 1
    outer loop
      vertex 5.45 -85.7689 2.4
      vertex 7.46104 -62.1787 2.4
      vertex 7.18234 -62.2733 2.4
    endloop
  endfacet
  facet normal 0 0 1
    outer loop
      vertex 6.93358 -90.1394 2.4
      vertex 37.2664 -90.1394 2.4
      vertex 7.08074 -89.7059 2.4
    endloop
  endfacet
  facet normal 0 0 1
    outer loop
      vertex 37.1193 -89.7059 2.4
      vertex 7.08074 -89.7059 2.4
      vertex 37.2664 -90.1394 2.4
    endloop
  endfacet
  facet normal 0 0 1
    outer loop
      vertex 7.08074 -89.7059 2.4
      vertex 37.1193 -89.7059 2.4
      vertex 7.17006 -89.2568 2.4
    endloop
  endfacet
  facet normal 0 0 1
    outer loop
      vertex 5.03939 -85.5664 2.4
      vertex 7.18234 -62.2733 2.4
      vertex 6.89368 -62.3307 2.4
    endloop
  endfacet
  facet normal 0 0 1
    outer loop
      vertex 37.0299 -89.2568 2.4
      vertex 7.17006 -89.2568 2.4
      vertex 37.1193 -89.7059 2.4
    endloop
  endfacet
  facet normal 0 0 1
    outer loop
      vertex 4.60587 -85.4193 2.4
      vertex 6.89368 -62.3307 2.4
      vertex 6.6 -62.35 2.4
    endloop
  endfacet
  facet normal 0 0 1
    outer loop
      vertex 37.0299 -88.3432 2.4
      vertex 7.17006 -88.3432 2.4
      vertex 37 -88.8 2.4
    endloop
  endfacet
  facet normal 0 0 1
    outer loop
      vertex 4.15684 -85.3299 2.4
      vertex 6.6 -62.35 2.4
      vertex 6.30632 -62.3307 2.4
    endloop
  endfacet
  facet normal 0 0 1
    outer loop
      vertex 7.96971 -61.885 2.4
      vertex 6.17487 -86.3251 2.4
      vertex 6.47674 -86.6693 2.4
    endloop
  endfacet
  facet normal 0 0 1
    outer loop
      vertex 4.15684 -85.3299 2.4
      vertex 6.30632 -62.3307 2.4
      vertex 6.01766 -62.2733 2.4
    endloop
  endfacet
  facet normal 0 0 1
    outer loop
      vertex 7.725 -62.0486 2.4
      vertex 5.83066 -86.0233 2.4
      vertex 6.17487 -86.3251 2.4
    endloop
  endfacet
  facet normal 0 0 1
    outer loop
      vertex 4.15684 -85.3299 2.4
      vertex 6.01766 -62.2733 2.4
      vertex 5.73896 -62.1787 2.4
    endloop
  endfacet
  facet normal 0 0 1
    outer loop
      vertex 4.15684 -85.3299 2.4
      vertex 5.73896 -62.1787 2.4
      vertex 5.475 -62.0486 2.4
    endloop
  endfacet
  facet normal 0 0 1
    outer loop
      vertex 7.46104 -62.1787 2.4
      vertex 5.45 -85.7689 2.4
      vertex 5.83066 -86.0233 2.4
    endloop
  endfacet
  facet normal 0 0 1
    outer loop
      vertex 4.15684 -85.3299 2.4
      vertex 5.475 -62.0486 2.4
      vertex 5.23029 -61.885 2.4
    endloop
  endfacet
  facet normal 0 0 1
    outer loop
      vertex 7.18234 -62.2733 2.4
      vertex 5.03939 -85.5664 2.4
      vertex 5.45 -85.7689 2.4
    endloop
  endfacet
  facet normal 0 0 1
    outer loop
      vertex 4.15684 -85.3299 2.4
      vertex 5.23029 -61.885 2.4
      vertex 5.00901 -61.691 2.4
    endloop
  endfacet
  facet normal 0 0 1
    outer loop
      vertex 4.15684 -85.3299 2.4
      vertex 5.00901 -61.691 2.4
      vertex 4.81495 -61.4697 2.4
    endloop
  endfacet
  facet normal 0 0 1
    outer loop
      vertex 4.15684 -85.3299 2.4
      vertex 4.81495 -61.4697 2.4
      vertex 4.65144 -61.225 2.4
    endloop
  endfacet
  facet normal 0 0 1
    outer loop
      vertex 6.89368 -62.3307 2.4
      vertex 4.60587 -85.4193 2.4
      vertex 5.03939 -85.5664 2.4
    endloop
  endfacet
  facet normal 0 0 1
    outer loop
      vertex 4.15684 -85.3299 2.4
      vertex 4.65144 -61.225 2.4
      vertex 4.52127 -60.961 2.4
    endloop
  endfacet
  facet normal 0 0 1
    outer loop
      vertex 4.15684 -85.3299 2.4
      vertex 4.52127 -60.961 2.4
      vertex 4.42667 -60.6823 2.4
    endloop
  endfacet
  facet normal 0 0 1
    outer loop
      vertex 4.15684 -85.3299 2.4
      vertex 4.42667 -60.6823 2.4
      vertex 4.36925 -60.3937 2.4
    endloop
  endfacet
  facet normal 0 0 1
    outer loop
      vertex 4.15684 -85.3299 2.4
      vertex 4.36925 -60.3937 2.4
      vertex 4.35 -60.1 2.4
    endloop
  endfacet
  facet normal 0 0 1
    outer loop
      vertex 6.6 -62.35 2.4
      vertex 4.15684 -85.3299 2.4
      vertex 4.60587 -85.4193 2.4
    endloop
  endfacet
  facet normal 0.997861 -0.0653646 0
    outer loop
      vertex 46.1658 -91.0221 2.4
      vertex 46.2 -90.5 5.72205e-07
      vertex 46.2 -90.5 2.4
    endloop
  endfacet
  facet normal 0.997861 -0.0653646 0
    outer loop
      vertex 46.2 -90.5 5.72205e-07
      vertex 46.1658 -91.0221 2.4
      vertex 46.1658 -91.0221 5.72205e-07
    endloop
  endfacet
  facet normal 0.831432 -0.555626 0
    outer loop
      vertex 45.3734 -92.935 2.4
      vertex 45.6641 -92.5 5.72205e-07
      vertex 45.6641 -92.5 2.4
    endloop
  endfacet
  facet normal 0.831432 -0.555626 0
    outer loop
      vertex 45.6641 -92.5 5.72205e-07
      vertex 45.3734 -92.935 2.4
      vertex 45.3734 -92.935 5.72205e-07
    endloop
  endfacet
  facet normal 0.0653646 -0.997861 0
    outer loop
      vertex 42.2 -94.5 5.72205e-07
      vertex 42.7221 -94.4658 2.4
      vertex 42.2 -94.5 2.4
    endloop
  endfacet
  facet normal 0.0653646 -0.997861 0
    outer loop
      vertex 42.7221 -94.4658 2.4
      vertex 42.2 -94.5 5.72205e-07
      vertex 42.7221 -94.4658 5.72205e-07
    endloop
  endfacet
  facet normal -0.94691 -0.321498 0
    outer loop
      vertex -1.69551 -92.0307 5.72205e-07
      vertex -1.86371 -91.5353 2.4
      vertex -1.86371 -91.5353 5.72205e-07
    endloop
  endfacet
  facet normal -0.94691 -0.321498 0
    outer loop
      vertex -1.86371 -91.5353 2.4
      vertex -1.69551 -92.0307 5.72205e-07
      vertex -1.69551 -92.0307 2.4
    endloop
  endfacet
  facet normal 0 0 -1
    outer loop
      vertex 7.90257 -77.6792 5.72205e-07
      vertex 9.62566 -76.6867 5.72205e-07
      vertex 9.66293 -76.7842 5.72205e-07
    endloop
  endfacet
  facet normal 0 0 -1
    outer loop
      vertex 7.79534 -77.5177 5.72205e-07
      vertex 9.62566 -76.6867 5.72205e-07
      vertex 7.90257 -77.6792 5.72205e-07
    endloop
  endfacet
  facet normal 0 -0 -1
    outer loop
      vertex 8.61707 -76.0148 5.72205e-07
      vertex 9.58944 -76.5976 5.72205e-07
      vertex 8.56761 -76.0209 5.72205e-07
    endloop
  endfacet
  facet normal 0 -0 -1
    outer loop
      vertex 8.66531 -76.0098 5.72205e-07
      vertex 9.55424 -76.517 5.72205e-07
      vertex 8.61707 -76.0148 5.72205e-07
    endloop
  endfacet
  facet normal 0 0 -1
    outer loop
      vertex 9.55424 -76.517 5.72205e-07
      vertex 8.71229 -76.0059 5.72205e-07
      vertex 9.52009 -76.4449 5.72205e-07
    endloop
  endfacet
  facet normal 0 -0 -1
    outer loop
      vertex 8.80253 -76.0015 5.72205e-07
      vertex 9.52009 -76.4449 5.72205e-07
      vertex 8.75803 -76.0031 5.72205e-07
    endloop
  endfacet
  facet normal 0 0 -1
    outer loop
      vertex 9.52009 -76.4449 5.72205e-07
      vertex 8.80253 -76.0015 5.72205e-07
      vertex 9.48698 -76.3811 5.72205e-07
    endloop
  endfacet
  facet normal 0 0 -1
    outer loop
      vertex 9.48698 -76.3811 5.72205e-07
      vertex 8.84577 -76.0009 5.72205e-07
      vertex 9.45492 -76.3258 5.72205e-07
    endloop
  endfacet
  facet normal 0 0 -1
    outer loop
      vertex 9.45492 -76.3258 5.72205e-07
      vertex 8.90249 -76.0022 5.72205e-07
      vertex 9.42388 -76.279 5.72205e-07
    endloop
  endfacet
  facet normal 0 0 -1
    outer loop
      vertex 9.42388 -76.279 5.72205e-07
      vertex 8.95635 -76.0062 5.72205e-07
      vertex 9.39282 -76.2381 5.72205e-07
    endloop
  endfacet
  facet normal -0 -0 -1
    outer loop
      vertex 9.00739 -76.0128 5.72205e-07
      vertex 9.39282 -76.2381 5.72205e-07
      vertex 8.95635 -76.0062 5.72205e-07
    endloop
  endfacet
  facet normal 0 0 -1
    outer loop
      vertex 9.36063 -76.2007 5.72205e-07
      vertex 9.00739 -76.0128 5.72205e-07
      vertex 9.32736 -76.1667 5.72205e-07
    endloop
  endfacet
  facet normal -0 -0 -1
    outer loop
      vertex 9.05558 -76.022 5.72205e-07
      vertex 9.32736 -76.1667 5.72205e-07
      vertex 9.00739 -76.0128 5.72205e-07
    endloop
  endfacet
  facet normal 0 0 -1
    outer loop
      vertex 9.29296 -76.1362 5.72205e-07
      vertex 9.05558 -76.022 5.72205e-07
      vertex 9.25745 -76.1091 5.72205e-07
    endloop
  endfacet
  facet normal 0 0 -1
    outer loop
      vertex 9.22085 -76.0855 5.72205e-07
      vertex 9.05558 -76.022 5.72205e-07
      vertex 9.18313 -76.0654 5.72205e-07
    endloop
  endfacet
  facet normal 0 0 -1
    outer loop
      vertex 9.14346 -76.0483 5.72205e-07
      vertex 9.05558 -76.022 5.72205e-07
      vertex 9.10093 -76.0338 5.72205e-07
    endloop
  endfacet
  facet normal 0 0 -1
    outer loop
      vertex 9.18313 -76.0654 5.72205e-07
      vertex 9.05558 -76.022 5.72205e-07
      vertex 9.14346 -76.0483 5.72205e-07
    endloop
  endfacet
  facet normal 0 0 -1
    outer loop
      vertex 9.25745 -76.1091 5.72205e-07
      vertex 9.05558 -76.022 5.72205e-07
      vertex 9.22085 -76.0855 5.72205e-07
    endloop
  endfacet
  facet normal 0 0 -1
    outer loop
      vertex 9.32736 -76.1667 5.72205e-07
      vertex 9.05558 -76.022 5.72205e-07
      vertex 9.29296 -76.1362 5.72205e-07
    endloop
  endfacet
  facet normal 0 0 -1
    outer loop
      vertex 9.39282 -76.2381 5.72205e-07
      vertex 9.00739 -76.0128 5.72205e-07
      vertex 9.36063 -76.2007 5.72205e-07
    endloop
  endfacet
  facet normal -0 -0 -1
    outer loop
      vertex 8.95635 -76.0062 5.72205e-07
      vertex 9.42388 -76.279 5.72205e-07
      vertex 8.90249 -76.0022 5.72205e-07
    endloop
  endfacet
  facet normal -0 -0 -1
    outer loop
      vertex 8.90249 -76.0022 5.72205e-07
      vertex 9.45492 -76.3258 5.72205e-07
      vertex 8.84577 -76.0009 5.72205e-07
    endloop
  endfacet
  facet normal 0 -0 -1
    outer loop
      vertex 8.84577 -76.0009 5.72205e-07
      vertex 9.48698 -76.3811 5.72205e-07
      vertex 8.80253 -76.0015 5.72205e-07
    endloop
  endfacet
  facet normal 0 -0 -1
    outer loop
      vertex 8.75803 -76.0031 5.72205e-07
      vertex 9.52009 -76.4449 5.72205e-07
      vertex 8.71229 -76.0059 5.72205e-07
    endloop
  endfacet
  facet normal 0 -0 -1
    outer loop
      vertex 8.71229 -76.0059 5.72205e-07
      vertex 9.55424 -76.517 5.72205e-07
      vertex 8.66531 -76.0098 5.72205e-07
    endloop
  endfacet
  facet normal 0 0 -1
    outer loop
      vertex 9.58944 -76.5976 5.72205e-07
      vertex 8.61707 -76.0148 5.72205e-07
      vertex 9.55424 -76.517 5.72205e-07
    endloop
  endfacet
  facet normal 0 0 -1
    outer loop
      vertex 9.58944 -76.5976 5.72205e-07
      vertex 8.51688 -76.0281 5.72205e-07
      vertex 8.56761 -76.0209 5.72205e-07
    endloop
  endfacet
  facet normal 0 0 -1
    outer loop
      vertex 7.99905 -77.8551 5.72205e-07
      vertex 9.66293 -76.7842 5.72205e-07
      vertex 8.08482 -78.0455 5.72205e-07
    endloop
  endfacet
  facet normal 0 0 -1
    outer loop
      vertex 8.08482 -78.0455 5.72205e-07
      vertex 9.66293 -76.7842 5.72205e-07
      vertex 8.21172 -80.4155 5.72205e-07
    endloop
  endfacet
  facet normal 0 0 -1
    outer loop
      vertex 26.8962 -78.5846 5.72205e-07
      vertex 25.6809 -78.3744 5.72205e-07
      vertex 26.5523 -78.0455 5.72205e-07
    endloop
  endfacet
  facet normal -0 0 -1
    outer loop
      vertex 26.936 -79.0594 5.72205e-07
      vertex 25.6097 -80.0256 5.72205e-07
      vertex 25.6809 -78.3744 5.72205e-07
    endloop
  endfacet
  facet normal 0 0 -1
    outer loop
      vertex 25.1706 -80.5969 5.72205e-07
      vertex 25.6097 -80.0256 5.72205e-07
      vertex 25.5733 -80.1253 5.72205e-07
    endloop
  endfacet
  facet normal 0 0 -1
    outer loop
      vertex 25.6097 -80.0256 5.72205e-07
      vertex 23.0193 -79.1576 5.72205e-07
      vertex 25.6809 -78.3744 5.72205e-07
    endloop
  endfacet
  facet normal 0 0 -1
    outer loop
      vertex 25.1706 -80.5969 5.72205e-07
      vertex 25.5733 -80.1253 5.72205e-07
      vertex 25.5282 -80.2189 5.72205e-07
    endloop
  endfacet
  facet normal 0 0 -1
    outer loop
      vertex 25.1706 -80.5969 5.72205e-07
      vertex 25.5282 -80.2189 5.72205e-07
      vertex 25.4743 -80.3066 5.72205e-07
    endloop
  endfacet
  facet normal 0 -0 -1
    outer loop
      vertex 23.0266 -78.9302 5.72205e-07
      vertex 25.6809 -78.3744 5.72205e-07
      vertex 23.0193 -79.1576 5.72205e-07
    endloop
  endfacet
  facet normal 0 0 -1
    outer loop
      vertex 25.1706 -80.5969 5.72205e-07
      vertex 25.4743 -80.3066 5.72205e-07
      vertex 25.4115 -80.3882 5.72205e-07
    endloop
  endfacet
  facet normal 0 0 -1
    outer loop
      vertex 25.1706 -80.5969 5.72205e-07
      vertex 25.4115 -80.3882 5.72205e-07
      vertex 25.34 -80.4638 5.72205e-07
    endloop
  endfacet
  facet normal 0 -0 -1
    outer loop
      vertex 23.0488 -78.7186 5.72205e-07
      vertex 25.6809 -78.3744 5.72205e-07
      vertex 23.0266 -78.9302 5.72205e-07
    endloop
  endfacet
  facet normal 0 0 -1
    outer loop
      vertex 25.1706 -80.5969 5.72205e-07
      vertex 25.34 -80.4638 5.72205e-07
      vertex 25.2597 -80.5334 5.72205e-07
    endloop
  endfacet
  facet normal 0 0 -1
    outer loop
      vertex 25.6097 -80.0256 5.72205e-07
      vertex 25.1706 -80.5969 5.72205e-07
      vertex 25.0748 -80.6531 5.72205e-07
    endloop
  endfacet
  facet normal 0 -0 -1
    outer loop
      vertex 23.0856 -78.523 5.72205e-07
      vertex 25.6809 -78.3744 5.72205e-07
      vertex 23.0488 -78.7186 5.72205e-07
    endloop
  endfacet
  facet normal 0 0 -1
    outer loop
      vertex 25.6097 -80.0256 5.72205e-07
      vertex 25.0748 -80.6531 5.72205e-07
      vertex 24.9741 -80.7007 5.72205e-07
    endloop
  endfacet
  facet normal 0 0 -1
    outer loop
      vertex 25.6097 -80.0256 5.72205e-07
      vertex 24.9741 -80.7007 5.72205e-07
      vertex 24.8687 -80.7396 5.72205e-07
    endloop
  endfacet
  facet normal -0 0 -1
    outer loop
      vertex 25.6809 -78.3744 5.72205e-07
      vertex 23.0856 -78.523 5.72205e-07
      vertex 25.5689 -78.1333 5.72205e-07
    endloop
  endfacet
  facet normal 0 0 -1
    outer loop
      vertex 25.6097 -80.0256 5.72205e-07
      vertex 24.8687 -80.7396 5.72205e-07
      vertex 24.7585 -80.7699 5.72205e-07
    endloop
  endfacet
  facet normal 0 0 -1
    outer loop
      vertex 25.6097 -80.0256 5.72205e-07
      vertex 24.7585 -80.7699 5.72205e-07
      vertex 24.6435 -80.7915 5.72205e-07
    endloop
  endfacet
  facet normal 0 -0 -1
    outer loop
      vertex 24.423 -77.4657 5.72205e-07
      vertex 25.5689 -78.1333 5.72205e-07
      vertex 23.0856 -78.523 5.72205e-07
    endloop
  endfacet
  facet normal 0 0 -1
    outer loop
      vertex 25.6097 -80.0256 5.72205e-07
      vertex 24.6435 -80.7915 5.72205e-07
      vertex 24.5238 -80.8045 5.72205e-07
    endloop
  endfacet
  facet normal 0 0 -1
    outer loop
      vertex 25.6097 -80.0256 5.72205e-07
      vertex 24.5238 -80.8045 5.72205e-07
      vertex 24.3992 -80.8088 5.72205e-07
    endloop
  endfacet
  facet normal 0 0 -1
    outer loop
      vertex 25.5689 -78.1333 5.72205e-07
      vertex 24.423 -77.4657 5.72205e-07
      vertex 25.4343 -77.9293 5.72205e-07
    endloop
  endfacet
  facet normal -0 0 -1
    outer loop
      vertex 25.6097 -80.0256 5.72205e-07
      vertex 24.3992 -80.8088 5.72205e-07
      vertex 23.0837 -79.7806 5.72205e-07
    endloop
  endfacet
  facet normal 0 0 -1
    outer loop
      vertex 25.2771 -77.7624 5.72205e-07
      vertex 24.6704 -77.4842 5.72205e-07
      vertex 25.0974 -77.6326 5.72205e-07
    endloop
  endfacet
  facet normal 0 0 -1
    outer loop
      vertex 23.0837 -79.7806 5.72205e-07
      vertex 24.3992 -80.8088 5.72205e-07
      vertex 24.2122 -80.8002 5.72205e-07
    endloop
  endfacet
  facet normal 0 0 -1
    outer loop
      vertex 25.0974 -77.6326 5.72205e-07
      vertex 24.6704 -77.4842 5.72205e-07
      vertex 24.8952 -77.5399 5.72205e-07
    endloop
  endfacet
  facet normal 0 0 -1
    outer loop
      vertex 23.1339 -79.9564 5.72205e-07
      vertex 24.2122 -80.8002 5.72205e-07
      vertex 24.0385 -80.7745 5.72205e-07
    endloop
  endfacet
  facet normal 0 0 -1
    outer loop
      vertex 25.4343 -77.9293 5.72205e-07
      vertex 24.6704 -77.4842 5.72205e-07
      vertex 25.2771 -77.7624 5.72205e-07
    endloop
  endfacet
  facet normal 0 0 -1
    outer loop
      vertex 23.1983 -80.1163 5.72205e-07
      vertex 24.0385 -80.7745 5.72205e-07
      vertex 23.8781 -80.7316 5.72205e-07
    endloop
  endfacet
  facet normal -0 -0 -1
    outer loop
      vertex 24.6704 -77.4842 5.72205e-07
      vertex 25.4343 -77.9293 5.72205e-07
      vertex 24.423 -77.4657 5.72205e-07
    endloop
  endfacet
  facet normal 0 0 -1
    outer loop
      vertex 23.1983 -80.1163 5.72205e-07
      vertex 23.8781 -80.7316 5.72205e-07
      vertex 23.7311 -80.6715 5.72205e-07
    endloop
  endfacet
  facet normal 0 0 -1
    outer loop
      vertex 24.423 -77.4657 5.72205e-07
      vertex 23.0856 -78.523 5.72205e-07
      vertex 24.2348 -77.4745 5.72205e-07
    endloop
  endfacet
  facet normal 0 0 -1
    outer loop
      vertex 23.1983 -80.1163 5.72205e-07
      vertex 23.7311 -80.6715 5.72205e-07
      vertex 23.5974 -80.5943 5.72205e-07
    endloop
  endfacet
  facet normal 0 -0 -1
    outer loop
      vertex 23.1372 -78.3433 5.72205e-07
      vertex 24.2348 -77.4745 5.72205e-07
      vertex 23.0856 -78.523 5.72205e-07
    endloop
  endfacet
  facet normal 0 0 -1
    outer loop
      vertex 23.1983 -80.1163 5.72205e-07
      vertex 23.5974 -80.5943 5.72205e-07
      vertex 23.4771 -80.4999 5.72205e-07
    endloop
  endfacet
  facet normal 0 0 -1
    outer loop
      vertex 24.2348 -77.4745 5.72205e-07
      vertex 23.1372 -78.3433 5.72205e-07
      vertex 24.0597 -77.5011 5.72205e-07
    endloop
  endfacet
  facet normal 0 0 -1
    outer loop
      vertex 23.1983 -80.1163 5.72205e-07
      vertex 23.4771 -80.4999 5.72205e-07
      vertex 23.3702 -80.3884 5.72205e-07
    endloop
  endfacet
  facet normal 0 -0 -1
    outer loop
      vertex 23.2035 -78.1795 5.72205e-07
      vertex 24.0597 -77.5011 5.72205e-07
      vertex 23.1372 -78.3433 5.72205e-07
    endloop
  endfacet
  facet normal 0 0 -1
    outer loop
      vertex 23.1983 -80.1163 5.72205e-07
      vertex 23.3702 -80.3884 5.72205e-07
      vertex 23.2771 -80.2603 5.72205e-07
    endloop
  endfacet
  facet normal 0 0 -1
    outer loop
      vertex 24.0597 -77.5011 5.72205e-07
      vertex 23.2035 -78.1795 5.72205e-07
      vertex 23.8977 -77.5454 5.72205e-07
    endloop
  endfacet
  facet normal 0 0 -1
    outer loop
      vertex 24.0385 -80.7745 5.72205e-07
      vertex 23.1983 -80.1163 5.72205e-07
      vertex 23.1339 -79.9564 5.72205e-07
    endloop
  endfacet
  facet normal 0 -0 -1
    outer loop
      vertex 23.2846 -78.0316 5.72205e-07
      vertex 23.8977 -77.5454 5.72205e-07
      vertex 23.2035 -78.1795 5.72205e-07
    endloop
  endfacet
  facet normal 0 0 -1
    outer loop
      vertex 24.2122 -80.8002 5.72205e-07
      vertex 23.1339 -79.9564 5.72205e-07
      vertex 23.0837 -79.7806 5.72205e-07
    endloop
  endfacet
  facet normal 0 0 -1
    outer loop
      vertex 23.7487 -77.6074 5.72205e-07
      vertex 23.2846 -78.0316 5.72205e-07
      vertex 23.6129 -77.6871 5.72205e-07
    endloop
  endfacet
  facet normal 0 0 -1
    outer loop
      vertex 25.6097 -80.0256 5.72205e-07
      vertex 23.0837 -79.7806 5.72205e-07
      vertex 23.0479 -79.5888 5.72205e-07
    endloop
  endfacet
  facet normal 0 0 -1
    outer loop
      vertex 23.4901 -77.7845 5.72205e-07
      vertex 23.2846 -78.0316 5.72205e-07
      vertex 23.3804 -77.8997 5.72205e-07
    endloop
  endfacet
  facet normal 0 0 -1
    outer loop
      vertex 25.6097 -80.0256 5.72205e-07
      vertex 23.0479 -79.5888 5.72205e-07
      vertex 23.0264 -79.3812 5.72205e-07
    endloop
  endfacet
  facet normal 0 0 -1
    outer loop
      vertex 23.6129 -77.6871 5.72205e-07
      vertex 23.2846 -78.0316 5.72205e-07
      vertex 23.4901 -77.7845 5.72205e-07
    endloop
  endfacet
  facet normal 0 0 -1
    outer loop
      vertex 25.6097 -80.0256 5.72205e-07
      vertex 23.0264 -79.3812 5.72205e-07
      vertex 23.0193 -79.1576 5.72205e-07
    endloop
  endfacet
  facet normal 0 0 -1
    outer loop
      vertex 23.8977 -77.5454 5.72205e-07
      vertex 23.2846 -78.0316 5.72205e-07
      vertex 23.7487 -77.6074 5.72205e-07
    endloop
  endfacet
  facet normal -0 0 -1
    outer loop
      vertex 16.1856 -76.7469 5.72205e-07
      vertex 14.4111 -78.9847 5.72205e-07
      vertex 15.7978 -76.7469 5.72205e-07
    endloop
  endfacet
  facet normal -0 0 -1
    outer loop
      vertex 14.6755 -80.4155 5.72205e-07
      vertex 13.3668 -81.7786 5.72205e-07
      vertex 13.3668 -78.8965 5.72205e-07
    endloop
  endfacet
  facet normal 0 0 -1
    outer loop
      vertex 8.02381 -80.2663 5.72205e-07
      vertex 7.21342 -78.3744 5.72205e-07
      vertex 8.08482 -78.0455 5.72205e-07
    endloop
  endfacet
  facet normal 0 0 -1
    outer loop
      vertex 7.14222 -80.0256 5.72205e-07
      vertex 7.21342 -78.3744 5.72205e-07
      vertex 8.02381 -80.2663 5.72205e-07
    endloop
  endfacet
  facet normal 0 0 -1
    outer loop
      vertex 6.70316 -80.5969 5.72205e-07
      vertex 7.14222 -80.0256 5.72205e-07
      vertex 7.10586 -80.1253 5.72205e-07
    endloop
  endfacet
  facet normal 0 0 -1
    outer loop
      vertex 7.14222 -80.0256 5.72205e-07
      vertex 4.55181 -79.1576 5.72205e-07
      vertex 7.21342 -78.3744 5.72205e-07
    endloop
  endfacet
  facet normal 0 0 -1
    outer loop
      vertex 6.70316 -80.5969 5.72205e-07
      vertex 7.10586 -80.1253 5.72205e-07
      vertex 7.06072 -80.2189 5.72205e-07
    endloop
  endfacet
  facet normal 0 0 -1
    outer loop
      vertex 6.70316 -80.5969 5.72205e-07
      vertex 7.06072 -80.2189 5.72205e-07
      vertex 7.0068 -80.3066 5.72205e-07
    endloop
  endfacet
  facet normal 0 -0 -1
    outer loop
      vertex 4.55918 -78.9302 5.72205e-07
      vertex 7.21342 -78.3744 5.72205e-07
      vertex 4.55181 -79.1576 5.72205e-07
    endloop
  endfacet
  facet normal 0 0 -1
    outer loop
      vertex 6.70316 -80.5969 5.72205e-07
      vertex 7.0068 -80.3066 5.72205e-07
      vertex 6.94407 -80.3882 5.72205e-07
    endloop
  endfacet
  facet normal 0 0 -1
    outer loop
      vertex 6.70316 -80.5969 5.72205e-07
      vertex 6.94407 -80.3882 5.72205e-07
      vertex 6.87257 -80.4638 5.72205e-07
    endloop
  endfacet
  facet normal 0 -0 -1
    outer loop
      vertex 4.58129 -78.7186 5.72205e-07
      vertex 7.21342 -78.3744 5.72205e-07
      vertex 4.55918 -78.9302 5.72205e-07
    endloop
  endfacet
  facet normal 0 0 -1
    outer loop
      vertex 6.70316 -80.5969 5.72205e-07
      vertex 6.87257 -80.4638 5.72205e-07
      vertex 6.79226 -80.5334 5.72205e-07
    endloop
  endfacet
  facet normal 0 0 -1
    outer loop
      vertex 7.14222 -80.0256 5.72205e-07
      vertex 6.70316 -80.5969 5.72205e-07
      vertex 6.60729 -80.6531 5.72205e-07
    endloop
  endfacet
  facet normal 0 -0 -1
    outer loop
      vertex 4.61814 -78.523 5.72205e-07
      vertex 7.21342 -78.3744 5.72205e-07
      vertex 4.58129 -78.7186 5.72205e-07
    endloop
  endfacet
  facet normal 0 0 -1
    outer loop
      vertex 7.14222 -80.0256 5.72205e-07
      vertex 6.60729 -80.6531 5.72205e-07
      vertex 6.50665 -80.7007 5.72205e-07
    endloop
  endfacet
  facet normal 0 0 -1
    outer loop
      vertex 7.14222 -80.0256 5.72205e-07
      vertex 6.50665 -80.7007 5.72205e-07
      vertex 6.40122 -80.7396 5.72205e-07
    endloop
  endfacet
  facet normal -0 0 -1
    outer loop
      vertex 7.21342 -78.3744 5.72205e-07
      vertex 4.61814 -78.523 5.72205e-07
      vertex 7.10139 -78.1333 5.72205e-07
    endloop
  endfacet
  facet normal 0 0 -1
    outer loop
      vertex 7.14222 -80.0256 5.72205e-07
      vertex 6.40122 -80.7396 5.72205e-07
      vertex 6.29102 -80.7699 5.72205e-07
    endloop
  endfacet
  facet normal 0 0 -1
    outer loop
      vertex 7.14222 -80.0256 5.72205e-07
      vertex 6.29102 -80.7699 5.72205e-07
      vertex 6.17605 -80.7915 5.72205e-07
    endloop
  endfacet
  facet normal 0 -0 -1
    outer loop
      vertex 5.95551 -77.4657 5.72205e-07
      vertex 7.10139 -78.1333 5.72205e-07
      vertex 4.61814 -78.523 5.72205e-07
    endloop
  endfacet
  facet normal 0 0 -1
    outer loop
      vertex 7.14222 -80.0256 5.72205e-07
      vertex 6.17605 -80.7915 5.72205e-07
      vertex 6.0563 -80.8045 5.72205e-07
    endloop
  endfacet
  facet normal 0 0 -1
    outer loop
      vertex 7.14222 -80.0256 5.72205e-07
      vertex 6.0563 -80.8045 5.72205e-07
      vertex 5.93177 -80.8088 5.72205e-07
    endloop
  endfacet
  facet normal 0 0 -1
    outer loop
      vertex 7.10139 -78.1333 5.72205e-07
      vertex 5.95551 -77.4657 5.72205e-07
      vertex 6.96682 -77.9293 5.72205e-07
    endloop
  endfacet
  facet normal -0 0 -1
    outer loop
      vertex 7.14222 -80.0256 5.72205e-07
      vertex 5.93177 -80.8088 5.72205e-07
      vertex 4.61627 -79.7806 5.72205e-07
    endloop
  endfacet
  facet normal 0 0 -1
    outer loop
      vertex 6.80967 -77.7624 5.72205e-07
      vertex 6.20289 -77.4842 5.72205e-07
      vertex 6.62997 -77.6326 5.72205e-07
    endloop
  endfacet
  facet normal 0 0 -1
    outer loop
      vertex 4.61627 -79.7806 5.72205e-07
      vertex 5.93177 -80.8088 5.72205e-07
      vertex 5.7447 -80.8002 5.72205e-07
    endloop
  endfacet
  facet normal 0 0 -1
    outer loop
      vertex 6.62997 -77.6326 5.72205e-07
      vertex 6.20289 -77.4842 5.72205e-07
      vertex 6.42771 -77.5399 5.72205e-07
    endloop
  endfacet
  facet normal 0 0 -1
    outer loop
      vertex 4.66639 -79.9564 5.72205e-07
      vertex 5.7447 -80.8002 5.72205e-07
      vertex 5.57099 -80.7745 5.72205e-07
    endloop
  endfacet
  facet normal 0 0 -1
    outer loop
      vertex 6.96682 -77.9293 5.72205e-07
      vertex 6.20289 -77.4842 5.72205e-07
      vertex 6.80967 -77.7624 5.72205e-07
    endloop
  endfacet
  facet normal 0 0 -1
    outer loop
      vertex 4.73084 -80.1163 5.72205e-07
      vertex 5.57099 -80.7745 5.72205e-07
      vertex 5.41062 -80.7316 5.72205e-07
    endloop
  endfacet
  facet normal -0 -0 -1
    outer loop
      vertex 6.20289 -77.4842 5.72205e-07
      vertex 6.96682 -77.9293 5.72205e-07
      vertex 5.95551 -77.4657 5.72205e-07
    endloop
  endfacet
  facet normal 0 0 -1
    outer loop
      vertex 4.73084 -80.1163 5.72205e-07
      vertex 5.41062 -80.7316 5.72205e-07
      vertex 5.26362 -80.6715 5.72205e-07
    endloop
  endfacet
  facet normal 0 0 -1
    outer loop
      vertex 5.95551 -77.4657 5.72205e-07
      vertex 4.61814 -78.523 5.72205e-07
      vertex 5.76734 -77.4745 5.72205e-07
    endloop
  endfacet
  facet normal 0 0 -1
    outer loop
      vertex 4.73084 -80.1163 5.72205e-07
      vertex 5.26362 -80.6715 5.72205e-07
      vertex 5.12997 -80.5943 5.72205e-07
    endloop
  endfacet
  facet normal 0 -0 -1
    outer loop
      vertex 4.66973 -78.3433 5.72205e-07
      vertex 5.76734 -77.4745 5.72205e-07
      vertex 4.61814 -78.523 5.72205e-07
    endloop
  endfacet
  facet normal 0 0 -1
    outer loop
      vertex 4.73084 -80.1163 5.72205e-07
      vertex 5.12997 -80.5943 5.72205e-07
      vertex 5.00967 -80.4999 5.72205e-07
    endloop
  endfacet
  facet normal 0 0 -1
    outer loop
      vertex 5.76734 -77.4745 5.72205e-07
      vertex 4.66973 -78.3433 5.72205e-07
      vertex 5.59225 -77.5011 5.72205e-07
    endloop
  endfacet
  facet normal 0 0 -1
    outer loop
      vertex 4.73084 -80.1163 5.72205e-07
      vertex 5.00967 -80.4999 5.72205e-07
      vertex 4.90272 -80.3884 5.72205e-07
    endloop
  endfacet
  facet normal 0 -0 -1
    outer loop
      vertex 4.73605 -78.1795 5.72205e-07
      vertex 5.59225 -77.5011 5.72205e-07
      vertex 4.66973 -78.3433 5.72205e-07
    endloop
  endfacet
  facet normal 0 0 -1
    outer loop
      vertex 4.73084 -80.1163 5.72205e-07
      vertex 4.90272 -80.3884 5.72205e-07
      vertex 4.80962 -80.2603 5.72205e-07
    endloop
  endfacet
  facet normal 0 0 -1
    outer loop
      vertex 5.59225 -77.5011 5.72205e-07
      vertex 4.73605 -78.1795 5.72205e-07
      vertex 5.43023 -77.5454 5.72205e-07
    endloop
  endfacet
  facet normal 0 0 -1
    outer loop
      vertex 5.57099 -80.7745 5.72205e-07
      vertex 4.73084 -80.1163 5.72205e-07
      vertex 4.66639 -79.9564 5.72205e-07
    endloop
  endfacet
  facet normal 0 -0 -1
    outer loop
      vertex 4.81712 -78.0316 5.72205e-07
      vertex 5.43023 -77.5454 5.72205e-07
      vertex 4.73605 -78.1795 5.72205e-07
    endloop
  endfacet
  facet normal 0 0 -1
    outer loop
      vertex 5.7447 -80.8002 5.72205e-07
      vertex 4.66639 -79.9564 5.72205e-07
      vertex 4.61627 -79.7806 5.72205e-07
    endloop
  endfacet
  facet normal 0 0 -1
    outer loop
      vertex 5.28127 -77.6074 5.72205e-07
      vertex 4.81712 -78.0316 5.72205e-07
      vertex 5.14541 -77.6871 5.72205e-07
    endloop
  endfacet
  facet normal 0 0 -1
    outer loop
      vertex 7.14222 -80.0256 5.72205e-07
      vertex 4.61627 -79.7806 5.72205e-07
      vertex 4.58047 -79.5888 5.72205e-07
    endloop
  endfacet
  facet normal 0 0 -1
    outer loop
      vertex 5.02262 -77.7845 5.72205e-07
      vertex 4.81712 -78.0316 5.72205e-07
      vertex 4.91291 -77.8997 5.72205e-07
    endloop
  endfacet
  facet normal 0 0 -1
    outer loop
      vertex 7.14222 -80.0256 5.72205e-07
      vertex 4.58047 -79.5888 5.72205e-07
      vertex 4.55898 -79.3812 5.72205e-07
    endloop
  endfacet
  facet normal 0 0 -1
    outer loop
      vertex 5.14541 -77.6871 5.72205e-07
      vertex 4.81712 -78.0316 5.72205e-07
      vertex 5.02262 -77.7845 5.72205e-07
    endloop
  endfacet
  facet normal 0 0 -1
    outer loop
      vertex 7.14222 -80.0256 5.72205e-07
      vertex 4.55898 -79.3812 5.72205e-07
      vertex 4.55181 -79.1576 5.72205e-07
    endloop
  endfacet
  facet normal 0 0 -1
    outer loop
      vertex 5.43023 -77.5454 5.72205e-07
      vertex 4.81712 -78.0316 5.72205e-07
      vertex 5.28127 -77.6074 5.72205e-07
    endloop
  endfacet
  facet normal 0 0 -1
    outer loop
      vertex 30.4409 -79.4947 5.72205e-07
      vertex 31.2523 -79.595 5.72205e-07
      vertex 31.2521 -79.6771 5.72205e-07
    endloop
  endfacet
  facet normal 0 0 -1
    outer loop
      vertex 32.2199 -78.9667 5.72205e-07
      vertex 33.4122 -78.805 5.72205e-07
      vertex 33.4008 -79.0613 5.72205e-07
    endloop
  endfacet
  facet normal 0 0 -1
    outer loop
      vertex 34.381 -79.012 5.72205e-07
      vertex 35.5652 -78.805 5.72205e-07
      vertex 35.5539 -79.0613 5.72205e-07
    endloop
  endfacet
  facet normal 0 0 -1
    outer loop
      vertex 36.4595 -79.6022 5.72205e-07
      vertex 37.2824 -79.5713 5.72205e-07
      vertex 37.2818 -79.7155 5.72205e-07
    endloop
  endfacet
  facet normal 0 0 -1
    outer loop
      vertex 38.5214 -76.9548 5.72205e-07
      vertex 38.2347 -76.8518 5.72205e-07
      vertex 38.2351 -76.713 5.72205e-07
    endloop
  endfacet
  facet normal 0 0 -1
    outer loop
      vertex 38.2815 -77.243 5.72205e-07
      vertex 38.2335 -76.9737 5.72205e-07
      vertex 38.2347 -76.8518 5.72205e-07
    endloop
  endfacet
  facet normal 0 0 -1
    outer loop
      vertex 38.2815 -77.243 5.72205e-07
      vertex 38.2314 -77.0788 5.72205e-07
      vertex 38.2335 -76.9737 5.72205e-07
    endloop
  endfacet
  facet normal 0 0 -1
    outer loop
      vertex 38.2815 -77.243 5.72205e-07
      vertex 38.2285 -77.1669 5.72205e-07
      vertex 38.2314 -77.0788 5.72205e-07
    endloop
  endfacet
  facet normal 0 0 -1
    outer loop
      vertex 38.2815 -77.243 5.72205e-07
      vertex 38.2248 -77.2382 5.72205e-07
      vertex 38.2285 -77.1669 5.72205e-07
    endloop
  endfacet
  facet normal -0 0 -1
    outer loop
      vertex 38.2815 -77.243 5.72205e-07
      vertex 38.2202 -77.2926 5.72205e-07
      vertex 38.2248 -77.2382 5.72205e-07
    endloop
  endfacet
  facet normal 0 -0 -1
    outer loop
      vertex 38.2202 -77.2926 5.72205e-07
      vertex 38.2351 -77.3301 5.72205e-07
      vertex 38.2148 -77.3301 5.72205e-07
    endloop
  endfacet
  facet normal 0 0 -1
    outer loop
      vertex 46.2 -90.5 5.72205e-07
      vertex 40.3914 -51.0305 5.72205e-07
      vertex 40.4 -50.9 5.72205e-07
    endloop
  endfacet
  facet normal 0 0 -1
    outer loop
      vertex 40.266 -51.4 5.72205e-07
      vertex 40.4841 -77.3306 5.72205e-07
      vertex 40.3865 -77.1792 5.72205e-07
    endloop
  endfacet
  facet normal 0 0 -1
    outer loop
      vertex 40.5666 -77.4991 5.72205e-07
      vertex 40.3659 -51.1588 5.72205e-07
      vertex 40.3914 -51.0305 5.72205e-07
    endloop
  endfacet
  facet normal 0 0 -1
    outer loop
      vertex 40.5666 -77.4991 5.72205e-07
      vertex 40.3239 -51.2827 5.72205e-07
      vertex 40.3659 -51.1588 5.72205e-07
    endloop
  endfacet
  facet normal 0 0 -1
    outer loop
      vertex 40.1933 -51.5088 5.72205e-07
      vertex 40.3865 -77.1792 5.72205e-07
      vertex 40.2752 -77.0465 5.72205e-07
    endloop
  endfacet
  facet normal 0 0 -1
    outer loop
      vertex 40.4841 -77.3306 5.72205e-07
      vertex 40.266 -51.4 5.72205e-07
      vertex 40.3239 -51.2827 5.72205e-07
    endloop
  endfacet
  facet normal 0 0 -1
    outer loop
      vertex 40.3865 -77.1792 5.72205e-07
      vertex 40.1933 -51.5088 5.72205e-07
      vertex 40.266 -51.4 5.72205e-07
    endloop
  endfacet
  facet normal 0 0 -1
    outer loop
      vertex 40.1071 -51.6071 5.72205e-07
      vertex 40.2752 -77.0465 5.72205e-07
      vertex 40.1515 -76.9342 5.72205e-07
    endloop
  endfacet
  facet normal 0 0 -1
    outer loop
      vertex 40.2752 -77.0465 5.72205e-07
      vertex 40.1071 -51.6071 5.72205e-07
      vertex 40.1933 -51.5088 5.72205e-07
    endloop
  endfacet
  facet normal 0 0 -1
    outer loop
      vertex 38.2351 -75.3059 5.72205e-07
      vertex 40.1515 -76.9342 5.72205e-07
      vertex 40.0154 -76.8424 5.72205e-07
    endloop
  endfacet
  facet normal 0 0 -1
    outer loop
      vertex 40.1515 -76.9342 5.72205e-07
      vertex 40.0088 -51.6933 5.72205e-07
      vertex 40.1071 -51.6071 5.72205e-07
    endloop
  endfacet
  facet normal 0 0 -1
    outer loop
      vertex 40.1515 -76.9342 5.72205e-07
      vertex 38.2351 -75.3059 5.72205e-07
      vertex 40.0088 -51.6933 5.72205e-07
    endloop
  endfacet
  facet normal 0 0 -1
    outer loop
      vertex 38.2351 -75.3059 5.72205e-07
      vertex 40.0154 -76.8424 5.72205e-07
      vertex 39.867 -76.7709 5.72205e-07
    endloop
  endfacet
  facet normal 0 0 -1
    outer loop
      vertex 40.0088 -51.6933 5.72205e-07
      vertex 38.2351 -75.3059 5.72205e-07
      vertex 39.9 -51.766 5.72205e-07
    endloop
  endfacet
  facet normal 0 0 -1
    outer loop
      vertex 38.2351 -75.3059 5.72205e-07
      vertex 39.867 -76.7709 5.72205e-07
      vertex 39.7061 -76.7199 5.72205e-07
    endloop
  endfacet
  facet normal 0 0 -1
    outer loop
      vertex 39.9 -51.766 5.72205e-07
      vertex 38.2351 -75.3059 5.72205e-07
      vertex 39.7827 -51.8239 5.72205e-07
    endloop
  endfacet
  facet normal 0 0 -1
    outer loop
      vertex 38.2351 -75.3059 5.72205e-07
      vertex 39.7061 -76.7199 5.72205e-07
      vertex 39.5329 -76.6893 5.72205e-07
    endloop
  endfacet
  facet normal 0 0 -1
    outer loop
      vertex 39.7827 -51.8239 5.72205e-07
      vertex 38.2351 -75.3059 5.72205e-07
      vertex 39.6588 -51.8659 5.72205e-07
    endloop
  endfacet
  facet normal 0 0 -1
    outer loop
      vertex 39.6588 -51.8659 5.72205e-07
      vertex 38.2351 -75.3059 5.72205e-07
      vertex 39.5305 -51.8914 5.72205e-07
    endloop
  endfacet
  facet normal 0 0 -1
    outer loop
      vertex 38.2351 -75.3059 5.72205e-07
      vertex 39.5329 -76.6893 5.72205e-07
      vertex 39.3473 -76.6791 5.72205e-07
    endloop
  endfacet
  facet normal 0 0 -1
    outer loop
      vertex 38.2351 -75.3059 5.72205e-07
      vertex 39.3473 -76.6791 5.72205e-07
      vertex 39.2389 -76.6825 5.72205e-07
    endloop
  endfacet
  facet normal 0 0 -1
    outer loop
      vertex 38.2351 -75.3059 5.72205e-07
      vertex 39.2389 -76.6825 5.72205e-07
      vertex 39.1345 -76.6928 5.72205e-07
    endloop
  endfacet
  facet normal 0 0 -1
    outer loop
      vertex 38.2351 -75.3059 5.72205e-07
      vertex 39.1345 -76.6928 5.72205e-07
      vertex 39.0343 -76.7099 5.72205e-07
    endloop
  endfacet
  facet normal 0 0 -1
    outer loop
      vertex 38.2351 -75.3059 5.72205e-07
      vertex 39.0343 -76.7099 5.72205e-07
      vertex 38.9381 -76.7339 5.72205e-07
    endloop
  endfacet
  facet normal 0 0 -1
    outer loop
      vertex 38.2351 -75.3059 5.72205e-07
      vertex 38.9381 -76.7339 5.72205e-07
      vertex 38.8461 -76.7647 5.72205e-07
    endloop
  endfacet
  facet normal 0 0 -1
    outer loop
      vertex 38.2351 -76.713 5.72205e-07
      vertex 38.8461 -76.7647 5.72205e-07
      vertex 38.7581 -76.8024 5.72205e-07
    endloop
  endfacet
  facet normal 0 0 -1
    outer loop
      vertex 38.2351 -76.713 5.72205e-07
      vertex 38.7581 -76.8024 5.72205e-07
      vertex 38.6742 -76.8469 5.72205e-07
    endloop
  endfacet
  facet normal 0 0 -1
    outer loop
      vertex 38.2351 -76.713 5.72205e-07
      vertex 38.6742 -76.8469 5.72205e-07
      vertex 38.5951 -76.8978 5.72205e-07
    endloop
  endfacet
  facet normal 0 0 -1
    outer loop
      vertex 38.2351 -76.713 5.72205e-07
      vertex 38.5951 -76.8978 5.72205e-07
      vertex 38.5214 -76.9548 5.72205e-07
    endloop
  endfacet
  facet normal 0 0 -1
    outer loop
      vertex 38.2347 -76.8518 5.72205e-07
      vertex 38.5214 -76.9548 5.72205e-07
      vertex 38.4532 -77.0179 5.72205e-07
    endloop
  endfacet
  facet normal 0 0 -1
    outer loop
      vertex 38.2347 -76.8518 5.72205e-07
      vertex 38.4532 -77.0179 5.72205e-07
      vertex 38.3905 -77.0869 5.72205e-07
    endloop
  endfacet
  facet normal 0 0 -1
    outer loop
      vertex 38.2347 -76.8518 5.72205e-07
      vertex 38.3905 -77.0869 5.72205e-07
      vertex 38.3333 -77.1619 5.72205e-07
    endloop
  endfacet
  facet normal 0 0 -1
    outer loop
      vertex 38.2347 -76.8518 5.72205e-07
      vertex 38.3333 -77.1619 5.72205e-07
      vertex 38.2815 -77.243 5.72205e-07
    endloop
  endfacet
  facet normal 0 0 -1
    outer loop
      vertex 38.2202 -77.2926 5.72205e-07
      vertex 38.2815 -77.243 5.72205e-07
      vertex 38.2351 -77.3301 5.72205e-07
    endloop
  endfacet
  facet normal 0 0 -1
    outer loop
      vertex 38.8461 -76.7647 5.72205e-07
      vertex 38.2351 -76.713 5.72205e-07
      vertex 38.2351 -75.3059 5.72205e-07
    endloop
  endfacet
  facet normal 0 0 -1
    outer loop
      vertex 39.5305 -51.8914 5.72205e-07
      vertex 38.2351 -75.3059 5.72205e-07
      vertex 39.4 -51.9 5.72205e-07
    endloop
  endfacet
  facet normal 0 0 -1
    outer loop
      vertex 37.2824 -75.3059 5.72205e-07
      vertex 39.4 -51.9 5.72205e-07
      vertex 38.2351 -75.3059 5.72205e-07
    endloop
  endfacet
  facet normal 0 0 -1
    outer loop
      vertex 36.4595 -79.6022 5.72205e-07
      vertex 37.2818 -79.7155 5.72205e-07
      vertex 37.2801 -79.8519 5.72205e-07
    endloop
  endfacet
  facet normal 0 0 -1
    outer loop
      vertex 36.4193 -79.7516 5.72205e-07
      vertex 37.2801 -79.8519 5.72205e-07
      vertex 37.2774 -79.9804 5.72205e-07
    endloop
  endfacet
  facet normal 0 0 -1
    outer loop
      vertex 36.3676 -79.8881 5.72205e-07
      vertex 37.2774 -79.9804 5.72205e-07
      vertex 37.2735 -80.101 5.72205e-07
    endloop
  endfacet
  facet normal 0 0 -1
    outer loop
      vertex 36.3676 -79.8881 5.72205e-07
      vertex 37.2735 -80.101 5.72205e-07
      vertex 37.2685 -80.2137 5.72205e-07
    endloop
  endfacet
  facet normal 0 0 -1
    outer loop
      vertex 36.3044 -80.0116 5.72205e-07
      vertex 37.2685 -80.2137 5.72205e-07
      vertex 37.2624 -80.3186 5.72205e-07
    endloop
  endfacet
  facet normal 0 0 -1
    outer loop
      vertex 36.3044 -80.0116 5.72205e-07
      vertex 37.2624 -80.3186 5.72205e-07
      vertex 37.2553 -80.4155 5.72205e-07
    endloop
  endfacet
  facet normal 0 0 -1
    outer loop
      vertex 37.2824 -79.5713 5.72205e-07
      vertex 36.5112 -79.0762 5.72205e-07
      vertex 36.5112 -76.7469 5.72205e-07
    endloop
  endfacet
  facet normal 0 0 -1
    outer loop
      vertex 37.2824 -79.5713 5.72205e-07
      vertex 36.5112 -76.7469 5.72205e-07
      vertex 37.2824 -75.3059 5.72205e-07
    endloop
  endfacet
  facet normal 0 0 -1
    outer loop
      vertex 35.5652 -76.7469 5.72205e-07
      vertex 37.2824 -75.3059 5.72205e-07
      vertex 36.5112 -76.7469 5.72205e-07
    endloop
  endfacet
  facet normal 0 0 -1
    outer loop
      vertex 34.3581 -76.7469 5.72205e-07
      vertex 37.2824 -75.3059 5.72205e-07
      vertex 35.5652 -76.7469 5.72205e-07
    endloop
  endfacet
  facet normal 0 0 -1
    outer loop
      vertex 34.4301 -79.233 5.72205e-07
      vertex 35.5539 -79.0613 5.72205e-07
      vertex 35.5198 -79.2783 5.72205e-07
    endloop
  endfacet
  facet normal 0 0 -1
    outer loop
      vertex 34.5531 -79.5018 5.72205e-07
      vertex 35.5198 -79.2783 5.72205e-07
      vertex 35.4631 -79.4558 5.72205e-07
    endloop
  endfacet
  facet normal 0 0 -1
    outer loop
      vertex 34.663 -79.6338 5.72205e-07
      vertex 35.4631 -79.4558 5.72205e-07
      vertex 35.3836 -79.5938 5.72205e-07
    endloop
  endfacet
  facet normal 0 0 -1
    outer loop
      vertex 35.1567 -79.7516 5.72205e-07
      vertex 35.3836 -79.5938 5.72205e-07
      vertex 35.2815 -79.6924 5.72205e-07
    endloop
  endfacet
  facet normal 0 0 -1
    outer loop
      vertex 35.3836 -79.5938 5.72205e-07
      vertex 35.1567 -79.7516 5.72205e-07
      vertex 35.0091 -79.7713 5.72205e-07
    endloop
  endfacet
  facet normal 0 0 -1
    outer loop
      vertex 35.3836 -79.5938 5.72205e-07
      vertex 35.0091 -79.7713 5.72205e-07
      vertex 34.663 -79.6338 5.72205e-07
    endloop
  endfacet
  facet normal 0 0 -1
    outer loop
      vertex 35.5652 -78.805 5.72205e-07
      vertex 34.3581 -78.7575 5.72205e-07
      vertex 35.5652 -76.7469 5.72205e-07
    endloop
  endfacet
  facet normal 0 0 -1
    outer loop
      vertex 34.663 -79.6338 5.72205e-07
      vertex 35.0091 -79.7713 5.72205e-07
      vertex 34.9317 -79.7658 5.72205e-07
    endloop
  endfacet
  facet normal 0 0 -1
    outer loop
      vertex 34.663 -79.6338 5.72205e-07
      vertex 34.9317 -79.7658 5.72205e-07
      vertex 34.8584 -79.7493 5.72205e-07
    endloop
  endfacet
  facet normal 0 0 -1
    outer loop
      vertex 34.663 -79.6338 5.72205e-07
      vertex 34.8584 -79.7493 5.72205e-07
      vertex 34.7892 -79.7218 5.72205e-07
    endloop
  endfacet
  facet normal 0 0 -1
    outer loop
      vertex 34.663 -79.6338 5.72205e-07
      vertex 34.7892 -79.7218 5.72205e-07
      vertex 34.7241 -79.6833 5.72205e-07
    endloop
  endfacet
  facet normal 0 0 -1
    outer loop
      vertex 35.4631 -79.4558 5.72205e-07
      vertex 34.663 -79.6338 5.72205e-07
      vertex 34.606 -79.5733 5.72205e-07
    endloop
  endfacet
  facet normal 0 0 -1
    outer loop
      vertex 35.4631 -79.4558 5.72205e-07
      vertex 34.606 -79.5733 5.72205e-07
      vertex 34.5531 -79.5018 5.72205e-07
    endloop
  endfacet
  facet normal 0 0 -1
    outer loop
      vertex 35.5198 -79.2783 5.72205e-07
      vertex 34.5531 -79.5018 5.72205e-07
      vertex 34.5055 -79.4206 5.72205e-07
    endloop
  endfacet
  facet normal 0 0 -1
    outer loop
      vertex 35.5198 -79.2783 5.72205e-07
      vertex 34.5055 -79.4206 5.72205e-07
      vertex 34.4645 -79.331 5.72205e-07
    endloop
  endfacet
  facet normal -0 0 -1
    outer loop
      vertex 35.5198 -79.2783 5.72205e-07
      vertex 34.4645 -79.331 5.72205e-07
      vertex 34.4301 -79.233 5.72205e-07
    endloop
  endfacet
  facet normal 0 0 -1
    outer loop
      vertex 35.5539 -79.0613 5.72205e-07
      vertex 34.4301 -79.233 5.72205e-07
      vertex 34.4023 -79.1267 5.72205e-07
    endloop
  endfacet
  facet normal -0 0 -1
    outer loop
      vertex 35.5539 -79.0613 5.72205e-07
      vertex 34.4023 -79.1267 5.72205e-07
      vertex 34.381 -79.012 5.72205e-07
    endloop
  endfacet
  facet normal 0 0 -1
    outer loop
      vertex 35.5652 -78.805 5.72205e-07
      vertex 34.381 -79.012 5.72205e-07
      vertex 34.3663 -78.889 5.72205e-07
    endloop
  endfacet
  facet normal -0 0 -1
    outer loop
      vertex 35.5652 -78.805 5.72205e-07
      vertex 34.3663 -78.889 5.72205e-07
      vertex 34.3581 -78.7575 5.72205e-07
    endloop
  endfacet
  facet normal -0 0 -1
    outer loop
      vertex 35.5652 -76.7469 5.72205e-07
      vertex 34.3581 -78.7575 5.72205e-07
      vertex 34.3581 -76.7469 5.72205e-07
    endloop
  endfacet
  facet normal 0 0 -1
    outer loop
      vertex 33.4122 -76.7469 5.72205e-07
      vertex 37.2824 -75.3059 5.72205e-07
      vertex 34.3581 -76.7469 5.72205e-07
    endloop
  endfacet
  facet normal 0 0 -1
    outer loop
      vertex 32.2051 -76.7469 5.72205e-07
      vertex 37.2824 -75.3059 5.72205e-07
      vertex 33.4122 -76.7469 5.72205e-07
    endloop
  endfacet
  facet normal 0 0 -1
    outer loop
      vertex 32.2976 -79.2936 5.72205e-07
      vertex 33.4008 -79.0613 5.72205e-07
      vertex 33.3668 -79.2783 5.72205e-07
    endloop
  endfacet
  facet normal 0 0 -1
    outer loop
      vertex 32.3865 -79.4763 5.72205e-07
      vertex 33.3668 -79.2783 5.72205e-07
      vertex 33.31 -79.4558 5.72205e-07
    endloop
  endfacet
  facet normal 0 0 -1
    outer loop
      vertex 32.4988 -79.6208 5.72205e-07
      vertex 33.31 -79.4558 5.72205e-07
      vertex 33.2306 -79.5938 5.72205e-07
    endloop
  endfacet
  facet normal 0 0 -1
    outer loop
      vertex 33.0036 -79.7516 5.72205e-07
      vertex 33.2306 -79.5938 5.72205e-07
      vertex 33.1285 -79.6924 5.72205e-07
    endloop
  endfacet
  facet normal 0 0 -1
    outer loop
      vertex 33.2306 -79.5938 5.72205e-07
      vertex 33.0036 -79.7516 5.72205e-07
      vertex 32.8561 -79.7713 5.72205e-07
    endloop
  endfacet
  facet normal 0 0 -1
    outer loop
      vertex 33.2306 -79.5938 5.72205e-07
      vertex 32.8561 -79.7713 5.72205e-07
      vertex 32.4988 -79.6208 5.72205e-07
    endloop
  endfacet
  facet normal 0 0 -1
    outer loop
      vertex 32.5616 -79.675 5.72205e-07
      vertex 32.8561 -79.7713 5.72205e-07
      vertex 32.7759 -79.7653 5.72205e-07
    endloop
  endfacet
  facet normal 0 0 -1
    outer loop
      vertex 32.5616 -79.675 5.72205e-07
      vertex 32.7759 -79.7653 5.72205e-07
      vertex 32.7001 -79.7472 5.72205e-07
    endloop
  endfacet
  facet normal 0 0 -1
    outer loop
      vertex 32.5616 -79.675 5.72205e-07
      vertex 32.7001 -79.7472 5.72205e-07
      vertex 32.6287 -79.7171 5.72205e-07
    endloop
  endfacet
  facet normal 0 0 -1
    outer loop
      vertex 33.4122 -78.805 5.72205e-07
      vertex 32.2051 -78.7134 5.72205e-07
      vertex 33.4122 -76.7469 5.72205e-07
    endloop
  endfacet
  facet normal 0 0 -1
    outer loop
      vertex 32.8561 -79.7713 5.72205e-07
      vertex 32.5616 -79.675 5.72205e-07
      vertex 32.4988 -79.6208 5.72205e-07
    endloop
  endfacet
  facet normal 0 0 -1
    outer loop
      vertex 33.31 -79.4558 5.72205e-07
      vertex 32.4988 -79.6208 5.72205e-07
      vertex 32.4405 -79.5546 5.72205e-07
    endloop
  endfacet
  facet normal 0 0 -1
    outer loop
      vertex 33.31 -79.4558 5.72205e-07
      vertex 32.4405 -79.5546 5.72205e-07
      vertex 32.3865 -79.4763 5.72205e-07
    endloop
  endfacet
  facet normal 0 0 -1
    outer loop
      vertex 33.3668 -79.2783 5.72205e-07
      vertex 32.3865 -79.4763 5.72205e-07
      vertex 32.3384 -79.3885 5.72205e-07
    endloop
  endfacet
  facet normal 0 0 -1
    outer loop
      vertex 33.3668 -79.2783 5.72205e-07
      vertex 32.3384 -79.3885 5.72205e-07
      vertex 32.2976 -79.2936 5.72205e-07
    endloop
  endfacet
  facet normal 0 0 -1
    outer loop
      vertex 33.4008 -79.0613 5.72205e-07
      vertex 32.2976 -79.2936 5.72205e-07
      vertex 32.2643 -79.1917 5.72205e-07
    endloop
  endfacet
  facet normal 0 0 -1
    outer loop
      vertex 33.4008 -79.0613 5.72205e-07
      vertex 32.2643 -79.1917 5.72205e-07
      vertex 32.2384 -79.0827 5.72205e-07
    endloop
  endfacet
  facet normal -0 0 -1
    outer loop
      vertex 33.4008 -79.0613 5.72205e-07
      vertex 32.2384 -79.0827 5.72205e-07
      vertex 32.2199 -78.9667 5.72205e-07
    endloop
  endfacet
  facet normal 0 0 -1
    outer loop
      vertex 33.4122 -78.805 5.72205e-07
      vertex 32.2199 -78.9667 5.72205e-07
      vertex 32.2088 -78.8436 5.72205e-07
    endloop
  endfacet
  facet normal -0 0 -1
    outer loop
      vertex 33.4122 -78.805 5.72205e-07
      vertex 32.2088 -78.8436 5.72205e-07
      vertex 32.2051 -78.7134 5.72205e-07
    endloop
  endfacet
  facet normal -0 0 -1
    outer loop
      vertex 33.4122 -76.7469 5.72205e-07
      vertex 32.2051 -78.7134 5.72205e-07
      vertex 32.2051 -76.7469 5.72205e-07
    endloop
  endfacet
  facet normal 0 0 -1
    outer loop
      vertex 31.2523 -76.7469 5.72205e-07
      vertex 37.2824 -75.3059 5.72205e-07
      vertex 32.2051 -76.7469 5.72205e-07
    endloop
  endfacet
  facet normal -0 0 -1
    outer loop
      vertex 37.2824 -75.3059 5.72205e-07
      vertex 31.2523 -76.7469 5.72205e-07
      vertex 39.4 -51.9 5.72205e-07
    endloop
  endfacet
  facet normal 0 0 -1
    outer loop
      vertex 30.4409 -79.4947 5.72205e-07
      vertex 31.2521 -79.6771 5.72205e-07
      vertex 31.2516 -79.7548 5.72205e-07
    endloop
  endfacet
  facet normal 0 0 -1
    outer loop
      vertex 30.354 -79.6784 5.72205e-07
      vertex 31.2516 -79.7548 5.72205e-07
      vertex 31.2508 -79.8282 5.72205e-07
    endloop
  endfacet
  facet normal 0 0 -1
    outer loop
      vertex 30.354 -79.6784 5.72205e-07
      vertex 31.2508 -79.8282 5.72205e-07
      vertex 31.2495 -79.8972 5.72205e-07
    endloop
  endfacet
  facet normal 0 0 -1
    outer loop
      vertex 30.354 -79.6784 5.72205e-07
      vertex 31.2495 -79.8972 5.72205e-07
      vertex 31.248 -79.9619 5.72205e-07
    endloop
  endfacet
  facet normal 0 0 -1
    outer loop
      vertex 30.354 -79.6784 5.72205e-07
      vertex 31.248 -79.9619 5.72205e-07
      vertex 31.2461 -80.0222 5.72205e-07
    endloop
  endfacet
  facet normal 0 0 -1
    outer loop
      vertex 30.354 -79.6784 5.72205e-07
      vertex 31.2461 -80.0222 5.72205e-07
      vertex 31.2438 -80.0781 5.72205e-07
    endloop
  endfacet
  facet normal 0 0 -1
    outer loop
      vertex 30.2478 -79.8446 5.72205e-07
      vertex 31.2438 -80.0781 5.72205e-07
      vertex 31.2414 -80.1311 5.72205e-07
    endloop
  endfacet
  facet normal 0 0 -1
    outer loop
      vertex 30.2478 -79.8446 5.72205e-07
      vertex 31.2414 -80.1311 5.72205e-07
      vertex 31.2389 -80.1825 5.72205e-07
    endloop
  endfacet
  facet normal 0 0 -1
    outer loop
      vertex 30.2478 -79.8446 5.72205e-07
      vertex 31.2389 -80.1825 5.72205e-07
      vertex 31.2363 -80.2323 5.72205e-07
    endloop
  endfacet
  facet normal 0 0 -1
    outer loop
      vertex 30.2478 -79.8446 5.72205e-07
      vertex 31.2363 -80.2323 5.72205e-07
      vertex 31.2336 -80.2805 5.72205e-07
    endloop
  endfacet
  facet normal 0 0 -1
    outer loop
      vertex 30.2478 -79.8446 5.72205e-07
      vertex 31.2336 -80.2805 5.72205e-07
      vertex 31.2309 -80.3271 5.72205e-07
    endloop
  endfacet
  facet normal 0 0 -1
    outer loop
      vertex 30.1223 -79.9934 5.72205e-07
      vertex 31.2309 -80.3271 5.72205e-07
      vertex 31.2281 -80.3721 5.72205e-07
    endloop
  endfacet
  facet normal 0 0 -1
    outer loop
      vertex 30.1223 -79.9934 5.72205e-07
      vertex 31.2281 -80.3721 5.72205e-07
      vertex 31.2252 -80.4155 5.72205e-07
    endloop
  endfacet
  facet normal 0 0 -1
    outer loop
      vertex 31.2523 -79.595 5.72205e-07
      vertex 30.5953 -78.5846 5.72205e-07
      vertex 30.5852 -78.3377 5.72205e-07
    endloop
  endfacet
  facet normal 0 0 -1
    outer loop
      vertex 31.2523 -79.595 5.72205e-07
      vertex 30.5852 -78.3377 5.72205e-07
      vertex 31.2523 -76.7469 5.72205e-07
    endloop
  endfacet
  facet normal 0 0 -1
    outer loop
      vertex 30.5549 -78.1064 5.72205e-07
      vertex 31.2523 -76.7469 5.72205e-07
      vertex 30.5852 -78.3377 5.72205e-07
    endloop
  endfacet
  facet normal 0 0 -1
    outer loop
      vertex 30.5044 -77.8909 5.72205e-07
      vertex 31.2523 -76.7469 5.72205e-07
      vertex 30.5549 -78.1064 5.72205e-07
    endloop
  endfacet
  facet normal 0 0 -1
    outer loop
      vertex 30.4337 -77.6911 5.72205e-07
      vertex 31.2523 -76.7469 5.72205e-07
      vertex 30.5044 -77.8909 5.72205e-07
    endloop
  endfacet
  facet normal 0 0 -1
    outer loop
      vertex 30.3428 -77.507 5.72205e-07
      vertex 31.2523 -76.7469 5.72205e-07
      vertex 30.4337 -77.6911 5.72205e-07
    endloop
  endfacet
  facet normal 0 0 -1
    outer loop
      vertex 30.2316 -77.3387 5.72205e-07
      vertex 31.2523 -76.7469 5.72205e-07
      vertex 30.3428 -77.507 5.72205e-07
    endloop
  endfacet
  facet normal 0 0 -1
    outer loop
      vertex 30.1003 -77.186 5.72205e-07
      vertex 31.2523 -76.7469 5.72205e-07
      vertex 30.2316 -77.3387 5.72205e-07
    endloop
  endfacet
  facet normal 0 0 -1
    outer loop
      vertex 29.9511 -77.0515 5.72205e-07
      vertex 31.2523 -76.7469 5.72205e-07
      vertex 30.1003 -77.186 5.72205e-07
    endloop
  endfacet
  facet normal 0 0 -1
    outer loop
      vertex 29.7864 -76.9377 5.72205e-07
      vertex 31.2523 -76.7469 5.72205e-07
      vertex 29.9511 -77.0515 5.72205e-07
    endloop
  endfacet
  facet normal 0 0 -1
    outer loop
      vertex 29.6063 -76.8446 5.72205e-07
      vertex 31.2523 -76.7469 5.72205e-07
      vertex 29.7864 -76.9377 5.72205e-07
    endloop
  endfacet
  facet normal 0 0 -1
    outer loop
      vertex 29.4106 -76.7722 5.72205e-07
      vertex 31.2523 -76.7469 5.72205e-07
      vertex 29.6063 -76.8446 5.72205e-07
    endloop
  endfacet
  facet normal 0 0 -1
    outer loop
      vertex 29.1994 -76.7205 5.72205e-07
      vertex 31.2523 -76.7469 5.72205e-07
      vertex 29.4106 -76.7722 5.72205e-07
    endloop
  endfacet
  facet normal 0 0 -1
    outer loop
      vertex 28.9727 -76.6894 5.72205e-07
      vertex 31.2523 -76.7469 5.72205e-07
      vertex 29.1994 -76.7205 5.72205e-07
    endloop
  endfacet
  facet normal 0 0 -1
    outer loop
      vertex 31.2523 -76.7469 5.72205e-07
      vertex 28.9727 -76.6894 5.72205e-07
      vertex 39.4 -51.9 5.72205e-07
    endloop
  endfacet
  facet normal 0 0 -1
    outer loop
      vertex 28.7305 -76.6791 5.72205e-07
      vertex 39.4 -51.9 5.72205e-07
      vertex 28.9727 -76.6894 5.72205e-07
    endloop
  endfacet
  facet normal 0 0 -1
    outer loop
      vertex 28.493 -76.6895 5.72205e-07
      vertex 39.4 -51.9 5.72205e-07
      vertex 28.7305 -76.6791 5.72205e-07
    endloop
  endfacet
  facet normal 0 0 -1
    outer loop
      vertex 24.8394 -76.7066 5.72205e-07
      vertex 28.493 -76.6895 5.72205e-07
      vertex 28.2705 -76.7206 5.72205e-07
    endloop
  endfacet
  facet normal 0 0 -1
    outer loop
      vertex 25.0344 -76.741 5.72205e-07
      vertex 28.2705 -76.7206 5.72205e-07
      vertex 28.0631 -76.7725 5.72205e-07
    endloop
  endfacet
  facet normal 0 0 -1
    outer loop
      vertex 25.3981 -76.8512 5.72205e-07
      vertex 28.0631 -76.7725 5.72205e-07
      vertex 27.8708 -76.8452 5.72205e-07
    endloop
  endfacet
  facet normal 0 0 -1
    outer loop
      vertex 25.5668 -76.9269 5.72205e-07
      vertex 27.8708 -76.8452 5.72205e-07
      vertex 27.6936 -76.9386 5.72205e-07
    endloop
  endfacet
  facet normal 0 0 -1
    outer loop
      vertex 25.7267 -77.0164 5.72205e-07
      vertex 27.6936 -76.9386 5.72205e-07
      vertex 27.5315 -77.0527 5.72205e-07
    endloop
  endfacet
  facet normal 0 0 -1
    outer loop
      vertex 25.8768 -77.1201 5.72205e-07
      vertex 27.5315 -77.0527 5.72205e-07
      vertex 27.3844 -77.1877 5.72205e-07
    endloop
  endfacet
  facet normal 0 0 -1
    outer loop
      vertex 26.0162 -77.2381 5.72205e-07
      vertex 27.3844 -77.1877 5.72205e-07
      vertex 27.2549 -77.3407 5.72205e-07
    endloop
  endfacet
  facet normal 0 0 -1
    outer loop
      vertex 26.2628 -77.5177 5.72205e-07
      vertex 27.2549 -77.3407 5.72205e-07
      vertex 27.1453 -77.5093 5.72205e-07
    endloop
  endfacet
  facet normal 0 0 -1
    outer loop
      vertex 26.37 -77.6792 5.72205e-07
      vertex 27.1453 -77.5093 5.72205e-07
      vertex 27.0556 -77.6934 5.72205e-07
    endloop
  endfacet
  facet normal 0 0 -1
    outer loop
      vertex 26.5523 -78.0455 5.72205e-07
      vertex 26.9062 -78.3385 5.72205e-07
      vertex 26.8962 -78.5846 5.72205e-07
    endloop
  endfacet
  facet normal 0 0 -1
    outer loop
      vertex 26.5523 -78.0455 5.72205e-07
      vertex 26.936 -78.108 5.72205e-07
      vertex 26.9062 -78.3385 5.72205e-07
    endloop
  endfacet
  facet normal 0 0 -1
    outer loop
      vertex 26.5523 -78.0455 5.72205e-07
      vertex 26.9859 -77.8929 5.72205e-07
      vertex 26.936 -78.108 5.72205e-07
    endloop
  endfacet
  facet normal 0 0 -1
    outer loop
      vertex 26.4665 -77.8551 5.72205e-07
      vertex 26.9859 -77.8929 5.72205e-07
      vertex 26.5523 -78.0455 5.72205e-07
    endloop
  endfacet
  facet normal 0 0 -1
    outer loop
      vertex 26.9859 -77.8929 5.72205e-07
      vertex 26.4665 -77.8551 5.72205e-07
      vertex 27.0556 -77.6934 5.72205e-07
    endloop
  endfacet
  facet normal 0 0 -1
    outer loop
      vertex 26.37 -77.6792 5.72205e-07
      vertex 27.0556 -77.6934 5.72205e-07
      vertex 26.4665 -77.8551 5.72205e-07
    endloop
  endfacet
  facet normal 0 0 -1
    outer loop
      vertex 27.1453 -77.5093 5.72205e-07
      vertex 26.37 -77.6792 5.72205e-07
      vertex 26.2628 -77.5177 5.72205e-07
    endloop
  endfacet
  facet normal 0 0 -1
    outer loop
      vertex 27.2549 -77.3407 5.72205e-07
      vertex 26.2628 -77.5177 5.72205e-07
      vertex 26.1449 -77.3707 5.72205e-07
    endloop
  endfacet
  facet normal -0 0 -1
    outer loop
      vertex 27.2549 -77.3407 5.72205e-07
      vertex 26.1449 -77.3707 5.72205e-07
      vertex 26.0162 -77.2381 5.72205e-07
    endloop
  endfacet
  facet normal -0 0 -1
    outer loop
      vertex 27.3844 -77.1877 5.72205e-07
      vertex 26.0162 -77.2381 5.72205e-07
      vertex 25.8768 -77.1201 5.72205e-07
    endloop
  endfacet
  facet normal -0 0 -1
    outer loop
      vertex 27.5315 -77.0527 5.72205e-07
      vertex 25.8768 -77.1201 5.72205e-07
      vertex 25.7267 -77.0164 5.72205e-07
    endloop
  endfacet
  facet normal -0 0 -1
    outer loop
      vertex 27.6936 -76.9386 5.72205e-07
      vertex 25.7267 -77.0164 5.72205e-07
      vertex 25.5668 -76.9269 5.72205e-07
    endloop
  endfacet
  facet normal 0 0 -1
    outer loop
      vertex 27.8708 -76.8452 5.72205e-07
      vertex 25.5668 -76.9269 5.72205e-07
      vertex 25.3981 -76.8512 5.72205e-07
    endloop
  endfacet
  facet normal 0 0 -1
    outer loop
      vertex 28.0631 -76.7725 5.72205e-07
      vertex 25.3981 -76.8512 5.72205e-07
      vertex 25.2207 -76.7892 5.72205e-07
    endloop
  endfacet
  facet normal -0 0 -1
    outer loop
      vertex 28.0631 -76.7725 5.72205e-07
      vertex 25.2207 -76.7892 5.72205e-07
      vertex 25.0344 -76.741 5.72205e-07
    endloop
  endfacet
  facet normal -0 0 -1
    outer loop
      vertex 28.2705 -76.7206 5.72205e-07
      vertex 25.0344 -76.741 5.72205e-07
      vertex 24.8394 -76.7066 5.72205e-07
    endloop
  endfacet
  facet normal -0 0 -1
    outer loop
      vertex 28.493 -76.6895 5.72205e-07
      vertex 24.8394 -76.7066 5.72205e-07
      vertex 39.4 -51.9 5.72205e-07
    endloop
  endfacet
  facet normal 0 0 -1
    outer loop
      vertex 24.6356 -76.686 5.72205e-07
      vertex 39.4 -51.9 5.72205e-07
      vertex 24.8394 -76.7066 5.72205e-07
    endloop
  endfacet
  facet normal 0 0 -1
    outer loop
      vertex 24.423 -76.6791 5.72205e-07
      vertex 39.4 -51.9 5.72205e-07
      vertex 24.6356 -76.686 5.72205e-07
    endloop
  endfacet
  facet normal 0 0 -1
    outer loop
      vertex 24.1043 -76.6924 5.72205e-07
      vertex 39.4 -51.9 5.72205e-07
      vertex 24.423 -76.6791 5.72205e-07
    endloop
  endfacet
  facet normal 0 0 -1
    outer loop
      vertex 19.9327 -76.6894 5.72205e-07
      vertex 24.1043 -76.6924 5.72205e-07
      vertex 23.807 -76.7324 5.72205e-07
    endloop
  endfacet
  facet normal 0 0 -1
    outer loop
      vertex 20.1594 -76.7205 5.72205e-07
      vertex 23.807 -76.7324 5.72205e-07
      vertex 23.5311 -76.799 5.72205e-07
    endloop
  endfacet
  facet normal 0 0 -1
    outer loop
      vertex 20.5662 -76.8446 5.72205e-07
      vertex 23.5311 -76.799 5.72205e-07
      vertex 23.2765 -76.8922 5.72205e-07
    endloop
  endfacet
  facet normal 0 0 -1
    outer loop
      vertex 20.7464 -76.9377 5.72205e-07
      vertex 23.2765 -76.8922 5.72205e-07
      vertex 23.0434 -77.0121 5.72205e-07
    endloop
  endfacet
  facet normal 0 0 -1
    outer loop
      vertex 20.9111 -77.0515 5.72205e-07
      vertex 23.0434 -77.0121 5.72205e-07
      vertex 22.8316 -77.1586 5.72205e-07
    endloop
  endfacet
  facet normal 0 0 -1
    outer loop
      vertex 21.0603 -77.186 5.72205e-07
      vertex 22.8316 -77.1586 5.72205e-07
      vertex 22.6412 -77.3318 5.72205e-07
    endloop
  endfacet
  facet normal 0 0 -1
    outer loop
      vertex 21.1916 -77.3387 5.72205e-07
      vertex 22.6412 -77.3318 5.72205e-07
      vertex 22.4743 -77.5289 5.72205e-07
    endloop
  endfacet
  facet normal 0 0 -1
    outer loop
      vertex 21.5457 -78.8383 5.72205e-07
      vertex 22.0251 -78.8331 5.72205e-07
      vertex 22.0122 -79.1576 5.72205e-07
    endloop
  endfacet
  facet normal 0 0 -1
    outer loop
      vertex 21.5553 -78.5846 5.72205e-07
      vertex 22.0636 -78.5297 5.72205e-07
      vertex 22.0251 -78.8331 5.72205e-07
    endloop
  endfacet
  facet normal 0 0 -1
    outer loop
      vertex 21.5452 -78.3377 5.72205e-07
      vertex 22.0636 -78.5297 5.72205e-07
      vertex 21.5553 -78.5846 5.72205e-07
    endloop
  endfacet
  facet normal 0 0 -1
    outer loop
      vertex 22.0636 -78.5297 5.72205e-07
      vertex 21.5452 -78.3377 5.72205e-07
      vertex 22.1278 -78.2477 5.72205e-07
    endloop
  endfacet
  facet normal 0 0 -1
    outer loop
      vertex 21.5149 -78.1064 5.72205e-07
      vertex 22.1278 -78.2477 5.72205e-07
      vertex 21.5452 -78.3377 5.72205e-07
    endloop
  endfacet
  facet normal 0 0 -1
    outer loop
      vertex 22.1278 -78.2477 5.72205e-07
      vertex 21.5149 -78.1064 5.72205e-07
      vertex 22.2176 -77.9868 5.72205e-07
    endloop
  endfacet
  facet normal 0 0 -1
    outer loop
      vertex 21.4644 -77.8909 5.72205e-07
      vertex 22.2176 -77.9868 5.72205e-07
      vertex 21.5149 -78.1064 5.72205e-07
    endloop
  endfacet
  facet normal 0 0 -1
    outer loop
      vertex 22.2176 -77.9868 5.72205e-07
      vertex 21.4644 -77.8909 5.72205e-07
      vertex 22.3331 -77.7472 5.72205e-07
    endloop
  endfacet
  facet normal 0 0 -1
    outer loop
      vertex 21.3937 -77.6911 5.72205e-07
      vertex 22.3331 -77.7472 5.72205e-07
      vertex 21.4644 -77.8909 5.72205e-07
    endloop
  endfacet
  facet normal 0 0 -1
    outer loop
      vertex 21.3027 -77.507 5.72205e-07
      vertex 22.3331 -77.7472 5.72205e-07
      vertex 21.3937 -77.6911 5.72205e-07
    endloop
  endfacet
  facet normal 0 0 -1
    outer loop
      vertex 22.3331 -77.7472 5.72205e-07
      vertex 21.3027 -77.507 5.72205e-07
      vertex 22.4743 -77.5289 5.72205e-07
    endloop
  endfacet
  facet normal 0 0 -1
    outer loop
      vertex 21.1916 -77.3387 5.72205e-07
      vertex 22.4743 -77.5289 5.72205e-07
      vertex 21.3027 -77.507 5.72205e-07
    endloop
  endfacet
  facet normal -0 0 -1
    outer loop
      vertex 22.6412 -77.3318 5.72205e-07
      vertex 21.1916 -77.3387 5.72205e-07
      vertex 21.0603 -77.186 5.72205e-07
    endloop
  endfacet
  facet normal -0 0 -1
    outer loop
      vertex 22.8316 -77.1586 5.72205e-07
      vertex 21.0603 -77.186 5.72205e-07
      vertex 20.9111 -77.0515 5.72205e-07
    endloop
  endfacet
  facet normal -0 0 -1
    outer loop
      vertex 23.0434 -77.0121 5.72205e-07
      vertex 20.9111 -77.0515 5.72205e-07
      vertex 20.7464 -76.9377 5.72205e-07
    endloop
  endfacet
  facet normal -0 0 -1
    outer loop
      vertex 23.2765 -76.8922 5.72205e-07
      vertex 20.7464 -76.9377 5.72205e-07
      vertex 20.5662 -76.8446 5.72205e-07
    endloop
  endfacet
  facet normal -0 0 -1
    outer loop
      vertex 23.5311 -76.799 5.72205e-07
      vertex 20.5662 -76.8446 5.72205e-07
      vertex 20.3706 -76.7722 5.72205e-07
    endloop
  endfacet
  facet normal 0 0 -1
    outer loop
      vertex 23.5311 -76.799 5.72205e-07
      vertex 20.3706 -76.7722 5.72205e-07
      vertex 20.1594 -76.7205 5.72205e-07
    endloop
  endfacet
  facet normal 0 0 -1
    outer loop
      vertex 23.807 -76.7324 5.72205e-07
      vertex 20.1594 -76.7205 5.72205e-07
      vertex 19.9327 -76.6894 5.72205e-07
    endloop
  endfacet
  facet normal 0 0 -1
    outer loop
      vertex 24.1043 -76.6924 5.72205e-07
      vertex 19.9327 -76.6894 5.72205e-07
      vertex 39.4 -51.9 5.72205e-07
    endloop
  endfacet
  facet normal 0 0 -1
    outer loop
      vertex 4.80001 -51.9 5.72205e-07
      vertex 19.9327 -76.6894 5.72205e-07
      vertex 19.6905 -76.6791 5.72205e-07
    endloop
  endfacet
  facet normal 0 0 -1
    outer loop
      vertex 4.80001 -51.9 5.72205e-07
      vertex 19.6905 -76.6791 5.72205e-07
      vertex 19.453 -76.6895 5.72205e-07
    endloop
  endfacet
  facet normal 0 0 -1
    outer loop
      vertex 17.1384 -76.7469 5.72205e-07
      vertex 19.453 -76.6895 5.72205e-07
      vertex 19.2305 -76.7206 5.72205e-07
    endloop
  endfacet
  facet normal 0 0 -1
    outer loop
      vertex 17.1384 -76.7469 5.72205e-07
      vertex 19.2305 -76.7206 5.72205e-07
      vertex 19.0231 -76.7725 5.72205e-07
    endloop
  endfacet
  facet normal 0 0 -1
    outer loop
      vertex 17.1384 -76.7469 5.72205e-07
      vertex 19.0231 -76.7725 5.72205e-07
      vertex 18.8308 -76.8452 5.72205e-07
    endloop
  endfacet
  facet normal 0 0 -1
    outer loop
      vertex 17.1384 -76.7469 5.72205e-07
      vertex 18.8308 -76.8452 5.72205e-07
      vertex 18.6536 -76.9386 5.72205e-07
    endloop
  endfacet
  facet normal 0 0 -1
    outer loop
      vertex 17.1384 -76.7469 5.72205e-07
      vertex 18.6536 -76.9386 5.72205e-07
      vertex 18.4915 -77.0527 5.72205e-07
    endloop
  endfacet
  facet normal 0 0 -1
    outer loop
      vertex 17.1384 -76.7469 5.72205e-07
      vertex 18.4915 -77.0527 5.72205e-07
      vertex 18.3444 -77.1877 5.72205e-07
    endloop
  endfacet
  facet normal 0 0 -1
    outer loop
      vertex 17.1384 -76.7469 5.72205e-07
      vertex 18.3444 -77.1877 5.72205e-07
      vertex 18.2149 -77.3407 5.72205e-07
    endloop
  endfacet
  facet normal 0 0 -1
    outer loop
      vertex 17.8661 -78.8297 5.72205e-07
      vertex 17.1384 -76.7469 5.72205e-07
      vertex 17.8562 -78.5846 5.72205e-07
    endloop
  endfacet
  facet normal 0 0 -1
    outer loop
      vertex 17.8562 -78.5846 5.72205e-07
      vertex 17.1384 -76.7469 5.72205e-07
      vertex 17.8661 -78.3385 5.72205e-07
    endloop
  endfacet
  facet normal 0 0 -1
    outer loop
      vertex 17.8661 -78.3385 5.72205e-07
      vertex 17.1384 -76.7469 5.72205e-07
      vertex 17.896 -78.108 5.72205e-07
    endloop
  endfacet
  facet normal 0 0 -1
    outer loop
      vertex 17.1384 -76.7469 5.72205e-07
      vertex 17.9459 -77.8929 5.72205e-07
      vertex 17.896 -78.108 5.72205e-07
    endloop
  endfacet
  facet normal 0 0 -1
    outer loop
      vertex 17.1384 -76.7469 5.72205e-07
      vertex 18.0156 -77.6934 5.72205e-07
      vertex 17.9459 -77.8929 5.72205e-07
    endloop
  endfacet
  facet normal 0 0 -1
    outer loop
      vertex 17.1384 -76.7469 5.72205e-07
      vertex 18.1053 -77.5093 5.72205e-07
      vertex 18.0156 -77.6934 5.72205e-07
    endloop
  endfacet
  facet normal 0 0 -1
    outer loop
      vertex 17.1384 -76.7469 5.72205e-07
      vertex 18.2149 -77.3407 5.72205e-07
      vertex 18.1053 -77.5093 5.72205e-07
    endloop
  endfacet
  facet normal -0 0 -1
    outer loop
      vertex 19.453 -76.6895 5.72205e-07
      vertex 17.1384 -76.7469 5.72205e-07
      vertex 4.80001 -51.9 5.72205e-07
    endloop
  endfacet
  facet normal 0 0 -1
    outer loop
      vertex 4.80001 -51.9 5.72205e-07
      vertex 17.1384 -76.7469 5.72205e-07
      vertex 16.1856 -76.7469 5.72205e-07
    endloop
  endfacet
  facet normal 0 0 -1
    outer loop
      vertex 4.80001 -51.9 5.72205e-07
      vertex 16.1856 -76.7469 5.72205e-07
      vertex 15.7978 -76.7469 5.72205e-07
    endloop
  endfacet
  facet normal 0 0 -1
    outer loop
      vertex 9.73167 -75.4443 5.72205e-07
      vertex 15.7978 -76.7469 5.72205e-07
      vertex 14.7569 -76.7469 5.72205e-07
    endloop
  endfacet
  facet normal 0 0 -1
    outer loop
      vertex 13.3668 -78.1235 5.72205e-07
      vertex 14.7569 -76.7469 5.72205e-07
      vertex 13.777 -78.4083 5.72205e-07
    endloop
  endfacet
  facet normal 0 0 -1
    outer loop
      vertex 13.3668 -76.7469 5.72205e-07
      vertex 14.7569 -76.7469 5.72205e-07
      vertex 13.3668 -78.1235 5.72205e-07
    endloop
  endfacet
  facet normal 0 0 -1
    outer loop
      vertex 9.83238 -75.5052 5.72205e-07
      vertex 14.7569 -76.7469 5.72205e-07
      vertex 13.3668 -76.7469 5.72205e-07
    endloop
  endfacet
  facet normal 0 0 -1
    outer loop
      vertex 9.92568 -75.5771 5.72205e-07
      vertex 13.3668 -76.7469 5.72205e-07
      vertex 12.414 -76.7469 5.72205e-07
    endloop
  endfacet
  facet normal 0 0 -1
    outer loop
      vertex 10.5309 -76.5536 5.72205e-07
      vertex 12.414 -76.7469 5.72205e-07
      vertex 11.9821 -80.4155 5.72205e-07
    endloop
  endfacet
  facet normal 0 0 -1
    outer loop
      vertex 10.4472 -76.361 5.72205e-07
      vertex 12.414 -76.7469 5.72205e-07
      vertex 10.5309 -76.5536 5.72205e-07
    endloop
  endfacet
  facet normal 0 0 -1
    outer loop
      vertex 10.3625 -76.1861 5.72205e-07
      vertex 12.414 -76.7469 5.72205e-07
      vertex 10.4472 -76.361 5.72205e-07
    endloop
  endfacet
  facet normal 0 0 -1
    outer loop
      vertex 10.2769 -76.0289 5.72205e-07
      vertex 12.414 -76.7469 5.72205e-07
      vertex 10.3625 -76.1861 5.72205e-07
    endloop
  endfacet
  facet normal 0 0 -1
    outer loop
      vertex 10.1905 -75.8893 5.72205e-07
      vertex 12.414 -76.7469 5.72205e-07
      vertex 10.2769 -76.0289 5.72205e-07
    endloop
  endfacet
  facet normal 0 0 -1
    outer loop
      vertex 10.1031 -75.7676 5.72205e-07
      vertex 12.414 -76.7469 5.72205e-07
      vertex 10.1905 -75.8893 5.72205e-07
    endloop
  endfacet
  facet normal 0 0 -1
    outer loop
      vertex 10.0148 -75.6635 5.72205e-07
      vertex 12.414 -76.7469 5.72205e-07
      vertex 10.1031 -75.7676 5.72205e-07
    endloop
  endfacet
  facet normal 0 0 -1
    outer loop
      vertex 9.92568 -75.5771 5.72205e-07
      vertex 12.414 -76.7469 5.72205e-07
      vertex 10.0148 -75.6635 5.72205e-07
    endloop
  endfacet
  facet normal 0 0 -1
    outer loop
      vertex 13.3668 -76.7469 5.72205e-07
      vertex 9.92568 -75.5771 5.72205e-07
      vertex 9.83238 -75.5052 5.72205e-07
    endloop
  endfacet
  facet normal 0 0 -1
    outer loop
      vertex 14.7569 -76.7469 5.72205e-07
      vertex 9.83238 -75.5052 5.72205e-07
      vertex 9.73167 -75.4443 5.72205e-07
    endloop
  endfacet
  facet normal 0 0 -1
    outer loop
      vertex 15.7978 -76.7469 5.72205e-07
      vertex 9.73167 -75.4443 5.72205e-07
      vertex 4.80001 -51.9 5.72205e-07
    endloop
  endfacet
  facet normal 0 0 -1
    outer loop
      vertex 4.80001 -51.9 5.72205e-07
      vertex 9.73167 -75.4443 5.72205e-07
      vertex 9.62354 -75.3945 5.72205e-07
    endloop
  endfacet
  facet normal 0 0 -1
    outer loop
      vertex 4.80001 -51.9 5.72205e-07
      vertex 9.62354 -75.3945 5.72205e-07
      vertex 9.50803 -75.3557 5.72205e-07
    endloop
  endfacet
  facet normal 0 0 -1
    outer loop
      vertex 4.80001 -51.9 5.72205e-07
      vertex 9.50803 -75.3557 5.72205e-07
      vertex 9.38509 -75.328 5.72205e-07
    endloop
  endfacet
  facet normal 0 0 -1
    outer loop
      vertex 4.80001 -51.9 5.72205e-07
      vertex 9.38509 -75.328 5.72205e-07
      vertex 9.25477 -75.3114 5.72205e-07
    endloop
  endfacet
  facet normal 0 0 -1
    outer loop
      vertex 4.80001 -51.9 5.72205e-07
      vertex 9.25477 -75.3114 5.72205e-07
      vertex 9.11703 -75.3059 5.72205e-07
    endloop
  endfacet
  facet normal 0 0 -1
    outer loop
      vertex 4.80001 -51.9 5.72205e-07
      vertex 9.11703 -75.3059 5.72205e-07
      vertex 9.02091 -75.3068 5.72205e-07
    endloop
  endfacet
  facet normal 0 0 -1
    outer loop
      vertex 4.80001 -51.9 5.72205e-07
      vertex 9.02091 -75.3068 5.72205e-07
      vertex 8.92826 -75.3095 5.72205e-07
    endloop
  endfacet
  facet normal 0 0 -1
    outer loop
      vertex 4.80001 -51.9 5.72205e-07
      vertex 8.92826 -75.3095 5.72205e-07
      vertex 8.83906 -75.314 5.72205e-07
    endloop
  endfacet
  facet normal 0 0 -1
    outer loop
      vertex 4.80001 -51.9 5.72205e-07
      vertex 8.83906 -75.314 5.72205e-07
      vertex 8.75333 -75.3203 5.72205e-07
    endloop
  endfacet
  facet normal 0 0 -1
    outer loop
      vertex 4.80001 -51.9 5.72205e-07
      vertex 8.75333 -75.3203 5.72205e-07
      vertex 8.67106 -75.3284 5.72205e-07
    endloop
  endfacet
  facet normal 0 0 -1
    outer loop
      vertex 4.80001 -51.9 5.72205e-07
      vertex 8.67106 -75.3284 5.72205e-07
      vertex 8.59223 -75.3382 5.72205e-07
    endloop
  endfacet
  facet normal 0 0 -1
    outer loop
      vertex 4.80001 -51.9 5.72205e-07
      vertex 8.59223 -75.3382 5.72205e-07
      vertex 8.51688 -75.3499 5.72205e-07
    endloop
  endfacet
  facet normal 0 0 -1
    outer loop
      vertex 7.90257 -77.6792 5.72205e-07
      vertex 9.66293 -76.7842 5.72205e-07
      vertex 7.99905 -77.8551 5.72205e-07
    endloop
  endfacet
  facet normal -0 0 -1
    outer loop
      vertex 9.62566 -76.6867 5.72205e-07
      vertex 7.79534 -77.5177 5.72205e-07
      vertex 9.58944 -76.5976 5.72205e-07
    endloop
  endfacet
  facet normal -0 0 -1
    outer loop
      vertex 9.58944 -76.5976 5.72205e-07
      vertex 7.79534 -77.5177 5.72205e-07
      vertex 8.51688 -76.0281 5.72205e-07
    endloop
  endfacet
  facet normal 0 0 -1
    outer loop
      vertex 7.67741 -77.3707 5.72205e-07
      vertex 8.51688 -76.0281 5.72205e-07
      vertex 7.79534 -77.5177 5.72205e-07
    endloop
  endfacet
  facet normal 0 0 -1
    outer loop
      vertex 7.54873 -77.2381 5.72205e-07
      vertex 8.51688 -76.0281 5.72205e-07
      vertex 7.67741 -77.3707 5.72205e-07
    endloop
  endfacet
  facet normal 0 0 -1
    outer loop
      vertex 7.40934 -77.1201 5.72205e-07
      vertex 8.51688 -76.0281 5.72205e-07
      vertex 7.54873 -77.2381 5.72205e-07
    endloop
  endfacet
  facet normal 0 0 -1
    outer loop
      vertex 7.25922 -77.0164 5.72205e-07
      vertex 8.51688 -76.0281 5.72205e-07
      vertex 7.40934 -77.1201 5.72205e-07
    endloop
  endfacet
  facet normal 0 0 -1
    outer loop
      vertex 7.09934 -76.9269 5.72205e-07
      vertex 8.51688 -76.0281 5.72205e-07
      vertex 7.25922 -77.0164 5.72205e-07
    endloop
  endfacet
  facet normal 0 0 -1
    outer loop
      vertex 6.93067 -76.8512 5.72205e-07
      vertex 8.51688 -76.0281 5.72205e-07
      vertex 7.09934 -76.9269 5.72205e-07
    endloop
  endfacet
  facet normal -0 0 -1
    outer loop
      vertex 8.51688 -76.0281 5.72205e-07
      vertex 6.93067 -76.8512 5.72205e-07
      vertex 8.51688 -75.3499 5.72205e-07
    endloop
  endfacet
  facet normal 0 0 -1
    outer loop
      vertex 6.75321 -76.7892 5.72205e-07
      vertex 8.51688 -75.3499 5.72205e-07
      vertex 6.93067 -76.8512 5.72205e-07
    endloop
  endfacet
  facet normal 0 0 -1
    outer loop
      vertex 6.56698 -76.741 5.72205e-07
      vertex 8.51688 -75.3499 5.72205e-07
      vertex 6.75321 -76.7892 5.72205e-07
    endloop
  endfacet
  facet normal 0 0 -1
    outer loop
      vertex 6.37194 -76.7066 5.72205e-07
      vertex 8.51688 -75.3499 5.72205e-07
      vertex 6.56698 -76.741 5.72205e-07
    endloop
  endfacet
  facet normal 0 0 -1
    outer loop
      vertex 6.16813 -76.686 5.72205e-07
      vertex 8.51688 -75.3499 5.72205e-07
      vertex 6.37194 -76.7066 5.72205e-07
    endloop
  endfacet
  facet normal 0 0 -1
    outer loop
      vertex 5.95551 -76.6791 5.72205e-07
      vertex 8.51688 -75.3499 5.72205e-07
      vertex 6.16813 -76.686 5.72205e-07
    endloop
  endfacet
  facet normal 0 0 -1
    outer loop
      vertex 5.63683 -76.6924 5.72205e-07
      vertex 8.51688 -75.3499 5.72205e-07
      vertex 5.95551 -76.6791 5.72205e-07
    endloop
  endfacet
  facet normal 0 0 -1
    outer loop
      vertex 5.33953 -76.7324 5.72205e-07
      vertex 8.51688 -75.3499 5.72205e-07
      vertex 5.63683 -76.6924 5.72205e-07
    endloop
  endfacet
  facet normal 0 0 -1
    outer loop
      vertex 5.06361 -76.799 5.72205e-07
      vertex 8.51688 -75.3499 5.72205e-07
      vertex 5.33953 -76.7324 5.72205e-07
    endloop
  endfacet
  facet normal 0 0 -1
    outer loop
      vertex 4.54119 -51.8659 5.72205e-07
      vertex 8.51688 -75.3499 5.72205e-07
      vertex 5.06361 -76.799 5.72205e-07
    endloop
  endfacet
  facet normal 0 0 -1
    outer loop
      vertex 4.54119 -51.8659 5.72205e-07
      vertex 5.06361 -76.799 5.72205e-07
      vertex 4.80908 -76.8922 5.72205e-07
    endloop
  endfacet
  facet normal 0 0 -1
    outer loop
      vertex 19.9327 -76.6894 5.72205e-07
      vertex 4.80001 -51.9 5.72205e-07
      vertex 39.4 -51.9 5.72205e-07
    endloop
  endfacet
  facet normal 0 0 -1
    outer loop
      vertex 8.51688 -75.3499 5.72205e-07
      vertex 4.66949 -51.8914 5.72205e-07
      vertex 4.80001 -51.9 5.72205e-07
    endloop
  endfacet
  facet normal 0 0 -1
    outer loop
      vertex 4.41732 -51.8239 5.72205e-07
      vertex 4.80908 -76.8922 5.72205e-07
      vertex 4.57591 -77.0121 5.72205e-07
    endloop
  endfacet
  facet normal 0 0 -1
    outer loop
      vertex 8.51688 -75.3499 5.72205e-07
      vertex 4.54119 -51.8659 5.72205e-07
      vertex 4.66949 -51.8914 5.72205e-07
    endloop
  endfacet
  facet normal 0 0 -1
    outer loop
      vertex 4.80908 -76.8922 5.72205e-07
      vertex 4.41732 -51.8239 5.72205e-07
      vertex 4.54119 -51.8659 5.72205e-07
    endloop
  endfacet
  facet normal 0 0 -1
    outer loop
      vertex 4.30001 -51.766 5.72205e-07
      vertex 4.57591 -77.0121 5.72205e-07
      vertex 4.36413 -77.1586 5.72205e-07
    endloop
  endfacet
  facet normal 0 0 -1
    outer loop
      vertex 4.57591 -77.0121 5.72205e-07
      vertex 4.30001 -51.766 5.72205e-07
      vertex 4.41732 -51.8239 5.72205e-07
    endloop
  endfacet
  facet normal 0 0 -1
    outer loop
      vertex 4.36413 -77.1586 5.72205e-07
      vertex 4.19125 -51.6933 5.72205e-07
      vertex 4.30001 -51.766 5.72205e-07
    endloop
  endfacet
  facet normal 0 0 -1
    outer loop
      vertex 4.17371 -77.3318 5.72205e-07
      vertex 4.19125 -51.6933 5.72205e-07
      vertex 4.36413 -77.1586 5.72205e-07
    endloop
  endfacet
  facet normal 0 0 -1
    outer loop
      vertex 4.17371 -77.3318 5.72205e-07
      vertex 4.0929 -51.6071 5.72205e-07
      vertex 4.19125 -51.6933 5.72205e-07
    endloop
  endfacet
  facet normal 0 0 -1
    outer loop
      vertex 4.00666 -51.5088 5.72205e-07
      vertex 4.17371 -77.3318 5.72205e-07
      vertex 4.00686 -77.5289 5.72205e-07
    endloop
  endfacet
  facet normal 0 0 -1
    outer loop
      vertex 4.17371 -77.3318 5.72205e-07
      vertex 4.00666 -51.5088 5.72205e-07
      vertex 4.0929 -51.6071 5.72205e-07
    endloop
  endfacet
  facet normal 0 0 -1
    outer loop
      vertex 4.00686 -77.5289 5.72205e-07
      vertex 3.93398 -51.4 5.72205e-07
      vertex 4.00666 -51.5088 5.72205e-07
    endloop
  endfacet
  facet normal 0 0 -1
    outer loop
      vertex 3.86565 -77.7472 5.72205e-07
      vertex 3.93398 -51.4 5.72205e-07
      vertex 4.00686 -77.5289 5.72205e-07
    endloop
  endfacet
  facet normal -0 0 -1
    outer loop
      vertex 3.93398 -51.4 5.72205e-07
      vertex 3.86565 -77.7472 5.72205e-07
      vertex 3.87614 -51.2827 5.72205e-07
    endloop
  endfacet
  facet normal 0 0 -1
    outer loop
      vertex 3.75015 -77.9868 5.72205e-07
      vertex 3.87614 -51.2827 5.72205e-07
      vertex 3.86565 -77.7472 5.72205e-07
    endloop
  endfacet
  facet normal -0 0 -1
    outer loop
      vertex 3.87614 -51.2827 5.72205e-07
      vertex 3.75015 -77.9868 5.72205e-07
      vertex 3.83408 -51.1588 5.72205e-07
    endloop
  endfacet
  facet normal 0 0 -1
    outer loop
      vertex 3.66029 -78.2477 5.72205e-07
      vertex 3.83408 -51.1588 5.72205e-07
      vertex 3.75015 -77.9868 5.72205e-07
    endloop
  endfacet
  facet normal -0 0 -1
    outer loop
      vertex 3.83408 -51.1588 5.72205e-07
      vertex -2 -90.5 5.72205e-07
      vertex 3.80857 -51.0305 5.72205e-07
    endloop
  endfacet
  facet normal 0 0 -1
    outer loop
      vertex -2 -90.5 5.72205e-07
      vertex 3.83408 -51.1588 5.72205e-07
      vertex 3.66029 -78.2477 5.72205e-07
    endloop
  endfacet
  facet normal 0 0 -1
    outer loop
      vertex 42.2 -94.5 5.72205e-07
      vertex 46.2 -90.5 5.72205e-07
      vertex 46.1658 -91.0221 5.72205e-07
    endloop
  endfacet
  facet normal 0 0 -1
    outer loop
      vertex 46.2 -90.5 5.72205e-07
      vertex 40.4 -50.9 5.72205e-07
      vertex 46.2 -2 5.72205e-07
    endloop
  endfacet
  facet normal 0 0 -1
    outer loop
      vertex 42.2 -94.5 5.72205e-07
      vertex 46.1658 -91.0221 5.72205e-07
      vertex 46.0637 -91.5353 5.72205e-07
    endloop
  endfacet
  facet normal 0 0 -1
    outer loop
      vertex 40.4 -6.10001 5.72205e-07
      vertex 46.2 -2 5.72205e-07
      vertex 40.4 -50.9 5.72205e-07
    endloop
  endfacet
  facet normal 0 0 -1
    outer loop
      vertex 42.2 -94.5 5.72205e-07
      vertex 46.0637 -91.5353 5.72205e-07
      vertex 45.8955 -92.0307 5.72205e-07
    endloop
  endfacet
  facet normal 0 0 -1
    outer loop
      vertex 40.3914 -5.96948 5.72205e-07
      vertex 46.2 -2 5.72205e-07
      vertex 40.4 -6.10001 5.72205e-07
    endloop
  endfacet
  facet normal 0 0 -1
    outer loop
      vertex 42.2 -94.5 5.72205e-07
      vertex 45.8955 -92.0307 5.72205e-07
      vertex 45.6641 -92.5 5.72205e-07
    endloop
  endfacet
  facet normal 0 0 -1
    outer loop
      vertex 40.3659 -5.84119 5.72205e-07
      vertex 46.2 -2 5.72205e-07
      vertex 40.3914 -5.96948 5.72205e-07
    endloop
  endfacet
  facet normal 0 0 -1
    outer loop
      vertex 42.2 -94.5 5.72205e-07
      vertex 45.6641 -92.5 5.72205e-07
      vertex 45.3734 -92.935 5.72205e-07
    endloop
  endfacet
  facet normal 0 0 -1
    outer loop
      vertex 40.3239 -5.71732 5.72205e-07
      vertex 46.2 -2 5.72205e-07
      vertex 40.3659 -5.84119 5.72205e-07
    endloop
  endfacet
  facet normal 0 0 -1
    outer loop
      vertex 42.2 -94.5 5.72205e-07
      vertex 45.3734 -92.935 5.72205e-07
      vertex 45.0284 -93.3284 5.72205e-07
    endloop
  endfacet
  facet normal 0 0 -1
    outer loop
      vertex 40.266 -5.60001 5.72205e-07
      vertex 46.2 -2 5.72205e-07
      vertex 40.3239 -5.71732 5.72205e-07
    endloop
  endfacet
  facet normal 0 0 -1
    outer loop
      vertex 42.2 -94.5 5.72205e-07
      vertex 45.0284 -93.3284 5.72205e-07
      vertex 44.635 -93.6734 5.72205e-07
    endloop
  endfacet
  facet normal 0 0 -1
    outer loop
      vertex 40.1933 -5.49124 5.72205e-07
      vertex 46.2 -2 5.72205e-07
      vertex 40.266 -5.60001 5.72205e-07
    endloop
  endfacet
  facet normal 0 0 -1
    outer loop
      vertex 42.2 -94.5 5.72205e-07
      vertex 44.635 -93.6734 5.72205e-07
      vertex 44.2 -93.9641 5.72205e-07
    endloop
  endfacet
  facet normal 0 0 -1
    outer loop
      vertex 40.1071 -5.3929 5.72205e-07
      vertex 46.2 -2 5.72205e-07
      vertex 40.1933 -5.49124 5.72205e-07
    endloop
  endfacet
  facet normal 0 0 -1
    outer loop
      vertex 42.2 -94.5 5.72205e-07
      vertex 44.2 -93.9641 5.72205e-07
      vertex 43.7307 -94.1955 5.72205e-07
    endloop
  endfacet
  facet normal 0 0 -1
    outer loop
      vertex 40.0088 -5.30666 5.72205e-07
      vertex 46.2 -2 5.72205e-07
      vertex 40.1071 -5.3929 5.72205e-07
    endloop
  endfacet
  facet normal 0 0 -1
    outer loop
      vertex 42.2 -94.5 5.72205e-07
      vertex 43.7307 -94.1955 5.72205e-07
      vertex 43.2353 -94.3637 5.72205e-07
    endloop
  endfacet
  facet normal -0 0 -1
    outer loop
      vertex 46.2 -2 5.72205e-07
      vertex 40.0088 -5.30666 5.72205e-07
      vertex 46.1658 -1.47789 5.72205e-07
    endloop
  endfacet
  facet normal 0 0 -1
    outer loop
      vertex 42.2 -94.5 5.72205e-07
      vertex 43.2353 -94.3637 5.72205e-07
      vertex 42.7221 -94.4658 5.72205e-07
    endloop
  endfacet
  facet normal -0 0 -1
    outer loop
      vertex 46.1658 -1.47789 5.72205e-07
      vertex 40.0088 -5.30666 5.72205e-07
      vertex 46.0637 -0.964722 5.72205e-07
    endloop
  endfacet
  facet normal -0 0 -1
    outer loop
      vertex 46.2 -90.5 5.72205e-07
      vertex 42.2 -94.5 5.72205e-07
      vertex 39.4083 -80.4935 5.72205e-07
    endloop
  endfacet
  facet normal -0 0 -1
    outer loop
      vertex 46.0637 -0.964722 5.72205e-07
      vertex 40.0088 -5.30666 5.72205e-07
      vertex 45.8955 -0.469269 5.72205e-07
    endloop
  endfacet
  facet normal 0 0 -1
    outer loop
      vertex 46.2 -90.5 5.72205e-07
      vertex 40.7544 -78.5982 5.72205e-07
      vertex 40.7468 -78.3442 5.72205e-07
    endloop
  endfacet
  facet normal 0 0 -1
    outer loop
      vertex 46.2 -90.5 5.72205e-07
      vertex 40.7472 -78.8493 5.72205e-07
      vertex 40.7544 -78.5982 5.72205e-07
    endloop
  endfacet
  facet normal 0 0 -1
    outer loop
      vertex 46.2 -90.5 5.72205e-07
      vertex 40.7256 -79.0835 5.72205e-07
      vertex 40.7472 -78.8493 5.72205e-07
    endloop
  endfacet
  facet normal 0 0 -1
    outer loop
      vertex 46.2 -90.5 5.72205e-07
      vertex 40.6896 -79.3007 5.72205e-07
      vertex 40.7256 -79.0835 5.72205e-07
    endloop
  endfacet
  facet normal 0 0 -1
    outer loop
      vertex 46.2 -90.5 5.72205e-07
      vertex 40.6392 -79.501 5.72205e-07
      vertex 40.6896 -79.3007 5.72205e-07
    endloop
  endfacet
  facet normal 0 0 -1
    outer loop
      vertex 46.2 -90.5 5.72205e-07
      vertex 40.5744 -79.6844 5.72205e-07
      vertex 40.6392 -79.501 5.72205e-07
    endloop
  endfacet
  facet normal 0 0 -1
    outer loop
      vertex 46.2 -90.5 5.72205e-07
      vertex 40.4953 -79.8507 5.72205e-07
      vertex 40.5744 -79.6844 5.72205e-07
    endloop
  endfacet
  facet normal 0 0 -1
    outer loop
      vertex 46.2 -90.5 5.72205e-07
      vertex 40.4017 -80.0002 5.72205e-07
      vertex 40.4953 -79.8507 5.72205e-07
    endloop
  endfacet
  facet normal 0 0 -1
    outer loop
      vertex 46.2 -90.5 5.72205e-07
      vertex 40.2951 -80.1311 5.72205e-07
      vertex 40.4017 -80.0002 5.72205e-07
    endloop
  endfacet
  facet normal 0 0 -1
    outer loop
      vertex 46.2 -90.5 5.72205e-07
      vertex 40.1767 -80.2418 5.72205e-07
      vertex 40.2951 -80.1311 5.72205e-07
    endloop
  endfacet
  facet normal 0 0 -1
    outer loop
      vertex 46.2 -90.5 5.72205e-07
      vertex 40.0465 -80.3324 5.72205e-07
      vertex 40.1767 -80.2418 5.72205e-07
    endloop
  endfacet
  facet normal 0 0 -1
    outer loop
      vertex 46.2 -90.5 5.72205e-07
      vertex 39.9046 -80.4029 5.72205e-07
      vertex 40.0465 -80.3324 5.72205e-07
    endloop
  endfacet
  facet normal 0 0 -1
    outer loop
      vertex 46.2 -90.5 5.72205e-07
      vertex 39.7509 -80.4532 5.72205e-07
      vertex 39.9046 -80.4029 5.72205e-07
    endloop
  endfacet
  facet normal 0 0 -1
    outer loop
      vertex 46.2 -90.5 5.72205e-07
      vertex 39.5855 -80.4834 5.72205e-07
      vertex 39.7509 -80.4532 5.72205e-07
    endloop
  endfacet
  facet normal 0 0 -1
    outer loop
      vertex 46.2 -90.5 5.72205e-07
      vertex 39.4083 -80.4935 5.72205e-07
      vertex 39.5855 -80.4834 5.72205e-07
    endloop
  endfacet
  facet normal 0 0 -1
    outer loop
      vertex 42.2 -94.5 5.72205e-07
      vertex 39.1759 -80.4798 5.72205e-07
      vertex 39.4083 -80.4935 5.72205e-07
    endloop
  endfacet
  facet normal 0 0 -1
    outer loop
      vertex 38.1809 -80.4155 5.72205e-07
      vertex 39.1759 -80.4798 5.72205e-07
      vertex 42.2 -94.5 5.72205e-07
    endloop
  endfacet
  facet normal 0 0 -1
    outer loop
      vertex 39.1759 -80.4798 5.72205e-07
      vertex 38.1809 -80.4155 5.72205e-07
      vertex 38.9652 -80.4384 5.72205e-07
    endloop
  endfacet
  facet normal 0 0 -1
    outer loop
      vertex 38.9652 -80.4384 5.72205e-07
      vertex 38.1809 -80.4155 5.72205e-07
      vertex 38.776 -80.3696 5.72205e-07
    endloop
  endfacet
  facet normal -0 0 -1
    outer loop
      vertex 38.776 -80.3696 5.72205e-07
      vertex 38.1809 -80.4155 5.72205e-07
      vertex 38.6084 -80.2732 5.72205e-07
    endloop
  endfacet
  facet normal 0 -0 -1
    outer loop
      vertex 38.1856 -80.3957 5.72205e-07
      vertex 38.6084 -80.2732 5.72205e-07
      vertex 38.1809 -80.4155 5.72205e-07
    endloop
  endfacet
  facet normal 0 -0 -1
    outer loop
      vertex 38.1902 -80.371 5.72205e-07
      vertex 38.6084 -80.2732 5.72205e-07
      vertex 38.1856 -80.3957 5.72205e-07
    endloop
  endfacet
  facet normal 0 -0 -1
    outer loop
      vertex 38.2155 -80.0724 5.72205e-07
      vertex 38.338 -79.9978 5.72205e-07
      vertex 38.2128 -80.1235 5.72205e-07
    endloop
  endfacet
  facet normal -0 0 -1
    outer loop
      vertex 38.2351 -79.8188 5.72205e-07
      vertex 38.2213 -79.8692 5.72205e-07
      vertex 38.2215 -79.8188 5.72205e-07
    endloop
  endfacet
  facet normal 0 0 -1
    outer loop
      vertex 38.338 -79.9978 5.72205e-07
      vertex 38.2213 -79.8692 5.72205e-07
      vertex 38.2351 -79.8188 5.72205e-07
    endloop
  endfacet
  facet normal 0 -0 -1
    outer loop
      vertex 38.2213 -79.8692 5.72205e-07
      vertex 38.338 -79.9978 5.72205e-07
      vertex 38.2206 -79.9198 5.72205e-07
    endloop
  endfacet
  facet normal 0 -0 -1
    outer loop
      vertex 38.2206 -79.9198 5.72205e-07
      vertex 38.338 -79.9978 5.72205e-07
      vertex 38.2194 -79.9705 5.72205e-07
    endloop
  endfacet
  facet normal 0 -0 -1
    outer loop
      vertex 38.2194 -79.9705 5.72205e-07
      vertex 38.338 -79.9978 5.72205e-07
      vertex 38.2177 -80.0214 5.72205e-07
    endloop
  endfacet
  facet normal 0 -0 -1
    outer loop
      vertex 38.2177 -80.0214 5.72205e-07
      vertex 38.338 -79.9978 5.72205e-07
      vertex 38.2155 -80.0724 5.72205e-07
    endloop
  endfacet
  facet normal 0 0 -1
    outer loop
      vertex 38.4624 -80.1493 5.72205e-07
      vertex 38.2128 -80.1235 5.72205e-07
      vertex 38.338 -79.9978 5.72205e-07
    endloop
  endfacet
  facet normal 0 -0 -1
    outer loop
      vertex 38.2128 -80.1235 5.72205e-07
      vertex 38.4624 -80.1493 5.72205e-07
      vertex 38.2097 -80.1748 5.72205e-07
    endloop
  endfacet
  facet normal 0 -0 -1
    outer loop
      vertex 38.2097 -80.1748 5.72205e-07
      vertex 38.4624 -80.1493 5.72205e-07
      vertex 38.2062 -80.2237 5.72205e-07
    endloop
  endfacet
  facet normal 0 -0 -1
    outer loop
      vertex 38.2062 -80.2237 5.72205e-07
      vertex 38.4624 -80.1493 5.72205e-07
      vertex 38.2025 -80.2678 5.72205e-07
    endloop
  endfacet
  facet normal 0 -0 -1
    outer loop
      vertex 38.2025 -80.2678 5.72205e-07
      vertex 38.4624 -80.1493 5.72205e-07
      vertex 38.1986 -80.307 5.72205e-07
    endloop
  endfacet
  facet normal 0 -0 -1
    outer loop
      vertex 38.1986 -80.307 5.72205e-07
      vertex 38.4624 -80.1493 5.72205e-07
      vertex 38.1945 -80.3414 5.72205e-07
    endloop
  endfacet
  facet normal -0 0 -1
    outer loop
      vertex 38.6084 -80.2732 5.72205e-07
      vertex 38.1945 -80.3414 5.72205e-07
      vertex 38.4624 -80.1493 5.72205e-07
    endloop
  endfacet
  facet normal 0 -0 -1
    outer loop
      vertex 38.1945 -80.3414 5.72205e-07
      vertex 38.6084 -80.2732 5.72205e-07
      vertex 38.1902 -80.371 5.72205e-07
    endloop
  endfacet
  facet normal 0 0 -1
    outer loop
      vertex 42.2 -94.5 5.72205e-07
      vertex 37.2553 -80.4155 5.72205e-07
      vertex 38.1809 -80.4155 5.72205e-07
    endloop
  endfacet
  facet normal 0 0 -1
    outer loop
      vertex 35.5605 -80.4793 5.72205e-07
      vertex 37.2553 -80.4155 5.72205e-07
      vertex 42.2 -94.5 5.72205e-07
    endloop
  endfacet
  facet normal 0 0 -1
    outer loop
      vertex 37.2824 -79.5713 5.72205e-07
      vertex 36.5054 -79.2645 5.72205e-07
      vertex 36.5112 -79.0762 5.72205e-07
    endloop
  endfacet
  facet normal 0 0 -1
    outer loop
      vertex 37.2824 -79.5713 5.72205e-07
      vertex 36.4882 -79.4398 5.72205e-07
      vertex 36.5054 -79.2645 5.72205e-07
    endloop
  endfacet
  facet normal -0 0 -1
    outer loop
      vertex 37.2824 -79.5713 5.72205e-07
      vertex 36.4595 -79.6022 5.72205e-07
      vertex 36.4882 -79.4398 5.72205e-07
    endloop
  endfacet
  facet normal 0 0 -1
    outer loop
      vertex 37.2801 -79.8519 5.72205e-07
      vertex 36.4193 -79.7516 5.72205e-07
      vertex 36.4595 -79.6022 5.72205e-07
    endloop
  endfacet
  facet normal 0 0 -1
    outer loop
      vertex 37.2774 -79.9804 5.72205e-07
      vertex 36.3676 -79.8881 5.72205e-07
      vertex 36.4193 -79.7516 5.72205e-07
    endloop
  endfacet
  facet normal 0 0 -1
    outer loop
      vertex 37.2685 -80.2137 5.72205e-07
      vertex 36.3044 -80.0116 5.72205e-07
      vertex 36.3676 -79.8881 5.72205e-07
    endloop
  endfacet
  facet normal 0 0 -1
    outer loop
      vertex 37.2553 -80.4155 5.72205e-07
      vertex 36.2298 -80.1222 5.72205e-07
      vertex 36.3044 -80.0116 5.72205e-07
    endloop
  endfacet
  facet normal 0 0 -1
    outer loop
      vertex 37.2553 -80.4155 5.72205e-07
      vertex 36.1442 -80.2189 5.72205e-07
      vertex 36.2298 -80.1222 5.72205e-07
    endloop
  endfacet
  facet normal 0 0 -1
    outer loop
      vertex 37.2553 -80.4155 5.72205e-07
      vertex 36.0482 -80.3008 5.72205e-07
      vertex 36.1442 -80.2189 5.72205e-07
    endloop
  endfacet
  facet normal 0 0 -1
    outer loop
      vertex 37.2553 -80.4155 5.72205e-07
      vertex 35.9419 -80.3677 5.72205e-07
      vertex 36.0482 -80.3008 5.72205e-07
    endloop
  endfacet
  facet normal -0 0 -1
    outer loop
      vertex 37.2553 -80.4155 5.72205e-07
      vertex 35.8251 -80.4198 5.72205e-07
      vertex 35.9419 -80.3677 5.72205e-07
    endloop
  endfacet
  facet normal 0 0 -1
    outer loop
      vertex 37.2553 -80.4155 5.72205e-07
      vertex 35.698 -80.457 5.72205e-07
      vertex 35.8251 -80.4198 5.72205e-07
    endloop
  endfacet
  facet normal 0 0 -1
    outer loop
      vertex 37.2553 -80.4155 5.72205e-07
      vertex 35.5605 -80.4793 5.72205e-07
      vertex 35.698 -80.457 5.72205e-07
    endloop
  endfacet
  facet normal 0 0 -1
    outer loop
      vertex 42.2 -94.5 5.72205e-07
      vertex 35.4126 -80.4867 5.72205e-07
      vertex 35.5605 -80.4793 5.72205e-07
    endloop
  endfacet
  facet normal 0 0 -1
    outer loop
      vertex 42.2 -94.5 5.72205e-07
      vertex 35.3002 -80.4829 5.72205e-07
      vertex 35.4126 -80.4867 5.72205e-07
    endloop
  endfacet
  facet normal 0 0 -1
    outer loop
      vertex 42.2 -94.5 5.72205e-07
      vertex 35.1937 -80.4715 5.72205e-07
      vertex 35.3002 -80.4829 5.72205e-07
    endloop
  endfacet
  facet normal 0 0 -1
    outer loop
      vertex 33.4863 -80.4704 5.72205e-07
      vertex 35.1937 -80.4715 5.72205e-07
      vertex 42.2 -94.5 5.72205e-07
    endloop
  endfacet
  facet normal 0 0 -1
    outer loop
      vertex 35.1937 -80.4715 5.72205e-07
      vertex 33.4863 -80.4704 5.72205e-07
      vertex 35.0929 -80.4525 5.72205e-07
    endloop
  endfacet
  facet normal 0 -0 -1
    outer loop
      vertex 33.6861 -80.4214 5.72205e-07
      vertex 35.0929 -80.4525 5.72205e-07
      vertex 33.4863 -80.4704 5.72205e-07
    endloop
  endfacet
  facet normal 0 0 -1
    outer loop
      vertex 35.0929 -80.4525 5.72205e-07
      vertex 33.6861 -80.4214 5.72205e-07
      vertex 34.998 -80.4258 5.72205e-07
    endloop
  endfacet
  facet normal 0 0 -1
    outer loop
      vertex 34.998 -80.4258 5.72205e-07
      vertex 33.6861 -80.4214 5.72205e-07
      vertex 34.9089 -80.3916 5.72205e-07
    endloop
  endfacet
  facet normal 0 -0 -1
    outer loop
      vertex 33.8589 -80.3397 5.72205e-07
      vertex 34.9089 -80.3916 5.72205e-07
      vertex 33.6861 -80.4214 5.72205e-07
    endloop
  endfacet
  facet normal 0 0 -1
    outer loop
      vertex 34.8255 -80.3497 5.72205e-07
      vertex 33.8589 -80.3397 5.72205e-07
      vertex 34.748 -80.3002 5.72205e-07
    endloop
  endfacet
  facet normal 0 -0 -1
    outer loop
      vertex 34.0047 -80.2254 5.72205e-07
      vertex 34.748 -80.3002 5.72205e-07
      vertex 33.8589 -80.3397 5.72205e-07
    endloop
  endfacet
  facet normal 0 0 -1
    outer loop
      vertex 34.748 -80.3002 5.72205e-07
      vertex 34.0047 -80.2254 5.72205e-07
      vertex 34.675 -80.242 5.72205e-07
    endloop
  endfacet
  facet normal 0 -0 -1
    outer loop
      vertex 34.1235 -80.0784 5.72205e-07
      vertex 34.6049 -80.174 5.72205e-07
      vertex 34.0047 -80.2254 5.72205e-07
    endloop
  endfacet
  facet normal 0 0 -1
    outer loop
      vertex 34.538 -80.0962 5.72205e-07
      vertex 34.1235 -80.0784 5.72205e-07
      vertex 34.474 -80.0085 5.72205e-07
    endloop
  endfacet
  facet normal 0 0 -1
    outer loop
      vertex 34.3553 -79.8037 5.72205e-07
      vertex 34.2802 -79.6865 5.72205e-07
      vertex 34.3005 -79.6865 5.72205e-07
    endloop
  endfacet
  facet normal 0 0 -1
    outer loop
      vertex 34.474 -80.0085 5.72205e-07
      vertex 34.2153 -79.8988 5.72205e-07
      vertex 34.4132 -79.911 5.72205e-07
    endloop
  endfacet
  facet normal -0 0 -1
    outer loop
      vertex 34.3553 -79.8037 5.72205e-07
      vertex 34.2153 -79.8988 5.72205e-07
      vertex 34.2802 -79.6865 5.72205e-07
    endloop
  endfacet
  facet normal 0 0 -1
    outer loop
      vertex 34.4132 -79.911 5.72205e-07
      vertex 34.2153 -79.8988 5.72205e-07
      vertex 34.3553 -79.8037 5.72205e-07
    endloop
  endfacet
  facet normal 0 -0 -1
    outer loop
      vertex 34.2153 -79.8988 5.72205e-07
      vertex 34.474 -80.0085 5.72205e-07
      vertex 34.1235 -80.0784 5.72205e-07
    endloop
  endfacet
  facet normal 0 0 -1
    outer loop
      vertex 34.6049 -80.174 5.72205e-07
      vertex 34.1235 -80.0784 5.72205e-07
      vertex 34.538 -80.0962 5.72205e-07
    endloop
  endfacet
  facet normal 0 0 -1
    outer loop
      vertex 34.675 -80.242 5.72205e-07
      vertex 34.0047 -80.2254 5.72205e-07
      vertex 34.6049 -80.174 5.72205e-07
    endloop
  endfacet
  facet normal 0 0 -1
    outer loop
      vertex 34.9089 -80.3916 5.72205e-07
      vertex 33.8589 -80.3397 5.72205e-07
      vertex 34.8255 -80.3497 5.72205e-07
    endloop
  endfacet
  facet normal 0 0 -1
    outer loop
      vertex 42.2 -94.5 5.72205e-07
      vertex 33.2596 -80.4867 5.72205e-07
      vertex 33.4863 -80.4704 5.72205e-07
    endloop
  endfacet
  facet normal 0 0 -1
    outer loop
      vertex 42.2 -94.5 5.72205e-07
      vertex 33.1571 -80.4828 5.72205e-07
      vertex 33.2596 -80.4867 5.72205e-07
    endloop
  endfacet
  facet normal 0 0 -1
    outer loop
      vertex 32.1339 -80.4155 5.72205e-07
      vertex 33.1571 -80.4828 5.72205e-07
      vertex 42.2 -94.5 5.72205e-07
    endloop
  endfacet
  facet normal 0 0 -1
    outer loop
      vertex 33.1571 -80.4828 5.72205e-07
      vertex 32.1339 -80.4155 5.72205e-07
      vertex 33.0588 -80.4712 5.72205e-07
    endloop
  endfacet
  facet normal 0 0 -1
    outer loop
      vertex 33.0588 -80.4712 5.72205e-07
      vertex 32.1339 -80.4155 5.72205e-07
      vertex 32.9647 -80.4518 5.72205e-07
    endloop
  endfacet
  facet normal 0 0 -1
    outer loop
      vertex 32.9647 -80.4518 5.72205e-07
      vertex 32.1339 -80.4155 5.72205e-07
      vertex 32.8748 -80.4247 5.72205e-07
    endloop
  endfacet
  facet normal 0 0 -1
    outer loop
      vertex 32.8748 -80.4247 5.72205e-07
      vertex 32.1339 -80.4155 5.72205e-07
      vertex 32.7892 -80.3898 5.72205e-07
    endloop
  endfacet
  facet normal -0 0 -1
    outer loop
      vertex 32.7892 -80.3898 5.72205e-07
      vertex 32.1339 -80.4155 5.72205e-07
      vertex 32.7078 -80.3472 5.72205e-07
    endloop
  endfacet
  facet normal -0 0 -1
    outer loop
      vertex 32.7078 -80.3472 5.72205e-07
      vertex 32.1339 -80.4155 5.72205e-07
      vertex 32.6306 -80.2968 5.72205e-07
    endloop
  endfacet
  facet normal -0 0 -1
    outer loop
      vertex 32.6306 -80.2968 5.72205e-07
      vertex 32.1339 -80.4155 5.72205e-07
      vertex 32.5573 -80.2379 5.72205e-07
    endloop
  endfacet
  facet normal 0 -0 -1
    outer loop
      vertex 32.1369 -80.3927 5.72205e-07
      vertex 32.5573 -80.2379 5.72205e-07
      vertex 32.1339 -80.4155 5.72205e-07
    endloop
  endfacet
  facet normal 0 -0 -1
    outer loop
      vertex 32.1403 -80.3611 5.72205e-07
      vertex 32.5573 -80.2379 5.72205e-07
      vertex 32.1369 -80.3927 5.72205e-07
    endloop
  endfacet
  facet normal 0 0 -1
    outer loop
      vertex 32.1776 -79.7201 5.72205e-07
      vertex 32.1915 -79.6865 5.72205e-07
      vertex 32.2437 -79.8019 5.72205e-07
    endloop
  endfacet
  facet normal 0 0 -1
    outer loop
      vertex 32.1724 -79.8637 5.72205e-07
      vertex 32.2437 -79.8019 5.72205e-07
      vertex 32.2993 -79.9079 5.72205e-07
    endloop
  endfacet
  facet normal -0 0 -1
    outer loop
      vertex 32.1915 -79.6865 5.72205e-07
      vertex 32.1776 -79.7201 5.72205e-07
      vertex 32.178 -79.6865 5.72205e-07
    endloop
  endfacet
  facet normal 0 0 -1
    outer loop
      vertex 32.1655 -79.995 5.72205e-07
      vertex 32.2993 -79.9079 5.72205e-07
      vertex 32.3585 -80.0045 5.72205e-07
    endloop
  endfacet
  facet normal 0 0 -1
    outer loop
      vertex 32.2437 -79.8019 5.72205e-07
      vertex 32.1766 -79.7608 5.72205e-07
      vertex 32.1776 -79.7201 5.72205e-07
    endloop
  endfacet
  facet normal -0 0 -1
    outer loop
      vertex 32.5573 -80.2379 5.72205e-07
      vertex 32.1403 -80.3611 5.72205e-07
      vertex 32.4875 -80.1695 5.72205e-07
    endloop
  endfacet
  facet normal -0 0 -1
    outer loop
      vertex 32.2437 -79.8019 5.72205e-07
      vertex 32.1749 -79.8087 5.72205e-07
      vertex 32.1766 -79.7608 5.72205e-07
    endloop
  endfacet
  facet normal 0 0 -1
    outer loop
      vertex 32.2437 -79.8019 5.72205e-07
      vertex 32.1724 -79.8637 5.72205e-07
      vertex 32.1749 -79.8087 5.72205e-07
    endloop
  endfacet
  facet normal -0 0 -1
    outer loop
      vertex 32.2993 -79.9079 5.72205e-07
      vertex 32.1693 -79.9258 5.72205e-07
      vertex 32.1724 -79.8637 5.72205e-07
    endloop
  endfacet
  facet normal 0 0 -1
    outer loop
      vertex 32.2993 -79.9079 5.72205e-07
      vertex 32.1655 -79.995 5.72205e-07
      vertex 32.1693 -79.9258 5.72205e-07
    endloop
  endfacet
  facet normal -0 0 -1
    outer loop
      vertex 32.3585 -80.0045 5.72205e-07
      vertex 32.161 -80.0714 5.72205e-07
      vertex 32.1655 -79.995 5.72205e-07
    endloop
  endfacet
  facet normal 0 0 -1
    outer loop
      vertex 32.3585 -80.0045 5.72205e-07
      vertex 32.1563 -80.1469 5.72205e-07
      vertex 32.161 -80.0714 5.72205e-07
    endloop
  endfacet
  facet normal -0 0 -1
    outer loop
      vertex 32.4213 -80.0917 5.72205e-07
      vertex 32.1563 -80.1469 5.72205e-07
      vertex 32.3585 -80.0045 5.72205e-07
    endloop
  endfacet
  facet normal 0 -0 -1
    outer loop
      vertex 32.1563 -80.1469 5.72205e-07
      vertex 32.4213 -80.0917 5.72205e-07
      vertex 32.1519 -80.2136 5.72205e-07
    endloop
  endfacet
  facet normal -0 0 -1
    outer loop
      vertex 32.4875 -80.1695 5.72205e-07
      vertex 32.1519 -80.2136 5.72205e-07
      vertex 32.4213 -80.0917 5.72205e-07
    endloop
  endfacet
  facet normal 0 -0 -1
    outer loop
      vertex 32.1519 -80.2136 5.72205e-07
      vertex 32.4875 -80.1695 5.72205e-07
      vertex 32.1477 -80.2716 5.72205e-07
    endloop
  endfacet
  facet normal 0 -0 -1
    outer loop
      vertex 32.1477 -80.2716 5.72205e-07
      vertex 32.4875 -80.1695 5.72205e-07
      vertex 32.1439 -80.3208 5.72205e-07
    endloop
  endfacet
  facet normal 0 -0 -1
    outer loop
      vertex 32.1439 -80.3208 5.72205e-07
      vertex 32.4875 -80.1695 5.72205e-07
      vertex 32.1403 -80.3611 5.72205e-07
    endloop
  endfacet
  facet normal 0 0 -1
    outer loop
      vertex 42.2 -94.5 5.72205e-07
      vertex 31.2252 -80.4155 5.72205e-07
      vertex 32.1339 -80.4155 5.72205e-07
    endloop
  endfacet
  facet normal 0 0 -1
    outer loop
      vertex 31.2523 -79.595 5.72205e-07
      vertex 30.5857 -78.8383 5.72205e-07
      vertex 30.5953 -78.5846 5.72205e-07
    endloop
  endfacet
  facet normal 0 0 -1
    outer loop
      vertex 31.2523 -79.595 5.72205e-07
      vertex 30.5567 -79.0746 5.72205e-07
      vertex 30.5857 -78.8383 5.72205e-07
    endloop
  endfacet
  facet normal 0 0 -1
    outer loop
      vertex 31.2523 -79.595 5.72205e-07
      vertex 30.5085 -79.2934 5.72205e-07
      vertex 30.5567 -79.0746 5.72205e-07
    endloop
  endfacet
  facet normal 0 0 -1
    outer loop
      vertex 31.2523 -79.595 5.72205e-07
      vertex 30.4409 -79.4947 5.72205e-07
      vertex 30.5085 -79.2934 5.72205e-07
    endloop
  endfacet
  facet normal 0 0 -1
    outer loop
      vertex 28.9989 -80.4733 5.72205e-07
      vertex 31.2252 -80.4155 5.72205e-07
      vertex 42.2 -94.5 5.72205e-07
    endloop
  endfacet
  facet normal 0 0 -1
    outer loop
      vertex 31.2516 -79.7548 5.72205e-07
      vertex 30.354 -79.6784 5.72205e-07
      vertex 30.4409 -79.4947 5.72205e-07
    endloop
  endfacet
  facet normal 0 0 -1
    outer loop
      vertex 31.2438 -80.0781 5.72205e-07
      vertex 30.2478 -79.8446 5.72205e-07
      vertex 30.354 -79.6784 5.72205e-07
    endloop
  endfacet
  facet normal 0 0 -1
    outer loop
      vertex 31.2309 -80.3271 5.72205e-07
      vertex 30.1223 -79.9934 5.72205e-07
      vertex 30.2478 -79.8446 5.72205e-07
    endloop
  endfacet
  facet normal 0 0 -1
    outer loop
      vertex 31.2252 -80.4155 5.72205e-07
      vertex 29.9785 -80.1234 5.72205e-07
      vertex 30.1223 -79.9934 5.72205e-07
    endloop
  endfacet
  facet normal 0 0 -1
    outer loop
      vertex 31.2252 -80.4155 5.72205e-07
      vertex 29.8173 -80.2333 5.72205e-07
      vertex 29.9785 -80.1234 5.72205e-07
    endloop
  endfacet
  facet normal 0 0 -1
    outer loop
      vertex 31.2252 -80.4155 5.72205e-07
      vertex 29.6388 -80.3233 5.72205e-07
      vertex 29.8173 -80.2333 5.72205e-07
    endloop
  endfacet
  facet normal 0 0 -1
    outer loop
      vertex 31.2252 -80.4155 5.72205e-07
      vertex 29.4429 -80.3933 5.72205e-07
      vertex 29.6388 -80.3233 5.72205e-07
    endloop
  endfacet
  facet normal -0 0 -1
    outer loop
      vertex 31.2252 -80.4155 5.72205e-07
      vertex 29.2296 -80.4433 5.72205e-07
      vertex 29.4429 -80.3933 5.72205e-07
    endloop
  endfacet
  facet normal 0 0 -1
    outer loop
      vertex 31.2252 -80.4155 5.72205e-07
      vertex 28.9989 -80.4733 5.72205e-07
      vertex 29.2296 -80.4433 5.72205e-07
    endloop
  endfacet
  facet normal 0 0 -1
    outer loop
      vertex 25.421 -81.4233 5.72205e-07
      vertex 28.9989 -80.4733 5.72205e-07
      vertex 42.2 -94.5 5.72205e-07
    endloop
  endfacet
  facet normal 0 0 -1
    outer loop
      vertex 28.9989 -80.4733 5.72205e-07
      vertex 25.5912 -81.3476 5.72205e-07
      vertex 28.7508 -80.4833 5.72205e-07
    endloop
  endfacet
  facet normal 0 -0 -1
    outer loop
      vertex 25.7487 -81.2581 5.72205e-07
      vertex 28.7508 -80.4833 5.72205e-07
      vertex 25.5912 -81.3476 5.72205e-07
    endloop
  endfacet
  facet normal -0 0 -1
    outer loop
      vertex 28.7508 -80.4833 5.72205e-07
      vertex 25.7487 -81.2581 5.72205e-07
      vertex 28.5079 -80.473 5.72205e-07
    endloop
  endfacet
  facet normal 0 -0 -1
    outer loop
      vertex 25.8934 -81.1552 5.72205e-07
      vertex 28.5079 -80.473 5.72205e-07
      vertex 25.7487 -81.2581 5.72205e-07
    endloop
  endfacet
  facet normal 0 -0 -1
    outer loop
      vertex 26.0252 -81.0394 5.72205e-07
      vertex 28.2809 -80.4419 5.72205e-07
      vertex 25.8934 -81.1552 5.72205e-07
    endloop
  endfacet
  facet normal -0 0 -1
    outer loop
      vertex 28.2809 -80.4419 5.72205e-07
      vertex 26.0252 -81.0394 5.72205e-07
      vertex 28.0698 -80.3902 5.72205e-07
    endloop
  endfacet
  facet normal -0 0 -1
    outer loop
      vertex 28.0698 -80.3902 5.72205e-07
      vertex 26.1442 -80.9107 5.72205e-07
      vertex 27.8745 -80.3178 5.72205e-07
    endloop
  endfacet
  facet normal 0 0 -1
    outer loop
      vertex 25.6809 -78.3744 5.72205e-07
      vertex 26.8962 -78.5846 5.72205e-07
      vertex 26.9062 -78.8297 5.72205e-07
    endloop
  endfacet
  facet normal -0 0 -1
    outer loop
      vertex 26.9859 -79.2737 5.72205e-07
      vertex 25.6097 -80.0256 5.72205e-07
      vertex 26.936 -79.0594 5.72205e-07
    endloop
  endfacet
  facet normal 0 0 -1
    outer loop
      vertex 25.6097 -80.0256 5.72205e-07
      vertex 26.9859 -79.2737 5.72205e-07
      vertex 26.4913 -80.2663 5.72205e-07
    endloop
  endfacet
  facet normal 0 0 -1
    outer loop
      vertex 26.4913 -80.2663 5.72205e-07
      vertex 26.9859 -79.2737 5.72205e-07
      vertex 27.0556 -79.4725 5.72205e-07
    endloop
  endfacet
  facet normal 0 0 -1
    outer loop
      vertex 26.936 -79.0594 5.72205e-07
      vertex 25.6809 -78.3744 5.72205e-07
      vertex 26.9062 -78.8297 5.72205e-07
    endloop
  endfacet
  facet normal -0 0 -1
    outer loop
      vertex 27.1453 -79.6559 5.72205e-07
      vertex 26.4913 -80.2663 5.72205e-07
      vertex 27.0556 -79.4725 5.72205e-07
    endloop
  endfacet
  facet normal -0 0 -1
    outer loop
      vertex 27.2549 -79.8239 5.72205e-07
      vertex 26.4913 -80.2663 5.72205e-07
      vertex 27.1453 -79.6559 5.72205e-07
    endloop
  endfacet
  facet normal -0 0 -1
    outer loop
      vertex 27.3844 -79.9764 5.72205e-07
      vertex 26.4913 -80.2663 5.72205e-07
      vertex 27.2549 -79.8239 5.72205e-07
    endloop
  endfacet
  facet normal -0 0 -1
    outer loop
      vertex 27.8745 -80.3178 5.72205e-07
      vertex 26.2502 -80.769 5.72205e-07
      vertex 27.6953 -80.2247 5.72205e-07
    endloop
  endfacet
  facet normal -0 0 -1
    outer loop
      vertex 27.5319 -80.1109 5.72205e-07
      vertex 26.4913 -80.2663 5.72205e-07
      vertex 27.3844 -79.9764 5.72205e-07
    endloop
  endfacet
  facet normal 0 -0 -1
    outer loop
      vertex 26.4913 -80.2663 5.72205e-07
      vertex 27.5319 -80.1109 5.72205e-07
      vertex 26.4238 -80.4468 5.72205e-07
    endloop
  endfacet
  facet normal -0 0 -1
    outer loop
      vertex 27.6953 -80.2247 5.72205e-07
      vertex 26.4238 -80.4468 5.72205e-07
      vertex 27.5319 -80.1109 5.72205e-07
    endloop
  endfacet
  facet normal 0 -0 -1
    outer loop
      vertex 26.4238 -80.4468 5.72205e-07
      vertex 27.6953 -80.2247 5.72205e-07
      vertex 26.3435 -80.6144 5.72205e-07
    endloop
  endfacet
  facet normal 0 -0 -1
    outer loop
      vertex 26.3435 -80.6144 5.72205e-07
      vertex 27.6953 -80.2247 5.72205e-07
      vertex 26.2502 -80.769 5.72205e-07
    endloop
  endfacet
  facet normal 0 -0 -1
    outer loop
      vertex 26.2502 -80.769 5.72205e-07
      vertex 27.8745 -80.3178 5.72205e-07
      vertex 26.1442 -80.9107 5.72205e-07
    endloop
  endfacet
  facet normal 0 -0 -1
    outer loop
      vertex 26.1442 -80.9107 5.72205e-07
      vertex 28.0698 -80.3902 5.72205e-07
      vertex 26.0252 -81.0394 5.72205e-07
    endloop
  endfacet
  facet normal -0 0 -1
    outer loop
      vertex 28.5079 -80.473 5.72205e-07
      vertex 25.8934 -81.1552 5.72205e-07
      vertex 28.2809 -80.4419 5.72205e-07
    endloop
  endfacet
  facet normal 0 0 -1
    outer loop
      vertex 28.9989 -80.4733 5.72205e-07
      vertex 25.421 -81.4233 5.72205e-07
      vertex 25.5912 -81.3476 5.72205e-07
    endloop
  endfacet
  facet normal 0 0 -1
    outer loop
      vertex 42.2 -94.5 5.72205e-07
      vertex 25.238 -81.4853 5.72205e-07
      vertex 25.421 -81.4233 5.72205e-07
    endloop
  endfacet
  facet normal 0 0 -1
    outer loop
      vertex 42.2 -94.5 5.72205e-07
      vertex 25.0424 -81.5335 5.72205e-07
      vertex 25.238 -81.4853 5.72205e-07
    endloop
  endfacet
  facet normal 0 0 -1
    outer loop
      vertex 42.2 -94.5 5.72205e-07
      vertex 24.8339 -81.5679 5.72205e-07
      vertex 25.0424 -81.5335 5.72205e-07
    endloop
  endfacet
  facet normal 0 0 -1
    outer loop
      vertex 42.2 -94.5 5.72205e-07
      vertex 24.6128 -81.5886 5.72205e-07
      vertex 24.8339 -81.5679 5.72205e-07
    endloop
  endfacet
  facet normal 0 0 -1
    outer loop
      vertex 42.2 -94.5 5.72205e-07
      vertex 24.3789 -81.5955 5.72205e-07
      vertex 24.6128 -81.5886 5.72205e-07
    endloop
  endfacet
  facet normal 0 0 -1
    outer loop
      vertex 42.2 -94.5 5.72205e-07
      vertex 24.0606 -81.5826 5.72205e-07
      vertex 24.3789 -81.5955 5.72205e-07
    endloop
  endfacet
  facet normal 0 0 -1
    outer loop
      vertex 2 -94.5 5.72205e-07
      vertex 24.0606 -81.5826 5.72205e-07
      vertex 42.2 -94.5 5.72205e-07
    endloop
  endfacet
  facet normal -0 0 -1
    outer loop
      vertex 24.0606 -81.5826 5.72205e-07
      vertex 2 -94.5 5.72205e-07
      vertex 23.7647 -81.544 5.72205e-07
    endloop
  endfacet
  facet normal 0 -0 -1
    outer loop
      vertex 17.1384 -81.7786 5.72205e-07
      vertex 23.7647 -81.544 5.72205e-07
      vertex 2 -94.5 5.72205e-07
    endloop
  endfacet
  facet normal -0 0 -1
    outer loop
      vertex 23.7647 -81.544 5.72205e-07
      vertex 17.1384 -81.7786 5.72205e-07
      vertex 23.491 -81.4796 5.72205e-07
    endloop
  endfacet
  facet normal -0 0 -1
    outer loop
      vertex 23.2396 -81.3895 5.72205e-07
      vertex 17.1384 -81.7786 5.72205e-07
      vertex 23.0105 -81.2737 5.72205e-07
    endloop
  endfacet
  facet normal 0 0 -1
    outer loop
      vertex 21.4684 -79.2934 5.72205e-07
      vertex 22.0122 -79.1576 5.72205e-07
      vertex 22.0246 -79.4826 5.72205e-07
    endloop
  endfacet
  facet normal 0 0 -1
    outer loop
      vertex 21.4009 -79.4947 5.72205e-07
      vertex 22.0246 -79.4826 5.72205e-07
      vertex 22.0618 -79.7854 5.72205e-07
    endloop
  endfacet
  facet normal 0 0 -1
    outer loop
      vertex 21.2078 -79.8446 5.72205e-07
      vertex 22.0618 -79.7854 5.72205e-07
      vertex 22.1237 -80.0658 5.72205e-07
    endloop
  endfacet
  facet normal 0 0 -1
    outer loop
      vertex 21.0823 -79.9934 5.72205e-07
      vertex 22.1237 -80.0658 5.72205e-07
      vertex 22.2104 -80.324 5.72205e-07
    endloop
  endfacet
  facet normal -0 0 -1
    outer loop
      vertex 22.0251 -78.8331 5.72205e-07
      vertex 21.5457 -78.8383 5.72205e-07
      vertex 21.5553 -78.5846 5.72205e-07
    endloop
  endfacet
  facet normal 0 0 -1
    outer loop
      vertex 22.0122 -79.1576 5.72205e-07
      vertex 21.5167 -79.0746 5.72205e-07
      vertex 21.5457 -78.8383 5.72205e-07
    endloop
  endfacet
  facet normal 0 0 -1
    outer loop
      vertex 20.9385 -80.1234 5.72205e-07
      vertex 22.2104 -80.324 5.72205e-07
      vertex 22.3219 -80.5599 5.72205e-07
    endloop
  endfacet
  facet normal -0 0 -1
    outer loop
      vertex 22.0122 -79.1576 5.72205e-07
      vertex 21.4684 -79.2934 5.72205e-07
      vertex 21.5167 -79.0746 5.72205e-07
    endloop
  endfacet
  facet normal 0 0 -1
    outer loop
      vertex 20.7773 -80.2333 5.72205e-07
      vertex 22.3219 -80.5599 5.72205e-07
      vertex 22.4581 -80.7735 5.72205e-07
    endloop
  endfacet
  facet normal -0 0 -1
    outer loop
      vertex 22.0246 -79.4826 5.72205e-07
      vertex 21.4009 -79.4947 5.72205e-07
      vertex 21.4684 -79.2934 5.72205e-07
    endloop
  endfacet
  facet normal 0 0 -1
    outer loop
      vertex 22.0618 -79.7854 5.72205e-07
      vertex 21.314 -79.6784 5.72205e-07
      vertex 21.4009 -79.4947 5.72205e-07
    endloop
  endfacet
  facet normal 0 0 -1
    outer loop
      vertex 20.5988 -80.3233 5.72205e-07
      vertex 22.4581 -80.7735 5.72205e-07
      vertex 22.6191 -80.9648 5.72205e-07
    endloop
  endfacet
  facet normal -0 0 -1
    outer loop
      vertex 22.0618 -79.7854 5.72205e-07
      vertex 21.2078 -79.8446 5.72205e-07
      vertex 21.314 -79.6784 5.72205e-07
    endloop
  endfacet
  facet normal 0 0 -1
    outer loop
      vertex 20.4028 -80.3933 5.72205e-07
      vertex 22.6191 -80.9648 5.72205e-07
      vertex 22.8037 -81.1321 5.72205e-07
    endloop
  endfacet
  facet normal 0 0 -1
    outer loop
      vertex 22.1237 -80.0658 5.72205e-07
      vertex 21.0823 -79.9934 5.72205e-07
      vertex 21.2078 -79.8446 5.72205e-07
    endloop
  endfacet
  facet normal 0 -0 -1
    outer loop
      vertex 19.9589 -80.4733 5.72205e-07
      vertex 23.0105 -81.2737 5.72205e-07
      vertex 17.1384 -81.7786 5.72205e-07
    endloop
  endfacet
  facet normal 0 0 -1
    outer loop
      vertex 22.2104 -80.324 5.72205e-07
      vertex 20.9385 -80.1234 5.72205e-07
      vertex 21.0823 -79.9934 5.72205e-07
    endloop
  endfacet
  facet normal 0 0 -1
    outer loop
      vertex 22.3219 -80.5599 5.72205e-07
      vertex 20.7773 -80.2333 5.72205e-07
      vertex 20.9385 -80.1234 5.72205e-07
    endloop
  endfacet
  facet normal 0 0 -1
    outer loop
      vertex 22.4581 -80.7735 5.72205e-07
      vertex 20.5988 -80.3233 5.72205e-07
      vertex 20.7773 -80.2333 5.72205e-07
    endloop
  endfacet
  facet normal 0 0 -1
    outer loop
      vertex 22.6191 -80.9648 5.72205e-07
      vertex 20.4028 -80.3933 5.72205e-07
      vertex 20.5988 -80.3233 5.72205e-07
    endloop
  endfacet
  facet normal 0 0 -1
    outer loop
      vertex 23.0105 -81.2737 5.72205e-07
      vertex 19.9589 -80.4733 5.72205e-07
      vertex 22.8037 -81.1321 5.72205e-07
    endloop
  endfacet
  facet normal 0 0 -1
    outer loop
      vertex 22.8037 -81.1321 5.72205e-07
      vertex 20.1895 -80.4433 5.72205e-07
      vertex 20.4028 -80.3933 5.72205e-07
    endloop
  endfacet
  facet normal 0 0 -1
    outer loop
      vertex 22.8037 -81.1321 5.72205e-07
      vertex 19.9589 -80.4733 5.72205e-07
      vertex 20.1895 -80.4433 5.72205e-07
    endloop
  endfacet
  facet normal 0 0 -1
    outer loop
      vertex 19.9589 -80.4733 5.72205e-07
      vertex 17.1384 -81.7786 5.72205e-07
      vertex 19.7108 -80.4833 5.72205e-07
    endloop
  endfacet
  facet normal -0 0 -1
    outer loop
      vertex 19.7108 -80.4833 5.72205e-07
      vertex 17.1384 -81.7786 5.72205e-07
      vertex 19.4679 -80.473 5.72205e-07
    endloop
  endfacet
  facet normal -0 0 -1
    outer loop
      vertex 19.4679 -80.473 5.72205e-07
      vertex 17.1384 -81.7786 5.72205e-07
      vertex 19.2409 -80.4419 5.72205e-07
    endloop
  endfacet
  facet normal -0 0 -1
    outer loop
      vertex 19.2409 -80.4419 5.72205e-07
      vertex 17.1384 -81.7786 5.72205e-07
      vertex 19.0297 -80.3902 5.72205e-07
    endloop
  endfacet
  facet normal -0 0 -1
    outer loop
      vertex 19.0297 -80.3902 5.72205e-07
      vertex 17.1384 -81.7786 5.72205e-07
      vertex 18.8345 -80.3178 5.72205e-07
    endloop
  endfacet
  facet normal 0 0 -1
    outer loop
      vertex 17.1384 -76.7469 5.72205e-07
      vertex 17.8661 -78.8297 5.72205e-07
      vertex 17.1384 -81.7786 5.72205e-07
    endloop
  endfacet
  facet normal -0 0 -1
    outer loop
      vertex 17.896 -79.0594 5.72205e-07
      vertex 17.1384 -81.7786 5.72205e-07
      vertex 17.8661 -78.8297 5.72205e-07
    endloop
  endfacet
  facet normal -0 0 -1
    outer loop
      vertex 17.9459 -79.2737 5.72205e-07
      vertex 17.1384 -81.7786 5.72205e-07
      vertex 17.896 -79.0594 5.72205e-07
    endloop
  endfacet
  facet normal -0 0 -1
    outer loop
      vertex 18.0156 -79.4725 5.72205e-07
      vertex 17.1384 -81.7786 5.72205e-07
      vertex 17.9459 -79.2737 5.72205e-07
    endloop
  endfacet
  facet normal -0 0 -1
    outer loop
      vertex 18.1053 -79.6559 5.72205e-07
      vertex 17.1384 -81.7786 5.72205e-07
      vertex 18.0156 -79.4725 5.72205e-07
    endloop
  endfacet
  facet normal -0 0 -1
    outer loop
      vertex 18.2149 -79.8239 5.72205e-07
      vertex 17.1384 -81.7786 5.72205e-07
      vertex 18.1053 -79.6559 5.72205e-07
    endloop
  endfacet
  facet normal -0 0 -1
    outer loop
      vertex 18.3444 -79.9764 5.72205e-07
      vertex 17.1384 -81.7786 5.72205e-07
      vertex 18.2149 -79.8239 5.72205e-07
    endloop
  endfacet
  facet normal -0 0 -1
    outer loop
      vertex 18.4919 -80.1109 5.72205e-07
      vertex 17.1384 -81.7786 5.72205e-07
      vertex 18.3444 -79.9764 5.72205e-07
    endloop
  endfacet
  facet normal -0 0 -1
    outer loop
      vertex 18.6553 -80.2247 5.72205e-07
      vertex 17.1384 -81.7786 5.72205e-07
      vertex 18.4919 -80.1109 5.72205e-07
    endloop
  endfacet
  facet normal -0 0 -1
    outer loop
      vertex 18.8345 -80.3178 5.72205e-07
      vertex 17.1384 -81.7786 5.72205e-07
      vertex 18.6553 -80.2247 5.72205e-07
    endloop
  endfacet
  facet normal -0 0 -1
    outer loop
      vertex 23.491 -81.4796 5.72205e-07
      vertex 17.1384 -81.7786 5.72205e-07
      vertex 23.2396 -81.3895 5.72205e-07
    endloop
  endfacet
  facet normal 0 0 -1
    outer loop
      vertex 15.6995 -80.4155 5.72205e-07
      vertex 16.1856 -76.7469 5.72205e-07
      vertex 16.1856 -81.7786 5.72205e-07
    endloop
  endfacet
  facet normal 0 0 -1
    outer loop
      vertex 14.4111 -78.9847 5.72205e-07
      vertex 16.1856 -76.7469 5.72205e-07
      vertex 15.6995 -80.4155 5.72205e-07
    endloop
  endfacet
  facet normal 0 0 -1
    outer loop
      vertex 16.1856 -81.7786 5.72205e-07
      vertex 14.6755 -80.4155 5.72205e-07
      vertex 15.6995 -80.4155 5.72205e-07
    endloop
  endfacet
  facet normal 0 0 -1
    outer loop
      vertex 16.1856 -81.7786 5.72205e-07
      vertex 13.3668 -81.7786 5.72205e-07
      vertex 14.6755 -80.4155 5.72205e-07
    endloop
  endfacet
  facet normal -0 0 -1
    outer loop
      vertex 17.1384 -81.7786 5.72205e-07
      vertex 2 -94.5 5.72205e-07
      vertex 16.1856 -81.7786 5.72205e-07
    endloop
  endfacet
  facet normal -0 0 -1
    outer loop
      vertex 16.1856 -81.7786 5.72205e-07
      vertex 2 -94.5 5.72205e-07
      vertex 13.3668 -81.7786 5.72205e-07
    endloop
  endfacet
  facet normal 0 0 -1
    outer loop
      vertex 12.414 -81.7786 5.72205e-07
      vertex 11.9821 -80.4155 5.72205e-07
      vertex 12.414 -76.7469 5.72205e-07
    endloop
  endfacet
  facet normal 0 0 -1
    outer loop
      vertex 12.414 -81.7786 5.72205e-07
      vertex 10.9853 -80.4155 5.72205e-07
      vertex 11.9821 -80.4155 5.72205e-07
    endloop
  endfacet
  facet normal 0 0 -1
    outer loop
      vertex 10.2224 -77.8861 5.72205e-07
      vertex 10.08 -77.774 5.72205e-07
      vertex 10.1376 -77.564 5.72205e-07
    endloop
  endfacet
  facet normal 0 0 -1
    outer loop
      vertex 9.97341 -78.1457 5.72205e-07
      vertex 10.2224 -77.8861 5.72205e-07
      vertex 10.4428 -78.6829 5.72205e-07
    endloop
  endfacet
  facet normal 0 0 -1
    outer loop
      vertex 9.79513 -78.6965 5.72205e-07
      vertex 10.4428 -78.6829 5.72205e-07
      vertex 10.9853 -80.4155 5.72205e-07
    endloop
  endfacet
  facet normal -0 0 -1
    outer loop
      vertex 10.2224 -77.8861 5.72205e-07
      vertex 10.0252 -77.9679 5.72205e-07
      vertex 10.08 -77.774 5.72205e-07
    endloop
  endfacet
  facet normal 0 0 -1
    outer loop
      vertex 10.2224 -77.8861 5.72205e-07
      vertex 9.97341 -78.1457 5.72205e-07
      vertex 10.0252 -77.9679 5.72205e-07
    endloop
  endfacet
  facet normal 0 0 -1
    outer loop
      vertex 10.4428 -78.6829 5.72205e-07
      vertex 9.92448 -78.3075 5.72205e-07
      vertex 9.97341 -78.1457 5.72205e-07
    endloop
  endfacet
  facet normal 0 0 -1
    outer loop
      vertex 10.4428 -78.6829 5.72205e-07
      vertex 9.87846 -78.4532 5.72205e-07
      vertex 9.92448 -78.3075 5.72205e-07
    endloop
  endfacet
  facet normal 0 0 -1
    outer loop
      vertex 10.4428 -78.6829 5.72205e-07
      vertex 9.83534 -78.5829 5.72205e-07
      vertex 9.87846 -78.4532 5.72205e-07
    endloop
  endfacet
  facet normal -0 0 -1
    outer loop
      vertex 10.4428 -78.6829 5.72205e-07
      vertex 9.79513 -78.6965 5.72205e-07
      vertex 9.83534 -78.5829 5.72205e-07
    endloop
  endfacet
  facet normal 0 0 -1
    outer loop
      vertex 10.9853 -80.4155 5.72205e-07
      vertex 9.21873 -80.4155 5.72205e-07
      vertex 9.79513 -78.6965 5.72205e-07
    endloop
  endfacet
  facet normal 0 0 -1
    outer loop
      vertex 12.414 -81.7786 5.72205e-07
      vertex 9.21873 -80.4155 5.72205e-07
      vertex 10.9853 -80.4155 5.72205e-07
    endloop
  endfacet
  facet normal -0 0 -1
    outer loop
      vertex 13.3668 -81.7786 5.72205e-07
      vertex 2 -94.5 5.72205e-07
      vertex 12.414 -81.7786 5.72205e-07
    endloop
  endfacet
  facet normal 0 -0 -1
    outer loop
      vertex 6.77056 -81.4853 5.72205e-07
      vertex 12.414 -81.7786 5.72205e-07
      vertex 2 -94.5 5.72205e-07
    endloop
  endfacet
  facet normal 0 0 -1
    outer loop
      vertex 8.21172 -80.4155 5.72205e-07
      vertex 8.02381 -80.2663 5.72205e-07
      vertex 8.08482 -78.0455 5.72205e-07
    endloop
  endfacet
  facet normal -0 0 -1
    outer loop
      vertex 8.21172 -80.4155 5.72205e-07
      vertex 7.95634 -80.4468 5.72205e-07
      vertex 8.02381 -80.2663 5.72205e-07
    endloop
  endfacet
  facet normal 0 -0 -1
    outer loop
      vertex 7.42591 -81.1552 5.72205e-07
      vertex 12.414 -81.7786 5.72205e-07
      vertex 7.28121 -81.2581 5.72205e-07
    endloop
  endfacet
  facet normal 0 0 -1
    outer loop
      vertex 8.21172 -80.4155 5.72205e-07
      vertex 7.876 -80.6144 5.72205e-07
      vertex 7.95634 -80.4468 5.72205e-07
    endloop
  endfacet
  facet normal 0 0 -1
    outer loop
      vertex 8.21172 -80.4155 5.72205e-07
      vertex 7.78278 -80.769 5.72205e-07
      vertex 7.876 -80.6144 5.72205e-07
    endloop
  endfacet
  facet normal -0 0 -1
    outer loop
      vertex 9.21873 -80.4155 5.72205e-07
      vertex 7.78278 -80.769 5.72205e-07
      vertex 8.21172 -80.4155 5.72205e-07
    endloop
  endfacet
  facet normal 0 -0 -1
    outer loop
      vertex 7.78278 -80.769 5.72205e-07
      vertex 9.21873 -80.4155 5.72205e-07
      vertex 7.67669 -80.9107 5.72205e-07
    endloop
  endfacet
  facet normal 0 -0 -1
    outer loop
      vertex 7.67669 -80.9107 5.72205e-07
      vertex 9.21873 -80.4155 5.72205e-07
      vertex 7.55773 -81.0394 5.72205e-07
    endloop
  endfacet
  facet normal 0 0 -1
    outer loop
      vertex 9.21873 -80.4155 5.72205e-07
      vertex 7.42591 -81.1552 5.72205e-07
      vertex 7.55773 -81.0394 5.72205e-07
    endloop
  endfacet
  facet normal 0 0 -1
    outer loop
      vertex 12.414 -81.7786 5.72205e-07
      vertex 7.42591 -81.1552 5.72205e-07
      vertex 9.21873 -80.4155 5.72205e-07
    endloop
  endfacet
  facet normal 0 0 -1
    outer loop
      vertex 12.414 -81.7786 5.72205e-07
      vertex 7.12374 -81.3476 5.72205e-07
      vertex 7.28121 -81.2581 5.72205e-07
    endloop
  endfacet
  facet normal 0 0 -1
    outer loop
      vertex 12.414 -81.7786 5.72205e-07
      vertex 6.95352 -81.4233 5.72205e-07
      vertex 7.12374 -81.3476 5.72205e-07
    endloop
  endfacet
  facet normal 0 0 -1
    outer loop
      vertex 12.414 -81.7786 5.72205e-07
      vertex 6.77056 -81.4853 5.72205e-07
      vertex 6.95352 -81.4233 5.72205e-07
    endloop
  endfacet
  facet normal 0 0 -1
    outer loop
      vertex 6.77056 -81.4853 5.72205e-07
      vertex 2 -94.5 5.72205e-07
      vertex 6.57488 -81.5335 5.72205e-07
    endloop
  endfacet
  facet normal 0 0 -1
    outer loop
      vertex 6.57488 -81.5335 5.72205e-07
      vertex 2 -94.5 5.72205e-07
      vertex 6.36646 -81.5679 5.72205e-07
    endloop
  endfacet
  facet normal 0 0 -1
    outer loop
      vertex 6.36646 -81.5679 5.72205e-07
      vertex 2 -94.5 5.72205e-07
      vertex 6.1453 -81.5886 5.72205e-07
    endloop
  endfacet
  facet normal 0 0 -1
    outer loop
      vertex 6.1453 -81.5886 5.72205e-07
      vertex 2 -94.5 5.72205e-07
      vertex 5.91142 -81.5955 5.72205e-07
    endloop
  endfacet
  facet normal -0 0 -1
    outer loop
      vertex 5.91142 -81.5955 5.72205e-07
      vertex 2 -94.5 5.72205e-07
      vertex 5.59318 -81.5826 5.72205e-07
    endloop
  endfacet
  facet normal -0 0 -1
    outer loop
      vertex 5.59318 -81.5826 5.72205e-07
      vertex 2 -94.5 5.72205e-07
      vertex 5.29723 -81.544 5.72205e-07
    endloop
  endfacet
  facet normal -0 0 -1
    outer loop
      vertex 3.59431 -79.7854 5.72205e-07
      vertex -2 -90.5 5.72205e-07
      vertex 3.55715 -79.4826 5.72205e-07
    endloop
  endfacet
  facet normal -0 0 -1
    outer loop
      vertex 3.65624 -80.0658 5.72205e-07
      vertex -2 -90.5 5.72205e-07
      vertex 3.59431 -79.7854 5.72205e-07
    endloop
  endfacet
  facet normal -0 0 -1
    outer loop
      vertex 3.74294 -80.324 5.72205e-07
      vertex -2 -90.5 5.72205e-07
      vertex 3.65624 -80.0658 5.72205e-07
    endloop
  endfacet
  facet normal -0 0 -1
    outer loop
      vertex 3.85441 -80.5599 5.72205e-07
      vertex -2 -90.5 5.72205e-07
      vertex 3.74294 -80.324 5.72205e-07
    endloop
  endfacet
  facet normal -0 0 -1
    outer loop
      vertex 3.99065 -80.7735 5.72205e-07
      vertex -2 -90.5 5.72205e-07
      vertex 3.85441 -80.5599 5.72205e-07
    endloop
  endfacet
  facet normal -0 0 -1
    outer loop
      vertex 4.15167 -80.9648 5.72205e-07
      vertex -2 -90.5 5.72205e-07
      vertex 3.99065 -80.7735 5.72205e-07
    endloop
  endfacet
  facet normal -0 0 -1
    outer loop
      vertex 4.33622 -81.1321 5.72205e-07
      vertex -2 -90.5 5.72205e-07
      vertex 4.15167 -80.9648 5.72205e-07
    endloop
  endfacet
  facet normal -0 0 -1
    outer loop
      vertex 4.54305 -81.2737 5.72205e-07
      vertex -2 -90.5 5.72205e-07
      vertex 4.33622 -81.1321 5.72205e-07
    endloop
  endfacet
  facet normal -0 0 -1
    outer loop
      vertex 4.77216 -81.3895 5.72205e-07
      vertex -2 -90.5 5.72205e-07
      vertex 4.54305 -81.2737 5.72205e-07
    endloop
  endfacet
  facet normal -0 0 -1
    outer loop
      vertex 5.02357 -81.4796 5.72205e-07
      vertex -2 -90.5 5.72205e-07
      vertex 4.77216 -81.3895 5.72205e-07
    endloop
  endfacet
  facet normal -0 0 -1
    outer loop
      vertex 5.29723 -81.544 5.72205e-07
      vertex -2 -90.5 5.72205e-07
      vertex 5.02357 -81.4796 5.72205e-07
    endloop
  endfacet
  facet normal 0 0 -1
    outer loop
      vertex -2 -90.5 5.72205e-07
      vertex 5.29723 -81.544 5.72205e-07
      vertex 2 -94.5 5.72205e-07
    endloop
  endfacet
  facet normal 0 0 -1
    outer loop
      vertex 46.2 -90.5 5.72205e-07
      vertex 40.7468 -78.3442 5.72205e-07
      vertex 40.7243 -78.1073 5.72205e-07
    endloop
  endfacet
  facet normal 0 0 -1
    outer loop
      vertex 46.2 -90.5 5.72205e-07
      vertex 40.7243 -78.1073 5.72205e-07
      vertex 40.6868 -77.8875 5.72205e-07
    endloop
  endfacet
  facet normal 0 0 -1
    outer loop
      vertex 40.6342 -77.6848 5.72205e-07
      vertex 46.2 -90.5 5.72205e-07
      vertex 40.6868 -77.8875 5.72205e-07
    endloop
  endfacet
  facet normal 0 0 -1
    outer loop
      vertex 40.3914 -51.0305 5.72205e-07
      vertex 46.2 -90.5 5.72205e-07
      vertex 40.6342 -77.6848 5.72205e-07
    endloop
  endfacet
  facet normal 0 0 -1
    outer loop
      vertex 40.3914 -51.0305 5.72205e-07
      vertex 40.6342 -77.6848 5.72205e-07
      vertex 40.5666 -77.4991 5.72205e-07
    endloop
  endfacet
  facet normal 0 0 -1
    outer loop
      vertex 40.3239 -51.2827 5.72205e-07
      vertex 40.5666 -77.4991 5.72205e-07
      vertex 40.4841 -77.3306 5.72205e-07
    endloop
  endfacet
  facet normal -0 0 -1
    outer loop
      vertex 45.8955 -0.469269 5.72205e-07
      vertex 40.0088 -5.30666 5.72205e-07
      vertex 45.6641 0 5.72205e-07
    endloop
  endfacet
  facet normal -0 0 -1
    outer loop
      vertex 45.6641 0 5.72205e-07
      vertex 40.0088 -5.30666 5.72205e-07
      vertex 45.3734 0.435043 5.72205e-07
    endloop
  endfacet
  facet normal -0 0 -1
    outer loop
      vertex 45.3734 0.435043 5.72205e-07
      vertex 40.0088 -5.30666 5.72205e-07
      vertex 45.0284 0.82843 5.72205e-07
    endloop
  endfacet
  facet normal -0 0 -1
    outer loop
      vertex 45.0284 0.82843 5.72205e-07
      vertex 40.0088 -5.30666 5.72205e-07
      vertex 44.635 1.17342 5.72205e-07
    endloop
  endfacet
  facet normal -0 0 -1
    outer loop
      vertex 44.635 1.17342 5.72205e-07
      vertex 40.0088 -5.30666 5.72205e-07
      vertex 44.2 1.4641 5.72205e-07
    endloop
  endfacet
  facet normal -0 0 -1
    outer loop
      vertex 44.2 1.4641 5.72205e-07
      vertex 40.0088 -5.30666 5.72205e-07
      vertex 43.7307 1.69551 5.72205e-07
    endloop
  endfacet
  facet normal -0 0 -1
    outer loop
      vertex 43.7307 1.69551 5.72205e-07
      vertex 40.0088 -5.30666 5.72205e-07
      vertex 43.2353 1.86371 5.72205e-07
    endloop
  endfacet
  facet normal -0 0 -1
    outer loop
      vertex 43.2353 1.86371 5.72205e-07
      vertex 40.0088 -5.30666 5.72205e-07
      vertex 42.7221 1.96577 5.72205e-07
    endloop
  endfacet
  facet normal -0 0 -1
    outer loop
      vertex 42.7221 1.96577 5.72205e-07
      vertex 40.0088 -5.30666 5.72205e-07
      vertex 42.2 2 5.72205e-07
    endloop
  endfacet
  facet normal 0 0 -1
    outer loop
      vertex 39.9 -5.23398 5.72205e-07
      vertex 42.2 2 5.72205e-07
      vertex 40.0088 -5.30666 5.72205e-07
    endloop
  endfacet
  facet normal 0 0 -1
    outer loop
      vertex 39.7827 -5.17613 5.72205e-07
      vertex 42.2 2 5.72205e-07
      vertex 39.9 -5.23398 5.72205e-07
    endloop
  endfacet
  facet normal 0 0 -1
    outer loop
      vertex 39.6588 -5.13408 5.72205e-07
      vertex 42.2 2 5.72205e-07
      vertex 39.7827 -5.17613 5.72205e-07
    endloop
  endfacet
  facet normal 0 0 -1
    outer loop
      vertex 39.5305 -5.10857 5.72205e-07
      vertex 42.2 2 5.72205e-07
      vertex 39.6588 -5.13408 5.72205e-07
    endloop
  endfacet
  facet normal 0 0 -1
    outer loop
      vertex 39.4 -5.10001 5.72205e-07
      vertex 42.2 2 5.72205e-07
      vertex 39.5305 -5.10857 5.72205e-07
    endloop
  endfacet
  facet normal 0 0 -1
    outer loop
      vertex 4.80001 -5.10001 5.72205e-07
      vertex 42.2 2 5.72205e-07
      vertex 39.4 -5.10001 5.72205e-07
    endloop
  endfacet
  facet normal 0 0 -1
    outer loop
      vertex 2 2 5.72205e-07
      vertex 4.80001 -5.10001 5.72205e-07
      vertex 4.66949 -5.10857 5.72205e-07
    endloop
  endfacet
  facet normal -0 0 -1
    outer loop
      vertex 3.80857 -51.0305 5.72205e-07
      vertex -2 -90.5 5.72205e-07
      vertex 3.80001 -50.9 5.72205e-07
    endloop
  endfacet
  facet normal 0 0 -1
    outer loop
      vertex -2 -90.5 5.72205e-07
      vertex 3.66029 -78.2477 5.72205e-07
      vertex 3.59611 -78.5297 5.72205e-07
    endloop
  endfacet
  facet normal 0 0 -1
    outer loop
      vertex -2 -90.5 5.72205e-07
      vertex 3.59611 -78.5297 5.72205e-07
      vertex 3.55761 -78.8331 5.72205e-07
    endloop
  endfacet
  facet normal 0 0 -1
    outer loop
      vertex -2 -90.5 5.72205e-07
      vertex 3.55761 -78.8331 5.72205e-07
      vertex 3.54476 -79.1576 5.72205e-07
    endloop
  endfacet
  facet normal -0 0 -1
    outer loop
      vertex 3.55715 -79.4826 5.72205e-07
      vertex -2 -90.5 5.72205e-07
      vertex 3.54476 -79.1576 5.72205e-07
    endloop
  endfacet
  facet normal 0 0 -1
    outer loop
      vertex 4.80001 -5.10001 5.72205e-07
      vertex 2 2 5.72205e-07
      vertex 42.2 2 5.72205e-07
    endloop
  endfacet
  facet normal 0 0 -1
    outer loop
      vertex 4.54119 -5.13408 5.72205e-07
      vertex 2 2 5.72205e-07
      vertex 4.66949 -5.10857 5.72205e-07
    endloop
  endfacet
  facet normal 0 0 -1
    outer loop
      vertex 4.41732 -5.17613 5.72205e-07
      vertex 2 2 5.72205e-07
      vertex 4.54119 -5.13408 5.72205e-07
    endloop
  endfacet
  facet normal 0 0 -1
    outer loop
      vertex 4.30001 -5.23398 5.72205e-07
      vertex 2 2 5.72205e-07
      vertex 4.41732 -5.17613 5.72205e-07
    endloop
  endfacet
  facet normal 0 0 -1
    outer loop
      vertex 4.19125 -5.30666 5.72205e-07
      vertex 2 2 5.72205e-07
      vertex 4.30001 -5.23398 5.72205e-07
    endloop
  endfacet
  facet normal 0 0 -1
    outer loop
      vertex -2 -2 5.72205e-07
      vertex 4.19125 -5.30666 5.72205e-07
      vertex 4.0929 -5.3929 5.72205e-07
    endloop
  endfacet
  facet normal 0 0 -1
    outer loop
      vertex -2 -2 5.72205e-07
      vertex 4.0929 -5.3929 5.72205e-07
      vertex 4.00666 -5.49124 5.72205e-07
    endloop
  endfacet
  facet normal 0 0 -1
    outer loop
      vertex -2 -2 5.72205e-07
      vertex 4.00666 -5.49124 5.72205e-07
      vertex 3.93398 -5.60001 5.72205e-07
    endloop
  endfacet
  facet normal 0 0 -1
    outer loop
      vertex -2 -2 5.72205e-07
      vertex 3.93398 -5.60001 5.72205e-07
      vertex 3.87614 -5.71732 5.72205e-07
    endloop
  endfacet
  facet normal 0 0 -1
    outer loop
      vertex -2 -2 5.72205e-07
      vertex 3.87614 -5.71732 5.72205e-07
      vertex 3.83408 -5.84119 5.72205e-07
    endloop
  endfacet
  facet normal 0 0 -1
    outer loop
      vertex -2 -2 5.72205e-07
      vertex 3.83408 -5.84119 5.72205e-07
      vertex 3.80857 -5.96948 5.72205e-07
    endloop
  endfacet
  facet normal 0 0 -1
    outer loop
      vertex -2 -2 5.72205e-07
      vertex 3.80857 -5.96948 5.72205e-07
      vertex 3.80001 -6.10001 5.72205e-07
    endloop
  endfacet
  facet normal -0 0 -1
    outer loop
      vertex 3.80001 -50.9 5.72205e-07
      vertex -2 -90.5 5.72205e-07
      vertex -2 -2 5.72205e-07
    endloop
  endfacet
  facet normal 0 0 -1
    outer loop
      vertex -2 -90.5 5.72205e-07
      vertex 2 -94.5 5.72205e-07
      vertex 1.47789 -94.4658 5.72205e-07
    endloop
  endfacet
  facet normal 0 0 -1
    outer loop
      vertex 3.80001 -50.9 5.72205e-07
      vertex -2 -2 5.72205e-07
      vertex 3.80001 -6.10001 5.72205e-07
    endloop
  endfacet
  facet normal 0 0 -1
    outer loop
      vertex -2 -90.5 5.72205e-07
      vertex 1.47789 -94.4658 5.72205e-07
      vertex 0.964722 -94.3637 5.72205e-07
    endloop
  endfacet
  facet normal 0 0 -1
    outer loop
      vertex 4.19125 -5.30666 5.72205e-07
      vertex -2 -2 5.72205e-07
      vertex 2 2 5.72205e-07
    endloop
  endfacet
  facet normal 0 0 -1
    outer loop
      vertex -2 -90.5 5.72205e-07
      vertex 0.964722 -94.3637 5.72205e-07
      vertex 0.469269 -94.1955 5.72205e-07
    endloop
  endfacet
  facet normal 0 0 -1
    outer loop
      vertex 2 2 5.72205e-07
      vertex -2 -2 5.72205e-07
      vertex 1.47789 1.96577 5.72205e-07
    endloop
  endfacet
  facet normal 0 0 -1
    outer loop
      vertex -2 -90.5 5.72205e-07
      vertex 0.469269 -94.1955 5.72205e-07
      vertex 0 -93.9641 5.72205e-07
    endloop
  endfacet
  facet normal 0 0 -1
    outer loop
      vertex 1.47789 1.96577 5.72205e-07
      vertex -2 -2 5.72205e-07
      vertex 0.964722 1.86371 5.72205e-07
    endloop
  endfacet
  facet normal 0 0 -1
    outer loop
      vertex -2 -90.5 5.72205e-07
      vertex 0 -93.9641 5.72205e-07
      vertex -0.435043 -93.6734 5.72205e-07
    endloop
  endfacet
  facet normal 0 0 -1
    outer loop
      vertex 0.964722 1.86371 5.72205e-07
      vertex -2 -2 5.72205e-07
      vertex 0.469269 1.69551 5.72205e-07
    endloop
  endfacet
  facet normal 0 0 -1
    outer loop
      vertex -2 -90.5 5.72205e-07
      vertex -0.435043 -93.6734 5.72205e-07
      vertex -0.82843 -93.3284 5.72205e-07
    endloop
  endfacet
  facet normal 0 0 -1
    outer loop
      vertex 0.469269 1.69551 5.72205e-07
      vertex -2 -2 5.72205e-07
      vertex 0 1.4641 5.72205e-07
    endloop
  endfacet
  facet normal 0 0 -1
    outer loop
      vertex -2 -90.5 5.72205e-07
      vertex -0.82843 -93.3284 5.72205e-07
      vertex -1.17342 -92.935 5.72205e-07
    endloop
  endfacet
  facet normal 0 0 -1
    outer loop
      vertex 0 1.4641 5.72205e-07
      vertex -2 -2 5.72205e-07
      vertex -0.435043 1.17342 5.72205e-07
    endloop
  endfacet
  facet normal 0 0 -1
    outer loop
      vertex -2 -90.5 5.72205e-07
      vertex -1.17342 -92.935 5.72205e-07
      vertex -1.4641 -92.5 5.72205e-07
    endloop
  endfacet
  facet normal 0 0 -1
    outer loop
      vertex -0.435043 1.17342 5.72205e-07
      vertex -2 -2 5.72205e-07
      vertex -0.82843 0.82843 5.72205e-07
    endloop
  endfacet
  facet normal 0 0 -1
    outer loop
      vertex -2 -90.5 5.72205e-07
      vertex -1.4641 -92.5 5.72205e-07
      vertex -1.69551 -92.0307 5.72205e-07
    endloop
  endfacet
  facet normal 0 0 -1
    outer loop
      vertex -0.82843 0.82843 5.72205e-07
      vertex -2 -2 5.72205e-07
      vertex -1.17342 0.435043 5.72205e-07
    endloop
  endfacet
  facet normal 0 0 -1
    outer loop
      vertex -2 -90.5 5.72205e-07
      vertex -1.69551 -92.0307 5.72205e-07
      vertex -1.86371 -91.5353 5.72205e-07
    endloop
  endfacet
  facet normal 0 0 -1
    outer loop
      vertex -1.17342 0.435043 5.72205e-07
      vertex -2 -2 5.72205e-07
      vertex -1.4641 0 5.72205e-07
    endloop
  endfacet
  facet normal 0 0 -1
    outer loop
      vertex -2 -90.5 5.72205e-07
      vertex -1.86371 -91.5353 5.72205e-07
      vertex -1.96577 -91.0221 5.72205e-07
    endloop
  endfacet
  facet normal 0 0 -1
    outer loop
      vertex -1.4641 0 5.72205e-07
      vertex -2 -2 5.72205e-07
      vertex -1.69551 -0.469269 5.72205e-07
    endloop
  endfacet
  facet normal 0 0 -1
    outer loop
      vertex -1.69551 -0.469269 5.72205e-07
      vertex -2 -2 5.72205e-07
      vertex -1.86371 -0.964722 5.72205e-07
    endloop
  endfacet
  facet normal 0 0 -1
    outer loop
      vertex -1.86371 -0.964722 5.72205e-07
      vertex -2 -2 5.72205e-07
      vertex -1.96577 -1.47789 5.72205e-07
    endloop
  endfacet
  facet normal 0 0 -1
    outer loop
      vertex 18.8741 -78.9147 5.72205e-07
      vertex 20.5542 -78.7642 5.72205e-07
      vertex 20.5411 -78.9292 5.72205e-07
    endloop
  endfacet
  facet normal 0 0 -1
    outer loop
      vertex 18.8564 -78.5846 5.72205e-07
      vertex 20.5542 -78.7642 5.72205e-07
      vertex 18.8741 -78.9147 5.72205e-07
    endloop
  endfacet
  facet normal 0 0 -1
    outer loop
      vertex 18.8741 -78.9147 5.72205e-07
      vertex 20.5411 -78.9292 5.72205e-07
      vertex 20.5193 -79.0795 5.72205e-07
    endloop
  endfacet
  facet normal 0 0 -1
    outer loop
      vertex 18.9273 -79.1941 5.72205e-07
      vertex 20.5193 -79.0795 5.72205e-07
      vertex 20.4888 -79.2151 5.72205e-07
    endloop
  endfacet
  facet normal 0 -0 -1
    outer loop
      vertex 18.8607 -78.4152 5.72205e-07
      vertex 20.5585 -78.5846 5.72205e-07
      vertex 18.8564 -78.5846 5.72205e-07
    endloop
  endfacet
  facet normal 0 0 -1
    outer loop
      vertex 18.9273 -79.1941 5.72205e-07
      vertex 20.4888 -79.2151 5.72205e-07
      vertex 20.4495 -79.3361 5.72205e-07
    endloop
  endfacet
  facet normal 0 0 -1
    outer loop
      vertex 19.8367 -79.823 5.72205e-07
      vertex 20.4495 -79.3361 5.72205e-07
      vertex 20.4016 -79.4424 5.72205e-07
    endloop
  endfacet
  facet normal 0 0 -1
    outer loop
      vertex 20.5585 -78.5846 5.72205e-07
      vertex 18.8607 -78.4152 5.72205e-07
      vertex 20.5406 -78.2518 5.72205e-07
    endloop
  endfacet
  facet normal 0 0 -1
    outer loop
      vertex 19.8367 -79.823 5.72205e-07
      vertex 20.4016 -79.4424 5.72205e-07
      vertex 20.3449 -79.534 5.72205e-07
    endloop
  endfacet
  facet normal 0 0 -1
    outer loop
      vertex 19.9411 -79.8049 5.72205e-07
      vertex 20.3449 -79.534 5.72205e-07
      vertex 20.2799 -79.6122 5.72205e-07
    endloop
  endfacet
  facet normal 0 -0 -1
    outer loop
      vertex 18.8737 -78.2578 5.72205e-07
      vertex 20.5406 -78.2518 5.72205e-07
      vertex 18.8607 -78.4152 5.72205e-07
    endloop
  endfacet
  facet normal 0 0 -1
    outer loop
      vertex 19.9411 -79.8049 5.72205e-07
      vertex 20.2799 -79.6122 5.72205e-07
      vertex 20.207 -79.6785 5.72205e-07
    endloop
  endfacet
  facet normal 0 0 -1
    outer loop
      vertex 19.9411 -79.8049 5.72205e-07
      vertex 20.207 -79.6785 5.72205e-07
      vertex 20.1263 -79.7326 5.72205e-07
    endloop
  endfacet
  facet normal 0 -0 -1
    outer loop
      vertex 18.8953 -78.1124 5.72205e-07
      vertex 20.5406 -78.2518 5.72205e-07
      vertex 18.8737 -78.2578 5.72205e-07
    endloop
  endfacet
  facet normal 0 0 -1
    outer loop
      vertex 19.9411 -79.8049 5.72205e-07
      vertex 20.1263 -79.7326 5.72205e-07
      vertex 20.0377 -79.7748 5.72205e-07
    endloop
  endfacet
  facet normal 0 0 -1
    outer loop
      vertex 20.3449 -79.534 5.72205e-07
      vertex 19.9411 -79.8049 5.72205e-07
      vertex 19.8367 -79.823 5.72205e-07
    endloop
  endfacet
  facet normal 0 0 -1
    outer loop
      vertex 20.5406 -78.2518 5.72205e-07
      vertex 18.8953 -78.1124 5.72205e-07
      vertex 20.4868 -77.9701 5.72205e-07
    endloop
  endfacet
  facet normal 0 0 -1
    outer loop
      vertex 20.4495 -79.3361 5.72205e-07
      vertex 19.8367 -79.823 5.72205e-07
      vertex 19.7244 -79.829 5.72205e-07
    endloop
  endfacet
  facet normal -0 0 -1
    outer loop
      vertex 20.4495 -79.3361 5.72205e-07
      vertex 19.7244 -79.829 5.72205e-07
      vertex 18.9273 -79.1941 5.72205e-07
    endloop
  endfacet
  facet normal 0 -0 -1
    outer loop
      vertex 18.9256 -77.979 5.72205e-07
      vertex 20.4868 -77.9701 5.72205e-07
      vertex 18.8953 -78.1124 5.72205e-07
    endloop
  endfacet
  facet normal 0 -0 -1
    outer loop
      vertex 18.9645 -77.8575 5.72205e-07
      vertex 20.4868 -77.9701 5.72205e-07
      vertex 18.9256 -77.979 5.72205e-07
    endloop
  endfacet
  facet normal 0 0 -1
    outer loop
      vertex 19.0158 -79.4226 5.72205e-07
      vertex 19.7244 -79.829 5.72205e-07
      vertex 19.4941 -79.8036 5.72205e-07
    endloop
  endfacet
  facet normal 0 0 -1
    outer loop
      vertex 20.4868 -77.9701 5.72205e-07
      vertex 18.9645 -77.8575 5.72205e-07
      vertex 20.3972 -77.7397 5.72205e-07
    endloop
  endfacet
  facet normal 0 -0 -1
    outer loop
      vertex 19.9133 -77.3557 5.72205e-07
      vertex 20.3972 -77.7397 5.72205e-07
      vertex 18.9645 -77.8575 5.72205e-07
    endloop
  endfacet
  facet normal 0 0 -1
    outer loop
      vertex 19.1398 -79.6004 5.72205e-07
      vertex 19.4941 -79.8036 5.72205e-07
      vertex 19.2993 -79.7274 5.72205e-07
    endloop
  endfacet
  facet normal 0 0 -1
    outer loop
      vertex 20.3972 -77.7397 5.72205e-07
      vertex 19.9133 -77.3557 5.72205e-07
      vertex 20.2718 -77.5605 5.72205e-07
    endloop
  endfacet
  facet normal 0 0 -1
    outer loop
      vertex 20.2718 -77.5605 5.72205e-07
      vertex 19.9133 -77.3557 5.72205e-07
      vertex 20.1105 -77.4325 5.72205e-07
    endloop
  endfacet
  facet normal 0 0 -1
    outer loop
      vertex 19.4941 -79.8036 5.72205e-07
      vertex 19.1398 -79.6004 5.72205e-07
      vertex 19.0158 -79.4226 5.72205e-07
    endloop
  endfacet
  facet normal -0 0 -1
    outer loop
      vertex 19.9133 -77.3557 5.72205e-07
      vertex 18.9645 -77.8575 5.72205e-07
      vertex 19.6803 -77.3301 5.72205e-07
    endloop
  endfacet
  facet normal 0 -0 -1
    outer loop
      vertex 19.0121 -77.748 5.72205e-07
      vertex 19.6803 -77.3301 5.72205e-07
      vertex 18.9645 -77.8575 5.72205e-07
    endloop
  endfacet
  facet normal 0 0 -1
    outer loop
      vertex 19.7244 -79.829 5.72205e-07
      vertex 19.0158 -79.4226 5.72205e-07
      vertex 18.9273 -79.1941 5.72205e-07
    endloop
  endfacet
  facet normal 0 -0 -1
    outer loop
      vertex 19.0683 -77.6505 5.72205e-07
      vertex 19.6803 -77.3301 5.72205e-07
      vertex 19.0121 -77.748 5.72205e-07
    endloop
  endfacet
  facet normal 0 0 -1
    outer loop
      vertex 19.6803 -77.3301 5.72205e-07
      vertex 19.0683 -77.6505 5.72205e-07
      vertex 19.5698 -77.3366 5.72205e-07
    endloop
  endfacet
  facet normal -0 0 -1
    outer loop
      vertex 20.5193 -79.0795 5.72205e-07
      vertex 18.9273 -79.1941 5.72205e-07
      vertex 18.8741 -78.9147 5.72205e-07
    endloop
  endfacet
  facet normal 0 0 -1
    outer loop
      vertex 19.5698 -77.3366 5.72205e-07
      vertex 19.0683 -77.6505 5.72205e-07
      vertex 19.467 -77.3562 5.72205e-07
    endloop
  endfacet
  facet normal 0 0 -1
    outer loop
      vertex 19.467 -77.3562 5.72205e-07
      vertex 19.1327 -77.5655 5.72205e-07
      vertex 19.3719 -77.3889 5.72205e-07
    endloop
  endfacet
  facet normal 0 0 -1
    outer loop
      vertex 20.5542 -78.7642 5.72205e-07
      vertex 18.8564 -78.5846 5.72205e-07
      vertex 20.5585 -78.5846 5.72205e-07
    endloop
  endfacet
  facet normal 0 0 -1
    outer loop
      vertex 19.3719 -77.3889 5.72205e-07
      vertex 19.1327 -77.5655 5.72205e-07
      vertex 19.2845 -77.4347 5.72205e-07
    endloop
  endfacet
  facet normal 0 0 -1
    outer loop
      vertex 19.2845 -77.4347 5.72205e-07
      vertex 19.1327 -77.5655 5.72205e-07
      vertex 19.2048 -77.4935 5.72205e-07
    endloop
  endfacet
  facet normal 0 -0 -1
    outer loop
      vertex 19.1327 -77.5655 5.72205e-07
      vertex 19.467 -77.3562 5.72205e-07
      vertex 19.0683 -77.6505 5.72205e-07
    endloop
  endfacet
  facet normal 0 0 -1
    outer loop
      vertex 27.9142 -78.9147 5.72205e-07
      vertex 29.5942 -78.7642 5.72205e-07
      vertex 29.5811 -78.9292 5.72205e-07
    endloop
  endfacet
  facet normal 0 0 -1
    outer loop
      vertex 27.8964 -78.5846 5.72205e-07
      vertex 29.5942 -78.7642 5.72205e-07
      vertex 27.9142 -78.9147 5.72205e-07
    endloop
  endfacet
  facet normal 0 0 -1
    outer loop
      vertex 27.9142 -78.9147 5.72205e-07
      vertex 29.5811 -78.9292 5.72205e-07
      vertex 29.5593 -79.0795 5.72205e-07
    endloop
  endfacet
  facet normal 0 0 -1
    outer loop
      vertex 27.9673 -79.1941 5.72205e-07
      vertex 29.5593 -79.0795 5.72205e-07
      vertex 29.5288 -79.2151 5.72205e-07
    endloop
  endfacet
  facet normal 0 -0 -1
    outer loop
      vertex 27.9008 -78.4152 5.72205e-07
      vertex 29.5985 -78.5846 5.72205e-07
      vertex 27.8964 -78.5846 5.72205e-07
    endloop
  endfacet
  facet normal 0 0 -1
    outer loop
      vertex 27.9673 -79.1941 5.72205e-07
      vertex 29.5288 -79.2151 5.72205e-07
      vertex 29.4895 -79.3361 5.72205e-07
    endloop
  endfacet
  facet normal 0 0 -1
    outer loop
      vertex 28.8767 -79.823 5.72205e-07
      vertex 29.4895 -79.3361 5.72205e-07
      vertex 29.4416 -79.4424 5.72205e-07
    endloop
  endfacet
  facet normal 0 0 -1
    outer loop
      vertex 29.5985 -78.5846 5.72205e-07
      vertex 27.9008 -78.4152 5.72205e-07
      vertex 29.5806 -78.2518 5.72205e-07
    endloop
  endfacet
  facet normal 0 0 -1
    outer loop
      vertex 28.8767 -79.823 5.72205e-07
      vertex 29.4416 -79.4424 5.72205e-07
      vertex 29.3849 -79.534 5.72205e-07
    endloop
  endfacet
  facet normal 0 0 -1
    outer loop
      vertex 28.9811 -79.8049 5.72205e-07
      vertex 29.3849 -79.534 5.72205e-07
      vertex 29.3199 -79.6122 5.72205e-07
    endloop
  endfacet
  facet normal 0 -0 -1
    outer loop
      vertex 27.9137 -78.2578 5.72205e-07
      vertex 29.5806 -78.2518 5.72205e-07
      vertex 27.9008 -78.4152 5.72205e-07
    endloop
  endfacet
  facet normal 0 0 -1
    outer loop
      vertex 28.9811 -79.8049 5.72205e-07
      vertex 29.3199 -79.6122 5.72205e-07
      vertex 29.2471 -79.6785 5.72205e-07
    endloop
  endfacet
  facet normal 0 0 -1
    outer loop
      vertex 28.9811 -79.8049 5.72205e-07
      vertex 29.2471 -79.6785 5.72205e-07
      vertex 29.1663 -79.7326 5.72205e-07
    endloop
  endfacet
  facet normal 0 -0 -1
    outer loop
      vertex 27.9354 -78.1124 5.72205e-07
      vertex 29.5806 -78.2518 5.72205e-07
      vertex 27.9137 -78.2578 5.72205e-07
    endloop
  endfacet
  facet normal 0 0 -1
    outer loop
      vertex 28.9811 -79.8049 5.72205e-07
      vertex 29.1663 -79.7326 5.72205e-07
      vertex 29.0777 -79.7748 5.72205e-07
    endloop
  endfacet
  facet normal 0 0 -1
    outer loop
      vertex 29.3849 -79.534 5.72205e-07
      vertex 28.9811 -79.8049 5.72205e-07
      vertex 28.8767 -79.823 5.72205e-07
    endloop
  endfacet
  facet normal 0 0 -1
    outer loop
      vertex 29.5806 -78.2518 5.72205e-07
      vertex 27.9354 -78.1124 5.72205e-07
      vertex 29.5268 -77.9701 5.72205e-07
    endloop
  endfacet
  facet normal 0 0 -1
    outer loop
      vertex 29.4895 -79.3361 5.72205e-07
      vertex 28.8767 -79.823 5.72205e-07
      vertex 28.7644 -79.829 5.72205e-07
    endloop
  endfacet
  facet normal -0 0 -1
    outer loop
      vertex 29.4895 -79.3361 5.72205e-07
      vertex 28.7644 -79.829 5.72205e-07
      vertex 27.9673 -79.1941 5.72205e-07
    endloop
  endfacet
  facet normal 0 -0 -1
    outer loop
      vertex 27.9656 -77.979 5.72205e-07
      vertex 29.5268 -77.9701 5.72205e-07
      vertex 27.9354 -78.1124 5.72205e-07
    endloop
  endfacet
  facet normal 0 -0 -1
    outer loop
      vertex 28.0046 -77.8575 5.72205e-07
      vertex 29.5268 -77.9701 5.72205e-07
      vertex 27.9656 -77.979 5.72205e-07
    endloop
  endfacet
  facet normal 0 0 -1
    outer loop
      vertex 28.0559 -79.4226 5.72205e-07
      vertex 28.7644 -79.829 5.72205e-07
      vertex 28.5342 -79.8036 5.72205e-07
    endloop
  endfacet
  facet normal 0 0 -1
    outer loop
      vertex 29.5268 -77.9701 5.72205e-07
      vertex 28.0046 -77.8575 5.72205e-07
      vertex 29.4372 -77.7397 5.72205e-07
    endloop
  endfacet
  facet normal 0 -0 -1
    outer loop
      vertex 28.9533 -77.3557 5.72205e-07
      vertex 29.4372 -77.7397 5.72205e-07
      vertex 28.0046 -77.8575 5.72205e-07
    endloop
  endfacet
  facet normal 0 0 -1
    outer loop
      vertex 28.1799 -79.6004 5.72205e-07
      vertex 28.5342 -79.8036 5.72205e-07
      vertex 28.3393 -79.7274 5.72205e-07
    endloop
  endfacet
  facet normal 0 0 -1
    outer loop
      vertex 29.4372 -77.7397 5.72205e-07
      vertex 28.9533 -77.3557 5.72205e-07
      vertex 29.3118 -77.5605 5.72205e-07
    endloop
  endfacet
  facet normal 0 0 -1
    outer loop
      vertex 29.3118 -77.5605 5.72205e-07
      vertex 28.9533 -77.3557 5.72205e-07
      vertex 29.1505 -77.4325 5.72205e-07
    endloop
  endfacet
  facet normal 0 0 -1
    outer loop
      vertex 28.5342 -79.8036 5.72205e-07
      vertex 28.1799 -79.6004 5.72205e-07
      vertex 28.0559 -79.4226 5.72205e-07
    endloop
  endfacet
  facet normal -0 0 -1
    outer loop
      vertex 28.9533 -77.3557 5.72205e-07
      vertex 28.0046 -77.8575 5.72205e-07
      vertex 28.7203 -77.3301 5.72205e-07
    endloop
  endfacet
  facet normal 0 -0 -1
    outer loop
      vertex 28.0521 -77.748 5.72205e-07
      vertex 28.7203 -77.3301 5.72205e-07
      vertex 28.0046 -77.8575 5.72205e-07
    endloop
  endfacet
  facet normal 0 0 -1
    outer loop
      vertex 28.7644 -79.829 5.72205e-07
      vertex 28.0559 -79.4226 5.72205e-07
      vertex 27.9673 -79.1941 5.72205e-07
    endloop
  endfacet
  facet normal 0 -0 -1
    outer loop
      vertex 28.1083 -77.6505 5.72205e-07
      vertex 28.7203 -77.3301 5.72205e-07
      vertex 28.0521 -77.748 5.72205e-07
    endloop
  endfacet
  facet normal 0 0 -1
    outer loop
      vertex 28.7203 -77.3301 5.72205e-07
      vertex 28.1083 -77.6505 5.72205e-07
      vertex 28.6099 -77.3366 5.72205e-07
    endloop
  endfacet
  facet normal -0 0 -1
    outer loop
      vertex 29.5593 -79.0795 5.72205e-07
      vertex 27.9673 -79.1941 5.72205e-07
      vertex 27.9142 -78.9147 5.72205e-07
    endloop
  endfacet
  facet normal 0 0 -1
    outer loop
      vertex 28.6099 -77.3366 5.72205e-07
      vertex 28.1083 -77.6505 5.72205e-07
      vertex 28.5071 -77.3562 5.72205e-07
    endloop
  endfacet
  facet normal 0 0 -1
    outer loop
      vertex 28.5071 -77.3562 5.72205e-07
      vertex 28.1727 -77.5655 5.72205e-07
      vertex 28.412 -77.3889 5.72205e-07
    endloop
  endfacet
  facet normal 0 0 -1
    outer loop
      vertex 29.5942 -78.7642 5.72205e-07
      vertex 27.8964 -78.5846 5.72205e-07
      vertex 29.5985 -78.5846 5.72205e-07
    endloop
  endfacet
  facet normal 0 0 -1
    outer loop
      vertex 28.412 -77.3889 5.72205e-07
      vertex 28.1727 -77.5655 5.72205e-07
      vertex 28.3245 -77.4347 5.72205e-07
    endloop
  endfacet
  facet normal 0 0 -1
    outer loop
      vertex 28.3245 -77.4347 5.72205e-07
      vertex 28.1727 -77.5655 5.72205e-07
      vertex 28.2448 -77.4935 5.72205e-07
    endloop
  endfacet
  facet normal 0 -0 -1
    outer loop
      vertex 28.1727 -77.5655 5.72205e-07
      vertex 28.5071 -77.3562 5.72205e-07
      vertex 28.1083 -77.6505 5.72205e-07
    endloop
  endfacet
  facet normal 0 0 -1
    outer loop
      vertex 38.2257 -78.7361 5.72205e-07
      vertex 39.7609 -78.5982 5.72205e-07
      vertex 39.7455 -78.9256 5.72205e-07
    endloop
  endfacet
  facet normal 0 0 -1
    outer loop
      vertex 38.2586 -79.0339 5.72205e-07
      vertex 39.7455 -78.9256 5.72205e-07
      vertex 39.6992 -79.2027 5.72205e-07
    endloop
  endfacet
  facet normal -0 0 -1
    outer loop
      vertex 39.7609 -78.5982 5.72205e-07
      vertex 38.2257 -78.7361 5.72205e-07
      vertex 38.2215 -78.571 5.72205e-07
    endloop
  endfacet
  facet normal 0 0 -1
    outer loop
      vertex 38.3698 -79.3997 5.72205e-07
      vertex 39.6992 -79.2027 5.72205e-07
      vertex 39.622 -79.4293 5.72205e-07
    endloop
  endfacet
  facet normal 0 -0 -1
    outer loop
      vertex 38.2257 -78.407 5.72205e-07
      vertex 39.7609 -78.5982 5.72205e-07
      vertex 38.2215 -78.571 5.72205e-07
    endloop
  endfacet
  facet normal 0 0 -1
    outer loop
      vertex 39.0048 -79.8323 5.72205e-07
      vertex 39.622 -79.4293 5.72205e-07
      vertex 39.514 -79.6056 5.72205e-07
    endloop
  endfacet
  facet normal 0 0 -1
    outer loop
      vertex 39.7609 -78.5982 5.72205e-07
      vertex 38.2257 -78.407 5.72205e-07
      vertex 39.7453 -78.2617 5.72205e-07
    endloop
  endfacet
  facet normal 0 0 -1
    outer loop
      vertex 39.2054 -79.8071 5.72205e-07
      vertex 39.514 -79.6056 5.72205e-07
      vertex 39.3751 -79.7316 5.72205e-07
    endloop
  endfacet
  facet normal 0 -0 -1
    outer loop
      vertex 38.238 -78.254 5.72205e-07
      vertex 39.7453 -78.2617 5.72205e-07
      vertex 38.2257 -78.407 5.72205e-07
    endloop
  endfacet
  facet normal 0 0 -1
    outer loop
      vertex 39.514 -79.6056 5.72205e-07
      vertex 39.2054 -79.8071 5.72205e-07
      vertex 39.0048 -79.8323 5.72205e-07
    endloop
  endfacet
  facet normal 0 0 -1
    outer loop
      vertex 39.7453 -78.2617 5.72205e-07
      vertex 38.2586 -78.112 5.72205e-07
      vertex 39.6986 -77.9771 5.72205e-07
    endloop
  endfacet
  facet normal 0 0 -1
    outer loop
      vertex 39.622 -79.4293 5.72205e-07
      vertex 39.0048 -79.8323 5.72205e-07
      vertex 38.4233 -79.5 5.72205e-07
    endloop
  endfacet
  facet normal 0 -0 -1
    outer loop
      vertex 38.2874 -77.9809 5.72205e-07
      vertex 39.6986 -77.9771 5.72205e-07
      vertex 38.2586 -78.112 5.72205e-07
    endloop
  endfacet
  facet normal 0 0 -1
    outer loop
      vertex 38.4846 -79.5882 5.72205e-07
      vertex 39.0048 -79.8323 5.72205e-07
      vertex 38.8999 -79.8255 5.72205e-07
    endloop
  endfacet
  facet normal 0 -0 -1
    outer loop
      vertex 38.3245 -77.8609 5.72205e-07
      vertex 39.6986 -77.9771 5.72205e-07
      vertex 38.2874 -77.9809 5.72205e-07
    endloop
  endfacet
  facet normal 0 0 -1
    outer loop
      vertex 38.4846 -79.5882 5.72205e-07
      vertex 38.8999 -79.8255 5.72205e-07
      vertex 38.8023 -79.8052 5.72205e-07
    endloop
  endfacet
  facet normal 0 0 -1
    outer loop
      vertex 39.6986 -77.9771 5.72205e-07
      vertex 38.3245 -77.8609 5.72205e-07
      vertex 39.6208 -77.7442 5.72205e-07
    endloop
  endfacet
  facet normal 0 0 -1
    outer loop
      vertex 38.4846 -79.5882 5.72205e-07
      vertex 38.8023 -79.8052 5.72205e-07
      vertex 38.712 -79.7713 5.72205e-07
    endloop
  endfacet
  facet normal 0 -0 -1
    outer loop
      vertex 38.3698 -77.7519 5.72205e-07
      vertex 39.6208 -77.7442 5.72205e-07
      vertex 38.3245 -77.8609 5.72205e-07
    endloop
  endfacet
  facet normal 0 0 -1
    outer loop
      vertex 38.4846 -79.5882 5.72205e-07
      vertex 38.712 -79.7713 5.72205e-07
      vertex 38.6289 -79.7238 5.72205e-07
    endloop
  endfacet
  facet normal 0 -0 -1
    outer loop
      vertex 38.4233 -77.6539 5.72205e-07
      vertex 39.6208 -77.7442 5.72205e-07
      vertex 38.3698 -77.7519 5.72205e-07
    endloop
  endfacet
  facet normal 0 0 -1
    outer loop
      vertex 38.4846 -79.5882 5.72205e-07
      vertex 38.6289 -79.7238 5.72205e-07
      vertex 38.5531 -79.6628 5.72205e-07
    endloop
  endfacet
  facet normal 0 -0 -1
    outer loop
      vertex 38.998 -77.3301 5.72205e-07
      vertex 39.6208 -77.7442 5.72205e-07
      vertex 38.4233 -77.6539 5.72205e-07
    endloop
  endfacet
  facet normal 0 0 -1
    outer loop
      vertex 39.0048 -79.8323 5.72205e-07
      vertex 38.4846 -79.5882 5.72205e-07
      vertex 38.4233 -79.5 5.72205e-07
    endloop
  endfacet
  facet normal 0 0 -1
    outer loop
      vertex 39.6208 -77.7442 5.72205e-07
      vertex 38.998 -77.3301 5.72205e-07
      vertex 39.5118 -77.563 5.72205e-07
    endloop
  endfacet
  facet normal -0 0 -1
    outer loop
      vertex 39.622 -79.4293 5.72205e-07
      vertex 38.4233 -79.5 5.72205e-07
      vertex 38.3698 -79.3997 5.72205e-07
    endloop
  endfacet
  facet normal -0 -0 -1
    outer loop
      vertex 39.2004 -77.356 5.72205e-07
      vertex 39.5118 -77.563 5.72205e-07
      vertex 38.998 -77.3301 5.72205e-07
    endloop
  endfacet
  facet normal 0 0 -1
    outer loop
      vertex 39.6992 -79.2027 5.72205e-07
      vertex 38.3698 -79.3997 5.72205e-07
      vertex 38.3245 -79.2886 5.72205e-07
    endloop
  endfacet
  facet normal 0 -0 -1
    outer loop
      vertex 38.2586 -78.112 5.72205e-07
      vertex 39.7453 -78.2617 5.72205e-07
      vertex 38.238 -78.254 5.72205e-07
    endloop
  endfacet
  facet normal -0 0 -1
    outer loop
      vertex 39.6992 -79.2027 5.72205e-07
      vertex 38.3245 -79.2886 5.72205e-07
      vertex 38.2874 -79.1667 5.72205e-07
    endloop
  endfacet
  facet normal 0 0 -1
    outer loop
      vertex 39.5118 -77.563 5.72205e-07
      vertex 39.2004 -77.356 5.72205e-07
      vertex 39.3717 -77.4336 5.72205e-07
    endloop
  endfacet
  facet normal 0 0 -1
    outer loop
      vertex 39.6992 -79.2027 5.72205e-07
      vertex 38.2874 -79.1667 5.72205e-07
      vertex 38.2586 -79.0339 5.72205e-07
    endloop
  endfacet
  facet normal 0 0 -1
    outer loop
      vertex 38.998 -77.3301 5.72205e-07
      vertex 38.4233 -77.6539 5.72205e-07
      vertex 38.8949 -77.3367 5.72205e-07
    endloop
  endfacet
  facet normal -0 0 -1
    outer loop
      vertex 39.7455 -78.9256 5.72205e-07
      vertex 38.2586 -79.0339 5.72205e-07
      vertex 38.238 -78.8904 5.72205e-07
    endloop
  endfacet
  facet normal 0 -0 -1
    outer loop
      vertex 38.4844 -77.568 5.72205e-07
      vertex 38.8949 -77.3367 5.72205e-07
      vertex 38.4233 -77.6539 5.72205e-07
    endloop
  endfacet
  facet normal 0 0 -1
    outer loop
      vertex 39.7455 -78.9256 5.72205e-07
      vertex 38.238 -78.8904 5.72205e-07
      vertex 38.2257 -78.7361 5.72205e-07
    endloop
  endfacet
  facet normal 0 0 -1
    outer loop
      vertex 38.8949 -77.3367 5.72205e-07
      vertex 38.4844 -77.568 5.72205e-07
      vertex 38.7989 -77.3565 5.72205e-07
    endloop
  endfacet
  facet normal 0 0 -1
    outer loop
      vertex 38.6277 -77.4358 5.72205e-07
      vertex 38.4844 -77.568 5.72205e-07
      vertex 38.5526 -77.4953 5.72205e-07
    endloop
  endfacet
  facet normal 0 0 -1
    outer loop
      vertex 38.7098 -77.3896 5.72205e-07
      vertex 38.4844 -77.568 5.72205e-07
      vertex 38.6277 -77.4358 5.72205e-07
    endloop
  endfacet
  facet normal 0 0 -1
    outer loop
      vertex 38.7989 -77.3565 5.72205e-07
      vertex 38.4844 -77.568 5.72205e-07
      vertex 38.7098 -77.3896 5.72205e-07
    endloop
  endfacet
  facet normal 0.5556 0.83145 -0
    outer loop
      vertex 44.635 1.17342 5.72205e-07
      vertex 44.2 1.4641 2.4
      vertex 44.635 1.17342 2.4
    endloop
  endfacet
  facet normal 0.5556 0.83145 0
    outer loop
      vertex 44.2 1.4641 2.4
      vertex 44.635 1.17342 5.72205e-07
      vertex 44.2 1.4641 5.72205e-07
    endloop
  endfacet
  facet normal 0.659332 0.751852 -0
    outer loop
      vertex 45.0284 0.82843 5.72205e-07
      vertex 44.635 1.17342 2.4
      vertex 45.0284 0.82843 2.4
    endloop
  endfacet
  facet normal 0.659332 0.751852 0
    outer loop
      vertex 44.635 1.17342 2.4
      vertex 45.0284 0.82843 5.72205e-07
      vertex 44.635 1.17342 5.72205e-07
    endloop
  endfacet
  facet normal -0.997858 0.0654205 0
    outer loop
      vertex -2 -2 5.72205e-07
      vertex -1.96577 -1.47789 2.4
      vertex -1.96577 -1.47789 5.72205e-07
    endloop
  endfacet
  facet normal -0.997858 0.0654205 0
    outer loop
      vertex -1.96577 -1.47789 2.4
      vertex -2 -2 5.72205e-07
      vertex -2 -2 2.4
    endloop
  endfacet
  facet normal 0.831458 0.555588 0
    outer loop
      vertex 45.6641 0 2.4
      vertex 45.3734 0.435043 5.72205e-07
      vertex 45.3734 0.435043 2.4
    endloop
  endfacet
  facet normal 0.831458 0.555588 0
    outer loop
      vertex 45.3734 0.435043 5.72205e-07
      vertex 45.6641 0 2.4
      vertex 45.6641 0 5.72205e-07
    endloop
  endfacet
  facet normal 0.442238 -0.896898 0
    outer loop
      vertex 43.7307 -94.1955 5.72205e-07
      vertex 44.2 -93.9641 2.4
      vertex 43.7307 -94.1955 2.4
    endloop
  endfacet
  facet normal 0.442238 -0.896898 0
    outer loop
      vertex 44.2 -93.9641 2.4
      vertex 43.7307 -94.1955 5.72205e-07
      vertex 44.2 -93.9641 5.72205e-07
    endloop
  endfacet
  facet normal 0.997862 0.0653634 0
    outer loop
      vertex 46.2 -2 2.4
      vertex 46.1658 -1.47789 5.72205e-07
      vertex 46.1658 -1.47789 2.4
    endloop
  endfacet
  facet normal 0.997862 0.0653634 0
    outer loop
      vertex 46.1658 -1.47789 5.72205e-07
      vertex 46.2 -2 2.4
      vertex 46.2 -2 5.72205e-07
    endloop
  endfacet
  facet normal 0.321498 -0.94691 0
    outer loop
      vertex 43.2353 -94.3637 5.72205e-07
      vertex 43.7307 -94.1955 2.4
      vertex 43.2353 -94.3637 2.4
    endloop
  endfacet
  facet normal 0.321498 -0.94691 0
    outer loop
      vertex 43.7307 -94.1955 2.4
      vertex 43.2353 -94.3637 5.72205e-07
      vertex 43.7307 -94.1955 5.72205e-07
    endloop
  endfacet
  facet normal 0.442253 0.89689 -0
    outer loop
      vertex 44.2 1.4641 5.72205e-07
      vertex 43.7307 1.69551 2.4
      vertex 44.2 1.4641 2.4
    endloop
  endfacet
  facet normal 0.442253 0.89689 0
    outer loop
      vertex 43.7307 1.69551 2.4
      vertex 44.2 1.4641 5.72205e-07
      vertex 43.7307 1.69551 5.72205e-07
    endloop
  endfacet
  facet normal -0.997861 -0.0653771 0
    outer loop
      vertex 7.4 -60.1 2.8
      vertex 7.39316 -59.9956 4.4
      vertex 7.39316 -59.9956 2.8
    endloop
  endfacet
  facet normal -0.997861 -0.0653771 0
    outer loop
      vertex 7.39316 -59.9956 4.4
      vertex 7.4 -60.1 2.8
      vertex 7.4 -60.1 4.4
    endloop
  endfacet
  facet normal -0.9808 0.195014 0
    outer loop
      vertex 7.37274 -60.3071 2.8
      vertex 7.39316 -60.2044 4.4
      vertex 7.39316 -60.2044 2.8
    endloop
  endfacet
  facet normal -0.9808 0.195014 0
    outer loop
      vertex 7.39316 -60.2044 4.4
      vertex 7.37274 -60.3071 2.8
      vertex 7.37274 -60.3071 4.4
    endloop
  endfacet
  facet normal -0.997861 0.0653771 0
    outer loop
      vertex 7.39316 -60.2044 2.8
      vertex 7.4 -60.1 4.4
      vertex 7.4 -60.1 2.8
    endloop
  endfacet
  facet normal -0.997861 0.0653771 0
    outer loop
      vertex 7.4 -60.1 4.4
      vertex 7.39316 -60.2044 2.8
      vertex 7.39316 -60.2044 4.4
    endloop
  endfacet
  facet normal 0.064984 0.997886 -0
    outer loop
      vertex 6.6 -60.9 2.8
      vertex 6.49558 -60.8932 4.4
      vertex 6.6 -60.9 4.4
    endloop
  endfacet
  facet normal 0.064984 0.997886 0
    outer loop
      vertex 6.49558 -60.8932 4.4
      vertex 6.6 -60.9 2.8
      vertex 6.49558 -60.8932 2.8
    endloop
  endfacet
  facet normal -0.321097 -0.947046 0
    outer loop
      vertex 6.80705 -59.3273 2.8
      vertex 6.90615 -59.3609 4.4
      vertex 6.80705 -59.3273 4.4
    endloop
  endfacet
  facet normal -0.321097 -0.947046 -0
    outer loop
      vertex 6.90615 -59.3609 4.4
      vertex 6.80705 -59.3273 2.8
      vertex 6.90615 -59.3609 2.8
    endloop
  endfacet
  facet normal 0.831432 0.555626 0
    outer loop
      vertex 5.96532 -60.587 4.4
      vertex 5.90718 -60.5 2.8
      vertex 5.90718 -60.5 4.4
    endloop
  endfacet
  facet normal 0.831432 0.555626 0
    outer loop
      vertex 5.90718 -60.5 2.8
      vertex 5.96532 -60.587 4.4
      vertex 5.96532 -60.587 2.8
    endloop
  endfacet
  facet normal 0.997861 -0.0653771 0
    outer loop
      vertex 5.8 -60.1 4.4
      vertex 5.80684 -59.9956 2.8
      vertex 5.80684 -59.9956 4.4
    endloop
  endfacet
  facet normal 0.997861 -0.0653771 0
    outer loop
      vertex 5.80684 -59.9956 2.8
      vertex 5.8 -60.1 4.4
      vertex 5.8 -60.1 2.8
    endloop
  endfacet
  facet normal -0.555318 -0.831638 0
    outer loop
      vertex 7 -59.4072 2.8
      vertex 7.08701 -59.4653 4.4
      vertex 7 -59.4072 4.4
    endloop
  endfacet
  facet normal -0.555318 -0.831638 -0
    outer loop
      vertex 7.08701 -59.4653 4.4
      vertex 7 -59.4072 2.8
      vertex 7.08701 -59.4653 2.8
    endloop
  endfacet
  facet normal -0.195877 -0.980628 0
    outer loop
      vertex 6.70442 -59.3068 2.8
      vertex 6.80705 -59.3273 4.4
      vertex 6.70442 -59.3068 4.4
    endloop
  endfacet
  facet normal -0.195877 -0.980628 -0
    outer loop
      vertex 6.80705 -59.3273 4.4
      vertex 6.70442 -59.3068 2.8
      vertex 6.80705 -59.3273 2.8
    endloop
  endfacet
  facet normal 0.555318 0.831638 -0
    outer loop
      vertex 6.2 -60.7928 2.8
      vertex 6.11299 -60.7347 4.4
      vertex 6.2 -60.7928 4.4
    endloop
  endfacet
  facet normal 0.555318 0.831638 0
    outer loop
      vertex 6.11299 -60.7347 4.4
      vertex 6.2 -60.7928 2.8
      vertex 6.11299 -60.7347 2.8
    endloop
  endfacet
  facet normal 0.946831 0.321731 0
    outer loop
      vertex 5.8609 -60.4061 4.4
      vertex 5.82726 -60.3071 2.8
      vertex 5.82726 -60.3071 4.4
    endloop
  endfacet
  facet normal 0.946831 0.321731 0
    outer loop
      vertex 5.82726 -60.3071 2.8
      vertex 5.8609 -60.4061 4.4
      vertex 5.8609 -60.4061 2.8
    endloop
  endfacet
  facet normal -0.896973 0.442086 0
    outer loop
      vertex 7.29282 -60.5 2.8
      vertex 7.3391 -60.4061 4.4
      vertex 7.3391 -60.4061 2.8
    endloop
  endfacet
  facet normal -0.896973 0.442086 0
    outer loop
      vertex 7.3391 -60.4061 4.4
      vertex 7.29282 -60.5 2.8
      vertex 7.29282 -60.5 4.4
    endloop
  endfacet
  facet normal 0.946831 -0.321731 0
    outer loop
      vertex 5.82726 -59.8929 4.4
      vertex 5.8609 -59.7939 2.8
      vertex 5.8609 -59.7939 4.4
    endloop
  endfacet
  facet normal 0.946831 -0.321731 0
    outer loop
      vertex 5.8609 -59.7939 2.8
      vertex 5.82726 -59.8929 4.4
      vertex 5.82726 -59.8929 2.8
    endloop
  endfacet
  facet normal -0.555318 0.831638 0
    outer loop
      vertex 7.08701 -60.7347 2.8
      vertex 7 -60.7928 4.4
      vertex 7.08701 -60.7347 4.4
    endloop
  endfacet
  facet normal -0.555318 0.831638 0
    outer loop
      vertex 7 -60.7928 4.4
      vertex 7.08701 -60.7347 2.8
      vertex 7 -60.7928 2.8
    endloop
  endfacet
  facet normal 0.555318 -0.831638 0
    outer loop
      vertex 6.11299 -59.4653 2.8
      vertex 6.2 -59.4072 4.4
      vertex 6.11299 -59.4653 4.4
    endloop
  endfacet
  facet normal 0.555318 -0.831638 0
    outer loop
      vertex 6.2 -59.4072 4.4
      vertex 6.11299 -59.4653 2.8
      vertex 6.2 -59.4072 2.8
    endloop
  endfacet
  facet normal -0.9808 -0.195014 0
    outer loop
      vertex 7.39316 -59.9956 2.8
      vertex 7.37274 -59.8929 4.4
      vertex 7.37274 -59.8929 2.8
    endloop
  endfacet
  facet normal -0.9808 -0.195014 0
    outer loop
      vertex 7.37274 -59.8929 4.4
      vertex 7.39316 -59.9956 2.8
      vertex 7.39316 -59.9956 4.4
    endloop
  endfacet
  facet normal 0.9808 0.195014 0
    outer loop
      vertex 5.82726 -60.3071 4.4
      vertex 5.80684 -60.2044 2.8
      vertex 5.80684 -60.2044 4.4
    endloop
  endfacet
  facet normal 0.9808 0.195014 0
    outer loop
      vertex 5.80684 -60.2044 2.8
      vertex 5.82726 -60.3071 4.4
      vertex 5.82726 -60.3071 2.8
    endloop
  endfacet
  facet normal -0.321097 0.947046 0
    outer loop
      vertex 6.90615 -60.8391 2.8
      vertex 6.80705 -60.8727 4.4
      vertex 6.90615 -60.8391 4.4
    endloop
  endfacet
  facet normal -0.321097 0.947046 0
    outer loop
      vertex 6.80705 -60.8727 4.4
      vertex 6.90615 -60.8391 2.8
      vertex 6.80705 -60.8727 2.8
    endloop
  endfacet
  facet normal -0.65939 0.751801 0
    outer loop
      vertex 7.16568 -60.6657 2.8
      vertex 7.08701 -60.7347 4.4
      vertex 7.16568 -60.6657 4.4
    endloop
  endfacet
  facet normal -0.65939 0.751801 0
    outer loop
      vertex 7.08701 -60.7347 4.4
      vertex 7.16568 -60.6657 2.8
      vertex 7.08701 -60.7347 2.8
    endloop
  endfacet
  facet normal -0.442429 0.896803 0
    outer loop
      vertex 7 -60.7928 2.8
      vertex 6.90615 -60.8391 4.4
      vertex 7 -60.7928 4.4
    endloop
  endfacet
  facet normal -0.442429 0.896803 0
    outer loop
      vertex 6.90615 -60.8391 4.4
      vertex 7 -60.7928 2.8
      vertex 6.90615 -60.8391 2.8
    endloop
  endfacet
  facet normal 0.321126 -0.947036 0
    outer loop
      vertex 6.29385 -59.3609 2.8
      vertex 6.39294 -59.3273 4.4
      vertex 6.29385 -59.3609 4.4
    endloop
  endfacet
  facet normal 0.321126 -0.947036 0
    outer loop
      vertex 6.39294 -59.3273 4.4
      vertex 6.29385 -59.3609 2.8
      vertex 6.39294 -59.3273 2.8
    endloop
  endfacet
  facet normal -0.831432 -0.555626 0
    outer loop
      vertex 7.29282 -59.7 2.8
      vertex 7.23468 -59.613 4.4
      vertex 7.23468 -59.613 2.8
    endloop
  endfacet
  facet normal -0.831432 -0.555626 0
    outer loop
      vertex 7.23468 -59.613 4.4
      vertex 7.29282 -59.7 2.8
      vertex 7.29282 -59.7 4.4
    endloop
  endfacet
  facet normal -0.064984 -0.997886 0
    outer loop
      vertex 6.6 -59.3 2.8
      vertex 6.70442 -59.3068 4.4
      vertex 6.6 -59.3 4.4
    endloop
  endfacet
  facet normal -0.064984 -0.997886 -0
    outer loop
      vertex 6.70442 -59.3068 4.4
      vertex 6.6 -59.3 2.8
      vertex 6.70442 -59.3068 2.8
    endloop
  endfacet
  facet normal 0.064984 -0.997886 0
    outer loop
      vertex 6.49558 -59.3068 2.8
      vertex 6.6 -59.3 4.4
      vertex 6.49558 -59.3068 4.4
    endloop
  endfacet
  facet normal 0.064984 -0.997886 0
    outer loop
      vertex 6.6 -59.3 4.4
      vertex 6.49558 -59.3068 2.8
      vertex 6.6 -59.3 2.8
    endloop
  endfacet
  facet normal -0.946831 0.321731 0
    outer loop
      vertex 7.3391 -60.4061 2.8
      vertex 7.37274 -60.3071 4.4
      vertex 7.37274 -60.3071 2.8
    endloop
  endfacet
  facet normal -0.946831 0.321731 0
    outer loop
      vertex 7.37274 -60.3071 4.4
      vertex 7.3391 -60.4061 2.8
      vertex 7.3391 -60.4061 4.4
    endloop
  endfacet
  facet normal 0.442429 0.896803 -0
    outer loop
      vertex 6.29385 -60.8391 2.8
      vertex 6.2 -60.7928 4.4
      vertex 6.29385 -60.8391 4.4
    endloop
  endfacet
  facet normal 0.442429 0.896803 0
    outer loop
      vertex 6.2 -60.7928 4.4
      vertex 6.29385 -60.8391 2.8
      vertex 6.2 -60.7928 2.8
    endloop
  endfacet
  facet normal -0.831432 0.555626 0
    outer loop
      vertex 7.23468 -60.587 2.8
      vertex 7.29282 -60.5 4.4
      vertex 7.29282 -60.5 2.8
    endloop
  endfacet
  facet normal -0.831432 0.555626 0
    outer loop
      vertex 7.29282 -60.5 4.4
      vertex 7.23468 -60.587 2.8
      vertex 7.23468 -60.587 4.4
    endloop
  endfacet
  facet normal 0.195859 0.980632 -0
    outer loop
      vertex 6.49558 -60.8932 2.8
      vertex 6.39294 -60.8727 4.4
      vertex 6.49558 -60.8932 4.4
    endloop
  endfacet
  facet normal 0.195859 0.980632 0
    outer loop
      vertex 6.39294 -60.8727 4.4
      vertex 6.49558 -60.8932 2.8
      vertex 6.39294 -60.8727 2.8
    endloop
  endfacet
  facet normal 0.997861 0.0653771 0
    outer loop
      vertex 5.80684 -60.2044 4.4
      vertex 5.8 -60.1 2.8
      vertex 5.8 -60.1 4.4
    endloop
  endfacet
  facet normal 0.997861 0.0653771 0
    outer loop
      vertex 5.8 -60.1 2.8
      vertex 5.80684 -60.2044 4.4
      vertex 5.80684 -60.2044 2.8
    endloop
  endfacet
  facet normal 0 0 1
    outer loop
      vertex 7.39316 -59.9956 2.8
      vertex 7.39316 -60.2044 2.8
      vertex 7.4 -60.1 2.8
    endloop
  endfacet
  facet normal 0 0 1
    outer loop
      vertex 7.37274 -59.8929 2.8
      vertex 7.39316 -60.2044 2.8
      vertex 7.39316 -59.9956 2.8
    endloop
  endfacet
  facet normal 0 0 1
    outer loop
      vertex 7.37274 -59.8929 2.8
      vertex 7.37274 -60.3071 2.8
      vertex 7.39316 -60.2044 2.8
    endloop
  endfacet
  facet normal 0 0 1
    outer loop
      vertex 7.3391 -59.7939 2.8
      vertex 7.37274 -60.3071 2.8
      vertex 7.37274 -59.8929 2.8
    endloop
  endfacet
  facet normal 0 0 1
    outer loop
      vertex 7.3391 -59.7939 2.8
      vertex 7.3391 -60.4061 2.8
      vertex 7.37274 -60.3071 2.8
    endloop
  endfacet
  facet normal 0 0 1
    outer loop
      vertex 7.29282 -59.7 2.8
      vertex 7.3391 -60.4061 2.8
      vertex 7.3391 -59.7939 2.8
    endloop
  endfacet
  facet normal 0 0 1
    outer loop
      vertex 7.29282 -59.7 2.8
      vertex 7.29282 -60.5 2.8
      vertex 7.3391 -60.4061 2.8
    endloop
  endfacet
  facet normal 0 0 1
    outer loop
      vertex 7.23468 -59.613 2.8
      vertex 7.29282 -60.5 2.8
      vertex 7.29282 -59.7 2.8
    endloop
  endfacet
  facet normal 0 0 1
    outer loop
      vertex 7.23468 -59.613 2.8
      vertex 7.23468 -60.587 2.8
      vertex 7.29282 -60.5 2.8
    endloop
  endfacet
  facet normal 0 0 1
    outer loop
      vertex 7.16568 -59.5343 2.8
      vertex 7.23468 -60.587 2.8
      vertex 7.23468 -59.613 2.8
    endloop
  endfacet
  facet normal 0 0 1
    outer loop
      vertex 7.16568 -59.5343 2.8
      vertex 7.16568 -60.6657 2.8
      vertex 7.23468 -60.587 2.8
    endloop
  endfacet
  facet normal 0 0 1
    outer loop
      vertex 7.08701 -59.4653 2.8
      vertex 7.16568 -60.6657 2.8
      vertex 7.16568 -59.5343 2.8
    endloop
  endfacet
  facet normal 0 0 1
    outer loop
      vertex 7.08701 -59.4653 2.8
      vertex 7.08701 -60.7347 2.8
      vertex 7.16568 -60.6657 2.8
    endloop
  endfacet
  facet normal 0 0 1
    outer loop
      vertex 7 -59.4072 2.8
      vertex 7.08701 -60.7347 2.8
      vertex 7.08701 -59.4653 2.8
    endloop
  endfacet
  facet normal 0 0 1
    outer loop
      vertex 7 -59.4072 2.8
      vertex 7 -60.7928 2.8
      vertex 7.08701 -60.7347 2.8
    endloop
  endfacet
  facet normal 0 0 1
    outer loop
      vertex 6.90615 -59.3609 2.8
      vertex 7 -60.7928 2.8
      vertex 7 -59.4072 2.8
    endloop
  endfacet
  facet normal 0 0 1
    outer loop
      vertex 6.90615 -59.3609 2.8
      vertex 6.90615 -60.8391 2.8
      vertex 7 -60.7928 2.8
    endloop
  endfacet
  facet normal 0 0 1
    outer loop
      vertex 6.80705 -59.3273 2.8
      vertex 6.90615 -60.8391 2.8
      vertex 6.90615 -59.3609 2.8
    endloop
  endfacet
  facet normal 0 0 1
    outer loop
      vertex 6.80705 -59.3273 2.8
      vertex 6.80705 -60.8727 2.8
      vertex 6.90615 -60.8391 2.8
    endloop
  endfacet
  facet normal 0 0 1
    outer loop
      vertex 6.70442 -59.3068 2.8
      vertex 6.80705 -60.8727 2.8
      vertex 6.80705 -59.3273 2.8
    endloop
  endfacet
  facet normal 0 0 1
    outer loop
      vertex 6.70442 -59.3068 2.8
      vertex 6.70442 -60.8932 2.8
      vertex 6.80705 -60.8727 2.8
    endloop
  endfacet
  facet normal 0 0 1
    outer loop
      vertex 6.6 -59.3 2.8
      vertex 6.70442 -60.8932 2.8
      vertex 6.70442 -59.3068 2.8
    endloop
  endfacet
  facet normal 0 0 1
    outer loop
      vertex 6.6 -59.3 2.8
      vertex 6.6 -60.9 2.8
      vertex 6.70442 -60.8932 2.8
    endloop
  endfacet
  facet normal -0 0 1
    outer loop
      vertex 6.49558 -59.3068 2.8
      vertex 6.6 -60.9 2.8
      vertex 6.6 -59.3 2.8
    endloop
  endfacet
  facet normal 0 0 1
    outer loop
      vertex 6.49558 -59.3068 2.8
      vertex 6.49558 -60.8932 2.8
      vertex 6.6 -60.9 2.8
    endloop
  endfacet
  facet normal -0 0 1
    outer loop
      vertex 6.39294 -59.3273 2.8
      vertex 6.49558 -60.8932 2.8
      vertex 6.49558 -59.3068 2.8
    endloop
  endfacet
  facet normal 0 0 1
    outer loop
      vertex 6.39294 -59.3273 2.8
      vertex 6.39294 -60.8727 2.8
      vertex 6.49558 -60.8932 2.8
    endloop
  endfacet
  facet normal -0 0 1
    outer loop
      vertex 6.29385 -59.3609 2.8
      vertex 6.39294 -60.8727 2.8
      vertex 6.39294 -59.3273 2.8
    endloop
  endfacet
  facet normal 0 0 1
    outer loop
      vertex 6.29385 -59.3609 2.8
      vertex 6.29385 -60.8391 2.8
      vertex 6.39294 -60.8727 2.8
    endloop
  endfacet
  facet normal -0 0 1
    outer loop
      vertex 6.2 -59.4072 2.8
      vertex 6.29385 -60.8391 2.8
      vertex 6.29385 -59.3609 2.8
    endloop
  endfacet
  facet normal 0 0 1
    outer loop
      vertex 6.2 -59.4072 2.8
      vertex 6.2 -60.7928 2.8
      vertex 6.29385 -60.8391 2.8
    endloop
  endfacet
  facet normal -0 0 1
    outer loop
      vertex 6.11299 -59.4653 2.8
      vertex 6.2 -60.7928 2.8
      vertex 6.2 -59.4072 2.8
    endloop
  endfacet
  facet normal 0 0 1
    outer loop
      vertex 6.11299 -59.4653 2.8
      vertex 6.11299 -60.7347 2.8
      vertex 6.2 -60.7928 2.8
    endloop
  endfacet
  facet normal -0 0 1
    outer loop
      vertex 6.03431 -59.5343 2.8
      vertex 6.11299 -60.7347 2.8
      vertex 6.11299 -59.4653 2.8
    endloop
  endfacet
  facet normal 0 0 1
    outer loop
      vertex 6.03431 -59.5343 2.8
      vertex 6.03431 -60.6657 2.8
      vertex 6.11299 -60.7347 2.8
    endloop
  endfacet
  facet normal -0 0 1
    outer loop
      vertex 5.96532 -59.613 2.8
      vertex 6.03431 -60.6657 2.8
      vertex 6.03431 -59.5343 2.8
    endloop
  endfacet
  facet normal 0 0 1
    outer loop
      vertex 5.96532 -59.613 2.8
      vertex 5.96532 -60.587 2.8
      vertex 6.03431 -60.6657 2.8
    endloop
  endfacet
  facet normal -0 0 1
    outer loop
      vertex 5.90718 -59.7 2.8
      vertex 5.96532 -60.587 2.8
      vertex 5.96532 -59.613 2.8
    endloop
  endfacet
  facet normal 0 0 1
    outer loop
      vertex 5.90718 -59.7 2.8
      vertex 5.90718 -60.5 2.8
      vertex 5.96532 -60.587 2.8
    endloop
  endfacet
  facet normal -0 0 1
    outer loop
      vertex 5.8609 -59.7939 2.8
      vertex 5.90718 -60.5 2.8
      vertex 5.90718 -59.7 2.8
    endloop
  endfacet
  facet normal 0 0 1
    outer loop
      vertex 5.8609 -59.7939 2.8
      vertex 5.8609 -60.4061 2.8
      vertex 5.90718 -60.5 2.8
    endloop
  endfacet
  facet normal -0 0 1
    outer loop
      vertex 5.82726 -59.8929 2.8
      vertex 5.8609 -60.4061 2.8
      vertex 5.8609 -59.7939 2.8
    endloop
  endfacet
  facet normal 0 0 1
    outer loop
      vertex 5.82726 -59.8929 2.8
      vertex 5.82726 -60.3071 2.8
      vertex 5.8609 -60.4061 2.8
    endloop
  endfacet
  facet normal -0 0 1
    outer loop
      vertex 5.80684 -59.9956 2.8
      vertex 5.82726 -60.3071 2.8
      vertex 5.82726 -59.8929 2.8
    endloop
  endfacet
  facet normal 0 0 1
    outer loop
      vertex 5.80684 -59.9956 2.8
      vertex 5.80684 -60.2044 2.8
      vertex 5.82726 -60.3071 2.8
    endloop
  endfacet
  facet normal 0 -0 1
    outer loop
      vertex 5.80684 -60.2044 2.8
      vertex 5.80684 -59.9956 2.8
      vertex 5.8 -60.1 2.8
    endloop
  endfacet
  facet normal 0.442429 -0.896803 0
    outer loop
      vertex 6.2 -59.4072 2.8
      vertex 6.29385 -59.3609 4.4
      vertex 6.2 -59.4072 4.4
    endloop
  endfacet
  facet normal 0.442429 -0.896803 0
    outer loop
      vertex 6.29385 -59.3609 4.4
      vertex 6.2 -59.4072 2.8
      vertex 6.29385 -59.3609 2.8
    endloop
  endfacet
  facet normal -0.751925 0.659248 0
    outer loop
      vertex 7.16568 -60.6657 2.8
      vertex 7.23468 -60.587 4.4
      vertex 7.23468 -60.587 2.8
    endloop
  endfacet
  facet normal -0.751925 0.659248 0
    outer loop
      vertex 7.23468 -60.587 4.4
      vertex 7.16568 -60.6657 2.8
      vertex 7.16568 -60.6657 4.4
    endloop
  endfacet
  facet normal 0.896973 0.442086 0
    outer loop
      vertex 5.90718 -60.5 4.4
      vertex 5.8609 -60.4061 2.8
      vertex 5.8609 -60.4061 4.4
    endloop
  endfacet
  facet normal 0.896973 0.442086 0
    outer loop
      vertex 5.8609 -60.4061 2.8
      vertex 5.90718 -60.5 4.4
      vertex 5.90718 -60.5 2.8
    endloop
  endfacet
  facet normal 0.751973 -0.659194 0
    outer loop
      vertex 5.96532 -59.613 4.4
      vertex 6.03431 -59.5343 2.8
      vertex 6.03431 -59.5343 4.4
    endloop
  endfacet
  facet normal 0.751973 -0.659194 0
    outer loop
      vertex 6.03431 -59.5343 2.8
      vertex 5.96532 -59.613 4.4
      vertex 5.96532 -59.613 2.8
    endloop
  endfacet
  facet normal -0.442429 -0.896803 0
    outer loop
      vertex 6.90615 -59.3609 2.8
      vertex 7 -59.4072 4.4
      vertex 6.90615 -59.3609 4.4
    endloop
  endfacet
  facet normal -0.442429 -0.896803 -0
    outer loop
      vertex 7 -59.4072 4.4
      vertex 6.90615 -59.3609 2.8
      vertex 7 -59.4072 2.8
    endloop
  endfacet
  facet normal 0.321126 0.947036 -0
    outer loop
      vertex 6.39294 -60.8727 2.8
      vertex 6.29385 -60.8391 4.4
      vertex 6.39294 -60.8727 4.4
    endloop
  endfacet
  facet normal 0.321126 0.947036 0
    outer loop
      vertex 6.29385 -60.8391 4.4
      vertex 6.39294 -60.8727 2.8
      vertex 6.29385 -60.8391 2.8
    endloop
  endfacet
  facet normal 0.896973 -0.442086 0
    outer loop
      vertex 5.8609 -59.7939 4.4
      vertex 5.90718 -59.7 2.8
      vertex 5.90718 -59.7 4.4
    endloop
  endfacet
  facet normal 0.896973 -0.442086 0
    outer loop
      vertex 5.90718 -59.7 2.8
      vertex 5.8609 -59.7939 4.4
      vertex 5.8609 -59.7939 2.8
    endloop
  endfacet
  facet normal 0.831432 -0.555626 0
    outer loop
      vertex 5.90718 -59.7 4.4
      vertex 5.96532 -59.613 2.8
      vertex 5.96532 -59.613 4.4
    endloop
  endfacet
  facet normal 0.831432 -0.555626 0
    outer loop
      vertex 5.96532 -59.613 2.8
      vertex 5.90718 -59.7 4.4
      vertex 5.90718 -59.7 2.8
    endloop
  endfacet
  facet normal 0.751973 0.659194 0
    outer loop
      vertex 6.03431 -60.6657 4.4
      vertex 5.96532 -60.587 2.8
      vertex 5.96532 -60.587 4.4
    endloop
  endfacet
  facet normal 0.751973 0.659194 0
    outer loop
      vertex 5.96532 -60.587 2.8
      vertex 6.03431 -60.6657 4.4
      vertex 6.03431 -60.6657 2.8
    endloop
  endfacet
  facet normal -0.946831 -0.321731 0
    outer loop
      vertex 7.37274 -59.8929 2.8
      vertex 7.3391 -59.7939 4.4
      vertex 7.3391 -59.7939 2.8
    endloop
  endfacet
  facet normal -0.946831 -0.321731 0
    outer loop
      vertex 7.3391 -59.7939 4.4
      vertex 7.37274 -59.8929 2.8
      vertex 7.37274 -59.8929 4.4
    endloop
  endfacet
  facet normal 0.659343 -0.751842 0
    outer loop
      vertex 6.03431 -59.5343 2.8
      vertex 6.11299 -59.4653 4.4
      vertex 6.03431 -59.5343 4.4
    endloop
  endfacet
  facet normal 0.659343 -0.751842 0
    outer loop
      vertex 6.11299 -59.4653 4.4
      vertex 6.03431 -59.5343 2.8
      vertex 6.11299 -59.4653 2.8
    endloop
  endfacet
  facet normal -0.751925 -0.659248 0
    outer loop
      vertex 7.23468 -59.613 2.8
      vertex 7.16568 -59.5343 4.4
      vertex 7.16568 -59.5343 2.8
    endloop
  endfacet
  facet normal -0.751925 -0.659248 0
    outer loop
      vertex 7.16568 -59.5343 4.4
      vertex 7.23468 -59.613 2.8
      vertex 7.23468 -59.613 4.4
    endloop
  endfacet
  facet normal -0.064984 0.997886 0
    outer loop
      vertex 6.70442 -60.8932 2.8
      vertex 6.6 -60.9 4.4
      vertex 6.70442 -60.8932 4.4
    endloop
  endfacet
  facet normal -0.064984 0.997886 0
    outer loop
      vertex 6.6 -60.9 4.4
      vertex 6.70442 -60.8932 2.8
      vertex 6.6 -60.9 2.8
    endloop
  endfacet
  facet normal 0.195859 -0.980632 0
    outer loop
      vertex 6.39294 -59.3273 2.8
      vertex 6.49558 -59.3068 4.4
      vertex 6.39294 -59.3273 4.4
    endloop
  endfacet
  facet normal 0.195859 -0.980632 0
    outer loop
      vertex 6.49558 -59.3068 4.4
      vertex 6.39294 -59.3273 2.8
      vertex 6.49558 -59.3068 2.8
    endloop
  endfacet
  facet normal 0.659343 0.751842 -0
    outer loop
      vertex 6.11299 -60.7347 2.8
      vertex 6.03431 -60.6657 4.4
      vertex 6.11299 -60.7347 4.4
    endloop
  endfacet
  facet normal 0.659343 0.751842 0
    outer loop
      vertex 6.03431 -60.6657 4.4
      vertex 6.11299 -60.7347 2.8
      vertex 6.03431 -60.6657 2.8
    endloop
  endfacet
  facet normal 0.9808 -0.195014 0
    outer loop
      vertex 5.80684 -59.9956 4.4
      vertex 5.82726 -59.8929 2.8
      vertex 5.82726 -59.8929 4.4
    endloop
  endfacet
  facet normal 0.9808 -0.195014 0
    outer loop
      vertex 5.82726 -59.8929 2.8
      vertex 5.80684 -59.9956 4.4
      vertex 5.80684 -59.9956 2.8
    endloop
  endfacet
  facet normal -0.195877 0.980628 0
    outer loop
      vertex 6.80705 -60.8727 2.8
      vertex 6.70442 -60.8932 4.4
      vertex 6.80705 -60.8727 4.4
    endloop
  endfacet
  facet normal -0.195877 0.980628 0
    outer loop
      vertex 6.70442 -60.8932 4.4
      vertex 6.80705 -60.8727 2.8
      vertex 6.70442 -60.8932 2.8
    endloop
  endfacet
  facet normal -0.65939 -0.751801 0
    outer loop
      vertex 7.08701 -59.4653 2.8
      vertex 7.16568 -59.5343 4.4
      vertex 7.08701 -59.4653 4.4
    endloop
  endfacet
  facet normal -0.65939 -0.751801 -0
    outer loop
      vertex 7.16568 -59.5343 4.4
      vertex 7.08701 -59.4653 2.8
      vertex 7.16568 -59.5343 2.8
    endloop
  endfacet
  facet normal -0.896973 -0.442086 0
    outer loop
      vertex 7.3391 -59.7939 2.8
      vertex 7.29282 -59.7 4.4
      vertex 7.29282 -59.7 2.8
    endloop
  endfacet
  facet normal -0.896973 -0.442086 0
    outer loop
      vertex 7.29282 -59.7 4.4
      vertex 7.3391 -59.7939 2.8
      vertex 7.3391 -59.7939 4.4
    endloop
  endfacet
  facet normal -0.659248 0.751925 0
    outer loop
      vertex 38.1657 -60.6657 2.8
      vertex 38.087 -60.7347 4.4
      vertex 38.1657 -60.6657 4.4
    endloop
  endfacet
  facet normal -0.659248 0.751925 0
    outer loop
      vertex 38.087 -60.7347 4.4
      vertex 38.1657 -60.6657 2.8
      vertex 38.087 -60.7347 2.8
    endloop
  endfacet
  facet normal -0.831609 0.555362 0
    outer loop
      vertex 38.2347 -60.587 2.8
      vertex 38.2928 -60.5 4.4
      vertex 38.2928 -60.5 2.8
    endloop
  endfacet
  facet normal -0.831609 0.555362 0
    outer loop
      vertex 38.2928 -60.5 4.4
      vertex 38.2347 -60.587 2.8
      vertex 38.2347 -60.587 4.4
    endloop
  endfacet
  facet normal -0.980654 0.195749 0
    outer loop
      vertex 38.3727 -60.3071 2.8
      vertex 38.3932 -60.2044 4.4
      vertex 38.3932 -60.2044 2.8
    endloop
  endfacet
  facet normal -0.980654 0.195749 0
    outer loop
      vertex 38.3932 -60.2044 4.4
      vertex 38.3727 -60.3071 2.8
      vertex 38.3727 -60.3071 4.4
    endloop
  endfacet
  facet normal -0.0649964 -0.997886 0
    outer loop
      vertex 37.6 -59.3 2.8
      vertex 37.7044 -59.3068 4.4
      vertex 37.6 -59.3 4.4
    endloop
  endfacet
  facet normal -0.0649964 -0.997886 -0
    outer loop
      vertex 37.7044 -59.3068 4.4
      vertex 37.6 -59.3 2.8
      vertex 37.7044 -59.3068 2.8
    endloop
  endfacet
  facet normal 0.555362 -0.831609 0
    outer loop
      vertex 37.113 -59.4653 2.8
      vertex 37.2 -59.4072 4.4
      vertex 37.113 -59.4653 4.4
    endloop
  endfacet
  facet normal 0.555362 -0.831609 0
    outer loop
      vertex 37.2 -59.4072 4.4
      vertex 37.113 -59.4653 2.8
      vertex 37.2 -59.4072 2.8
    endloop
  endfacet
  facet normal 0.980654 -0.195749 0
    outer loop
      vertex 36.8068 -59.9956 4.4
      vertex 36.8273 -59.8929 2.8
      vertex 36.8273 -59.8929 4.4
    endloop
  endfacet
  facet normal 0.980654 -0.195749 0
    outer loop
      vertex 36.8273 -59.8929 2.8
      vertex 36.8068 -59.9956 4.4
      vertex 36.8068 -59.9956 2.8
    endloop
  endfacet
  facet normal -0.555362 0.831609 0
    outer loop
      vertex 38.087 -60.7347 2.8
      vertex 38 -60.7928 4.4
      vertex 38.087 -60.7347 4.4
    endloop
  endfacet
  facet normal -0.555362 0.831609 0
    outer loop
      vertex 38 -60.7928 4.4
      vertex 38.087 -60.7347 2.8
      vertex 38 -60.7928 2.8
    endloop
  endfacet
  facet normal -0.946948 0.321388 0
    outer loop
      vertex 38.3391 -60.4061 2.8
      vertex 38.3727 -60.3071 4.4
      vertex 38.3727 -60.3071 2.8
    endloop
  endfacet
  facet normal -0.946948 0.321388 0
    outer loop
      vertex 38.3727 -60.3071 4.4
      vertex 38.3391 -60.4061 2.8
      vertex 38.3391 -60.4061 4.4
    endloop
  endfacet
  facet normal -0.997886 0.0649964 0
    outer loop
      vertex 38.3932 -60.2044 2.8
      vertex 38.4 -60.1 4.4
      vertex 38.4 -60.1 2.8
    endloop
  endfacet
  facet normal -0.997886 0.0649964 0
    outer loop
      vertex 38.4 -60.1 4.4
      vertex 38.3932 -60.2044 2.8
      vertex 38.3932 -60.2044 4.4
    endloop
  endfacet
  facet normal -0.831609 -0.555362 0
    outer loop
      vertex 38.2928 -59.7 2.8
      vertex 38.2347 -59.613 4.4
      vertex 38.2347 -59.613 2.8
    endloop
  endfacet
  facet normal -0.831609 -0.555362 0
    outer loop
      vertex 38.2347 -59.613 4.4
      vertex 38.2928 -59.7 2.8
      vertex 38.2928 -59.7 4.4
    endloop
  endfacet
  facet normal 0.0649964 -0.997886 0
    outer loop
      vertex 37.4956 -59.3068 2.8
      vertex 37.6 -59.3 4.4
      vertex 37.4956 -59.3068 4.4
    endloop
  endfacet
  facet normal 0.0649964 -0.997886 0
    outer loop
      vertex 37.6 -59.3 4.4
      vertex 37.4956 -59.3068 2.8
      vertex 37.6 -59.3 2.8
    endloop
  endfacet
  facet normal 0.321388 -0.946948 0
    outer loop
      vertex 37.2939 -59.3609 2.8
      vertex 37.3929 -59.3273 4.4
      vertex 37.2939 -59.3609 4.4
    endloop
  endfacet
  facet normal 0.321388 -0.946948 0
    outer loop
      vertex 37.3929 -59.3273 4.4
      vertex 37.2939 -59.3609 2.8
      vertex 37.3929 -59.3273 2.8
    endloop
  endfacet
  facet normal -0.44224 -0.896897 0
    outer loop
      vertex 37.9061 -59.3609 2.8
      vertex 38 -59.4072 4.4
      vertex 37.9061 -59.3609 4.4
    endloop
  endfacet
  facet normal -0.44224 -0.896897 -0
    outer loop
      vertex 38 -59.4072 4.4
      vertex 37.9061 -59.3609 2.8
      vertex 38 -59.4072 2.8
    endloop
  endfacet
  facet normal -0.896897 0.44224 0
    outer loop
      vertex 38.2928 -60.5 2.8
      vertex 38.3391 -60.4061 4.4
      vertex 38.3391 -60.4061 2.8
    endloop
  endfacet
  facet normal -0.896897 0.44224 0
    outer loop
      vertex 38.3391 -60.4061 4.4
      vertex 38.2928 -60.5 2.8
      vertex 38.2928 -60.5 4.4
    endloop
  endfacet
  facet normal 0.946948 -0.321388 0
    outer loop
      vertex 36.8273 -59.8929 4.4
      vertex 36.8609 -59.7939 2.8
      vertex 36.8609 -59.7939 4.4
    endloop
  endfacet
  facet normal 0.946948 -0.321388 0
    outer loop
      vertex 36.8609 -59.7939 2.8
      vertex 36.8273 -59.8929 4.4
      vertex 36.8273 -59.8929 2.8
    endloop
  endfacet
  facet normal -0.997886 -0.0649964 0
    outer loop
      vertex 38.4 -60.1 2.8
      vertex 38.3932 -59.9956 4.4
      vertex 38.3932 -59.9956 2.8
    endloop
  endfacet
  facet normal -0.997886 -0.0649964 0
    outer loop
      vertex 38.3932 -59.9956 4.4
      vertex 38.4 -60.1 2.8
      vertex 38.4 -60.1 4.4
    endloop
  endfacet
  facet normal 0.659248 0.751925 -0
    outer loop
      vertex 37.113 -60.7347 2.8
      vertex 37.0343 -60.6657 4.4
      vertex 37.113 -60.7347 4.4
    endloop
  endfacet
  facet normal 0.659248 0.751925 0
    outer loop
      vertex 37.0343 -60.6657 4.4
      vertex 37.113 -60.7347 2.8
      vertex 37.0343 -60.6657 2.8
    endloop
  endfacet
  facet normal -0.751925 -0.659248 0
    outer loop
      vertex 38.2347 -59.613 2.8
      vertex 38.1657 -59.5343 4.4
      vertex 38.1657 -59.5343 2.8
    endloop
  endfacet
  facet normal -0.751925 -0.659248 0
    outer loop
      vertex 38.1657 -59.5343 4.4
      vertex 38.2347 -59.613 2.8
      vertex 38.2347 -59.613 4.4
    endloop
  endfacet
  facet normal -0.44224 0.896897 0
    outer loop
      vertex 38 -60.7928 2.8
      vertex 37.9061 -60.8391 4.4
      vertex 38 -60.7928 4.4
    endloop
  endfacet
  facet normal -0.44224 0.896897 0
    outer loop
      vertex 37.9061 -60.8391 4.4
      vertex 38 -60.7928 2.8
      vertex 37.9061 -60.8391 2.8
    endloop
  endfacet
  facet normal -0.659248 -0.751925 0
    outer loop
      vertex 38.087 -59.4653 2.8
      vertex 38.1657 -59.5343 4.4
      vertex 38.087 -59.4653 4.4
    endloop
  endfacet
  facet normal -0.659248 -0.751925 -0
    outer loop
      vertex 38.1657 -59.5343 4.4
      vertex 38.087 -59.4653 2.8
      vertex 38.1657 -59.5343 2.8
    endloop
  endfacet
  facet normal -0.896897 -0.44224 0
    outer loop
      vertex 38.3391 -59.7939 2.8
      vertex 38.2928 -59.7 4.4
      vertex 38.2928 -59.7 2.8
    endloop
  endfacet
  facet normal -0.896897 -0.44224 0
    outer loop
      vertex 38.2928 -59.7 4.4
      vertex 38.3391 -59.7939 2.8
      vertex 38.3391 -59.7939 4.4
    endloop
  endfacet
  facet normal -0.946948 -0.321388 0
    outer loop
      vertex 38.3727 -59.8929 2.8
      vertex 38.3391 -59.7939 4.4
      vertex 38.3391 -59.7939 2.8
    endloop
  endfacet
  facet normal -0.946948 -0.321388 0
    outer loop
      vertex 38.3391 -59.7939 4.4
      vertex 38.3727 -59.8929 2.8
      vertex 38.3727 -59.8929 4.4
    endloop
  endfacet
  facet normal 0.195749 0.980654 -0
    outer loop
      vertex 37.4956 -60.8932 2.8
      vertex 37.3929 -60.8727 4.4
      vertex 37.4956 -60.8932 4.4
    endloop
  endfacet
  facet normal 0.195749 0.980654 0
    outer loop
      vertex 37.3929 -60.8727 4.4
      vertex 37.4956 -60.8932 2.8
      vertex 37.3929 -60.8727 2.8
    endloop
  endfacet
  facet normal 0.751925 -0.659248 0
    outer loop
      vertex 36.9653 -59.613 4.4
      vertex 37.0343 -59.5343 2.8
      vertex 37.0343 -59.5343 4.4
    endloop
  endfacet
  facet normal 0.751925 -0.659248 0
    outer loop
      vertex 37.0343 -59.5343 2.8
      vertex 36.9653 -59.613 4.4
      vertex 36.9653 -59.613 2.8
    endloop
  endfacet
  facet normal 0.44224 0.896897 -0
    outer loop
      vertex 37.2939 -60.8391 2.8
      vertex 37.2 -60.7928 4.4
      vertex 37.2939 -60.8391 4.4
    endloop
  endfacet
  facet normal 0.44224 0.896897 0
    outer loop
      vertex 37.2 -60.7928 4.4
      vertex 37.2939 -60.8391 2.8
      vertex 37.2 -60.7928 2.8
    endloop
  endfacet
  facet normal -0.195749 -0.980654 0
    outer loop
      vertex 37.7044 -59.3068 2.8
      vertex 37.8071 -59.3273 4.4
      vertex 37.7044 -59.3068 4.4
    endloop
  endfacet
  facet normal -0.195749 -0.980654 -0
    outer loop
      vertex 37.8071 -59.3273 4.4
      vertex 37.7044 -59.3068 2.8
      vertex 37.8071 -59.3273 2.8
    endloop
  endfacet
  facet normal -0.555362 -0.831609 0
    outer loop
      vertex 38 -59.4072 2.8
      vertex 38.087 -59.4653 4.4
      vertex 38 -59.4072 4.4
    endloop
  endfacet
  facet normal -0.555362 -0.831609 -0
    outer loop
      vertex 38.087 -59.4653 4.4
      vertex 38 -59.4072 2.8
      vertex 38.087 -59.4653 2.8
    endloop
  endfacet
  facet normal 0.321388 0.946948 -0
    outer loop
      vertex 37.3929 -60.8727 2.8
      vertex 37.2939 -60.8391 4.4
      vertex 37.3929 -60.8727 4.4
    endloop
  endfacet
  facet normal 0.321388 0.946948 0
    outer loop
      vertex 37.2939 -60.8391 4.4
      vertex 37.3929 -60.8727 2.8
      vertex 37.2939 -60.8391 2.8
    endloop
  endfacet
  facet normal 0.896897 -0.44224 0
    outer loop
      vertex 36.8609 -59.7939 4.4
      vertex 36.9072 -59.7 2.8
      vertex 36.9072 -59.7 4.4
    endloop
  endfacet
  facet normal 0.896897 -0.44224 0
    outer loop
      vertex 36.9072 -59.7 2.8
      vertex 36.8609 -59.7939 4.4
      vertex 36.8609 -59.7939 2.8
    endloop
  endfacet
  facet normal -0.321388 0.946948 0
    outer loop
      vertex 37.9061 -60.8391 2.8
      vertex 37.8071 -60.8727 4.4
      vertex 37.9061 -60.8391 4.4
    endloop
  endfacet
  facet normal -0.321388 0.946948 0
    outer loop
      vertex 37.8071 -60.8727 4.4
      vertex 37.9061 -60.8391 2.8
      vertex 37.8071 -60.8727 2.8
    endloop
  endfacet
  facet normal -0.751925 0.659248 0
    outer loop
      vertex 38.1657 -60.6657 2.8
      vertex 38.2347 -60.587 4.4
      vertex 38.2347 -60.587 2.8
    endloop
  endfacet
  facet normal -0.751925 0.659248 0
    outer loop
      vertex 38.2347 -60.587 4.4
      vertex 38.1657 -60.6657 2.8
      vertex 38.1657 -60.6657 4.4
    endloop
  endfacet
  facet normal 0.980654 0.195749 0
    outer loop
      vertex 36.8273 -60.3071 4.4
      vertex 36.8068 -60.2044 2.8
      vertex 36.8068 -60.2044 4.4
    endloop
  endfacet
  facet normal 0.980654 0.195749 0
    outer loop
      vertex 36.8068 -60.2044 2.8
      vertex 36.8273 -60.3071 4.4
      vertex 36.8273 -60.3071 2.8
    endloop
  endfacet
  facet normal 0.44224 -0.896897 0
    outer loop
      vertex 37.2 -59.4072 2.8
      vertex 37.2939 -59.3609 4.4
      vertex 37.2 -59.4072 4.4
    endloop
  endfacet
  facet normal 0.44224 -0.896897 0
    outer loop
      vertex 37.2939 -59.3609 4.4
      vertex 37.2 -59.4072 2.8
      vertex 37.2939 -59.3609 2.8
    endloop
  endfacet
  facet normal -0.980654 -0.195749 0
    outer loop
      vertex 38.3932 -59.9956 2.8
      vertex 38.3727 -59.8929 4.4
      vertex 38.3727 -59.8929 2.8
    endloop
  endfacet
  facet normal -0.980654 -0.195749 0
    outer loop
      vertex 38.3727 -59.8929 4.4
      vertex 38.3932 -59.9956 2.8
      vertex 38.3932 -59.9956 4.4
    endloop
  endfacet
  facet normal 0.831609 -0.555362 0
    outer loop
      vertex 36.9072 -59.7 4.4
      vertex 36.9653 -59.613 2.8
      vertex 36.9653 -59.613 4.4
    endloop
  endfacet
  facet normal 0.831609 -0.555362 0
    outer loop
      vertex 36.9653 -59.613 2.8
      vertex 36.9072 -59.7 4.4
      vertex 36.9072 -59.7 2.8
    endloop
  endfacet
  facet normal 0.0649964 0.997886 -0
    outer loop
      vertex 37.6 -60.9 2.8
      vertex 37.4956 -60.8932 4.4
      vertex 37.6 -60.9 4.4
    endloop
  endfacet
  facet normal 0.0649964 0.997886 0
    outer loop
      vertex 37.4956 -60.8932 4.4
      vertex 37.6 -60.9 2.8
      vertex 37.4956 -60.8932 2.8
    endloop
  endfacet
  facet normal 0.946948 0.321388 0
    outer loop
      vertex 36.8609 -60.4061 4.4
      vertex 36.8273 -60.3071 2.8
      vertex 36.8273 -60.3071 4.4
    endloop
  endfacet
  facet normal 0.946948 0.321388 0
    outer loop
      vertex 36.8273 -60.3071 2.8
      vertex 36.8609 -60.4061 4.4
      vertex 36.8609 -60.4061 2.8
    endloop
  endfacet
  facet normal 0.659248 -0.751925 0
    outer loop
      vertex 37.0343 -59.5343 2.8
      vertex 37.113 -59.4653 4.4
      vertex 37.0343 -59.5343 4.4
    endloop
  endfacet
  facet normal 0.659248 -0.751925 0
    outer loop
      vertex 37.113 -59.4653 4.4
      vertex 37.0343 -59.5343 2.8
      vertex 37.113 -59.4653 2.8
    endloop
  endfacet
  facet normal 0 0 1
    outer loop
      vertex 38.3932 -59.9956 2.8
      vertex 38.3932 -60.2044 2.8
      vertex 38.4 -60.1 2.8
    endloop
  endfacet
  facet normal 0 0 1
    outer loop
      vertex 38.3727 -59.8929 2.8
      vertex 38.3932 -60.2044 2.8
      vertex 38.3932 -59.9956 2.8
    endloop
  endfacet
  facet normal 0 0 1
    outer loop
      vertex 38.3727 -59.8929 2.8
      vertex 38.3727 -60.3071 2.8
      vertex 38.3932 -60.2044 2.8
    endloop
  endfacet
  facet normal 0 0 1
    outer loop
      vertex 38.3391 -59.7939 2.8
      vertex 38.3727 -60.3071 2.8
      vertex 38.3727 -59.8929 2.8
    endloop
  endfacet
  facet normal 0 0 1
    outer loop
      vertex 38.3391 -59.7939 2.8
      vertex 38.3391 -60.4061 2.8
      vertex 38.3727 -60.3071 2.8
    endloop
  endfacet
  facet normal 0 0 1
    outer loop
      vertex 38.2928 -59.7 2.8
      vertex 38.3391 -60.4061 2.8
      vertex 38.3391 -59.7939 2.8
    endloop
  endfacet
  facet normal 0 0 1
    outer loop
      vertex 38.2928 -59.7 2.8
      vertex 38.2928 -60.5 2.8
      vertex 38.3391 -60.4061 2.8
    endloop
  endfacet
  facet normal 0 0 1
    outer loop
      vertex 38.2347 -59.613 2.8
      vertex 38.2928 -60.5 2.8
      vertex 38.2928 -59.7 2.8
    endloop
  endfacet
  facet normal 0 0 1
    outer loop
      vertex 38.2347 -59.613 2.8
      vertex 38.2347 -60.587 2.8
      vertex 38.2928 -60.5 2.8
    endloop
  endfacet
  facet normal 0 0 1
    outer loop
      vertex 38.1657 -59.5343 2.8
      vertex 38.2347 -60.587 2.8
      vertex 38.2347 -59.613 2.8
    endloop
  endfacet
  facet normal 0 0 1
    outer loop
      vertex 38.1657 -59.5343 2.8
      vertex 38.1657 -60.6657 2.8
      vertex 38.2347 -60.587 2.8
    endloop
  endfacet
  facet normal 0 0 1
    outer loop
      vertex 38.087 -59.4653 2.8
      vertex 38.1657 -60.6657 2.8
      vertex 38.1657 -59.5343 2.8
    endloop
  endfacet
  facet normal 0 0 1
    outer loop
      vertex 38.087 -59.4653 2.8
      vertex 38.087 -60.7347 2.8
      vertex 38.1657 -60.6657 2.8
    endloop
  endfacet
  facet normal 0 0 1
    outer loop
      vertex 38 -59.4072 2.8
      vertex 38.087 -60.7347 2.8
      vertex 38.087 -59.4653 2.8
    endloop
  endfacet
  facet normal 0 0 1
    outer loop
      vertex 38 -59.4072 2.8
      vertex 38 -60.7928 2.8
      vertex 38.087 -60.7347 2.8
    endloop
  endfacet
  facet normal 0 0 1
    outer loop
      vertex 37.9061 -59.3609 2.8
      vertex 38 -60.7928 2.8
      vertex 38 -59.4072 2.8
    endloop
  endfacet
  facet normal 0 0 1
    outer loop
      vertex 37.9061 -59.3609 2.8
      vertex 37.9061 -60.8391 2.8
      vertex 38 -60.7928 2.8
    endloop
  endfacet
  facet normal 0 0 1
    outer loop
      vertex 37.8071 -59.3273 2.8
      vertex 37.9061 -60.8391 2.8
      vertex 37.9061 -59.3609 2.8
    endloop
  endfacet
  facet normal 0 0 1
    outer loop
      vertex 37.8071 -59.3273 2.8
      vertex 37.8071 -60.8727 2.8
      vertex 37.9061 -60.8391 2.8
    endloop
  endfacet
  facet normal 0 0 1
    outer loop
      vertex 37.7044 -59.3068 2.8
      vertex 37.8071 -60.8727 2.8
      vertex 37.8071 -59.3273 2.8
    endloop
  endfacet
  facet normal 0 0 1
    outer loop
      vertex 37.7044 -59.3068 2.8
      vertex 37.7044 -60.8932 2.8
      vertex 37.8071 -60.8727 2.8
    endloop
  endfacet
  facet normal 0 0 1
    outer loop
      vertex 37.6 -59.3 2.8
      vertex 37.7044 -60.8932 2.8
      vertex 37.7044 -59.3068 2.8
    endloop
  endfacet
  facet normal 0 0 1
    outer loop
      vertex 37.6 -59.3 2.8
      vertex 37.6 -60.9 2.8
      vertex 37.7044 -60.8932 2.8
    endloop
  endfacet
  facet normal -0 0 1
    outer loop
      vertex 37.4956 -59.3068 2.8
      vertex 37.6 -60.9 2.8
      vertex 37.6 -59.3 2.8
    endloop
  endfacet
  facet normal 0 0 1
    outer loop
      vertex 37.4956 -59.3068 2.8
      vertex 37.4956 -60.8932 2.8
      vertex 37.6 -60.9 2.8
    endloop
  endfacet
  facet normal -0 0 1
    outer loop
      vertex 37.3929 -59.3273 2.8
      vertex 37.4956 -60.8932 2.8
      vertex 37.4956 -59.3068 2.8
    endloop
  endfacet
  facet normal 0 0 1
    outer loop
      vertex 37.3929 -59.3273 2.8
      vertex 37.3929 -60.8727 2.8
      vertex 37.4956 -60.8932 2.8
    endloop
  endfacet
  facet normal -0 0 1
    outer loop
      vertex 37.2939 -59.3609 2.8
      vertex 37.3929 -60.8727 2.8
      vertex 37.3929 -59.3273 2.8
    endloop
  endfacet
  facet normal 0 0 1
    outer loop
      vertex 37.2939 -59.3609 2.8
      vertex 37.2939 -60.8391 2.8
      vertex 37.3929 -60.8727 2.8
    endloop
  endfacet
  facet normal -0 0 1
    outer loop
      vertex 37.2 -59.4072 2.8
      vertex 37.2939 -60.8391 2.8
      vertex 37.2939 -59.3609 2.8
    endloop
  endfacet
  facet normal 0 0 1
    outer loop
      vertex 37.2 -59.4072 2.8
      vertex 37.2 -60.7928 2.8
      vertex 37.2939 -60.8391 2.8
    endloop
  endfacet
  facet normal -0 0 1
    outer loop
      vertex 37.113 -59.4653 2.8
      vertex 37.2 -60.7928 2.8
      vertex 37.2 -59.4072 2.8
    endloop
  endfacet
  facet normal 0 0 1
    outer loop
      vertex 37.113 -59.4653 2.8
      vertex 37.113 -60.7347 2.8
      vertex 37.2 -60.7928 2.8
    endloop
  endfacet
  facet normal -0 0 1
    outer loop
      vertex 37.0343 -59.5343 2.8
      vertex 37.113 -60.7347 2.8
      vertex 37.113 -59.4653 2.8
    endloop
  endfacet
  facet normal 0 0 1
    outer loop
      vertex 37.0343 -59.5343 2.8
      vertex 37.0343 -60.6657 2.8
      vertex 37.113 -60.7347 2.8
    endloop
  endfacet
  facet normal -0 0 1
    outer loop
      vertex 36.9653 -59.613 2.8
      vertex 37.0343 -60.6657 2.8
      vertex 37.0343 -59.5343 2.8
    endloop
  endfacet
  facet normal 0 0 1
    outer loop
      vertex 36.9653 -59.613 2.8
      vertex 36.9653 -60.587 2.8
      vertex 37.0343 -60.6657 2.8
    endloop
  endfacet
  facet normal -0 0 1
    outer loop
      vertex 36.9072 -59.7 2.8
      vertex 36.9653 -60.587 2.8
      vertex 36.9653 -59.613 2.8
    endloop
  endfacet
  facet normal 0 0 1
    outer loop
      vertex 36.9072 -59.7 2.8
      vertex 36.9072 -60.5 2.8
      vertex 36.9653 -60.587 2.8
    endloop
  endfacet
  facet normal -0 0 1
    outer loop
      vertex 36.8609 -59.7939 2.8
      vertex 36.9072 -60.5 2.8
      vertex 36.9072 -59.7 2.8
    endloop
  endfacet
  facet normal 0 0 1
    outer loop
      vertex 36.8609 -59.7939 2.8
      vertex 36.8609 -60.4061 2.8
      vertex 36.9072 -60.5 2.8
    endloop
  endfacet
  facet normal -0 0 1
    outer loop
      vertex 36.8273 -59.8929 2.8
      vertex 36.8609 -60.4061 2.8
      vertex 36.8609 -59.7939 2.8
    endloop
  endfacet
  facet normal 0 0 1
    outer loop
      vertex 36.8273 -59.8929 2.8
      vertex 36.8273 -60.3071 2.8
      vertex 36.8609 -60.4061 2.8
    endloop
  endfacet
  facet normal -0 0 1
    outer loop
      vertex 36.8068 -59.9956 2.8
      vertex 36.8273 -60.3071 2.8
      vertex 36.8273 -59.8929 2.8
    endloop
  endfacet
  facet normal 0 0 1
    outer loop
      vertex 36.8068 -59.9956 2.8
      vertex 36.8068 -60.2044 2.8
      vertex 36.8273 -60.3071 2.8
    endloop
  endfacet
  facet normal 0 -0 1
    outer loop
      vertex 36.8068 -60.2044 2.8
      vertex 36.8068 -59.9956 2.8
      vertex 36.8 -60.1 2.8
    endloop
  endfacet
  facet normal 0.997886 -0.0649964 0
    outer loop
      vertex 36.8 -60.1 4.4
      vertex 36.8068 -59.9956 2.8
      vertex 36.8068 -59.9956 4.4
    endloop
  endfacet
  facet normal 0.997886 -0.0649964 0
    outer loop
      vertex 36.8068 -59.9956 2.8
      vertex 36.8 -60.1 4.4
      vertex 36.8 -60.1 2.8
    endloop
  endfacet
  facet normal 0.751925 0.659248 0
    outer loop
      vertex 37.0343 -60.6657 4.4
      vertex 36.9653 -60.587 2.8
      vertex 36.9653 -60.587 4.4
    endloop
  endfacet
  facet normal 0.751925 0.659248 0
    outer loop
      vertex 36.9653 -60.587 2.8
      vertex 37.0343 -60.6657 4.4
      vertex 37.0343 -60.6657 2.8
    endloop
  endfacet
  facet normal 0.997886 0.0649964 0
    outer loop
      vertex 36.8068 -60.2044 4.4
      vertex 36.8 -60.1 2.8
      vertex 36.8 -60.1 4.4
    endloop
  endfacet
  facet normal 0.997886 0.0649964 0
    outer loop
      vertex 36.8 -60.1 2.8
      vertex 36.8068 -60.2044 4.4
      vertex 36.8068 -60.2044 2.8
    endloop
  endfacet
  facet normal 0.555362 0.831609 -0
    outer loop
      vertex 37.2 -60.7928 2.8
      vertex 37.113 -60.7347 4.4
      vertex 37.2 -60.7928 4.4
    endloop
  endfacet
  facet normal 0.555362 0.831609 0
    outer loop
      vertex 37.113 -60.7347 4.4
      vertex 37.2 -60.7928 2.8
      vertex 37.113 -60.7347 2.8
    endloop
  endfacet
  facet normal 0.896897 0.44224 0
    outer loop
      vertex 36.9072 -60.5 4.4
      vertex 36.8609 -60.4061 2.8
      vertex 36.8609 -60.4061 4.4
    endloop
  endfacet
  facet normal 0.896897 0.44224 0
    outer loop
      vertex 36.8609 -60.4061 2.8
      vertex 36.9072 -60.5 4.4
      vertex 36.9072 -60.5 2.8
    endloop
  endfacet
  facet normal -0.195749 0.980654 0
    outer loop
      vertex 37.8071 -60.8727 2.8
      vertex 37.7044 -60.8932 4.4
      vertex 37.8071 -60.8727 4.4
    endloop
  endfacet
  facet normal -0.195749 0.980654 0
    outer loop
      vertex 37.7044 -60.8932 4.4
      vertex 37.8071 -60.8727 2.8
      vertex 37.7044 -60.8932 2.8
    endloop
  endfacet
  facet normal -0.321388 -0.946948 0
    outer loop
      vertex 37.8071 -59.3273 2.8
      vertex 37.9061 -59.3609 4.4
      vertex 37.8071 -59.3273 4.4
    endloop
  endfacet
  facet normal -0.321388 -0.946948 -0
    outer loop
      vertex 37.9061 -59.3609 4.4
      vertex 37.8071 -59.3273 2.8
      vertex 37.9061 -59.3609 2.8
    endloop
  endfacet
  facet normal -0.0649964 0.997886 0
    outer loop
      vertex 37.7044 -60.8932 2.8
      vertex 37.6 -60.9 4.4
      vertex 37.7044 -60.8932 4.4
    endloop
  endfacet
  facet normal -0.0649964 0.997886 0
    outer loop
      vertex 37.6 -60.9 4.4
      vertex 37.7044 -60.8932 2.8
      vertex 37.6 -60.9 2.8
    endloop
  endfacet
  facet normal 0.831609 0.555362 0
    outer loop
      vertex 36.9653 -60.587 4.4
      vertex 36.9072 -60.5 2.8
      vertex 36.9072 -60.5 4.4
    endloop
  endfacet
  facet normal 0.831609 0.555362 0
    outer loop
      vertex 36.9072 -60.5 2.8
      vertex 36.9653 -60.587 4.4
      vertex 36.9653 -60.587 2.8
    endloop
  endfacet
  facet normal 0.195749 -0.980654 0
    outer loop
      vertex 37.3929 -59.3273 2.8
      vertex 37.4956 -59.3068 4.4
      vertex 37.3929 -59.3273 4.4
    endloop
  endfacet
  facet normal 0.195749 -0.980654 0
    outer loop
      vertex 37.4956 -59.3068 4.4
      vertex 37.3929 -59.3273 2.8
      vertex 37.4956 -59.3068 2.8
    endloop
  endfacet
  facet normal 0.659607 -0.751611 0
    outer loop
      vertex 2.78076 -87.8808 0.800001
      vertex 2.90861 -87.7686 5.4
      vertex 2.78076 -87.8808 5.4
    endloop
  endfacet
  facet normal 0.659607 -0.751611 0
    outer loop
      vertex 2.90861 -87.7686 5.4
      vertex 2.78076 -87.8808 0.800001
      vertex 2.90861 -87.7686 0.800001
    endloop
  endfacet
  facet normal -0.99786 0.0653872 0
    outer loop
      vertex 4.98888 -88.9697 0.800001
      vertex 5 -88.8 5.4
      vertex 5 -88.8 0.800001
    endloop
  endfacet
  facet normal -0.99786 0.0653872 0
    outer loop
      vertex 5 -88.8 5.4
      vertex 4.98888 -88.9697 0.800001
      vertex 4.98888 -88.9697 5.4
    endloop
  endfacet
  facet normal -0.751716 0.659487 0
    outer loop
      vertex 4.61924 -89.7192 0.800001
      vertex 4.73136 -89.5914 5.4
      vertex 4.73136 -89.5914 0.800001
    endloop
  endfacet
  facet normal -0.751716 0.659487 0
    outer loop
      vertex 4.73136 -89.5914 5.4
      vertex 4.61924 -89.7192 0.800001
      vertex 4.61924 -89.7192 5.4
    endloop
  endfacet
  facet normal 0.442243 0.896895 -0
    outer loop
      vertex 3.20251 -90.001 0.800001
      vertex 3.05 -89.9258 5.4
      vertex 3.20251 -90.001 5.4
    endloop
  endfacet
  facet normal 0.442243 0.896895 0
    outer loop
      vertex 3.05 -89.9258 5.4
      vertex 3.20251 -90.001 0.800001
      vertex 3.05 -89.9258 0.800001
    endloop
  endfacet
  facet normal -0.89686 0.442314 0
    outer loop
      vertex 4.82583 -89.45 0.800001
      vertex 4.90104 -89.2975 5.4
      vertex 4.90104 -89.2975 0.800001
    endloop
  endfacet
  facet normal -0.89686 0.442314 0
    outer loop
      vertex 4.90104 -89.2975 5.4
      vertex 4.82583 -89.45 0.800001
      vertex 4.82583 -89.45 5.4
    endloop
  endfacet
  facet normal -0.659607 0.751611 0
    outer loop
      vertex 4.61924 -89.7192 0.800001
      vertex 4.49139 -89.8314 5.4
      vertex 4.61924 -89.7192 5.4
    endloop
  endfacet
  facet normal -0.659607 0.751611 0
    outer loop
      vertex 4.49139 -89.8314 5.4
      vertex 4.61924 -89.7192 0.800001
      vertex 4.49139 -89.8314 0.800001
    endloop
  endfacet
  facet normal -0.946916 0.321481 0
    outer loop
      vertex 4.90104 -89.2975 0.800001
      vertex 4.9557 -89.1365 5.4
      vertex 4.9557 -89.1365 0.800001
    endloop
  endfacet
  facet normal -0.946916 0.321481 0
    outer loop
      vertex 4.9557 -89.1365 5.4
      vertex 4.90104 -89.2975 0.800001
      vertex 4.90104 -89.2975 5.4
    endloop
  endfacet
  facet normal -0.946916 -0.321481 0
    outer loop
      vertex 4.9557 -88.4635 0.800001
      vertex 4.90104 -88.3025 5.4
      vertex 4.90104 -88.3025 0.800001
    endloop
  endfacet
  facet normal -0.946916 -0.321481 0
    outer loop
      vertex 4.90104 -88.3025 5.4
      vertex 4.9557 -88.4635 0.800001
      vertex 4.9557 -88.4635 5.4
    endloop
  endfacet
  facet normal 0.751716 -0.659487 0
    outer loop
      vertex 2.66864 -88.0086 5.4
      vertex 2.78076 -87.8808 0.800001
      vertex 2.78076 -87.8808 5.4
    endloop
  endfacet
  facet normal 0.751716 -0.659487 0
    outer loop
      vertex 2.78076 -87.8808 0.800001
      vertex 2.66864 -88.0086 5.4
      vertex 2.66864 -88.0086 0.800001
    endloop
  endfacet
  facet normal 0 0 1
    outer loop
      vertex 4.98888 -88.6303 0.800001
      vertex 4.98888 -88.9697 0.800001
      vertex 5 -88.8 0.800001
    endloop
  endfacet
  facet normal 0 0 1
    outer loop
      vertex 4.9557 -88.4635 0.800001
      vertex 4.98888 -88.9697 0.800001
      vertex 4.98888 -88.6303 0.800001
    endloop
  endfacet
  facet normal 0 0 1
    outer loop
      vertex 4.9557 -88.4635 0.800001
      vertex 4.9557 -89.1365 0.800001
      vertex 4.98888 -88.9697 0.800001
    endloop
  endfacet
  facet normal 0 0 1
    outer loop
      vertex 4.90104 -88.3025 0.800001
      vertex 4.9557 -89.1365 0.800001
      vertex 4.9557 -88.4635 0.800001
    endloop
  endfacet
  facet normal 0 0 1
    outer loop
      vertex 4.90104 -88.3025 0.800001
      vertex 4.90104 -89.2975 0.800001
      vertex 4.9557 -89.1365 0.800001
    endloop
  endfacet
  facet normal 0 0 1
    outer loop
      vertex 4.82583 -88.15 0.800001
      vertex 4.90104 -89.2975 0.800001
      vertex 4.90104 -88.3025 0.800001
    endloop
  endfacet
  facet normal 0 0 1
    outer loop
      vertex 4.82583 -88.15 0.800001
      vertex 4.82583 -89.45 0.800001
      vertex 4.90104 -89.2975 0.800001
    endloop
  endfacet
  facet normal 0 0 1
    outer loop
      vertex 4.73136 -88.0086 0.800001
      vertex 4.82583 -89.45 0.800001
      vertex 4.82583 -88.15 0.800001
    endloop
  endfacet
  facet normal 0 0 1
    outer loop
      vertex 4.73136 -88.0086 0.800001
      vertex 4.73136 -89.5914 0.800001
      vertex 4.82583 -89.45 0.800001
    endloop
  endfacet
  facet normal 0 0 1
    outer loop
      vertex 4.61924 -87.8808 0.800001
      vertex 4.73136 -89.5914 0.800001
      vertex 4.73136 -88.0086 0.800001
    endloop
  endfacet
  facet normal 0 0 1
    outer loop
      vertex 4.61924 -87.8808 0.800001
      vertex 4.61924 -89.7192 0.800001
      vertex 4.73136 -89.5914 0.800001
    endloop
  endfacet
  facet normal 0 0 1
    outer loop
      vertex 4.49139 -87.7686 0.800001
      vertex 4.61924 -89.7192 0.800001
      vertex 4.61924 -87.8808 0.800001
    endloop
  endfacet
  facet normal 0 0 1
    outer loop
      vertex 4.49139 -87.7686 0.800001
      vertex 4.49139 -89.8314 0.800001
      vertex 4.61924 -89.7192 0.800001
    endloop
  endfacet
  facet normal 0 0 1
    outer loop
      vertex 4.35 -87.6742 0.800001
      vertex 4.49139 -89.8314 0.800001
      vertex 4.49139 -87.7686 0.800001
    endloop
  endfacet
  facet normal 0 0 1
    outer loop
      vertex 4.35 -87.6742 0.800001
      vertex 4.35 -89.9258 0.800001
      vertex 4.49139 -89.8314 0.800001
    endloop
  endfacet
  facet normal 0 0 1
    outer loop
      vertex 4.19749 -87.599 0.800001
      vertex 4.35 -89.9258 0.800001
      vertex 4.35 -87.6742 0.800001
    endloop
  endfacet
  facet normal 0 0 1
    outer loop
      vertex 4.19749 -87.599 0.800001
      vertex 4.19749 -90.001 0.800001
      vertex 4.35 -89.9258 0.800001
    endloop
  endfacet
  facet normal 0 0 1
    outer loop
      vertex 4.03646 -87.5443 0.800001
      vertex 4.19749 -90.001 0.800001
      vertex 4.19749 -87.599 0.800001
    endloop
  endfacet
  facet normal 0 0 1
    outer loop
      vertex 4.03646 -87.5443 0.800001
      vertex 4.03646 -90.0557 0.800001
      vertex 4.19749 -90.001 0.800001
    endloop
  endfacet
  facet normal 0 0 1
    outer loop
      vertex 3.86968 -87.5111 0.800001
      vertex 4.03646 -90.0557 0.800001
      vertex 4.03646 -87.5443 0.800001
    endloop
  endfacet
  facet normal 0 0 1
    outer loop
      vertex 3.86968 -87.5111 0.800001
      vertex 3.86968 -90.0889 0.800001
      vertex 4.03646 -90.0557 0.800001
    endloop
  endfacet
  facet normal 0 0 1
    outer loop
      vertex 3.7 -87.5 0.800001
      vertex 3.86968 -90.0889 0.800001
      vertex 3.86968 -87.5111 0.800001
    endloop
  endfacet
  facet normal 0 0 1
    outer loop
      vertex 3.7 -87.5 0.800001
      vertex 3.7 -90.1 0.800001
      vertex 3.86968 -90.0889 0.800001
    endloop
  endfacet
  facet normal -0 0 1
    outer loop
      vertex 3.53032 -87.5111 0.800001
      vertex 3.7 -90.1 0.800001
      vertex 3.7 -87.5 0.800001
    endloop
  endfacet
  facet normal 0 0 1
    outer loop
      vertex 3.53032 -87.5111 0.800001
      vertex 3.53032 -90.0889 0.800001
      vertex 3.7 -90.1 0.800001
    endloop
  endfacet
  facet normal -0 0 1
    outer loop
      vertex 3.36353 -87.5443 0.800001
      vertex 3.53032 -90.0889 0.800001
      vertex 3.53032 -87.5111 0.800001
    endloop
  endfacet
  facet normal 0 0 1
    outer loop
      vertex 3.36353 -87.5443 0.800001
      vertex 3.36353 -90.0557 0.800001
      vertex 3.53032 -90.0889 0.800001
    endloop
  endfacet
  facet normal -0 0 1
    outer loop
      vertex 3.20251 -87.599 0.800001
      vertex 3.36353 -90.0557 0.800001
      vertex 3.36353 -87.5443 0.800001
    endloop
  endfacet
  facet normal 0 0 1
    outer loop
      vertex 3.20251 -87.599 0.800001
      vertex 3.20251 -90.001 0.800001
      vertex 3.36353 -90.0557 0.800001
    endloop
  endfacet
  facet normal -0 0 1
    outer loop
      vertex 3.05 -87.6742 0.800001
      vertex 3.20251 -90.001 0.800001
      vertex 3.20251 -87.599 0.800001
    endloop
  endfacet
  facet normal 0 0 1
    outer loop
      vertex 3.05 -87.6742 0.800001
      vertex 3.05 -89.9258 0.800001
      vertex 3.20251 -90.001 0.800001
    endloop
  endfacet
  facet normal -0 0 1
    outer loop
      vertex 2.90861 -87.7686 0.800001
      vertex 3.05 -89.9258 0.800001
      vertex 3.05 -87.6742 0.800001
    endloop
  endfacet
  facet normal 0 0 1
    outer loop
      vertex 2.90861 -87.7686 0.800001
      vertex 2.90861 -89.8314 0.800001
      vertex 3.05 -89.9258 0.800001
    endloop
  endfacet
  facet normal -0 0 1
    outer loop
      vertex 2.78076 -87.8808 0.800001
      vertex 2.90861 -89.8314 0.800001
      vertex 2.90861 -87.7686 0.800001
    endloop
  endfacet
  facet normal 0 0 1
    outer loop
      vertex 2.78076 -87.8808 0.800001
      vertex 2.78076 -89.7192 0.800001
      vertex 2.90861 -89.8314 0.800001
    endloop
  endfacet
  facet normal -0 0 1
    outer loop
      vertex 2.66864 -88.0086 0.800001
      vertex 2.78076 -89.7192 0.800001
      vertex 2.78076 -87.8808 0.800001
    endloop
  endfacet
  facet normal 0 0 1
    outer loop
      vertex 2.66864 -88.0086 0.800001
      vertex 2.66864 -89.5914 0.800001
      vertex 2.78076 -89.7192 0.800001
    endloop
  endfacet
  facet normal -0 0 1
    outer loop
      vertex 2.57417 -88.15 0.800001
      vertex 2.66864 -89.5914 0.800001
      vertex 2.66864 -88.0086 0.800001
    endloop
  endfacet
  facet normal 0 0 1
    outer loop
      vertex 2.57417 -88.15 0.800001
      vertex 2.57417 -89.45 0.800001
      vertex 2.66864 -89.5914 0.800001
    endloop
  endfacet
  facet normal -0 0 1
    outer loop
      vertex 2.49896 -88.3025 0.800001
      vertex 2.57417 -89.45 0.800001
      vertex 2.57417 -88.15 0.800001
    endloop
  endfacet
  facet normal 0 0 1
    outer loop
      vertex 2.49896 -88.3025 0.800001
      vertex 2.49896 -89.2975 0.800001
      vertex 2.57417 -89.45 0.800001
    endloop
  endfacet
  facet normal -0 0 1
    outer loop
      vertex 2.4443 -88.4635 0.800001
      vertex 2.49896 -89.2975 0.800001
      vertex 2.49896 -88.3025 0.800001
    endloop
  endfacet
  facet normal 0 0 1
    outer loop
      vertex 2.4443 -88.4635 0.800001
      vertex 2.4443 -89.1365 0.800001
      vertex 2.49896 -89.2975 0.800001
    endloop
  endfacet
  facet normal -0 0 1
    outer loop
      vertex 2.41112 -88.6303 0.800001
      vertex 2.4443 -89.1365 0.800001
      vertex 2.4443 -88.4635 0.800001
    endloop
  endfacet
  facet normal 0 0 1
    outer loop
      vertex 2.41112 -88.6303 0.800001
      vertex 2.41112 -88.9697 0.800001
      vertex 2.4443 -89.1365 0.800001
    endloop
  endfacet
  facet normal 0 -0 1
    outer loop
      vertex 2.41112 -88.9697 0.800001
      vertex 2.41112 -88.6303 0.800001
      vertex 2.4 -88.8 0.800001
    endloop
  endfacet
  facet normal 0.751716 0.659487 0
    outer loop
      vertex 2.78076 -89.7192 5.4
      vertex 2.66864 -89.5914 0.800001
      vertex 2.66864 -89.5914 5.4
    endloop
  endfacet
  facet normal 0.751716 0.659487 0
    outer loop
      vertex 2.66864 -89.5914 0.800001
      vertex 2.78076 -89.7192 5.4
      vertex 2.78076 -89.7192 0.800001
    endloop
  endfacet
  facet normal 0.0652777 0.997867 -0
    outer loop
      vertex 3.7 -90.1 0.800001
      vertex 3.53032 -90.0889 5.4
      vertex 3.7 -90.1 5.4
    endloop
  endfacet
  facet normal 0.0652777 0.997867 0
    outer loop
      vertex 3.53032 -90.0889 5.4
      vertex 3.7 -90.1 0.800001
      vertex 3.53032 -90.0889 0.800001
    endloop
  endfacet
  facet normal -0.89686 -0.442314 0
    outer loop
      vertex 4.90104 -88.3025 0.800001
      vertex 4.82583 -88.15 5.4
      vertex 4.82583 -88.15 0.800001
    endloop
  endfacet
  facet normal -0.89686 -0.442314 0
    outer loop
      vertex 4.82583 -88.15 5.4
      vertex 4.90104 -88.3025 0.800001
      vertex 4.90104 -88.3025 5.4
    endloop
  endfacet
  facet normal -0.831498 -0.555528 0
    outer loop
      vertex 4.82583 -88.15 0.800001
      vertex 4.73136 -88.0086 5.4
      vertex 4.73136 -88.0086 0.800001
    endloop
  endfacet
  facet normal -0.831498 -0.555528 0
    outer loop
      vertex 4.73136 -88.0086 5.4
      vertex 4.82583 -88.15 0.800001
      vertex 4.82583 -88.15 5.4
    endloop
  endfacet
  facet normal -0.195234 -0.980757 0
    outer loop
      vertex 3.86968 -87.5111 0.800001
      vertex 4.03646 -87.5443 5.4
      vertex 3.86968 -87.5111 5.4
    endloop
  endfacet
  facet normal -0.195234 -0.980757 -0
    outer loop
      vertex 4.03646 -87.5443 5.4
      vertex 3.86968 -87.5111 0.800001
      vertex 4.03646 -87.5443 0.800001
    endloop
  endfacet
  facet normal 0.946916 -0.321481 0
    outer loop
      vertex 2.4443 -88.4635 5.4
      vertex 2.49896 -88.3025 0.800001
      vertex 2.49896 -88.3025 5.4
    endloop
  endfacet
  facet normal 0.946916 -0.321481 0
    outer loop
      vertex 2.49896 -88.3025 0.800001
      vertex 2.4443 -88.4635 5.4
      vertex 2.4443 -88.4635 0.800001
    endloop
  endfacet
  facet normal 0.89686 -0.442314 0
    outer loop
      vertex 2.49896 -88.3025 5.4
      vertex 2.57417 -88.15 0.800001
      vertex 2.57417 -88.15 5.4
    endloop
  endfacet
  facet normal 0.89686 -0.442314 0
    outer loop
      vertex 2.57417 -88.15 0.800001
      vertex 2.49896 -88.3025 5.4
      vertex 2.49896 -88.3025 0.800001
    endloop
  endfacet
  facet normal 0.195223 0.980759 -0
    outer loop
      vertex 3.53032 -90.0889 0.800001
      vertex 3.36353 -90.0557 5.4
      vertex 3.53032 -90.0889 5.4
    endloop
  endfacet
  facet normal 0.195223 0.980759 0
    outer loop
      vertex 3.36353 -90.0557 5.4
      vertex 3.53032 -90.0889 0.800001
      vertex 3.36353 -90.0557 0.800001
    endloop
  endfacet
  facet normal -0.0652777 0.997867 0
    outer loop
      vertex 3.86968 -90.0889 0.800001
      vertex 3.7 -90.1 5.4
      vertex 3.86968 -90.0889 5.4
    endloop
  endfacet
  facet normal -0.0652777 0.997867 0
    outer loop
      vertex 3.7 -90.1 5.4
      vertex 3.86968 -90.0889 0.800001
      vertex 3.7 -90.1 0.800001
    endloop
  endfacet
  facet normal -0.751716 -0.659487 0
    outer loop
      vertex 4.73136 -88.0086 0.800001
      vertex 4.61924 -87.8808 5.4
      vertex 4.61924 -87.8808 0.800001
    endloop
  endfacet
  facet normal -0.751716 -0.659487 0
    outer loop
      vertex 4.61924 -87.8808 5.4
      vertex 4.73136 -88.0086 0.800001
      vertex 4.73136 -88.0086 5.4
    endloop
  endfacet
  facet normal 0.321656 -0.946857 0
    outer loop
      vertex 3.20251 -87.599 0.800001
      vertex 3.36353 -87.5443 5.4
      vertex 3.20251 -87.599 5.4
    endloop
  endfacet
  facet normal 0.321656 -0.946857 0
    outer loop
      vertex 3.36353 -87.5443 5.4
      vertex 3.20251 -87.599 0.800001
      vertex 3.36353 -87.5443 0.800001
    endloop
  endfacet
  facet normal -0.980784 0.195098 0
    outer loop
      vertex 4.9557 -89.1365 0.800001
      vertex 4.98888 -88.9697 5.4
      vertex 4.98888 -88.9697 0.800001
    endloop
  endfacet
  facet normal -0.980784 0.195098 0
    outer loop
      vertex 4.98888 -88.9697 5.4
      vertex 4.9557 -89.1365 0.800001
      vertex 4.9557 -89.1365 5.4
    endloop
  endfacet
  facet normal -0.831498 0.555528 0
    outer loop
      vertex 4.73136 -89.5914 0.800001
      vertex 4.82583 -89.45 5.4
      vertex 4.82583 -89.45 0.800001
    endloop
  endfacet
  facet normal -0.831498 0.555528 0
    outer loop
      vertex 4.82583 -89.45 5.4
      vertex 4.73136 -89.5914 0.800001
      vertex 4.73136 -89.5914 5.4
    endloop
  endfacet
  facet normal -0.980784 -0.195098 0
    outer loop
      vertex 4.98888 -88.6303 0.800001
      vertex 4.9557 -88.4635 5.4
      vertex 4.9557 -88.4635 0.800001
    endloop
  endfacet
  facet normal -0.980784 -0.195098 0
    outer loop
      vertex 4.9557 -88.4635 5.4
      vertex 4.98888 -88.6303 0.800001
      vertex 4.98888 -88.6303 5.4
    endloop
  endfacet
  facet normal -0.442243 0.896895 0
    outer loop
      vertex 4.35 -89.9258 0.800001
      vertex 4.19749 -90.001 5.4
      vertex 4.35 -89.9258 5.4
    endloop
  endfacet
  facet normal -0.442243 0.896895 0
    outer loop
      vertex 4.19749 -90.001 5.4
      vertex 4.35 -89.9258 0.800001
      vertex 4.19749 -90.001 0.800001
    endloop
  endfacet
  facet normal -0.0652777 -0.997867 0
    outer loop
      vertex 3.7 -87.5 0.800001
      vertex 3.86968 -87.5111 5.4
      vertex 3.7 -87.5 5.4
    endloop
  endfacet
  facet normal -0.0652777 -0.997867 -0
    outer loop
      vertex 3.86968 -87.5111 5.4
      vertex 3.7 -87.5 0.800001
      vertex 3.86968 -87.5111 0.800001
    endloop
  endfacet
  facet normal 0.321656 0.946857 -0
    outer loop
      vertex 3.36353 -90.0557 0.800001
      vertex 3.20251 -90.001 5.4
      vertex 3.36353 -90.0557 5.4
    endloop
  endfacet
  facet normal 0.321656 0.946857 0
    outer loop
      vertex 3.20251 -90.001 5.4
      vertex 3.36353 -90.0557 0.800001
      vertex 3.20251 -90.001 0.800001
    endloop
  endfacet
  facet normal -0.442243 -0.896895 0
    outer loop
      vertex 4.19749 -87.599 0.800001
      vertex 4.35 -87.6742 5.4
      vertex 4.19749 -87.599 5.4
    endloop
  endfacet
  facet normal -0.442243 -0.896895 -0
    outer loop
      vertex 4.35 -87.6742 5.4
      vertex 4.19749 -87.599 0.800001
      vertex 4.35 -87.6742 0.800001
    endloop
  endfacet
  facet normal -0.55527 0.83167 0
    outer loop
      vertex 4.49139 -89.8314 0.800001
      vertex 4.35 -89.9258 5.4
      vertex 4.49139 -89.8314 5.4
    endloop
  endfacet
  facet normal -0.55527 0.83167 0
    outer loop
      vertex 4.35 -89.9258 5.4
      vertex 4.49139 -89.8314 0.800001
      vertex 4.35 -89.9258 0.800001
    endloop
  endfacet
  facet normal 0.659607 0.751611 -0
    outer loop
      vertex 2.90861 -89.8314 0.800001
      vertex 2.78076 -89.7192 5.4
      vertex 2.90861 -89.8314 5.4
    endloop
  endfacet
  facet normal 0.659607 0.751611 0
    outer loop
      vertex 2.78076 -89.7192 5.4
      vertex 2.90861 -89.8314 0.800001
      vertex 2.78076 -89.7192 0.800001
    endloop
  endfacet
  facet normal -0.99786 -0.0653872 0
    outer loop
      vertex 5 -88.8 0.800001
      vertex 4.98888 -88.6303 5.4
      vertex 4.98888 -88.6303 0.800001
    endloop
  endfacet
  facet normal -0.99786 -0.0653872 0
    outer loop
      vertex 4.98888 -88.6303 5.4
      vertex 5 -88.8 0.800001
      vertex 5 -88.8 5.4
    endloop
  endfacet
  facet normal -0.321638 0.946863 0
    outer loop
      vertex 4.19749 -90.001 0.800001
      vertex 4.03646 -90.0557 5.4
      vertex 4.19749 -90.001 5.4
    endloop
  endfacet
  facet normal -0.321638 0.946863 0
    outer loop
      vertex 4.03646 -90.0557 5.4
      vertex 4.19749 -90.001 0.800001
      vertex 4.03646 -90.0557 0.800001
    endloop
  endfacet
  facet normal 0.980784 0.195098 0
    outer loop
      vertex 2.4443 -89.1365 5.4
      vertex 2.41112 -88.9697 0.800001
      vertex 2.41112 -88.9697 5.4
    endloop
  endfacet
  facet normal 0.980784 0.195098 0
    outer loop
      vertex 2.41112 -88.9697 0.800001
      vertex 2.4443 -89.1365 5.4
      vertex 2.4443 -89.1365 0.800001
    endloop
  endfacet
  facet normal 0.195223 -0.980759 0
    outer loop
      vertex 3.36353 -87.5443 0.800001
      vertex 3.53032 -87.5111 5.4
      vertex 3.36353 -87.5443 5.4
    endloop
  endfacet
  facet normal 0.195223 -0.980759 0
    outer loop
      vertex 3.53032 -87.5111 5.4
      vertex 3.36353 -87.5443 0.800001
      vertex 3.53032 -87.5111 0.800001
    endloop
  endfacet
  facet normal 0.442243 -0.896895 0
    outer loop
      vertex 3.05 -87.6742 0.800001
      vertex 3.20251 -87.599 5.4
      vertex 3.05 -87.6742 5.4
    endloop
  endfacet
  facet normal 0.442243 -0.896895 0
    outer loop
      vertex 3.20251 -87.599 5.4
      vertex 3.05 -87.6742 0.800001
      vertex 3.20251 -87.599 0.800001
    endloop
  endfacet
  facet normal 0.831498 0.555528 0
    outer loop
      vertex 2.66864 -89.5914 5.4
      vertex 2.57417 -89.45 0.800001
      vertex 2.57417 -89.45 5.4
    endloop
  endfacet
  facet normal 0.831498 0.555528 0
    outer loop
      vertex 2.57417 -89.45 0.800001
      vertex 2.66864 -89.5914 5.4
      vertex 2.66864 -89.5914 0.800001
    endloop
  endfacet
  facet normal 0.831498 -0.555528 0
    outer loop
      vertex 2.57417 -88.15 5.4
      vertex 2.66864 -88.0086 0.800001
      vertex 2.66864 -88.0086 5.4
    endloop
  endfacet
  facet normal 0.831498 -0.555528 0
    outer loop
      vertex 2.66864 -88.0086 0.800001
      vertex 2.57417 -88.15 5.4
      vertex 2.57417 -88.15 0.800001
    endloop
  endfacet
  facet normal 0.55527 0.83167 -0
    outer loop
      vertex 3.05 -89.9258 0.800001
      vertex 2.90861 -89.8314 5.4
      vertex 3.05 -89.9258 5.4
    endloop
  endfacet
  facet normal 0.55527 0.83167 0
    outer loop
      vertex 2.90861 -89.8314 5.4
      vertex 3.05 -89.9258 0.800001
      vertex 2.90861 -89.8314 0.800001
    endloop
  endfacet
  facet normal 0.0652777 -0.997867 0
    outer loop
      vertex 3.53032 -87.5111 0.800001
      vertex 3.7 -87.5 5.4
      vertex 3.53032 -87.5111 5.4
    endloop
  endfacet
  facet normal 0.0652777 -0.997867 0
    outer loop
      vertex 3.7 -87.5 5.4
      vertex 3.53032 -87.5111 0.800001
      vertex 3.7 -87.5 0.800001
    endloop
  endfacet
  facet normal 0.55527 -0.83167 0
    outer loop
      vertex 2.90861 -87.7686 0.800001
      vertex 3.05 -87.6742 5.4
      vertex 2.90861 -87.7686 5.4
    endloop
  endfacet
  facet normal 0.55527 -0.83167 0
    outer loop
      vertex 3.05 -87.6742 5.4
      vertex 2.90861 -87.7686 0.800001
      vertex 3.05 -87.6742 0.800001
    endloop
  endfacet
  facet normal -0.321638 -0.946863 0
    outer loop
      vertex 4.03646 -87.5443 0.800001
      vertex 4.19749 -87.599 5.4
      vertex 4.03646 -87.5443 5.4
    endloop
  endfacet
  facet normal -0.321638 -0.946863 -0
    outer loop
      vertex 4.19749 -87.599 5.4
      vertex 4.03646 -87.5443 0.800001
      vertex 4.19749 -87.599 0.800001
    endloop
  endfacet
  facet normal 0.99786 -0.0653872 0
    outer loop
      vertex 2.4 -88.8 5.4
      vertex 2.41112 -88.6303 0.800001
      vertex 2.41112 -88.6303 5.4
    endloop
  endfacet
  facet normal 0.99786 -0.0653872 0
    outer loop
      vertex 2.41112 -88.6303 0.800001
      vertex 2.4 -88.8 5.4
      vertex 2.4 -88.8 0.800001
    endloop
  endfacet
  facet normal 0.980784 -0.195098 0
    outer loop
      vertex 2.41112 -88.6303 5.4
      vertex 2.4443 -88.4635 0.800001
      vertex 2.4443 -88.4635 5.4
    endloop
  endfacet
  facet normal 0.980784 -0.195098 0
    outer loop
      vertex 2.4443 -88.4635 0.800001
      vertex 2.41112 -88.6303 5.4
      vertex 2.41112 -88.6303 0.800001
    endloop
  endfacet
  facet normal 0.99786 0.0653872 0
    outer loop
      vertex 2.41112 -88.9697 5.4
      vertex 2.4 -88.8 0.800001
      vertex 2.4 -88.8 5.4
    endloop
  endfacet
  facet normal 0.99786 0.0653872 0
    outer loop
      vertex 2.4 -88.8 0.800001
      vertex 2.41112 -88.9697 5.4
      vertex 2.41112 -88.9697 0.800001
    endloop
  endfacet
  facet normal -0.195234 0.980757 0
    outer loop
      vertex 4.03646 -90.0557 0.800001
      vertex 3.86968 -90.0889 5.4
      vertex 4.03646 -90.0557 5.4
    endloop
  endfacet
  facet normal -0.195234 0.980757 0
    outer loop
      vertex 3.86968 -90.0889 5.4
      vertex 4.03646 -90.0557 0.800001
      vertex 3.86968 -90.0889 0.800001
    endloop
  endfacet
  facet normal -0.55527 -0.83167 0
    outer loop
      vertex 4.35 -87.6742 0.800001
      vertex 4.49139 -87.7686 5.4
      vertex 4.35 -87.6742 5.4
    endloop
  endfacet
  facet normal -0.55527 -0.83167 -0
    outer loop
      vertex 4.49139 -87.7686 5.4
      vertex 4.35 -87.6742 0.800001
      vertex 4.49139 -87.7686 0.800001
    endloop
  endfacet
  facet normal -0.659607 -0.751611 0
    outer loop
      vertex 4.49139 -87.7686 0.800001
      vertex 4.61924 -87.8808 5.4
      vertex 4.49139 -87.7686 5.4
    endloop
  endfacet
  facet normal -0.659607 -0.751611 -0
    outer loop
      vertex 4.61924 -87.8808 5.4
      vertex 4.49139 -87.7686 0.800001
      vertex 4.61924 -87.8808 0.800001
    endloop
  endfacet
  facet normal 0.946916 0.321481 0
    outer loop
      vertex 2.49896 -89.2975 5.4
      vertex 2.4443 -89.1365 0.800001
      vertex 2.4443 -89.1365 5.4
    endloop
  endfacet
  facet normal 0.946916 0.321481 0
    outer loop
      vertex 2.4443 -89.1365 0.800001
      vertex 2.49896 -89.2975 5.4
      vertex 2.49896 -89.2975 0.800001
    endloop
  endfacet
  facet normal 0.89686 0.442314 0
    outer loop
      vertex 2.57417 -89.45 5.4
      vertex 2.49896 -89.2975 0.800001
      vertex 2.49896 -89.2975 5.4
    endloop
  endfacet
  facet normal 0.89686 0.442314 0
    outer loop
      vertex 2.49896 -89.2975 0.800001
      vertex 2.57417 -89.45 5.4
      vertex 2.57417 -89.45 0.800001
    endloop
  endfacet
  facet normal -0.555243 -0.831688 0
    outer loop
      vertex 41.15 -87.6742 0.800001
      vertex 41.2914 -87.7686 5.4
      vertex 41.15 -87.6742 5.4
    endloop
  endfacet
  facet normal -0.555243 -0.831688 -0
    outer loop
      vertex 41.2914 -87.7686 5.4
      vertex 41.15 -87.6742 0.800001
      vertex 41.2914 -87.7686 0.800001
    endloop
  endfacet
  facet normal -0.195211 0.980761 0
    outer loop
      vertex 40.8365 -90.0557 0.800001
      vertex 40.6697 -90.0889 5.4
      vertex 40.8365 -90.0557 5.4
    endloop
  endfacet
  facet normal -0.195211 0.980761 0
    outer loop
      vertex 40.6697 -90.0889 5.4
      vertex 40.8365 -90.0557 0.800001
      vertex 40.6697 -90.0889 0.800001
    endloop
  endfacet
  facet normal -0.831688 0.555243 0
    outer loop
      vertex 41.5314 -89.5914 0.800001
      vertex 41.6258 -89.45 5.4
      vertex 41.6258 -89.45 0.800001
    endloop
  endfacet
  facet normal -0.831688 0.555243 0
    outer loop
      vertex 41.6258 -89.45 5.4
      vertex 41.5314 -89.5914 0.800001
      vertex 41.5314 -89.5914 5.4
    endloop
  endfacet
  facet normal -0.555243 0.831688 0
    outer loop
      vertex 41.2914 -89.8314 0.800001
      vertex 41.15 -89.9258 5.4
      vertex 41.2914 -89.8314 5.4
    endloop
  endfacet
  facet normal -0.555243 0.831688 0
    outer loop
      vertex 41.15 -89.9258 5.4
      vertex 41.2914 -89.8314 0.800001
      vertex 41.15 -89.9258 0.800001
    endloop
  endfacet
  facet normal 0.946844 0.321692 0
    outer loop
      vertex 39.299 -89.2975 5.4
      vertex 39.2443 -89.1365 0.800001
      vertex 39.2443 -89.1365 5.4
    endloop
  endfacet
  facet normal 0.946844 0.321692 0
    outer loop
      vertex 39.2443 -89.1365 0.800001
      vertex 39.299 -89.2975 5.4
      vertex 39.299 -89.2975 0.800001
    endloop
  endfacet
  facet normal -0.896884 0.442267 0
    outer loop
      vertex 41.6258 -89.45 0.800001
      vertex 41.701 -89.2975 5.4
      vertex 41.701 -89.2975 0.800001
    endloop
  endfacet
  facet normal -0.896884 0.442267 0
    outer loop
      vertex 41.701 -89.2975 5.4
      vertex 41.6258 -89.45 0.800001
      vertex 41.6258 -89.45 5.4
    endloop
  endfacet
  facet normal -0.997868 0.0652701 0
    outer loop
      vertex 41.7889 -88.9697 0.800001
      vertex 41.8 -88.8 5.4
      vertex 41.8 -88.8 0.800001
    endloop
  endfacet
  facet normal -0.997868 0.0652701 0
    outer loop
      vertex 41.8 -88.8 5.4
      vertex 41.7889 -88.9697 0.800001
      vertex 41.7889 -88.9697 5.4
    endloop
  endfacet
  facet normal 0.0652701 0.997868 -0
    outer loop
      vertex 40.5 -90.1 0.800001
      vertex 40.3303 -90.0889 5.4
      vertex 40.5 -90.1 5.4
    endloop
  endfacet
  facet normal 0.0652701 0.997868 0
    outer loop
      vertex 40.3303 -90.0889 5.4
      vertex 40.5 -90.1 0.800001
      vertex 40.3303 -90.0889 0.800001
    endloop
  endfacet
  facet normal -0.659753 -0.751483 0
    outer loop
      vertex 41.2914 -87.7686 0.800001
      vertex 41.4192 -87.8808 5.4
      vertex 41.2914 -87.7686 5.4
    endloop
  endfacet
  facet normal -0.659753 -0.751483 -0
    outer loop
      vertex 41.4192 -87.8808 5.4
      vertex 41.2914 -87.7686 0.800001
      vertex 41.4192 -87.8808 0.800001
    endloop
  endfacet
  facet normal 0.555243 0.831688 -0
    outer loop
      vertex 39.85 -89.9258 0.800001
      vertex 39.7086 -89.8314 5.4
      vertex 39.85 -89.9258 5.4
    endloop
  endfacet
  facet normal 0.555243 0.831688 0
    outer loop
      vertex 39.7086 -89.8314 5.4
      vertex 39.85 -89.9258 0.800001
      vertex 39.7086 -89.8314 0.800001
    endloop
  endfacet
  facet normal 0.659753 -0.751483 0
    outer loop
      vertex 39.5808 -87.8808 0.800001
      vertex 39.7086 -87.7686 5.4
      vertex 39.5808 -87.8808 5.4
    endloop
  endfacet
  facet normal 0.659753 -0.751483 0
    outer loop
      vertex 39.7086 -87.7686 5.4
      vertex 39.5808 -87.8808 0.800001
      vertex 39.7086 -87.7686 0.800001
    endloop
  endfacet
  facet normal -0.195211 -0.980761 0
    outer loop
      vertex 40.6697 -87.5111 0.800001
      vertex 40.8365 -87.5443 5.4
      vertex 40.6697 -87.5111 5.4
    endloop
  endfacet
  facet normal -0.195211 -0.980761 -0
    outer loop
      vertex 40.8365 -87.5443 5.4
      vertex 40.6697 -87.5111 0.800001
      vertex 40.8365 -87.5443 0.800001
    endloop
  endfacet
  facet normal -0.321692 0.946844 0
    outer loop
      vertex 40.9975 -90.001 0.800001
      vertex 40.8365 -90.0557 5.4
      vertex 40.9975 -90.001 5.4
    endloop
  endfacet
  facet normal -0.321692 0.946844 0
    outer loop
      vertex 40.8365 -90.0557 5.4
      vertex 40.9975 -90.001 0.800001
      vertex 40.8365 -90.0557 0.800001
    endloop
  endfacet
  facet normal 0.997868 0.0652701 0
    outer loop
      vertex 39.2111 -88.9697 5.4
      vertex 39.2 -88.8 0.800001
      vertex 39.2 -88.8 5.4
    endloop
  endfacet
  facet normal 0.997868 0.0652701 0
    outer loop
      vertex 39.2 -88.8 0.800001
      vertex 39.2111 -88.9697 5.4
      vertex 39.2111 -88.9697 0.800001
    endloop
  endfacet
  facet normal -0.659753 0.751483 0
    outer loop
      vertex 41.4192 -89.7192 0.800001
      vertex 41.2914 -89.8314 5.4
      vertex 41.4192 -89.7192 5.4
    endloop
  endfacet
  facet normal -0.659753 0.751483 0
    outer loop
      vertex 41.2914 -89.8314 5.4
      vertex 41.4192 -89.7192 0.800001
      vertex 41.2914 -89.8314 0.800001
    endloop
  endfacet
  facet normal 0.997868 -0.0652701 0
    outer loop
      vertex 39.2 -88.8 5.4
      vertex 39.2111 -88.6303 0.800001
      vertex 39.2111 -88.6303 5.4
    endloop
  endfacet
  facet normal 0.997868 -0.0652701 0
    outer loop
      vertex 39.2111 -88.6303 0.800001
      vertex 39.2 -88.8 5.4
      vertex 39.2 -88.8 0.800001
    endloop
  endfacet
  facet normal 0.831688 -0.555243 0
    outer loop
      vertex 39.3742 -88.15 5.4
      vertex 39.4686 -88.0086 0.800001
      vertex 39.4686 -88.0086 5.4
    endloop
  endfacet
  facet normal 0.831688 -0.555243 0
    outer loop
      vertex 39.4686 -88.0086 0.800001
      vertex 39.3742 -88.15 5.4
      vertex 39.3742 -88.15 0.800001
    endloop
  endfacet
  facet normal -0.751483 0.659753 0
    outer loop
      vertex 41.4192 -89.7192 0.800001
      vertex 41.5314 -89.5914 5.4
      vertex 41.5314 -89.5914 0.800001
    endloop
  endfacet
  facet normal -0.751483 0.659753 0
    outer loop
      vertex 41.5314 -89.5914 5.4
      vertex 41.4192 -89.7192 0.800001
      vertex 41.4192 -89.7192 5.4
    endloop
  endfacet
  facet normal -0.980761 0.195211 0
    outer loop
      vertex 41.7557 -89.1365 0.800001
      vertex 41.7889 -88.9697 5.4
      vertex 41.7889 -88.9697 0.800001
    endloop
  endfacet
  facet normal -0.980761 0.195211 0
    outer loop
      vertex 41.7889 -88.9697 5.4
      vertex 41.7557 -89.1365 0.800001
      vertex 41.7557 -89.1365 5.4
    endloop
  endfacet
  facet normal -0.831688 -0.555243 0
    outer loop
      vertex 41.6258 -88.15 0.800001
      vertex 41.5314 -88.0086 5.4
      vertex 41.5314 -88.0086 0.800001
    endloop
  endfacet
  facet normal -0.831688 -0.555243 0
    outer loop
      vertex 41.5314 -88.0086 5.4
      vertex 41.6258 -88.15 0.800001
      vertex 41.6258 -88.15 5.4
    endloop
  endfacet
  facet normal 0.980761 -0.195211 0
    outer loop
      vertex 39.2111 -88.6303 5.4
      vertex 39.2443 -88.4635 0.800001
      vertex 39.2443 -88.4635 5.4
    endloop
  endfacet
  facet normal 0.980761 -0.195211 0
    outer loop
      vertex 39.2443 -88.4635 0.800001
      vertex 39.2111 -88.6303 5.4
      vertex 39.2111 -88.6303 0.800001
    endloop
  endfacet
  facet normal -0.896884 -0.442267 0
    outer loop
      vertex 41.701 -88.3025 0.800001
      vertex 41.6258 -88.15 5.4
      vertex 41.6258 -88.15 0.800001
    endloop
  endfacet
  facet normal -0.896884 -0.442267 0
    outer loop
      vertex 41.6258 -88.15 5.4
      vertex 41.701 -88.3025 0.800001
      vertex 41.701 -88.3025 5.4
    endloop
  endfacet
  facet normal -0.997868 -0.0652701 0
    outer loop
      vertex 41.8 -88.8 0.800001
      vertex 41.7889 -88.6303 5.4
      vertex 41.7889 -88.6303 0.800001
    endloop
  endfacet
  facet normal -0.997868 -0.0652701 0
    outer loop
      vertex 41.7889 -88.6303 5.4
      vertex 41.8 -88.8 0.800001
      vertex 41.8 -88.8 5.4
    endloop
  endfacet
  facet normal 0.659753 0.751483 -0
    outer loop
      vertex 39.7086 -89.8314 0.800001
      vertex 39.5808 -89.7192 5.4
      vertex 39.7086 -89.8314 5.4
    endloop
  endfacet
  facet normal 0.659753 0.751483 0
    outer loop
      vertex 39.5808 -89.7192 5.4
      vertex 39.7086 -89.8314 0.800001
      vertex 39.5808 -89.7192 0.800001
    endloop
  endfacet
  facet normal 0.555243 -0.831688 0
    outer loop
      vertex 39.7086 -87.7686 0.800001
      vertex 39.85 -87.6742 5.4
      vertex 39.7086 -87.7686 5.4
    endloop
  endfacet
  facet normal 0.555243 -0.831688 0
    outer loop
      vertex 39.85 -87.6742 5.4
      vertex 39.7086 -87.7686 0.800001
      vertex 39.85 -87.6742 0.800001
    endloop
  endfacet
  facet normal -0.946844 -0.321692 0
    outer loop
      vertex 41.7557 -88.4635 0.800001
      vertex 41.701 -88.3025 5.4
      vertex 41.701 -88.3025 0.800001
    endloop
  endfacet
  facet normal -0.946844 -0.321692 0
    outer loop
      vertex 41.701 -88.3025 5.4
      vertex 41.7557 -88.4635 0.800001
      vertex 41.7557 -88.4635 5.4
    endloop
  endfacet
  facet normal 0.751483 0.659753 0
    outer loop
      vertex 39.5808 -89.7192 5.4
      vertex 39.4686 -89.5914 0.800001
      vertex 39.4686 -89.5914 5.4
    endloop
  endfacet
  facet normal 0.751483 0.659753 0
    outer loop
      vertex 39.4686 -89.5914 0.800001
      vertex 39.5808 -89.7192 5.4
      vertex 39.5808 -89.7192 0.800001
    endloop
  endfacet
  facet normal 0.195211 0.980761 -0
    outer loop
      vertex 40.3303 -90.0889 0.800001
      vertex 40.1635 -90.0557 5.4
      vertex 40.3303 -90.0889 5.4
    endloop
  endfacet
  facet normal 0.195211 0.980761 0
    outer loop
      vertex 40.1635 -90.0557 5.4
      vertex 40.3303 -90.0889 0.800001
      vertex 40.1635 -90.0557 0.800001
    endloop
  endfacet
  facet normal -0.946844 0.321692 0
    outer loop
      vertex 41.701 -89.2975 0.800001
      vertex 41.7557 -89.1365 5.4
      vertex 41.7557 -89.1365 0.800001
    endloop
  endfacet
  facet normal -0.946844 0.321692 0
    outer loop
      vertex 41.7557 -89.1365 5.4
      vertex 41.701 -89.2975 0.800001
      vertex 41.701 -89.2975 5.4
    endloop
  endfacet
  facet normal -0.751483 -0.659753 0
    outer loop
      vertex 41.5314 -88.0086 0.800001
      vertex 41.4192 -87.8808 5.4
      vertex 41.4192 -87.8808 0.800001
    endloop
  endfacet
  facet normal -0.751483 -0.659753 0
    outer loop
      vertex 41.4192 -87.8808 5.4
      vertex 41.5314 -88.0086 0.800001
      vertex 41.5314 -88.0086 5.4
    endloop
  endfacet
  facet normal 0.321692 -0.946844 0
    outer loop
      vertex 40.0025 -87.599 0.800001
      vertex 40.1635 -87.5443 5.4
      vertex 40.0025 -87.599 5.4
    endloop
  endfacet
  facet normal 0.321692 -0.946844 0
    outer loop
      vertex 40.1635 -87.5443 5.4
      vertex 40.0025 -87.599 0.800001
      vertex 40.1635 -87.5443 0.800001
    endloop
  endfacet
  facet normal -0.442267 0.896884 0
    outer loop
      vertex 41.15 -89.9258 0.800001
      vertex 40.9975 -90.001 5.4
      vertex 41.15 -89.9258 5.4
    endloop
  endfacet
  facet normal -0.442267 0.896884 0
    outer loop
      vertex 40.9975 -90.001 5.4
      vertex 41.15 -89.9258 0.800001
      vertex 40.9975 -90.001 0.800001
    endloop
  endfacet
  facet normal 0.442267 -0.896884 0
    outer loop
      vertex 39.85 -87.6742 0.800001
      vertex 40.0025 -87.599 5.4
      vertex 39.85 -87.6742 5.4
    endloop
  endfacet
  facet normal 0.442267 -0.896884 0
    outer loop
      vertex 40.0025 -87.599 5.4
      vertex 39.85 -87.6742 0.800001
      vertex 40.0025 -87.599 0.800001
    endloop
  endfacet
  facet normal 0.896884 0.442267 0
    outer loop
      vertex 39.3742 -89.45 5.4
      vertex 39.299 -89.2975 0.800001
      vertex 39.299 -89.2975 5.4
    endloop
  endfacet
  facet normal 0.896884 0.442267 0
    outer loop
      vertex 39.299 -89.2975 0.800001
      vertex 39.3742 -89.45 5.4
      vertex 39.3742 -89.45 0.800001
    endloop
  endfacet
  facet normal -0.0652701 -0.997868 0
    outer loop
      vertex 40.5 -87.5 0.800001
      vertex 40.6697 -87.5111 5.4
      vertex 40.5 -87.5 5.4
    endloop
  endfacet
  facet normal -0.0652701 -0.997868 -0
    outer loop
      vertex 40.6697 -87.5111 5.4
      vertex 40.5 -87.5 0.800001
      vertex 40.6697 -87.5111 0.800001
    endloop
  endfacet
  facet normal -0.442267 -0.896884 0
    outer loop
      vertex 40.9975 -87.599 0.800001
      vertex 41.15 -87.6742 5.4
      vertex 40.9975 -87.599 5.4
    endloop
  endfacet
  facet normal -0.442267 -0.896884 -0
    outer loop
      vertex 41.15 -87.6742 5.4
      vertex 40.9975 -87.599 0.800001
      vertex 41.15 -87.6742 0.800001
    endloop
  endfacet
  facet normal 0.321692 0.946844 -0
    outer loop
      vertex 40.1635 -90.0557 0.800001
      vertex 40.0025 -90.001 5.4
      vertex 40.1635 -90.0557 5.4
    endloop
  endfacet
  facet normal 0.321692 0.946844 0
    outer loop
      vertex 40.0025 -90.001 5.4
      vertex 40.1635 -90.0557 0.800001
      vertex 40.0025 -90.001 0.800001
    endloop
  endfacet
  facet normal -0.980761 -0.195211 0
    outer loop
      vertex 41.7889 -88.6303 0.800001
      vertex 41.7557 -88.4635 5.4
      vertex 41.7557 -88.4635 0.800001
    endloop
  endfacet
  facet normal -0.980761 -0.195211 0
    outer loop
      vertex 41.7557 -88.4635 5.4
      vertex 41.7889 -88.6303 0.800001
      vertex 41.7889 -88.6303 5.4
    endloop
  endfacet
  facet normal -0.321692 -0.946844 0
    outer loop
      vertex 40.8365 -87.5443 0.800001
      vertex 40.9975 -87.599 5.4
      vertex 40.8365 -87.5443 5.4
    endloop
  endfacet
  facet normal -0.321692 -0.946844 -0
    outer loop
      vertex 40.9975 -87.599 5.4
      vertex 40.8365 -87.5443 0.800001
      vertex 40.9975 -87.599 0.800001
    endloop
  endfacet
  facet normal 0.751483 -0.659753 0
    outer loop
      vertex 39.4686 -88.0086 5.4
      vertex 39.5808 -87.8808 0.800001
      vertex 39.5808 -87.8808 5.4
    endloop
  endfacet
  facet normal 0.751483 -0.659753 0
    outer loop
      vertex 39.5808 -87.8808 0.800001
      vertex 39.4686 -88.0086 5.4
      vertex 39.4686 -88.0086 0.800001
    endloop
  endfacet
  facet normal -0.0652701 0.997868 0
    outer loop
      vertex 40.6697 -90.0889 0.800001
      vertex 40.5 -90.1 5.4
      vertex 40.6697 -90.0889 5.4
    endloop
  endfacet
  facet normal -0.0652701 0.997868 0
    outer loop
      vertex 40.5 -90.1 5.4
      vertex 40.6697 -90.0889 0.800001
      vertex 40.5 -90.1 0.800001
    endloop
  endfacet
  facet normal 0.442267 0.896884 -0
    outer loop
      vertex 40.0025 -90.001 0.800001
      vertex 39.85 -89.9258 5.4
      vertex 40.0025 -90.001 5.4
    endloop
  endfacet
  facet normal 0.442267 0.896884 0
    outer loop
      vertex 39.85 -89.9258 5.4
      vertex 40.0025 -90.001 0.800001
      vertex 39.85 -89.9258 0.800001
    endloop
  endfacet
  facet normal 0.946844 -0.321692 0
    outer loop
      vertex 39.2443 -88.4635 5.4
      vertex 39.299 -88.3025 0.800001
      vertex 39.299 -88.3025 5.4
    endloop
  endfacet
  facet normal 0.946844 -0.321692 0
    outer loop
      vertex 39.299 -88.3025 0.800001
      vertex 39.2443 -88.4635 5.4
      vertex 39.2443 -88.4635 0.800001
    endloop
  endfacet
  facet normal 0.896884 -0.442267 0
    outer loop
      vertex 39.299 -88.3025 5.4
      vertex 39.3742 -88.15 0.800001
      vertex 39.3742 -88.15 5.4
    endloop
  endfacet
  facet normal 0.896884 -0.442267 0
    outer loop
      vertex 39.3742 -88.15 0.800001
      vertex 39.299 -88.3025 5.4
      vertex 39.299 -88.3025 0.800001
    endloop
  endfacet
  facet normal 0.0652701 -0.997868 0
    outer loop
      vertex 40.3303 -87.5111 0.800001
      vertex 40.5 -87.5 5.4
      vertex 40.3303 -87.5111 5.4
    endloop
  endfacet
  facet normal 0.0652701 -0.997868 0
    outer loop
      vertex 40.5 -87.5 5.4
      vertex 40.3303 -87.5111 0.800001
      vertex 40.5 -87.5 0.800001
    endloop
  endfacet
  facet normal 0.195211 -0.980761 0
    outer loop
      vertex 40.1635 -87.5443 0.800001
      vertex 40.3303 -87.5111 5.4
      vertex 40.1635 -87.5443 5.4
    endloop
  endfacet
  facet normal 0.195211 -0.980761 0
    outer loop
      vertex 40.3303 -87.5111 5.4
      vertex 40.1635 -87.5443 0.800001
      vertex 40.3303 -87.5111 0.800001
    endloop
  endfacet
  facet normal 0.831688 0.555243 0
    outer loop
      vertex 39.4686 -89.5914 5.4
      vertex 39.3742 -89.45 0.800001
      vertex 39.3742 -89.45 5.4
    endloop
  endfacet
  facet normal 0.831688 0.555243 0
    outer loop
      vertex 39.3742 -89.45 0.800001
      vertex 39.4686 -89.5914 5.4
      vertex 39.4686 -89.5914 0.800001
    endloop
  endfacet
  facet normal 0.980761 0.195211 0
    outer loop
      vertex 39.2443 -89.1365 5.4
      vertex 39.2111 -88.9697 0.800001
      vertex 39.2111 -88.9697 5.4
    endloop
  endfacet
  facet normal 0.980761 0.195211 0
    outer loop
      vertex 39.2111 -88.9697 0.800001
      vertex 39.2443 -89.1365 5.4
      vertex 39.2443 -89.1365 0.800001
    endloop
  endfacet
  facet normal 0 0 1
    outer loop
      vertex 41.7889 -88.6303 0.800001
      vertex 41.7889 -88.9697 0.800001
      vertex 41.8 -88.8 0.800001
    endloop
  endfacet
  facet normal 0 0 1
    outer loop
      vertex 41.7557 -88.4635 0.800001
      vertex 41.7889 -88.9697 0.800001
      vertex 41.7889 -88.6303 0.800001
    endloop
  endfacet
  facet normal 0 0 1
    outer loop
      vertex 41.7557 -88.4635 0.800001
      vertex 41.7557 -89.1365 0.800001
      vertex 41.7889 -88.9697 0.800001
    endloop
  endfacet
  facet normal 0 0 1
    outer loop
      vertex 41.701 -88.3025 0.800001
      vertex 41.7557 -89.1365 0.800001
      vertex 41.7557 -88.4635 0.800001
    endloop
  endfacet
  facet normal 0 0 1
    outer loop
      vertex 41.701 -88.3025 0.800001
      vertex 41.701 -89.2975 0.800001
      vertex 41.7557 -89.1365 0.800001
    endloop
  endfacet
  facet normal 0 0 1
    outer loop
      vertex 41.6258 -88.15 0.800001
      vertex 41.701 -89.2975 0.800001
      vertex 41.701 -88.3025 0.800001
    endloop
  endfacet
  facet normal 0 0 1
    outer loop
      vertex 41.6258 -88.15 0.800001
      vertex 41.6258 -89.45 0.800001
      vertex 41.701 -89.2975 0.800001
    endloop
  endfacet
  facet normal 0 0 1
    outer loop
      vertex 41.5314 -88.0086 0.800001
      vertex 41.6258 -89.45 0.800001
      vertex 41.6258 -88.15 0.800001
    endloop
  endfacet
  facet normal 0 0 1
    outer loop
      vertex 41.5314 -88.0086 0.800001
      vertex 41.5314 -89.5914 0.800001
      vertex 41.6258 -89.45 0.800001
    endloop
  endfacet
  facet normal 0 0 1
    outer loop
      vertex 41.4192 -87.8808 0.800001
      vertex 41.5314 -89.5914 0.800001
      vertex 41.5314 -88.0086 0.800001
    endloop
  endfacet
  facet normal 0 0 1
    outer loop
      vertex 41.4192 -87.8808 0.800001
      vertex 41.4192 -89.7192 0.800001
      vertex 41.5314 -89.5914 0.800001
    endloop
  endfacet
  facet normal 0 0 1
    outer loop
      vertex 41.2914 -87.7686 0.800001
      vertex 41.4192 -89.7192 0.800001
      vertex 41.4192 -87.8808 0.800001
    endloop
  endfacet
  facet normal 0 0 1
    outer loop
      vertex 41.2914 -87.7686 0.800001
      vertex 41.2914 -89.8314 0.800001
      vertex 41.4192 -89.7192 0.800001
    endloop
  endfacet
  facet normal 0 0 1
    outer loop
      vertex 41.15 -87.6742 0.800001
      vertex 41.2914 -89.8314 0.800001
      vertex 41.2914 -87.7686 0.800001
    endloop
  endfacet
  facet normal 0 0 1
    outer loop
      vertex 41.15 -87.6742 0.800001
      vertex 41.15 -89.9258 0.800001
      vertex 41.2914 -89.8314 0.800001
    endloop
  endfacet
  facet normal 0 0 1
    outer loop
      vertex 40.9975 -87.599 0.800001
      vertex 41.15 -89.9258 0.800001
      vertex 41.15 -87.6742 0.800001
    endloop
  endfacet
  facet normal 0 0 1
    outer loop
      vertex 40.9975 -87.599 0.800001
      vertex 40.9975 -90.001 0.800001
      vertex 41.15 -89.9258 0.800001
    endloop
  endfacet
  facet normal 0 0 1
    outer loop
      vertex 40.8365 -87.5443 0.800001
      vertex 40.9975 -90.001 0.800001
      vertex 40.9975 -87.599 0.800001
    endloop
  endfacet
  facet normal 0 0 1
    outer loop
      vertex 40.8365 -87.5443 0.800001
      vertex 40.8365 -90.0557 0.800001
      vertex 40.9975 -90.001 0.800001
    endloop
  endfacet
  facet normal 0 0 1
    outer loop
      vertex 40.6697 -87.5111 0.800001
      vertex 40.8365 -90.0557 0.800001
      vertex 40.8365 -87.5443 0.800001
    endloop
  endfacet
  facet normal 0 0 1
    outer loop
      vertex 40.6697 -87.5111 0.800001
      vertex 40.6697 -90.0889 0.800001
      vertex 40.8365 -90.0557 0.800001
    endloop
  endfacet
  facet normal 0 0 1
    outer loop
      vertex 40.5 -87.5 0.800001
      vertex 40.6697 -90.0889 0.800001
      vertex 40.6697 -87.5111 0.800001
    endloop
  endfacet
  facet normal 0 0 1
    outer loop
      vertex 40.5 -87.5 0.800001
      vertex 40.5 -90.1 0.800001
      vertex 40.6697 -90.0889 0.800001
    endloop
  endfacet
  facet normal -0 0 1
    outer loop
      vertex 40.3303 -87.5111 0.800001
      vertex 40.5 -90.1 0.800001
      vertex 40.5 -87.5 0.800001
    endloop
  endfacet
  facet normal 0 0 1
    outer loop
      vertex 40.3303 -87.5111 0.800001
      vertex 40.3303 -90.0889 0.800001
      vertex 40.5 -90.1 0.800001
    endloop
  endfacet
  facet normal -0 0 1
    outer loop
      vertex 40.1635 -87.5443 0.800001
      vertex 40.3303 -90.0889 0.800001
      vertex 40.3303 -87.5111 0.800001
    endloop
  endfacet
  facet normal 0 0 1
    outer loop
      vertex 40.1635 -87.5443 0.800001
      vertex 40.1635 -90.0557 0.800001
      vertex 40.3303 -90.0889 0.800001
    endloop
  endfacet
  facet normal -0 0 1
    outer loop
      vertex 40.0025 -87.599 0.800001
      vertex 40.1635 -90.0557 0.800001
      vertex 40.1635 -87.5443 0.800001
    endloop
  endfacet
  facet normal 0 0 1
    outer loop
      vertex 40.0025 -87.599 0.800001
      vertex 40.0025 -90.001 0.800001
      vertex 40.1635 -90.0557 0.800001
    endloop
  endfacet
  facet normal -0 0 1
    outer loop
      vertex 39.85 -87.6742 0.800001
      vertex 40.0025 -90.001 0.800001
      vertex 40.0025 -87.599 0.800001
    endloop
  endfacet
  facet normal 0 0 1
    outer loop
      vertex 39.85 -87.6742 0.800001
      vertex 39.85 -89.9258 0.800001
      vertex 40.0025 -90.001 0.800001
    endloop
  endfacet
  facet normal -0 0 1
    outer loop
      vertex 39.7086 -87.7686 0.800001
      vertex 39.85 -89.9258 0.800001
      vertex 39.85 -87.6742 0.800001
    endloop
  endfacet
  facet normal 0 0 1
    outer loop
      vertex 39.7086 -87.7686 0.800001
      vertex 39.7086 -89.8314 0.800001
      vertex 39.85 -89.9258 0.800001
    endloop
  endfacet
  facet normal -0 0 1
    outer loop
      vertex 39.5808 -87.8808 0.800001
      vertex 39.7086 -89.8314 0.800001
      vertex 39.7086 -87.7686 0.800001
    endloop
  endfacet
  facet normal 0 0 1
    outer loop
      vertex 39.5808 -87.8808 0.800001
      vertex 39.5808 -89.7192 0.800001
      vertex 39.7086 -89.8314 0.800001
    endloop
  endfacet
  facet normal -0 0 1
    outer loop
      vertex 39.4686 -88.0086 0.800001
      vertex 39.5808 -89.7192 0.800001
      vertex 39.5808 -87.8808 0.800001
    endloop
  endfacet
  facet normal 0 0 1
    outer loop
      vertex 39.4686 -88.0086 0.800001
      vertex 39.4686 -89.5914 0.800001
      vertex 39.5808 -89.7192 0.800001
    endloop
  endfacet
  facet normal -0 0 1
    outer loop
      vertex 39.3742 -88.15 0.800001
      vertex 39.4686 -89.5914 0.800001
      vertex 39.4686 -88.0086 0.800001
    endloop
  endfacet
  facet normal 0 0 1
    outer loop
      vertex 39.3742 -88.15 0.800001
      vertex 39.3742 -89.45 0.800001
      vertex 39.4686 -89.5914 0.800001
    endloop
  endfacet
  facet normal -0 0 1
    outer loop
      vertex 39.299 -88.3025 0.800001
      vertex 39.3742 -89.45 0.800001
      vertex 39.3742 -88.15 0.800001
    endloop
  endfacet
  facet normal 0 0 1
    outer loop
      vertex 39.299 -88.3025 0.800001
      vertex 39.299 -89.2975 0.800001
      vertex 39.3742 -89.45 0.800001
    endloop
  endfacet
  facet normal -0 0 1
    outer loop
      vertex 39.2443 -88.4635 0.800001
      vertex 39.299 -89.2975 0.800001
      vertex 39.299 -88.3025 0.800001
    endloop
  endfacet
  facet normal 0 0 1
    outer loop
      vertex 39.2443 -88.4635 0.800001
      vertex 39.2443 -89.1365 0.800001
      vertex 39.299 -89.2975 0.800001
    endloop
  endfacet
  facet normal -0 0 1
    outer loop
      vertex 39.2111 -88.6303 0.800001
      vertex 39.2443 -89.1365 0.800001
      vertex 39.2443 -88.4635 0.800001
    endloop
  endfacet
  facet normal 0 0 1
    outer loop
      vertex 39.2111 -88.6303 0.800001
      vertex 39.2111 -88.9697 0.800001
      vertex 39.2443 -89.1365 0.800001
    endloop
  endfacet
  facet normal 0 -0 1
    outer loop
      vertex 39.2111 -88.9697 0.800001
      vertex 39.2111 -88.6303 0.800001
      vertex 39.2 -88.8 0.800001
    endloop
  endfacet
  facet normal 1 -0 0
    outer loop
      vertex 6.3 -49.4 1.81
      vertex 6.3 -7.6 1
      vertex 6.3 -7.6 1.81
    endloop
  endfacet
  facet normal 1 0 0
    outer loop
      vertex 6.3 -7.6 1
      vertex 6.3 -49.4 1.81
      vertex 6.3 -49.4 1
    endloop
  endfacet
  facet normal 0 1 -0
    outer loop
      vertex 37.9 -49.4 1
      vertex 6.3 -49.4 1.81
      vertex 37.9 -49.4 1.81
    endloop
  endfacet
  facet normal 0 1 0
    outer loop
      vertex 6.3 -49.4 1.81
      vertex 37.9 -49.4 1
      vertex 6.3 -49.4 1
    endloop
  endfacet
  facet normal -1 0 0
    outer loop
      vertex 37.9 -49.4 1
      vertex 37.9 -7.6 1.81
      vertex 37.9 -7.6 1
    endloop
  endfacet
  facet normal -1 -0 0
    outer loop
      vertex 37.9 -7.6 1.81
      vertex 37.9 -49.4 1
      vertex 37.9 -49.4 1.81
    endloop
  endfacet
  facet normal 0 -1 0
    outer loop
      vertex 6.3 -7.6 1
      vertex 37.9 -7.6 1.81
      vertex 6.3 -7.6 1.81
    endloop
  endfacet
  facet normal 0 -1 -0
    outer loop
      vertex 37.9 -7.6 1.81
      vertex 6.3 -7.6 1
      vertex 37.9 -7.6 1
    endloop
  endfacet
  facet normal -0.321382 -0.94695 0
    outer loop
      vertex 39.6588 -5.13408 5.72205e-07
      vertex 39.7827 -5.17613 1
      vertex 39.6588 -5.13408 1
    endloop
  endfacet
  facet normal -0.321382 -0.94695 -0
    outer loop
      vertex 39.7827 -5.17613 1
      vertex 39.6588 -5.13408 5.72205e-07
      vertex 39.7827 -5.17613 5.72205e-07
    endloop
  endfacet
  facet normal -0.19494 0.980815 0
    outer loop
      vertex 39.6588 -51.8659 5.72205e-07
      vertex 39.5305 -51.8914 1
      vertex 39.6588 -51.8659 1
    endloop
  endfacet
  facet normal -0.19494 0.980815 0
    outer loop
      vertex 39.5305 -51.8914 1
      vertex 39.6588 -51.8659 5.72205e-07
      vertex 39.5305 -51.8914 5.72205e-07
    endloop
  endfacet
  facet normal 0 -1 0
    outer loop
      vertex 4.80001 -5.10001 5.72205e-07
      vertex 39.4 -5.10001 1
      vertex 4.80001 -5.10001 1
    endloop
  endfacet
  facet normal 0 -1 -0
    outer loop
      vertex 39.4 -5.10001 1
      vertex 4.80001 -5.10001 5.72205e-07
      vertex 39.4 -5.10001 5.72205e-07
    endloop
  endfacet
  facet normal -0.195013 -0.980801 0
    outer loop
      vertex 39.5305 -5.10857 5.72205e-07
      vertex 39.6588 -5.13408 1
      vertex 39.5305 -5.10857 1
    endloop
  endfacet
  facet normal -0.195013 -0.980801 -0
    outer loop
      vertex 39.6588 -5.13408 1
      vertex 39.5305 -5.10857 5.72205e-07
      vertex 39.6588 -5.13408 5.72205e-07
    endloop
  endfacet
  facet normal 0.896906 -0.442222 0
    outer loop
      vertex 3.87614 -5.71732 1
      vertex 3.93398 -5.60001 5.72205e-07
      vertex 3.93398 -5.60001 1
    endloop
  endfacet
  facet normal 0.896906 -0.442222 0
    outer loop
      vertex 3.93398 -5.60001 5.72205e-07
      vertex 3.87614 -5.71732 1
      vertex 3.87614 -5.71732 5.72205e-07
    endloop
  endfacet
  facet normal -0.0654532 -0.997856 0
    outer loop
      vertex 39.4 -5.10001 5.72205e-07
      vertex 39.5305 -5.10857 1
      vertex 39.4 -5.10001 1
    endloop
  endfacet
  facet normal -0.0654532 -0.997856 -0
    outer loop
      vertex 39.5305 -5.10857 1
      vertex 39.4 -5.10001 5.72205e-07
      vertex 39.5305 -5.10857 5.72205e-07
    endloop
  endfacet
  facet normal -0.980812 -0.194955 0
    outer loop
      vertex 40.3914 -5.96948 5.72205e-07
      vertex 40.3659 -5.84119 1
      vertex 40.3659 -5.84119 5.72205e-07
    endloop
  endfacet
  facet normal -0.980812 -0.194955 0
    outer loop
      vertex 40.3659 -5.84119 1
      vertex 40.3914 -5.96948 5.72205e-07
      vertex 40.3914 -5.96948 1
    endloop
  endfacet
  facet normal 0.555617 -0.831438 0
    outer loop
      vertex 4.19125 -5.30666 5.72205e-07
      vertex 4.30001 -5.23398 1
      vertex 4.19125 -5.30666 1
    endloop
  endfacet
  facet normal 0.555617 -0.831438 0
    outer loop
      vertex 4.30001 -5.23398 1
      vertex 4.19125 -5.30666 5.72205e-07
      vertex 4.30001 -5.23398 5.72205e-07
    endloop
  endfacet
  facet normal 0.896891 0.442252 0
    outer loop
      vertex 3.93398 -51.4 1
      vertex 3.87614 -51.2827 5.72205e-07
      vertex 3.87614 -51.2827 1
    endloop
  endfacet
  facet normal 0.896891 0.442252 0
    outer loop
      vertex 3.87614 -51.2827 5.72205e-07
      vertex 3.93398 -51.4 1
      vertex 3.93398 -51.4 5.72205e-07
    endloop
  endfacet
  facet normal 0.442591 0.896724 -0
    outer loop
      vertex 4.41732 -51.8239 5.72205e-07
      vertex 4.30001 -51.766 1
      vertex 4.41732 -51.8239 1
    endloop
  endfacet
  facet normal 0.442591 0.896724 0
    outer loop
      vertex 4.30001 -51.766 1
      vertex 4.41732 -51.8239 5.72205e-07
      vertex 4.30001 -51.766 5.72205e-07
    endloop
  endfacet
  facet normal 0.442283 -0.896875 0
    outer loop
      vertex 4.30001 -5.23398 5.72205e-07
      vertex 4.41732 -5.17613 1
      vertex 4.30001 -5.23398 1
    endloop
  endfacet
  facet normal 0.442283 -0.896875 0
    outer loop
      vertex 4.41732 -5.17613 1
      vertex 4.30001 -5.23398 5.72205e-07
      vertex 4.41732 -5.17613 5.72205e-07
    endloop
  endfacet
  facet normal -0.659316 0.751866 0
    outer loop
      vertex 40.1071 -51.6071 5.72205e-07
      vertex 40.0088 -51.6933 1
      vertex 40.1071 -51.6071 1
    endloop
  endfacet
  facet normal -0.659316 0.751866 0
    outer loop
      vertex 40.0088 -51.6933 1
      vertex 40.1071 -51.6071 5.72205e-07
      vertex 40.0088 -51.6933 5.72205e-07
    endloop
  endfacet
  facet normal -1 0 0
    outer loop
      vertex 40.4 -50.9 5.72205e-07
      vertex 40.4 -6.10001 1
      vertex 40.4 -6.10001 5.72205e-07
    endloop
  endfacet
  facet normal -1 -0 0
    outer loop
      vertex 40.4 -6.10001 1
      vertex 40.4 -50.9 5.72205e-07
      vertex 40.4 -50.9 1
    endloop
  endfacet
  facet normal 1 -0 0
    outer loop
      vertex 3.80001 -50.9 1
      vertex 3.80001 -6.10001 5.72205e-07
      vertex 3.80001 -6.10001 1
    endloop
  endfacet
  facet normal 1 0 0
    outer loop
      vertex 3.80001 -6.10001 5.72205e-07
      vertex 3.80001 -50.9 1
      vertex 3.80001 -50.9 5.72205e-07
    endloop
  endfacet
  facet normal 0.0657477 0.997836 -0
    outer loop
      vertex 4.80001 -51.9 5.72205e-07
      vertex 4.66949 -51.8914 1
      vertex 4.80001 -51.9 1
    endloop
  endfacet
  facet normal 0.0657477 0.997836 0
    outer loop
      vertex 4.66949 -51.8914 1
      vertex 4.80001 -51.9 5.72205e-07
      vertex 4.66949 -51.8914 5.72205e-07
    endloop
  endfacet
  facet normal -0.980815 0.19494 0
    outer loop
      vertex 40.3659 -51.1588 5.72205e-07
      vertex 40.3914 -51.0305 1
      vertex 40.3914 -51.0305 5.72205e-07
    endloop
  endfacet
  facet normal -0.980815 0.19494 0
    outer loop
      vertex 40.3914 -51.0305 1
      vertex 40.3659 -51.1588 5.72205e-07
      vertex 40.3659 -51.1588 1
    endloop
  endfacet
  facet normal -0.947066 0.321039 0
    outer loop
      vertex 40.3239 -51.2827 5.72205e-07
      vertex 40.3659 -51.1588 1
      vertex 40.3659 -51.1588 5.72205e-07
    endloop
  endfacet
  facet normal -0.947066 0.321039 0
    outer loop
      vertex 40.3659 -51.1588 1
      vertex 40.3239 -51.2827 5.72205e-07
      vertex 40.3239 -51.2827 1
    endloop
  endfacet
  facet normal -0.831462 0.555582 0
    outer loop
      vertex 40.1933 -51.5088 5.72205e-07
      vertex 40.266 -51.4 1
      vertex 40.266 -51.4 5.72205e-07
    endloop
  endfacet
  facet normal -0.831462 0.555582 0
    outer loop
      vertex 40.266 -51.4 1
      vertex 40.1933 -51.5088 5.72205e-07
      vertex 40.1933 -51.5088 1
    endloop
  endfacet
  facet normal -0.947042 -0.321109 0
    outer loop
      vertex 40.3659 -5.84119 5.72205e-07
      vertex 40.3239 -5.71732 1
      vertex 40.3239 -5.71732 5.72205e-07
    endloop
  endfacet
  facet normal -0.947042 -0.321109 0
    outer loop
      vertex 40.3239 -5.71732 1
      vertex 40.3659 -5.84119 5.72205e-07
      vertex 40.3659 -5.84119 1
    endloop
  endfacet
  facet normal 0 0 -1
    outer loop
      vertex 39.4 -51.9 1
      vertex 40.4 -50.9 1
      vertex 40.3914 -51.0305 1
    endloop
  endfacet
  facet normal 0 0 -1
    outer loop
      vertex 40.4 -50.9 1
      vertex 37.9 -49.4 1
      vertex 40.4 -6.10001 1
    endloop
  endfacet
  facet normal 0 0 -1
    outer loop
      vertex 39.4 -51.9 1
      vertex 40.3914 -51.0305 1
      vertex 40.3659 -51.1588 1
    endloop
  endfacet
  facet normal 0 0 -1
    outer loop
      vertex 37.9 -7.6 1
      vertex 40.4 -6.10001 1
      vertex 37.9 -49.4 1
    endloop
  endfacet
  facet normal 0 0 -1
    outer loop
      vertex 39.4 -51.9 1
      vertex 40.3659 -51.1588 1
      vertex 40.3239 -51.2827 1
    endloop
  endfacet
  facet normal 0 -0 -1
    outer loop
      vertex 39.4 -5.10001 1
      vertex 40.4 -6.10001 1
      vertex 37.9 -7.6 1
    endloop
  endfacet
  facet normal 0 0 -1
    outer loop
      vertex 39.4 -51.9 1
      vertex 40.3239 -51.2827 1
      vertex 40.266 -51.4 1
    endloop
  endfacet
  facet normal 0 0 -1
    outer loop
      vertex 40.4 -6.10001 1
      vertex 39.4 -5.10001 1
      vertex 40.3914 -5.96948 1
    endloop
  endfacet
  facet normal 0 0 -1
    outer loop
      vertex 39.4 -51.9 1
      vertex 40.266 -51.4 1
      vertex 40.1933 -51.5088 1
    endloop
  endfacet
  facet normal 0 0 -1
    outer loop
      vertex 40.3914 -5.96948 1
      vertex 39.4 -5.10001 1
      vertex 40.3659 -5.84119 1
    endloop
  endfacet
  facet normal 0 0 -1
    outer loop
      vertex 39.4 -51.9 1
      vertex 40.1933 -51.5088 1
      vertex 40.1071 -51.6071 1
    endloop
  endfacet
  facet normal 0 0 -1
    outer loop
      vertex 40.3659 -5.84119 1
      vertex 39.4 -5.10001 1
      vertex 40.3239 -5.71732 1
    endloop
  endfacet
  facet normal 0 0 -1
    outer loop
      vertex 39.4 -51.9 1
      vertex 40.1071 -51.6071 1
      vertex 40.0088 -51.6933 1
    endloop
  endfacet
  facet normal 0 0 -1
    outer loop
      vertex 40.3239 -5.71732 1
      vertex 39.4 -5.10001 1
      vertex 40.266 -5.60001 1
    endloop
  endfacet
  facet normal 0 0 -1
    outer loop
      vertex 39.4 -51.9 1
      vertex 40.0088 -51.6933 1
      vertex 39.9 -51.766 1
    endloop
  endfacet
  facet normal 0 0 -1
    outer loop
      vertex 40.266 -5.60001 1
      vertex 39.4 -5.10001 1
      vertex 40.1933 -5.49124 1
    endloop
  endfacet
  facet normal 0 0 -1
    outer loop
      vertex 39.4 -51.9 1
      vertex 39.9 -51.766 1
      vertex 39.7827 -51.8239 1
    endloop
  endfacet
  facet normal 0 0 -1
    outer loop
      vertex 40.1933 -5.49124 1
      vertex 39.4 -5.10001 1
      vertex 40.1071 -5.3929 1
    endloop
  endfacet
  facet normal 0 0 -1
    outer loop
      vertex 39.4 -51.9 1
      vertex 39.7827 -51.8239 1
      vertex 39.6588 -51.8659 1
    endloop
  endfacet
  facet normal 0 0 -1
    outer loop
      vertex 40.1071 -5.3929 1
      vertex 39.4 -5.10001 1
      vertex 40.0088 -5.30666 1
    endloop
  endfacet
  facet normal 0 0 -1
    outer loop
      vertex 39.4 -51.9 1
      vertex 39.6588 -51.8659 1
      vertex 39.5305 -51.8914 1
    endloop
  endfacet
  facet normal 0 0 -1
    outer loop
      vertex 40.0088 -5.30666 1
      vertex 39.4 -5.10001 1
      vertex 39.9 -5.23398 1
    endloop
  endfacet
  facet normal -0 0 -1
    outer loop
      vertex 40.4 -50.9 1
      vertex 39.4 -51.9 1
      vertex 37.9 -49.4 1
    endloop
  endfacet
  facet normal 0 0 -1
    outer loop
      vertex 39.9 -5.23398 1
      vertex 39.4 -5.10001 1
      vertex 39.7827 -5.17613 1
    endloop
  endfacet
  facet normal 0 0 -1
    outer loop
      vertex 39.7827 -5.17613 1
      vertex 39.4 -5.10001 1
      vertex 39.6588 -5.13408 1
    endloop
  endfacet
  facet normal 0 0 -1
    outer loop
      vertex 39.4 -51.9 1
      vertex 6.3 -49.4 1
      vertex 37.9 -49.4 1
    endloop
  endfacet
  facet normal 0 0 -1
    outer loop
      vertex 3.80001 -50.9 1
      vertex 6.3 -49.4 1
      vertex 4.80001 -51.9 1
    endloop
  endfacet
  facet normal 0 0 -1
    outer loop
      vertex 4.80001 -51.9 1
      vertex 6.3 -49.4 1
      vertex 39.4 -51.9 1
    endloop
  endfacet
  facet normal 0 0 -1
    outer loop
      vertex 39.6588 -5.13408 1
      vertex 39.4 -5.10001 1
      vertex 39.5305 -5.10857 1
    endloop
  endfacet
  facet normal 0 0 -1
    outer loop
      vertex 6.3 -7.6 1
      vertex 39.4 -5.10001 1
      vertex 37.9 -7.6 1
    endloop
  endfacet
  facet normal 0 0 -1
    outer loop
      vertex 6.3 -7.6 1
      vertex 4.80001 -5.10001 1
      vertex 39.4 -5.10001 1
    endloop
  endfacet
  facet normal -0 0 -1
    outer loop
      vertex 6.3 -49.4 1
      vertex 3.80001 -50.9 1
      vertex 6.3 -7.6 1
    endloop
  endfacet
  facet normal 0 0 -1
    outer loop
      vertex 3.80001 -50.9 1
      vertex 4.80001 -51.9 1
      vertex 4.66949 -51.8914 1
    endloop
  endfacet
  facet normal 0 0 -1
    outer loop
      vertex 3.80001 -6.10001 1
      vertex 6.3 -7.6 1
      vertex 3.80001 -50.9 1
    endloop
  endfacet
  facet normal 0 0 -1
    outer loop
      vertex 3.80001 -50.9 1
      vertex 4.66949 -51.8914 1
      vertex 4.54119 -51.8659 1
    endloop
  endfacet
  facet normal 0 0 -1
    outer loop
      vertex 6.3 -7.6 1
      vertex 3.80001 -6.10001 1
      vertex 4.80001 -5.10001 1
    endloop
  endfacet
  facet normal 0 0 -1
    outer loop
      vertex 3.80001 -50.9 1
      vertex 4.54119 -51.8659 1
      vertex 4.41732 -51.8239 1
    endloop
  endfacet
  facet normal 0 0 -1
    outer loop
      vertex 4.80001 -5.10001 1
      vertex 3.80001 -6.10001 1
      vertex 4.66949 -5.10857 1
    endloop
  endfacet
  facet normal 0 0 -1
    outer loop
      vertex 3.80001 -50.9 1
      vertex 4.41732 -51.8239 1
      vertex 4.30001 -51.766 1
    endloop
  endfacet
  facet normal 0 0 -1
    outer loop
      vertex 4.66949 -5.10857 1
      vertex 3.80001 -6.10001 1
      vertex 4.54119 -5.13408 1
    endloop
  endfacet
  facet normal 0 0 -1
    outer loop
      vertex 3.80001 -50.9 1
      vertex 4.30001 -51.766 1
      vertex 4.19125 -51.6933 1
    endloop
  endfacet
  facet normal 0 0 -1
    outer loop
      vertex 4.54119 -5.13408 1
      vertex 3.80001 -6.10001 1
      vertex 4.41732 -5.17613 1
    endloop
  endfacet
  facet normal 0 0 -1
    outer loop
      vertex 3.80001 -50.9 1
      vertex 4.19125 -51.6933 1
      vertex 4.0929 -51.6071 1
    endloop
  endfacet
  facet normal 0 0 -1
    outer loop
      vertex 4.41732 -5.17613 1
      vertex 3.80001 -6.10001 1
      vertex 4.30001 -5.23398 1
    endloop
  endfacet
  facet normal 0 0 -1
    outer loop
      vertex 3.80001 -50.9 1
      vertex 4.0929 -51.6071 1
      vertex 4.00666 -51.5088 1
    endloop
  endfacet
  facet normal 0 0 -1
    outer loop
      vertex 4.30001 -5.23398 1
      vertex 3.80001 -6.10001 1
      vertex 4.19125 -5.30666 1
    endloop
  endfacet
  facet normal 0 0 -1
    outer loop
      vertex 3.80001 -50.9 1
      vertex 4.00666 -51.5088 1
      vertex 3.93398 -51.4 1
    endloop
  endfacet
  facet normal 0 0 -1
    outer loop
      vertex 4.19125 -5.30666 1
      vertex 3.80001 -6.10001 1
      vertex 4.0929 -5.3929 1
    endloop
  endfacet
  facet normal 0 0 -1
    outer loop
      vertex 3.80001 -50.9 1
      vertex 3.93398 -51.4 1
      vertex 3.87614 -51.2827 1
    endloop
  endfacet
  facet normal 0 0 -1
    outer loop
      vertex 4.0929 -5.3929 1
      vertex 3.80001 -6.10001 1
      vertex 4.00666 -5.49124 1
    endloop
  endfacet
  facet normal 0 0 -1
    outer loop
      vertex 3.80001 -50.9 1
      vertex 3.87614 -51.2827 1
      vertex 3.83408 -51.1588 1
    endloop
  endfacet
  facet normal 0 0 -1
    outer loop
      vertex 4.00666 -5.49124 1
      vertex 3.80001 -6.10001 1
      vertex 3.93398 -5.60001 1
    endloop
  endfacet
  facet normal 0 0 -1
    outer loop
      vertex 3.80001 -50.9 1
      vertex 3.83408 -51.1588 1
      vertex 3.80857 -51.0305 1
    endloop
  endfacet
  facet normal 0 0 -1
    outer loop
      vertex 3.93398 -5.60001 1
      vertex 3.80001 -6.10001 1
      vertex 3.87614 -5.71732 1
    endloop
  endfacet
  facet normal 0 0 -1
    outer loop
      vertex 3.87614 -5.71732 1
      vertex 3.80001 -6.10001 1
      vertex 3.83408 -5.84119 1
    endloop
  endfacet
  facet normal 0 0 -1
    outer loop
      vertex 3.83408 -5.84119 1
      vertex 3.80001 -6.10001 1
      vertex 3.80857 -5.96948 1
    endloop
  endfacet
  facet normal 0.751714 0.659489 0
    outer loop
      vertex 4.0929 -51.6071 1
      vertex 4.00666 -51.5088 5.72205e-07
      vertex 4.00666 -51.5088 1
    endloop
  endfacet
  facet normal 0.751714 0.659489 0
    outer loop
      vertex 4.00666 -51.5088 5.72205e-07
      vertex 4.0929 -51.6071 1
      vertex 4.0929 -51.6071 5.72205e-07
    endloop
  endfacet
  facet normal 0.751847 -0.659338 0
    outer loop
      vertex 4.00666 -5.49124 1
      vertex 4.0929 -5.3929 5.72205e-07
      vertex 4.0929 -5.3929 1
    endloop
  endfacet
  facet normal 0.751847 -0.659338 0
    outer loop
      vertex 4.0929 -5.3929 5.72205e-07
      vertex 4.00666 -5.49124 1
      vertex 4.00666 -5.49124 5.72205e-07
    endloop
  endfacet
  facet normal 0 1 -0
    outer loop
      vertex 39.4 -51.9 5.72205e-07
      vertex 4.80001 -51.9 1
      vertex 39.4 -51.9 1
    endloop
  endfacet
  facet normal 0 1 0
    outer loop
      vertex 4.80001 -51.9 1
      vertex 39.4 -51.9 5.72205e-07
      vertex 4.80001 -51.9 5.72205e-07
    endloop
  endfacet
  facet normal -0.659489 -0.751714 0
    outer loop
      vertex 40.0088 -5.30666 5.72205e-07
      vertex 40.1071 -5.3929 1
      vertex 40.0088 -5.30666 1
    endloop
  endfacet
  facet normal -0.659489 -0.751714 -0
    outer loop
      vertex 40.1071 -5.3929 1
      vertex 40.0088 -5.30666 5.72205e-07
      vertex 40.1071 -5.3929 5.72205e-07
    endloop
  endfacet
  facet normal 0.321109 0.947042 -0
    outer loop
      vertex 4.54119 -51.8659 5.72205e-07
      vertex 4.41732 -51.8239 1
      vertex 4.54119 -51.8659 1
    endloop
  endfacet
  facet normal 0.321109 0.947042 0
    outer loop
      vertex 4.41732 -51.8239 1
      vertex 4.54119 -51.8659 5.72205e-07
      vertex 4.41732 -51.8239 5.72205e-07
    endloop
  endfacet
  facet normal 0.831533 0.555476 0
    outer loop
      vertex 4.00666 -51.5088 1
      vertex 3.93398 -51.4 5.72205e-07
      vertex 3.93398 -51.4 1
    endloop
  endfacet
  facet normal 0.831533 0.555476 0
    outer loop
      vertex 3.93398 -51.4 5.72205e-07
      vertex 4.00666 -51.5088 1
      vertex 4.00666 -51.5088 5.72205e-07
    endloop
  endfacet
  facet normal 0.980801 0.195013 0
    outer loop
      vertex 3.83408 -51.1588 1
      vertex 3.80857 -51.0305 5.72205e-07
      vertex 3.80857 -51.0305 1
    endloop
  endfacet
  facet normal 0.980801 0.195013 0
    outer loop
      vertex 3.80857 -51.0305 5.72205e-07
      vertex 3.83408 -51.1588 1
      vertex 3.83408 -51.1588 5.72205e-07
    endloop
  endfacet
  facet normal 0.831462 -0.555582 0
    outer loop
      vertex 3.93398 -5.60001 1
      vertex 4.00666 -5.49124 5.72205e-07
      vertex 4.00666 -5.49124 1
    endloop
  endfacet
  facet normal 0.831462 -0.555582 0
    outer loop
      vertex 4.00666 -5.49124 5.72205e-07
      vertex 3.93398 -5.60001 1
      vertex 3.93398 -5.60001 5.72205e-07
    endloop
  endfacet
  facet normal 0.195013 -0.980801 0
    outer loop
      vertex 4.54119 -5.13408 5.72205e-07
      vertex 4.66949 -5.10857 1
      vertex 4.54119 -5.13408 1
    endloop
  endfacet
  facet normal 0.195013 -0.980801 0
    outer loop
      vertex 4.66949 -5.10857 1
      vertex 4.54119 -5.13408 5.72205e-07
      vertex 4.66949 -5.10857 5.72205e-07
    endloop
  endfacet
  facet normal 0.980798 -0.195028 0
    outer loop
      vertex 3.80857 -5.96948 1
      vertex 3.83408 -5.84119 5.72205e-07
      vertex 3.83408 -5.84119 1
    endloop
  endfacet
  facet normal 0.980798 -0.195028 0
    outer loop
      vertex 3.83408 -5.84119 5.72205e-07
      vertex 3.80857 -5.96948 1
      vertex 3.80857 -5.96948 5.72205e-07
    endloop
  endfacet
  facet normal 0.321452 -0.946926 0
    outer loop
      vertex 4.41732 -5.17613 5.72205e-07
      vertex 4.54119 -5.13408 1
      vertex 4.41732 -5.17613 1
    endloop
  endfacet
  facet normal 0.321452 -0.946926 0
    outer loop
      vertex 4.54119 -5.13408 1
      vertex 4.41732 -5.17613 5.72205e-07
      vertex 4.54119 -5.13408 5.72205e-07
    endloop
  endfacet
  facet normal -0.751866 0.659316 0
    outer loop
      vertex 40.1071 -51.6071 5.72205e-07
      vertex 40.1933 -51.5088 1
      vertex 40.1933 -51.5088 5.72205e-07
    endloop
  endfacet
  facet normal -0.751866 0.659316 0
    outer loop
      vertex 40.1933 -51.5088 1
      vertex 40.1071 -51.6071 5.72205e-07
      vertex 40.1071 -51.6071 1
    endloop
  endfacet
  facet normal 0.997856 0.0654532 0
    outer loop
      vertex 3.80857 -51.0305 1
      vertex 3.80001 -50.9 5.72205e-07
      vertex 3.80001 -50.9 1
    endloop
  endfacet
  facet normal 0.997856 0.0654532 0
    outer loop
      vertex 3.80001 -50.9 5.72205e-07
      vertex 3.80857 -51.0305 1
      vertex 3.80857 -51.0305 5.72205e-07
    endloop
  endfacet
  facet normal 0.19494 0.980815 -0
    outer loop
      vertex 4.66949 -51.8914 5.72205e-07
      vertex 4.54119 -51.8659 1
      vertex 4.66949 -51.8914 1
    endloop
  endfacet
  facet normal 0.19494 0.980815 0
    outer loop
      vertex 4.54119 -51.8659 1
      vertex 4.66949 -51.8914 5.72205e-07
      vertex 4.54119 -51.8659 5.72205e-07
    endloop
  endfacet
  facet normal -0.997836 0.0657577 0
    outer loop
      vertex 40.3914 -51.0305 5.72205e-07
      vertex 40.4 -50.9 1
      vertex 40.4 -50.9 5.72205e-07
    endloop
  endfacet
  facet normal -0.997836 0.0657577 0
    outer loop
      vertex 40.4 -50.9 1
      vertex 40.3914 -51.0305 5.72205e-07
      vertex 40.3914 -51.0305 1
    endloop
  endfacet
  facet normal 0.6593 -0.75188 0
    outer loop
      vertex 4.0929 -5.3929 5.72205e-07
      vertex 4.19125 -5.30666 1
      vertex 4.0929 -5.3929 1
    endloop
  endfacet
  facet normal 0.6593 -0.75188 0
    outer loop
      vertex 4.19125 -5.30666 1
      vertex 4.0929 -5.3929 5.72205e-07
      vertex 4.19125 -5.30666 5.72205e-07
    endloop
  endfacet
  facet normal 0.0654432 -0.997856 0
    outer loop
      vertex 4.66949 -5.10857 5.72205e-07
      vertex 4.80001 -5.10001 1
      vertex 4.66949 -5.10857 1
    endloop
  endfacet
  facet normal 0.0654432 -0.997856 0
    outer loop
      vertex 4.80001 -5.10001 1
      vertex 4.66949 -5.10857 5.72205e-07
      vertex 4.80001 -5.10001 5.72205e-07
    endloop
  endfacet
  facet normal -0.321039 0.947066 0
    outer loop
      vertex 39.7827 -51.8239 5.72205e-07
      vertex 39.6588 -51.8659 1
      vertex 39.7827 -51.8239 1
    endloop
  endfacet
  facet normal -0.321039 0.947066 0
    outer loop
      vertex 39.6588 -51.8659 1
      vertex 39.7827 -51.8239 5.72205e-07
      vertex 39.6588 -51.8659 5.72205e-07
    endloop
  endfacet
  facet normal 0.946926 0.321451 0
    outer loop
      vertex 3.87614 -51.2827 1
      vertex 3.83408 -51.1588 5.72205e-07
      vertex 3.83408 -51.1588 1
    endloop
  endfacet
  facet normal 0.946926 0.321451 0
    outer loop
      vertex 3.83408 -51.1588 5.72205e-07
      vertex 3.87614 -51.2827 1
      vertex 3.87614 -51.2827 5.72205e-07
    endloop
  endfacet
  facet normal 0.659127 0.752032 -0
    outer loop
      vertex 4.19125 -51.6933 5.72205e-07
      vertex 4.0929 -51.6071 1
      vertex 4.19125 -51.6933 1
    endloop
  endfacet
  facet normal 0.659127 0.752032 0
    outer loop
      vertex 4.0929 -51.6071 1
      vertex 4.19125 -51.6933 5.72205e-07
      vertex 4.0929 -51.6071 5.72205e-07
    endloop
  endfacet
  facet normal -0.0657577 0.997836 0
    outer loop
      vertex 39.5305 -51.8914 5.72205e-07
      vertex 39.4 -51.9 1
      vertex 39.5305 -51.8914 1
    endloop
  endfacet
  facet normal -0.0657577 0.997836 0
    outer loop
      vertex 39.4 -51.9 1
      vertex 39.5305 -51.8914 5.72205e-07
      vertex 39.4 -51.9 5.72205e-07
    endloop
  endfacet
  facet normal 0.555723 0.831368 -0
    outer loop
      vertex 4.30001 -51.766 5.72205e-07
      vertex 4.19125 -51.6933 1
      vertex 4.30001 -51.766 1
    endloop
  endfacet
  facet normal 0.555723 0.831368 0
    outer loop
      vertex 4.19125 -51.6933 1
      vertex 4.30001 -51.766 5.72205e-07
      vertex 4.19125 -51.6933 5.72205e-07
    endloop
  endfacet
  facet normal -0.555582 0.831462 0
    outer loop
      vertex 40.0088 -51.6933 5.72205e-07
      vertex 39.9 -51.766 1
      vertex 40.0088 -51.6933 1
    endloop
  endfacet
  facet normal -0.555582 0.831462 0
    outer loop
      vertex 39.9 -51.766 1
      vertex 40.0088 -51.6933 5.72205e-07
      vertex 39.9 -51.766 5.72205e-07
    endloop
  endfacet
  facet normal -0.751998 -0.659165 0
    outer loop
      vertex 40.1933 -5.49124 5.72205e-07
      vertex 40.1071 -5.3929 1
      vertex 40.1071 -5.3929 5.72205e-07
    endloop
  endfacet
  facet normal -0.751998 -0.659165 0
    outer loop
      vertex 40.1071 -5.3929 1
      vertex 40.1933 -5.49124 5.72205e-07
      vertex 40.1933 -5.49124 1
    endloop
  endfacet
  facet normal -0.896724 -0.442591 0
    outer loop
      vertex 40.3239 -5.71732 5.72205e-07
      vertex 40.266 -5.60001 1
      vertex 40.266 -5.60001 5.72205e-07
    endloop
  endfacet
  facet normal -0.896724 -0.442591 0
    outer loop
      vertex 40.266 -5.60001 1
      vertex 40.3239 -5.71732 5.72205e-07
      vertex 40.3239 -5.71732 1
    endloop
  endfacet
  facet normal 0.997857 -0.0654382 0
    outer loop
      vertex 3.80001 -6.10001 1
      vertex 3.80857 -5.96948 5.72205e-07
      vertex 3.80857 -5.96948 1
    endloop
  endfacet
  facet normal 0.997857 -0.0654382 0
    outer loop
      vertex 3.80857 -5.96948 5.72205e-07
      vertex 3.80001 -6.10001 1
      vertex 3.80001 -6.10001 5.72205e-07
    endloop
  endfacet
  facet normal -0.831391 -0.555688 0
    outer loop
      vertex 40.266 -5.60001 5.72205e-07
      vertex 40.1933 -5.49124 1
      vertex 40.1933 -5.49124 5.72205e-07
    endloop
  endfacet
  facet normal -0.831391 -0.555688 0
    outer loop
      vertex 40.1933 -5.49124 1
      vertex 40.266 -5.60001 5.72205e-07
      vertex 40.266 -5.60001 1
    endloop
  endfacet
  facet normal 0.946903 -0.32152 0
    outer loop
      vertex 3.83408 -5.84119 1
      vertex 3.87614 -5.71732 5.72205e-07
      vertex 3.87614 -5.71732 1
    endloop
  endfacet
  facet normal 0.946903 -0.32152 0
    outer loop
      vertex 3.87614 -5.71732 5.72205e-07
      vertex 3.83408 -5.84119 1
      vertex 3.83408 -5.84119 5.72205e-07
    endloop
  endfacet
  facet normal -0.896709 0.442621 0
    outer loop
      vertex 40.266 -51.4 5.72205e-07
      vertex 40.3239 -51.2827 1
      vertex 40.3239 -51.2827 5.72205e-07
    endloop
  endfacet
  facet normal -0.896709 0.442621 0
    outer loop
      vertex 40.3239 -51.2827 1
      vertex 40.266 -51.4 5.72205e-07
      vertex 40.266 -51.4 1
    endloop
  endfacet
  facet normal -0.442621 0.896709 0
    outer loop
      vertex 39.9 -51.766 5.72205e-07
      vertex 39.7827 -51.8239 1
      vertex 39.9 -51.766 1
    endloop
  endfacet
  facet normal -0.442621 0.896709 0
    outer loop
      vertex 39.7827 -51.8239 1
      vertex 39.9 -51.766 5.72205e-07
      vertex 39.7827 -51.8239 5.72205e-07
    endloop
  endfacet
  facet normal -0.997837 -0.0657427 0
    outer loop
      vertex 40.4 -6.10001 5.72205e-07
      vertex 40.3914 -5.96948 1
      vertex 40.3914 -5.96948 5.72205e-07
    endloop
  endfacet
  facet normal -0.997837 -0.0657427 0
    outer loop
      vertex 40.3914 -5.96948 1
      vertex 40.4 -6.10001 5.72205e-07
      vertex 40.4 -6.10001 1
    endloop
  endfacet
  facet normal -0.442314 -0.89686 0
    outer loop
      vertex 39.7827 -5.17613 5.72205e-07
      vertex 39.9 -5.23398 1
      vertex 39.7827 -5.17613 1
    endloop
  endfacet
  facet normal -0.442314 -0.89686 -0
    outer loop
      vertex 39.9 -5.23398 1
      vertex 39.7827 -5.17613 5.72205e-07
      vertex 39.9 -5.23398 5.72205e-07
    endloop
  endfacet
  facet normal -0.555476 -0.831533 0
    outer loop
      vertex 39.9 -5.23398 5.72205e-07
      vertex 40.0088 -5.30666 1
      vertex 39.9 -5.23398 1
    endloop
  endfacet
  facet normal -0.555476 -0.831533 -0
    outer loop
      vertex 40.0088 -5.30666 1
      vertex 39.9 -5.23398 5.72205e-07
      vertex 40.0088 -5.30666 5.72205e-07
    endloop
  endfacet
  facet normal 1 -0 0
    outer loop
      vertex 4.4 -54.45 2.4
      vertex 4.4 -2.55 1.81
      vertex 4.4 -2.55 2.4
    endloop
  endfacet
  facet normal 1 0 0
    outer loop
      vertex 4.4 -2.55 1.81
      vertex 4.4 -54.45 2.4
      vertex 4.4 -54.45 1.81
    endloop
  endfacet
  facet normal 0 0 1
    outer loop
      vertex 39.8 -2.55 1.81
      vertex 37.9 -7.6 1.81
      vertex 39.8 -54.45 1.81
    endloop
  endfacet
  facet normal 0 0 1
    outer loop
      vertex 39.8 -2.55 1.81
      vertex 6.3 -7.6 1.81
      vertex 37.9 -7.6 1.81
    endloop
  endfacet
  facet normal 0 0 1
    outer loop
      vertex 6.3 -7.6 1.81
      vertex 4.4 -2.55 1.81
      vertex 6.3 -49.4 1.81
    endloop
  endfacet
  facet normal -0 0 1
    outer loop
      vertex 4.4 -2.55 1.81
      vertex 6.3 -7.6 1.81
      vertex 39.8 -2.55 1.81
    endloop
  endfacet
  facet normal -0 0 1
    outer loop
      vertex 37.9 -49.4 1.81
      vertex 39.8 -54.45 1.81
      vertex 37.9 -7.6 1.81
    endloop
  endfacet
  facet normal -0 0 1
    outer loop
      vertex 6.3 -49.4 1.81
      vertex 39.8 -54.45 1.81
      vertex 37.9 -49.4 1.81
    endloop
  endfacet
  facet normal 0 0 1
    outer loop
      vertex 6.3 -49.4 1.81
      vertex 4.4 -54.45 1.81
      vertex 39.8 -54.45 1.81
    endloop
  endfacet
  facet normal 0 0 1
    outer loop
      vertex 4.4 -54.45 1.81
      vertex 6.3 -49.4 1.81
      vertex 4.4 -2.55 1.81
    endloop
  endfacet
  facet normal 0 1 -0
    outer loop
      vertex 39.8 -54.45 1.81
      vertex 4.4 -54.45 2.4
      vertex 39.8 -54.45 2.4
    endloop
  endfacet
  facet normal 0 1 0
    outer loop
      vertex 4.4 -54.45 2.4
      vertex 39.8 -54.45 1.81
      vertex 4.4 -54.45 1.81
    endloop
  endfacet
  facet normal -1 0 0
    outer loop
      vertex 39.8 -54.45 1.81
      vertex 39.8 -2.55 2.4
      vertex 39.8 -2.55 1.81
    endloop
  endfacet
  facet normal -1 -0 0
    outer loop
      vertex 39.8 -2.55 2.4
      vertex 39.8 -54.45 1.81
      vertex 39.8 -54.45 2.4
    endloop
  endfacet
  facet normal 0 -1 0
    outer loop
      vertex 4.4 -2.55 1.81
      vertex 39.8 -2.55 2.4
      vertex 4.4 -2.55 2.4
    endloop
  endfacet
  facet normal 0 -1 -0
    outer loop
      vertex 39.8 -2.55 2.4
      vertex 4.4 -2.55 1.81
      vertex 39.8 -2.55 1.81
    endloop
  endfacet
  facet normal 0 0 -1
    outer loop
      vertex 16.1856 -81.7786 0.4
      vertex 17.1384 -76.7469 0.4
      vertex 17.1384 -81.7786 0.4
    endloop
  endfacet
  facet normal -0 0 -1
    outer loop
      vertex 17.1384 -76.7469 0.4
      vertex 16.1856 -81.7786 0.4
      vertex 16.1856 -76.7469 0.4
    endloop
  endfacet
  facet normal 0 0 -1
    outer loop
      vertex 12.414 -81.7786 0.4
      vertex 13.3668 -78.8965 0.4
      vertex 13.3668 -81.7786 0.4
    endloop
  endfacet
  facet normal 0 0 -1
    outer loop
      vertex 12.414 -76.7469 0.4
      vertex 13.3668 -78.8965 0.4
      vertex 12.414 -81.7786 0.4
    endloop
  endfacet
  facet normal 0 0 -1
    outer loop
      vertex 13.3668 -78.8965 0.4
      vertex 12.414 -76.7469 0.4
      vertex 13.3668 -78.1235 0.4
    endloop
  endfacet
  facet normal 0 0 -1
    outer loop
      vertex 13.3668 -78.1235 0.4
      vertex 12.414 -76.7469 0.4
      vertex 13.3668 -76.7469 0.4
    endloop
  endfacet
  facet normal 0 0 -1
    outer loop
      vertex 14.6755 -80.4155 0.4
      vertex 14.4111 -78.9847 0.4
      vertex 15.6995 -80.4155 0.4
    endloop
  endfacet
  facet normal 0 0 -1
    outer loop
      vertex 13.3668 -78.8965 0.4
      vertex 14.4111 -78.9847 0.4
      vertex 14.6755 -80.4155 0.4
    endloop
  endfacet
  facet normal 0 0 -1
    outer loop
      vertex 14.4111 -78.9847 0.4
      vertex 13.3668 -78.8965 0.4
      vertex 13.777 -78.4083 0.4
    endloop
  endfacet
  facet normal -0 0 -1
    outer loop
      vertex 13.777 -78.4083 0.4
      vertex 13.3668 -78.8965 0.4
      vertex 13.3668 -78.1235 0.4
    endloop
  endfacet
  facet normal 0 0 -1
    outer loop
      vertex 14.4111 -78.9847 0.4
      vertex 14.7569 -76.7469 0.4
      vertex 15.7978 -76.7469 0.4
    endloop
  endfacet
  facet normal 0 0 -1
    outer loop
      vertex 14.7569 -76.7469 0.4
      vertex 14.4111 -78.9847 0.4
      vertex 13.777 -78.4083 0.4
    endloop
  endfacet
  facet normal 0 0 -1
    outer loop
      vertex 7.10586 -80.1253 0.4
      vertex 7.95634 -80.4468 0.4
      vertex 7.876 -80.6144 0.4
    endloop
  endfacet
  facet normal 0 0 -1
    outer loop
      vertex 7.06072 -80.2189 0.4
      vertex 7.876 -80.6144 0.4
      vertex 7.78278 -80.769 0.4
    endloop
  endfacet
  facet normal 0 0 -1
    outer loop
      vertex 7.0068 -80.3066 0.4
      vertex 7.78278 -80.769 0.4
      vertex 7.67669 -80.9107 0.4
    endloop
  endfacet
  facet normal 0 0 -1
    outer loop
      vertex 6.94407 -80.3882 0.4
      vertex 7.67669 -80.9107 0.4
      vertex 7.55773 -81.0394 0.4
    endloop
  endfacet
  facet normal 0 0 -1
    outer loop
      vertex 6.87257 -80.4638 0.4
      vertex 7.55773 -81.0394 0.4
      vertex 7.42591 -81.1552 0.4
    endloop
  endfacet
  facet normal 0 0 -1
    outer loop
      vertex 6.79226 -80.5334 0.4
      vertex 7.42591 -81.1552 0.4
      vertex 7.28121 -81.2581 0.4
    endloop
  endfacet
  facet normal 0 0 -1
    outer loop
      vertex 7.78278 -80.769 0.4
      vertex 7.0068 -80.3066 0.4
      vertex 7.06072 -80.2189 0.4
    endloop
  endfacet
  facet normal 0 0 -1
    outer loop
      vertex 6.70316 -80.5969 0.4
      vertex 7.28121 -81.2581 0.4
      vertex 7.12374 -81.3476 0.4
    endloop
  endfacet
  facet normal 0 0 -1
    outer loop
      vertex 7.95634 -80.4468 0.4
      vertex 7.14222 -80.0256 0.4
      vertex 8.02381 -80.2663 0.4
    endloop
  endfacet
  facet normal 0 -0 -1
    outer loop
      vertex 7.14222 -80.0256 0.4
      vertex 7.95634 -80.4468 0.4
      vertex 7.10586 -80.1253 0.4
    endloop
  endfacet
  facet normal 0 0 -1
    outer loop
      vertex 7.876 -80.6144 0.4
      vertex 7.06072 -80.2189 0.4
      vertex 7.10586 -80.1253 0.4
    endloop
  endfacet
  facet normal 0 0 -1
    outer loop
      vertex 6.60729 -80.6531 0.4
      vertex 7.12374 -81.3476 0.4
      vertex 6.95352 -81.4233 0.4
    endloop
  endfacet
  facet normal 0 0 -1
    outer loop
      vertex 7.67669 -80.9107 0.4
      vertex 6.94407 -80.3882 0.4
      vertex 7.0068 -80.3066 0.4
    endloop
  endfacet
  facet normal 0 0 -1
    outer loop
      vertex 7.55773 -81.0394 0.4
      vertex 6.87257 -80.4638 0.4
      vertex 6.94407 -80.3882 0.4
    endloop
  endfacet
  facet normal 0 0 -1
    outer loop
      vertex 7.42591 -81.1552 0.4
      vertex 6.79226 -80.5334 0.4
      vertex 6.87257 -80.4638 0.4
    endloop
  endfacet
  facet normal 0 0 -1
    outer loop
      vertex 6.50665 -80.7007 0.4
      vertex 6.95352 -81.4233 0.4
      vertex 6.77056 -81.4853 0.4
    endloop
  endfacet
  facet normal 0 0 -1
    outer loop
      vertex 7.28121 -81.2581 0.4
      vertex 6.70316 -80.5969 0.4
      vertex 6.79226 -80.5334 0.4
    endloop
  endfacet
  facet normal 0 0 -1
    outer loop
      vertex 7.12374 -81.3476 0.4
      vertex 6.60729 -80.6531 0.4
      vertex 6.70316 -80.5969 0.4
    endloop
  endfacet
  facet normal 0 0 -1
    outer loop
      vertex 6.40122 -80.7396 0.4
      vertex 6.77056 -81.4853 0.4
      vertex 6.57488 -81.5335 0.4
    endloop
  endfacet
  facet normal 0 0 -1
    outer loop
      vertex 6.95352 -81.4233 0.4
      vertex 6.50665 -80.7007 0.4
      vertex 6.60729 -80.6531 0.4
    endloop
  endfacet
  facet normal 0 0 -1
    outer loop
      vertex 6.77056 -81.4853 0.4
      vertex 6.40122 -80.7396 0.4
      vertex 6.50665 -80.7007 0.4
    endloop
  endfacet
  facet normal 0 0 -1
    outer loop
      vertex 6.29102 -80.7699 0.4
      vertex 6.57488 -81.5335 0.4
      vertex 6.36646 -81.5679 0.4
    endloop
  endfacet
  facet normal 0 0 -1
    outer loop
      vertex 6.57488 -81.5335 0.4
      vertex 6.29102 -80.7699 0.4
      vertex 6.40122 -80.7396 0.4
    endloop
  endfacet
  facet normal 0 0 -1
    outer loop
      vertex 6.36646 -81.5679 0.4
      vertex 6.17605 -80.7915 0.4
      vertex 6.29102 -80.7699 0.4
    endloop
  endfacet
  facet normal 0 0 -1
    outer loop
      vertex 6.1453 -81.5886 0.4
      vertex 6.17605 -80.7915 0.4
      vertex 6.36646 -81.5679 0.4
    endloop
  endfacet
  facet normal 0 0 -1
    outer loop
      vertex 6.1453 -81.5886 0.4
      vertex 6.0563 -80.8045 0.4
      vertex 6.17605 -80.7915 0.4
    endloop
  endfacet
  facet normal 0 0 -1
    outer loop
      vertex 5.91142 -81.5955 0.4
      vertex 6.0563 -80.8045 0.4
      vertex 6.1453 -81.5886 0.4
    endloop
  endfacet
  facet normal 0 0 -1
    outer loop
      vertex 6.0563 -80.8045 0.4
      vertex 5.91142 -81.5955 0.4
      vertex 5.93177 -80.8088 0.4
    endloop
  endfacet
  facet normal 0 0 -1
    outer loop
      vertex 5.91142 -81.5955 0.4
      vertex 5.7447 -80.8002 0.4
      vertex 5.93177 -80.8088 0.4
    endloop
  endfacet
  facet normal 0 0 -1
    outer loop
      vertex 5.59318 -81.5826 0.4
      vertex 5.7447 -80.8002 0.4
      vertex 5.91142 -81.5955 0.4
    endloop
  endfacet
  facet normal 0 0 -1
    outer loop
      vertex 5.59318 -81.5826 0.4
      vertex 5.57099 -80.7745 0.4
      vertex 5.7447 -80.8002 0.4
    endloop
  endfacet
  facet normal 0 0 -1
    outer loop
      vertex 5.29723 -81.544 0.4
      vertex 5.57099 -80.7745 0.4
      vertex 5.59318 -81.5826 0.4
    endloop
  endfacet
  facet normal -0 0 -1
    outer loop
      vertex 5.57099 -80.7745 0.4
      vertex 5.29723 -81.544 0.4
      vertex 5.41062 -80.7316 0.4
    endloop
  endfacet
  facet normal 0 0 -1
    outer loop
      vertex 5.02357 -81.4796 0.4
      vertex 5.41062 -80.7316 0.4
      vertex 5.29723 -81.544 0.4
    endloop
  endfacet
  facet normal -0 0 -1
    outer loop
      vertex 5.41062 -80.7316 0.4
      vertex 5.02357 -81.4796 0.4
      vertex 5.26362 -80.6715 0.4
    endloop
  endfacet
  facet normal 0 0 -1
    outer loop
      vertex 4.77216 -81.3895 0.4
      vertex 5.26362 -80.6715 0.4
      vertex 5.02357 -81.4796 0.4
    endloop
  endfacet
  facet normal -0 0 -1
    outer loop
      vertex 5.26362 -80.6715 0.4
      vertex 4.77216 -81.3895 0.4
      vertex 5.12997 -80.5943 0.4
    endloop
  endfacet
  facet normal 0 0 -1
    outer loop
      vertex 4.54305 -81.2737 0.4
      vertex 5.12997 -80.5943 0.4
      vertex 4.77216 -81.3895 0.4
    endloop
  endfacet
  facet normal -0 0 -1
    outer loop
      vertex 5.12997 -80.5943 0.4
      vertex 4.54305 -81.2737 0.4
      vertex 5.00967 -80.4999 0.4
    endloop
  endfacet
  facet normal 0 0 -1
    outer loop
      vertex 4.33622 -81.1321 0.4
      vertex 5.00967 -80.4999 0.4
      vertex 4.54305 -81.2737 0.4
    endloop
  endfacet
  facet normal -0 0 -1
    outer loop
      vertex 5.00967 -80.4999 0.4
      vertex 4.33622 -81.1321 0.4
      vertex 4.90272 -80.3884 0.4
    endloop
  endfacet
  facet normal 0 0 -1
    outer loop
      vertex 4.15167 -80.9648 0.4
      vertex 4.90272 -80.3884 0.4
      vertex 4.33622 -81.1321 0.4
    endloop
  endfacet
  facet normal -0 0 -1
    outer loop
      vertex 4.90272 -80.3884 0.4
      vertex 4.15167 -80.9648 0.4
      vertex 4.80962 -80.2603 0.4
    endloop
  endfacet
  facet normal 0 0 -1
    outer loop
      vertex 3.99065 -80.7735 0.4
      vertex 4.80962 -80.2603 0.4
      vertex 4.15167 -80.9648 0.4
    endloop
  endfacet
  facet normal 0 0 -1
    outer loop
      vertex 3.74294 -80.324 0.4
      vertex 4.73084 -80.1163 0.4
      vertex 3.85441 -80.5599 0.4
    endloop
  endfacet
  facet normal 0 0 -1
    outer loop
      vertex 3.85441 -80.5599 0.4
      vertex 4.73084 -80.1163 0.4
      vertex 3.99065 -80.7735 0.4
    endloop
  endfacet
  facet normal -0 0 -1
    outer loop
      vertex 4.80962 -80.2603 0.4
      vertex 3.99065 -80.7735 0.4
      vertex 4.73084 -80.1163 0.4
    endloop
  endfacet
  facet normal 0 0 -1
    outer loop
      vertex 7.21342 -78.3744 0.4
      vertex 7.99905 -77.8551 0.4
      vertex 8.08482 -78.0455 0.4
    endloop
  endfacet
  facet normal 0 0 -1
    outer loop
      vertex 7.10139 -78.1333 0.4
      vertex 7.99905 -77.8551 0.4
      vertex 7.21342 -78.3744 0.4
    endloop
  endfacet
  facet normal -0 0 -1
    outer loop
      vertex 7.90257 -77.6792 0.4
      vertex 7.10139 -78.1333 0.4
      vertex 7.79534 -77.5177 0.4
    endloop
  endfacet
  facet normal 0 0 -1
    outer loop
      vertex 6.96682 -77.9293 0.4
      vertex 7.79534 -77.5177 0.4
      vertex 7.10139 -78.1333 0.4
    endloop
  endfacet
  facet normal -0 0 -1
    outer loop
      vertex 7.79534 -77.5177 0.4
      vertex 6.96682 -77.9293 0.4
      vertex 7.67741 -77.3707 0.4
    endloop
  endfacet
  facet normal -0 0 -1
    outer loop
      vertex 7.67741 -77.3707 0.4
      vertex 6.96682 -77.9293 0.4
      vertex 7.54873 -77.2381 0.4
    endloop
  endfacet
  facet normal -0 0 -1
    outer loop
      vertex 7.99905 -77.8551 0.4
      vertex 7.10139 -78.1333 0.4
      vertex 7.90257 -77.6792 0.4
    endloop
  endfacet
  facet normal 0 0 -1
    outer loop
      vertex 6.80967 -77.7624 0.4
      vertex 7.54873 -77.2381 0.4
      vertex 6.96682 -77.9293 0.4
    endloop
  endfacet
  facet normal -0 0 -1
    outer loop
      vertex 7.54873 -77.2381 0.4
      vertex 6.80967 -77.7624 0.4
      vertex 7.40934 -77.1201 0.4
    endloop
  endfacet
  facet normal -0 0 -1
    outer loop
      vertex 7.40934 -77.1201 0.4
      vertex 6.80967 -77.7624 0.4
      vertex 7.25922 -77.0164 0.4
    endloop
  endfacet
  facet normal -0 0 -1
    outer loop
      vertex 7.25922 -77.0164 0.4
      vertex 6.80967 -77.7624 0.4
      vertex 7.09934 -76.9269 0.4
    endloop
  endfacet
  facet normal 0 0 -1
    outer loop
      vertex 6.62997 -77.6326 0.4
      vertex 7.09934 -76.9269 0.4
      vertex 6.80967 -77.7624 0.4
    endloop
  endfacet
  facet normal -0 0 -1
    outer loop
      vertex 7.09934 -76.9269 0.4
      vertex 6.62997 -77.6326 0.4
      vertex 6.93067 -76.8512 0.4
    endloop
  endfacet
  facet normal -0 0 -1
    outer loop
      vertex 6.93067 -76.8512 0.4
      vertex 6.62997 -77.6326 0.4
      vertex 6.75321 -76.7892 0.4
    endloop
  endfacet
  facet normal 0 0 -1
    outer loop
      vertex 6.42771 -77.5399 0.4
      vertex 6.75321 -76.7892 0.4
      vertex 6.62997 -77.6326 0.4
    endloop
  endfacet
  facet normal -0 0 -1
    outer loop
      vertex 6.75321 -76.7892 0.4
      vertex 6.42771 -77.5399 0.4
      vertex 6.56698 -76.741 0.4
    endloop
  endfacet
  facet normal 0 0 -1
    outer loop
      vertex 6.20289 -77.4842 0.4
      vertex 6.56698 -76.741 0.4
      vertex 6.42771 -77.5399 0.4
    endloop
  endfacet
  facet normal -0 0 -1
    outer loop
      vertex 6.56698 -76.741 0.4
      vertex 6.20289 -77.4842 0.4
      vertex 6.37194 -76.7066 0.4
    endloop
  endfacet
  facet normal 0 0 -1
    outer loop
      vertex 6.20289 -77.4842 0.4
      vertex 6.16813 -76.686 0.4
      vertex 6.37194 -76.7066 0.4
    endloop
  endfacet
  facet normal 0 0 -1
    outer loop
      vertex 5.95551 -77.4657 0.4
      vertex 6.16813 -76.686 0.4
      vertex 6.20289 -77.4842 0.4
    endloop
  endfacet
  facet normal 0 0 -1
    outer loop
      vertex 5.95551 -77.4657 0.4
      vertex 5.95551 -76.6791 0.4
      vertex 6.16813 -76.686 0.4
    endloop
  endfacet
  facet normal 0 0 -1
    outer loop
      vertex 5.76734 -77.4745 0.4
      vertex 5.95551 -76.6791 0.4
      vertex 5.95551 -77.4657 0.4
    endloop
  endfacet
  facet normal 0 0 -1
    outer loop
      vertex 5.76734 -77.4745 0.4
      vertex 5.63683 -76.6924 0.4
      vertex 5.95551 -76.6791 0.4
    endloop
  endfacet
  facet normal 0 0 -1
    outer loop
      vertex 5.59225 -77.5011 0.4
      vertex 5.63683 -76.6924 0.4
      vertex 5.76734 -77.4745 0.4
    endloop
  endfacet
  facet normal 0 0 -1
    outer loop
      vertex 5.33953 -76.7324 0.4
      vertex 5.59225 -77.5011 0.4
      vertex 5.43023 -77.5454 0.4
    endloop
  endfacet
  facet normal 0 0 -1
    outer loop
      vertex 5.59225 -77.5011 0.4
      vertex 5.33953 -76.7324 0.4
      vertex 5.63683 -76.6924 0.4
    endloop
  endfacet
  facet normal 0 0 -1
    outer loop
      vertex 5.06361 -76.799 0.4
      vertex 5.43023 -77.5454 0.4
      vertex 5.28127 -77.6074 0.4
    endloop
  endfacet
  facet normal 0 0 -1
    outer loop
      vertex 4.80908 -76.8922 0.4
      vertex 5.28127 -77.6074 0.4
      vertex 5.14541 -77.6871 0.4
    endloop
  endfacet
  facet normal 0 0 -1
    outer loop
      vertex 5.43023 -77.5454 0.4
      vertex 5.06361 -76.799 0.4
      vertex 5.33953 -76.7324 0.4
    endloop
  endfacet
  facet normal 0 0 -1
    outer loop
      vertex 4.57591 -77.0121 0.4
      vertex 5.14541 -77.6871 0.4
      vertex 5.02262 -77.7845 0.4
    endloop
  endfacet
  facet normal 0 0 -1
    outer loop
      vertex 4.36413 -77.1586 0.4
      vertex 5.02262 -77.7845 0.4
      vertex 4.91291 -77.8997 0.4
    endloop
  endfacet
  facet normal 0 0 -1
    outer loop
      vertex 4.17371 -77.3318 0.4
      vertex 4.91291 -77.8997 0.4
      vertex 4.81712 -78.0316 0.4
    endloop
  endfacet
  facet normal 0 0 -1
    outer loop
      vertex 5.28127 -77.6074 0.4
      vertex 4.80908 -76.8922 0.4
      vertex 5.06361 -76.799 0.4
    endloop
  endfacet
  facet normal 0 0 -1
    outer loop
      vertex 4.00686 -77.5289 0.4
      vertex 4.81712 -78.0316 0.4
      vertex 4.73605 -78.1795 0.4
    endloop
  endfacet
  facet normal 0 0 -1
    outer loop
      vertex 3.86565 -77.7472 0.4
      vertex 4.73605 -78.1795 0.4
      vertex 4.66973 -78.3433 0.4
    endloop
  endfacet
  facet normal 0 0 -1
    outer loop
      vertex 3.66029 -78.2477 0.4
      vertex 4.66973 -78.3433 0.4
      vertex 4.61814 -78.523 0.4
    endloop
  endfacet
  facet normal 0 0 -1
    outer loop
      vertex 3.59611 -78.5297 0.4
      vertex 4.61814 -78.523 0.4
      vertex 4.58129 -78.7186 0.4
    endloop
  endfacet
  facet normal 0 0 -1
    outer loop
      vertex 5.14541 -77.6871 0.4
      vertex 4.57591 -77.0121 0.4
      vertex 4.80908 -76.8922 0.4
    endloop
  endfacet
  facet normal 0 0 -1
    outer loop
      vertex 3.55761 -78.8331 0.4
      vertex 4.58129 -78.7186 0.4
      vertex 4.55918 -78.9302 0.4
    endloop
  endfacet
  facet normal 0 0 -1
    outer loop
      vertex 3.54476 -79.1576 0.4
      vertex 4.55918 -78.9302 0.4
      vertex 4.55181 -79.1576 0.4
    endloop
  endfacet
  facet normal 0 0 -1
    outer loop
      vertex 5.02262 -77.7845 0.4
      vertex 4.36413 -77.1586 0.4
      vertex 4.57591 -77.0121 0.4
    endloop
  endfacet
  facet normal -0 0 -1
    outer loop
      vertex 4.73084 -80.1163 0.4
      vertex 3.74294 -80.324 0.4
      vertex 4.66639 -79.9564 0.4
    endloop
  endfacet
  facet normal 0 0 -1
    outer loop
      vertex 3.65624 -80.0658 0.4
      vertex 4.66639 -79.9564 0.4
      vertex 3.74294 -80.324 0.4
    endloop
  endfacet
  facet normal -0 0 -1
    outer loop
      vertex 4.55918 -78.9302 0.4
      vertex 3.54476 -79.1576 0.4
      vertex 3.55761 -78.8331 0.4
    endloop
  endfacet
  facet normal -0 0 -1
    outer loop
      vertex 4.66639 -79.9564 0.4
      vertex 3.65624 -80.0658 0.4
      vertex 4.61627 -79.7806 0.4
    endloop
  endfacet
  facet normal -0 0 -1
    outer loop
      vertex 4.58129 -78.7186 0.4
      vertex 3.55761 -78.8331 0.4
      vertex 3.59611 -78.5297 0.4
    endloop
  endfacet
  facet normal 0 0 -1
    outer loop
      vertex 3.59431 -79.7854 0.4
      vertex 4.61627 -79.7806 0.4
      vertex 3.65624 -80.0658 0.4
    endloop
  endfacet
  facet normal -0 0 -1
    outer loop
      vertex 4.61814 -78.523 0.4
      vertex 3.59611 -78.5297 0.4
      vertex 3.66029 -78.2477 0.4
    endloop
  endfacet
  facet normal -0 0 -1
    outer loop
      vertex 4.61627 -79.7806 0.4
      vertex 3.59431 -79.7854 0.4
      vertex 4.58047 -79.5888 0.4
    endloop
  endfacet
  facet normal 0 0 -1
    outer loop
      vertex 4.66973 -78.3433 0.4
      vertex 3.66029 -78.2477 0.4
      vertex 3.75015 -77.9868 0.4
    endloop
  endfacet
  facet normal 0 0 -1
    outer loop
      vertex 3.55715 -79.4826 0.4
      vertex 4.58047 -79.5888 0.4
      vertex 3.59431 -79.7854 0.4
    endloop
  endfacet
  facet normal 0 0 -1
    outer loop
      vertex 4.66973 -78.3433 0.4
      vertex 3.75015 -77.9868 0.4
      vertex 3.86565 -77.7472 0.4
    endloop
  endfacet
  facet normal 0 0 -1
    outer loop
      vertex 4.58047 -79.5888 0.4
      vertex 3.55715 -79.4826 0.4
      vertex 4.55898 -79.3812 0.4
    endloop
  endfacet
  facet normal 0 0 -1
    outer loop
      vertex 4.73605 -78.1795 0.4
      vertex 3.86565 -77.7472 0.4
      vertex 4.00686 -77.5289 0.4
    endloop
  endfacet
  facet normal 0 0 -1
    outer loop
      vertex 3.54476 -79.1576 0.4
      vertex 4.55898 -79.3812 0.4
      vertex 3.55715 -79.4826 0.4
    endloop
  endfacet
  facet normal 0 0 -1
    outer loop
      vertex 4.81712 -78.0316 0.4
      vertex 4.00686 -77.5289 0.4
      vertex 4.17371 -77.3318 0.4
    endloop
  endfacet
  facet normal 0 0 -1
    outer loop
      vertex 4.55898 -79.3812 0.4
      vertex 3.54476 -79.1576 0.4
      vertex 4.55181 -79.1576 0.4
    endloop
  endfacet
  facet normal 0 0 -1
    outer loop
      vertex 4.91291 -77.8997 0.4
      vertex 4.17371 -77.3318 0.4
      vertex 4.36413 -77.1586 0.4
    endloop
  endfacet
  facet normal 0 0 -1
    outer loop
      vertex 25.5733 -80.1253 0.4
      vertex 26.4238 -80.4468 0.4
      vertex 26.3435 -80.6144 0.4
    endloop
  endfacet
  facet normal 0 0 -1
    outer loop
      vertex 25.5282 -80.2189 0.4
      vertex 26.3435 -80.6144 0.4
      vertex 26.2502 -80.769 0.4
    endloop
  endfacet
  facet normal 0 0 -1
    outer loop
      vertex 25.4743 -80.3066 0.4
      vertex 26.2502 -80.769 0.4
      vertex 26.1442 -80.9107 0.4
    endloop
  endfacet
  facet normal 0 0 -1
    outer loop
      vertex 25.4115 -80.3882 0.4
      vertex 26.1442 -80.9107 0.4
      vertex 26.0252 -81.0394 0.4
    endloop
  endfacet
  facet normal 0 0 -1
    outer loop
      vertex 25.34 -80.4638 0.4
      vertex 26.0252 -81.0394 0.4
      vertex 25.8934 -81.1552 0.4
    endloop
  endfacet
  facet normal 0 0 -1
    outer loop
      vertex 25.2597 -80.5334 0.4
      vertex 25.8934 -81.1552 0.4
      vertex 25.7487 -81.2581 0.4
    endloop
  endfacet
  facet normal 0 0 -1
    outer loop
      vertex 26.2502 -80.769 0.4
      vertex 25.4743 -80.3066 0.4
      vertex 25.5282 -80.2189 0.4
    endloop
  endfacet
  facet normal 0 0 -1
    outer loop
      vertex 25.1706 -80.5969 0.4
      vertex 25.7487 -81.2581 0.4
      vertex 25.5912 -81.3476 0.4
    endloop
  endfacet
  facet normal 0 0 -1
    outer loop
      vertex 26.4238 -80.4468 0.4
      vertex 25.6097 -80.0256 0.4
      vertex 26.4913 -80.2663 0.4
    endloop
  endfacet
  facet normal 0 -0 -1
    outer loop
      vertex 25.6097 -80.0256 0.4
      vertex 26.4238 -80.4468 0.4
      vertex 25.5733 -80.1253 0.4
    endloop
  endfacet
  facet normal 0 0 -1
    outer loop
      vertex 26.3435 -80.6144 0.4
      vertex 25.5282 -80.2189 0.4
      vertex 25.5733 -80.1253 0.4
    endloop
  endfacet
  facet normal 0 0 -1
    outer loop
      vertex 25.0748 -80.6531 0.4
      vertex 25.5912 -81.3476 0.4
      vertex 25.421 -81.4233 0.4
    endloop
  endfacet
  facet normal 0 0 -1
    outer loop
      vertex 26.1442 -80.9107 0.4
      vertex 25.4115 -80.3882 0.4
      vertex 25.4743 -80.3066 0.4
    endloop
  endfacet
  facet normal 0 0 -1
    outer loop
      vertex 26.0252 -81.0394 0.4
      vertex 25.34 -80.4638 0.4
      vertex 25.4115 -80.3882 0.4
    endloop
  endfacet
  facet normal 0 0 -1
    outer loop
      vertex 25.8934 -81.1552 0.4
      vertex 25.2597 -80.5334 0.4
      vertex 25.34 -80.4638 0.4
    endloop
  endfacet
  facet normal 0 0 -1
    outer loop
      vertex 24.9741 -80.7007 0.4
      vertex 25.421 -81.4233 0.4
      vertex 25.238 -81.4853 0.4
    endloop
  endfacet
  facet normal 0 0 -1
    outer loop
      vertex 25.7487 -81.2581 0.4
      vertex 25.1706 -80.5969 0.4
      vertex 25.2597 -80.5334 0.4
    endloop
  endfacet
  facet normal 0 0 -1
    outer loop
      vertex 25.5912 -81.3476 0.4
      vertex 25.0748 -80.6531 0.4
      vertex 25.1706 -80.5969 0.4
    endloop
  endfacet
  facet normal 0 0 -1
    outer loop
      vertex 24.8687 -80.7396 0.4
      vertex 25.238 -81.4853 0.4
      vertex 25.0424 -81.5335 0.4
    endloop
  endfacet
  facet normal 0 0 -1
    outer loop
      vertex 25.421 -81.4233 0.4
      vertex 24.9741 -80.7007 0.4
      vertex 25.0748 -80.6531 0.4
    endloop
  endfacet
  facet normal 0 0 -1
    outer loop
      vertex 25.238 -81.4853 0.4
      vertex 24.8687 -80.7396 0.4
      vertex 24.9741 -80.7007 0.4
    endloop
  endfacet
  facet normal 0 0 -1
    outer loop
      vertex 24.7585 -80.7699 0.4
      vertex 25.0424 -81.5335 0.4
      vertex 24.8339 -81.5679 0.4
    endloop
  endfacet
  facet normal 0 0 -1
    outer loop
      vertex 25.0424 -81.5335 0.4
      vertex 24.7585 -80.7699 0.4
      vertex 24.8687 -80.7396 0.4
    endloop
  endfacet
  facet normal 0 0 -1
    outer loop
      vertex 24.8339 -81.5679 0.4
      vertex 24.6435 -80.7915 0.4
      vertex 24.7585 -80.7699 0.4
    endloop
  endfacet
  facet normal 0 0 -1
    outer loop
      vertex 24.6128 -81.5886 0.4
      vertex 24.6435 -80.7915 0.4
      vertex 24.8339 -81.5679 0.4
    endloop
  endfacet
  facet normal 0 0 -1
    outer loop
      vertex 24.6128 -81.5886 0.4
      vertex 24.5238 -80.8045 0.4
      vertex 24.6435 -80.7915 0.4
    endloop
  endfacet
  facet normal 0 0 -1
    outer loop
      vertex 24.3789 -81.5955 0.4
      vertex 24.5238 -80.8045 0.4
      vertex 24.6128 -81.5886 0.4
    endloop
  endfacet
  facet normal 0 0 -1
    outer loop
      vertex 24.5238 -80.8045 0.4
      vertex 24.3789 -81.5955 0.4
      vertex 24.3992 -80.8088 0.4
    endloop
  endfacet
  facet normal 0 0 -1
    outer loop
      vertex 24.3789 -81.5955 0.4
      vertex 24.2122 -80.8002 0.4
      vertex 24.3992 -80.8088 0.4
    endloop
  endfacet
  facet normal 0 0 -1
    outer loop
      vertex 24.0606 -81.5826 0.4
      vertex 24.2122 -80.8002 0.4
      vertex 24.3789 -81.5955 0.4
    endloop
  endfacet
  facet normal 0 0 -1
    outer loop
      vertex 24.0606 -81.5826 0.4
      vertex 24.0385 -80.7745 0.4
      vertex 24.2122 -80.8002 0.4
    endloop
  endfacet
  facet normal 0 0 -1
    outer loop
      vertex 23.7647 -81.544 0.4
      vertex 24.0385 -80.7745 0.4
      vertex 24.0606 -81.5826 0.4
    endloop
  endfacet
  facet normal -0 0 -1
    outer loop
      vertex 24.0385 -80.7745 0.4
      vertex 23.7647 -81.544 0.4
      vertex 23.8781 -80.7316 0.4
    endloop
  endfacet
  facet normal 0 0 -1
    outer loop
      vertex 23.491 -81.4796 0.4
      vertex 23.8781 -80.7316 0.4
      vertex 23.7647 -81.544 0.4
    endloop
  endfacet
  facet normal -0 0 -1
    outer loop
      vertex 23.8781 -80.7316 0.4
      vertex 23.491 -81.4796 0.4
      vertex 23.7311 -80.6715 0.4
    endloop
  endfacet
  facet normal 0 0 -1
    outer loop
      vertex 23.2396 -81.3895 0.4
      vertex 23.7311 -80.6715 0.4
      vertex 23.491 -81.4796 0.4
    endloop
  endfacet
  facet normal -0 0 -1
    outer loop
      vertex 23.7311 -80.6715 0.4
      vertex 23.2396 -81.3895 0.4
      vertex 23.5974 -80.5943 0.4
    endloop
  endfacet
  facet normal 0 0 -1
    outer loop
      vertex 23.0105 -81.2737 0.4
      vertex 23.5974 -80.5943 0.4
      vertex 23.2396 -81.3895 0.4
    endloop
  endfacet
  facet normal -0 0 -1
    outer loop
      vertex 23.5974 -80.5943 0.4
      vertex 23.0105 -81.2737 0.4
      vertex 23.4771 -80.4999 0.4
    endloop
  endfacet
  facet normal 0 0 -1
    outer loop
      vertex 22.8037 -81.1321 0.4
      vertex 23.4771 -80.4999 0.4
      vertex 23.0105 -81.2737 0.4
    endloop
  endfacet
  facet normal -0 0 -1
    outer loop
      vertex 23.4771 -80.4999 0.4
      vertex 22.8037 -81.1321 0.4
      vertex 23.3702 -80.3884 0.4
    endloop
  endfacet
  facet normal 0 0 -1
    outer loop
      vertex 22.6191 -80.9648 0.4
      vertex 23.3702 -80.3884 0.4
      vertex 22.8037 -81.1321 0.4
    endloop
  endfacet
  facet normal -0 0 -1
    outer loop
      vertex 23.3702 -80.3884 0.4
      vertex 22.6191 -80.9648 0.4
      vertex 23.2771 -80.2603 0.4
    endloop
  endfacet
  facet normal 0 0 -1
    outer loop
      vertex 22.4581 -80.7735 0.4
      vertex 23.2771 -80.2603 0.4
      vertex 22.6191 -80.9648 0.4
    endloop
  endfacet
  facet normal 0 0 -1
    outer loop
      vertex 22.2104 -80.324 0.4
      vertex 23.1983 -80.1163 0.4
      vertex 22.3219 -80.5599 0.4
    endloop
  endfacet
  facet normal 0 0 -1
    outer loop
      vertex 22.3219 -80.5599 0.4
      vertex 23.1983 -80.1163 0.4
      vertex 22.4581 -80.7735 0.4
    endloop
  endfacet
  facet normal -0 0 -1
    outer loop
      vertex 23.2771 -80.2603 0.4
      vertex 22.4581 -80.7735 0.4
      vertex 23.1983 -80.1163 0.4
    endloop
  endfacet
  facet normal 0 0 -1
    outer loop
      vertex 25.6809 -78.3744 0.4
      vertex 26.4665 -77.8551 0.4
      vertex 26.5523 -78.0455 0.4
    endloop
  endfacet
  facet normal 0 0 -1
    outer loop
      vertex 25.5689 -78.1333 0.4
      vertex 26.4665 -77.8551 0.4
      vertex 25.6809 -78.3744 0.4
    endloop
  endfacet
  facet normal -0 0 -1
    outer loop
      vertex 26.37 -77.6792 0.4
      vertex 25.5689 -78.1333 0.4
      vertex 26.2628 -77.5177 0.4
    endloop
  endfacet
  facet normal 0 0 -1
    outer loop
      vertex 25.4343 -77.9293 0.4
      vertex 26.2628 -77.5177 0.4
      vertex 25.5689 -78.1333 0.4
    endloop
  endfacet
  facet normal -0 0 -1
    outer loop
      vertex 26.2628 -77.5177 0.4
      vertex 25.4343 -77.9293 0.4
      vertex 26.1449 -77.3707 0.4
    endloop
  endfacet
  facet normal -0 0 -1
    outer loop
      vertex 26.1449 -77.3707 0.4
      vertex 25.4343 -77.9293 0.4
      vertex 26.0162 -77.2381 0.4
    endloop
  endfacet
  facet normal -0 0 -1
    outer loop
      vertex 26.4665 -77.8551 0.4
      vertex 25.5689 -78.1333 0.4
      vertex 26.37 -77.6792 0.4
    endloop
  endfacet
  facet normal 0 0 -1
    outer loop
      vertex 25.2771 -77.7624 0.4
      vertex 26.0162 -77.2381 0.4
      vertex 25.4343 -77.9293 0.4
    endloop
  endfacet
  facet normal -0 0 -1
    outer loop
      vertex 26.0162 -77.2381 0.4
      vertex 25.2771 -77.7624 0.4
      vertex 25.8768 -77.1201 0.4
    endloop
  endfacet
  facet normal -0 0 -1
    outer loop
      vertex 25.8768 -77.1201 0.4
      vertex 25.2771 -77.7624 0.4
      vertex 25.7267 -77.0164 0.4
    endloop
  endfacet
  facet normal -0 0 -1
    outer loop
      vertex 25.7267 -77.0164 0.4
      vertex 25.2771 -77.7624 0.4
      vertex 25.5668 -76.9269 0.4
    endloop
  endfacet
  facet normal 0 0 -1
    outer loop
      vertex 25.0974 -77.6326 0.4
      vertex 25.5668 -76.9269 0.4
      vertex 25.2771 -77.7624 0.4
    endloop
  endfacet
  facet normal -0 0 -1
    outer loop
      vertex 25.5668 -76.9269 0.4
      vertex 25.0974 -77.6326 0.4
      vertex 25.3981 -76.8512 0.4
    endloop
  endfacet
  facet normal -0 0 -1
    outer loop
      vertex 25.3981 -76.8512 0.4
      vertex 25.0974 -77.6326 0.4
      vertex 25.2207 -76.7892 0.4
    endloop
  endfacet
  facet normal 0 0 -1
    outer loop
      vertex 24.8952 -77.5399 0.4
      vertex 25.2207 -76.7892 0.4
      vertex 25.0974 -77.6326 0.4
    endloop
  endfacet
  facet normal -0 0 -1
    outer loop
      vertex 25.2207 -76.7892 0.4
      vertex 24.8952 -77.5399 0.4
      vertex 25.0344 -76.741 0.4
    endloop
  endfacet
  facet normal 0 0 -1
    outer loop
      vertex 24.6704 -77.4842 0.4
      vertex 25.0344 -76.741 0.4
      vertex 24.8952 -77.5399 0.4
    endloop
  endfacet
  facet normal -0 0 -1
    outer loop
      vertex 25.0344 -76.741 0.4
      vertex 24.6704 -77.4842 0.4
      vertex 24.8394 -76.7066 0.4
    endloop
  endfacet
  facet normal 0 0 -1
    outer loop
      vertex 24.6704 -77.4842 0.4
      vertex 24.6356 -76.686 0.4
      vertex 24.8394 -76.7066 0.4
    endloop
  endfacet
  facet normal 0 0 -1
    outer loop
      vertex 24.423 -77.4657 0.4
      vertex 24.6356 -76.686 0.4
      vertex 24.6704 -77.4842 0.4
    endloop
  endfacet
  facet normal 0 0 -1
    outer loop
      vertex 24.423 -77.4657 0.4
      vertex 24.423 -76.6791 0.4
      vertex 24.6356 -76.686 0.4
    endloop
  endfacet
  facet normal 0 0 -1
    outer loop
      vertex 24.2348 -77.4745 0.4
      vertex 24.423 -76.6791 0.4
      vertex 24.423 -77.4657 0.4
    endloop
  endfacet
  facet normal 0 0 -1
    outer loop
      vertex 24.2348 -77.4745 0.4
      vertex 24.1043 -76.6924 0.4
      vertex 24.423 -76.6791 0.4
    endloop
  endfacet
  facet normal 0 0 -1
    outer loop
      vertex 24.0597 -77.5011 0.4
      vertex 24.1043 -76.6924 0.4
      vertex 24.2348 -77.4745 0.4
    endloop
  endfacet
  facet normal 0 0 -1
    outer loop
      vertex 23.807 -76.7324 0.4
      vertex 24.0597 -77.5011 0.4
      vertex 23.8977 -77.5454 0.4
    endloop
  endfacet
  facet normal 0 0 -1
    outer loop
      vertex 24.0597 -77.5011 0.4
      vertex 23.807 -76.7324 0.4
      vertex 24.1043 -76.6924 0.4
    endloop
  endfacet
  facet normal 0 0 -1
    outer loop
      vertex 23.5311 -76.799 0.4
      vertex 23.8977 -77.5454 0.4
      vertex 23.7487 -77.6074 0.4
    endloop
  endfacet
  facet normal 0 0 -1
    outer loop
      vertex 23.2765 -76.8922 0.4
      vertex 23.7487 -77.6074 0.4
      vertex 23.6129 -77.6871 0.4
    endloop
  endfacet
  facet normal 0 0 -1
    outer loop
      vertex 23.8977 -77.5454 0.4
      vertex 23.5311 -76.799 0.4
      vertex 23.807 -76.7324 0.4
    endloop
  endfacet
  facet normal 0 0 -1
    outer loop
      vertex 23.0434 -77.0121 0.4
      vertex 23.6129 -77.6871 0.4
      vertex 23.4901 -77.7845 0.4
    endloop
  endfacet
  facet normal 0 0 -1
    outer loop
      vertex 22.8316 -77.1586 0.4
      vertex 23.4901 -77.7845 0.4
      vertex 23.3804 -77.8997 0.4
    endloop
  endfacet
  facet normal 0 0 -1
    outer loop
      vertex 22.6412 -77.3318 0.4
      vertex 23.3804 -77.8997 0.4
      vertex 23.2846 -78.0316 0.4
    endloop
  endfacet
  facet normal 0 0 -1
    outer loop
      vertex 23.7487 -77.6074 0.4
      vertex 23.2765 -76.8922 0.4
      vertex 23.5311 -76.799 0.4
    endloop
  endfacet
  facet normal 0 0 -1
    outer loop
      vertex 22.4743 -77.5289 0.4
      vertex 23.2846 -78.0316 0.4
      vertex 23.2035 -78.1795 0.4
    endloop
  endfacet
  facet normal 0 0 -1
    outer loop
      vertex 22.3331 -77.7472 0.4
      vertex 23.2035 -78.1795 0.4
      vertex 23.1372 -78.3433 0.4
    endloop
  endfacet
  facet normal 0 0 -1
    outer loop
      vertex 22.1278 -78.2477 0.4
      vertex 23.1372 -78.3433 0.4
      vertex 23.0856 -78.523 0.4
    endloop
  endfacet
  facet normal 0 0 -1
    outer loop
      vertex 22.0636 -78.5297 0.4
      vertex 23.0856 -78.523 0.4
      vertex 23.0488 -78.7186 0.4
    endloop
  endfacet
  facet normal 0 0 -1
    outer loop
      vertex 23.6129 -77.6871 0.4
      vertex 23.0434 -77.0121 0.4
      vertex 23.2765 -76.8922 0.4
    endloop
  endfacet
  facet normal 0 0 -1
    outer loop
      vertex 22.0251 -78.8331 0.4
      vertex 23.0488 -78.7186 0.4
      vertex 23.0266 -78.9302 0.4
    endloop
  endfacet
  facet normal 0 0 -1
    outer loop
      vertex 22.0122 -79.1576 0.4
      vertex 23.0266 -78.9302 0.4
      vertex 23.0193 -79.1576 0.4
    endloop
  endfacet
  facet normal 0 0 -1
    outer loop
      vertex 23.4901 -77.7845 0.4
      vertex 22.8316 -77.1586 0.4
      vertex 23.0434 -77.0121 0.4
    endloop
  endfacet
  facet normal -0 0 -1
    outer loop
      vertex 23.1983 -80.1163 0.4
      vertex 22.2104 -80.324 0.4
      vertex 23.1339 -79.9564 0.4
    endloop
  endfacet
  facet normal 0 0 -1
    outer loop
      vertex 22.1237 -80.0658 0.4
      vertex 23.1339 -79.9564 0.4
      vertex 22.2104 -80.324 0.4
    endloop
  endfacet
  facet normal -0 0 -1
    outer loop
      vertex 23.0266 -78.9302 0.4
      vertex 22.0122 -79.1576 0.4
      vertex 22.0251 -78.8331 0.4
    endloop
  endfacet
  facet normal -0 0 -1
    outer loop
      vertex 23.1339 -79.9564 0.4
      vertex 22.1237 -80.0658 0.4
      vertex 23.0837 -79.7806 0.4
    endloop
  endfacet
  facet normal -0 0 -1
    outer loop
      vertex 23.0488 -78.7186 0.4
      vertex 22.0251 -78.8331 0.4
      vertex 22.0636 -78.5297 0.4
    endloop
  endfacet
  facet normal 0 0 -1
    outer loop
      vertex 22.0618 -79.7854 0.4
      vertex 23.0837 -79.7806 0.4
      vertex 22.1237 -80.0658 0.4
    endloop
  endfacet
  facet normal -0 0 -1
    outer loop
      vertex 23.0856 -78.523 0.4
      vertex 22.0636 -78.5297 0.4
      vertex 22.1278 -78.2477 0.4
    endloop
  endfacet
  facet normal -0 0 -1
    outer loop
      vertex 23.0837 -79.7806 0.4
      vertex 22.0618 -79.7854 0.4
      vertex 23.0479 -79.5888 0.4
    endloop
  endfacet
  facet normal 0 0 -1
    outer loop
      vertex 23.1372 -78.3433 0.4
      vertex 22.1278 -78.2477 0.4
      vertex 22.2176 -77.9868 0.4
    endloop
  endfacet
  facet normal 0 0 -1
    outer loop
      vertex 22.0246 -79.4826 0.4
      vertex 23.0479 -79.5888 0.4
      vertex 22.0618 -79.7854 0.4
    endloop
  endfacet
  facet normal 0 0 -1
    outer loop
      vertex 23.1372 -78.3433 0.4
      vertex 22.2176 -77.9868 0.4
      vertex 22.3331 -77.7472 0.4
    endloop
  endfacet
  facet normal 0 0 -1
    outer loop
      vertex 23.0479 -79.5888 0.4
      vertex 22.0246 -79.4826 0.4
      vertex 23.0264 -79.3812 0.4
    endloop
  endfacet
  facet normal 0 0 -1
    outer loop
      vertex 23.2035 -78.1795 0.4
      vertex 22.3331 -77.7472 0.4
      vertex 22.4743 -77.5289 0.4
    endloop
  endfacet
  facet normal 0 0 -1
    outer loop
      vertex 22.0122 -79.1576 0.4
      vertex 23.0264 -79.3812 0.4
      vertex 22.0246 -79.4826 0.4
    endloop
  endfacet
  facet normal 0 0 -1
    outer loop
      vertex 23.2846 -78.0316 0.4
      vertex 22.4743 -77.5289 0.4
      vertex 22.6412 -77.3318 0.4
    endloop
  endfacet
  facet normal 0 0 -1
    outer loop
      vertex 23.0264 -79.3812 0.4
      vertex 22.0122 -79.1576 0.4
      vertex 23.0193 -79.1576 0.4
    endloop
  endfacet
  facet normal 0 0 -1
    outer loop
      vertex 23.3804 -77.8997 0.4
      vertex 22.6412 -77.3318 0.4
      vertex 22.8316 -77.1586 0.4
    endloop
  endfacet
  facet normal 0 0 -1
    outer loop
      vertex 37.2824 -75.3059 0.4
      vertex 38.2351 -76.713 0.4
      vertex 38.2347 -76.8518 0.4
    endloop
  endfacet
  facet normal 0 0 -1
    outer loop
      vertex 37.2824 -75.3059 0.4
      vertex 38.2347 -76.8518 0.4
      vertex 38.2335 -76.9737 0.4
    endloop
  endfacet
  facet normal 0 0 -1
    outer loop
      vertex 37.2824 -75.3059 0.4
      vertex 38.2335 -76.9737 0.4
      vertex 38.2314 -77.0788 0.4
    endloop
  endfacet
  facet normal 0 0 -1
    outer loop
      vertex 37.2824 -75.3059 0.4
      vertex 38.2314 -77.0788 0.4
      vertex 38.2285 -77.1669 0.4
    endloop
  endfacet
  facet normal 0 0 -1
    outer loop
      vertex 38.2148 -77.3301 0.4
      vertex 38.2285 -77.1669 0.4
      vertex 38.2248 -77.2382 0.4
    endloop
  endfacet
  facet normal 0 0 -1
    outer loop
      vertex 38.2148 -77.3301 0.4
      vertex 38.2248 -77.2382 0.4
      vertex 38.2202 -77.2926 0.4
    endloop
  endfacet
  facet normal -0 0 -1
    outer loop
      vertex 38.2285 -77.1669 0.4
      vertex 38.2148 -77.3301 0.4
      vertex 37.2824 -75.3059 0.4
    endloop
  endfacet
  facet normal -0 0 -1
    outer loop
      vertex 38.2257 -78.7361 0.4
      vertex 37.2824 -79.5713 0.4
      vertex 38.2215 -78.571 0.4
    endloop
  endfacet
  facet normal 0 0 -1
    outer loop
      vertex 37.2735 -80.101 0.4
      vertex 38.2097 -80.1748 0.4
      vertex 38.2062 -80.2237 0.4
    endloop
  endfacet
  facet normal 0 0 -1
    outer loop
      vertex 37.2685 -80.2137 0.4
      vertex 38.2062 -80.2237 0.4
      vertex 38.2025 -80.2678 0.4
    endloop
  endfacet
  facet normal 0 0 -1
    outer loop
      vertex 37.2685 -80.2137 0.4
      vertex 38.2025 -80.2678 0.4
      vertex 38.1986 -80.307 0.4
    endloop
  endfacet
  facet normal 0 0 -1
    outer loop
      vertex 37.2685 -80.2137 0.4
      vertex 38.1986 -80.307 0.4
      vertex 38.1945 -80.3414 0.4
    endloop
  endfacet
  facet normal 0 0 -1
    outer loop
      vertex 37.2685 -80.2137 0.4
      vertex 38.1945 -80.3414 0.4
      vertex 38.1902 -80.371 0.4
    endloop
  endfacet
  facet normal 0 0 -1
    outer loop
      vertex 37.2685 -80.2137 0.4
      vertex 38.1902 -80.371 0.4
      vertex 38.1856 -80.3957 0.4
    endloop
  endfacet
  facet normal 0 0 -1
    outer loop
      vertex 37.2685 -80.2137 0.4
      vertex 38.1856 -80.3957 0.4
      vertex 38.1809 -80.4155 0.4
    endloop
  endfacet
  facet normal -0 0 -1
    outer loop
      vertex 38.2215 -78.571 0.4
      vertex 37.2824 -79.5713 0.4
      vertex 38.2148 -77.3301 0.4
    endloop
  endfacet
  facet normal 0 0 -1
    outer loop
      vertex 37.2824 -75.3059 0.4
      vertex 38.2148 -77.3301 0.4
      vertex 37.2824 -79.5713 0.4
    endloop
  endfacet
  facet normal 0 0 -1
    outer loop
      vertex 38.2351 -76.713 0.4
      vertex 37.2824 -75.3059 0.4
      vertex 38.2351 -75.3059 0.4
    endloop
  endfacet
  facet normal 0 0 -1
    outer loop
      vertex 38.2097 -80.1748 0.4
      vertex 37.2818 -79.7155 0.4
      vertex 37.2824 -79.5713 0.4
    endloop
  endfacet
  facet normal 0 0 -1
    outer loop
      vertex 38.2097 -80.1748 0.4
      vertex 37.2801 -79.8519 0.4
      vertex 37.2818 -79.7155 0.4
    endloop
  endfacet
  facet normal 0 0 -1
    outer loop
      vertex 38.2097 -80.1748 0.4
      vertex 37.2774 -79.9804 0.4
      vertex 37.2801 -79.8519 0.4
    endloop
  endfacet
  facet normal 0 0 -1
    outer loop
      vertex 38.2097 -80.1748 0.4
      vertex 37.2735 -80.101 0.4
      vertex 37.2774 -79.9804 0.4
    endloop
  endfacet
  facet normal 0 0 -1
    outer loop
      vertex 38.2062 -80.2237 0.4
      vertex 37.2685 -80.2137 0.4
      vertex 37.2735 -80.101 0.4
    endloop
  endfacet
  facet normal 0 0 -1
    outer loop
      vertex 38.1809 -80.4155 0.4
      vertex 37.2624 -80.3186 0.4
      vertex 37.2685 -80.2137 0.4
    endloop
  endfacet
  facet normal 0 -0 -1
    outer loop
      vertex 37.2624 -80.3186 0.4
      vertex 38.1809 -80.4155 0.4
      vertex 37.2553 -80.4155 0.4
    endloop
  endfacet
  facet normal 0 0 -1
    outer loop
      vertex 39.7609 -78.5982 0.4
      vertex 40.7544 -78.5982 0.4
      vertex 40.7472 -78.8493 0.4
    endloop
  endfacet
  facet normal 0 0 -1
    outer loop
      vertex 39.7455 -78.9256 0.4
      vertex 40.7472 -78.8493 0.4
      vertex 40.7256 -79.0835 0.4
    endloop
  endfacet
  facet normal 0 0 -1
    outer loop
      vertex 40.7544 -78.5982 0.4
      vertex 39.7609 -78.5982 0.4
      vertex 40.7468 -78.3442 0.4
    endloop
  endfacet
  facet normal 0 0 -1
    outer loop
      vertex 39.7455 -78.9256 0.4
      vertex 40.7256 -79.0835 0.4
      vertex 40.6896 -79.3007 0.4
    endloop
  endfacet
  facet normal 0 0 -1
    outer loop
      vertex 39.7453 -78.2617 0.4
      vertex 40.7468 -78.3442 0.4
      vertex 39.7609 -78.5982 0.4
    endloop
  endfacet
  facet normal 0 0 -1
    outer loop
      vertex 39.6992 -79.2027 0.4
      vertex 40.6896 -79.3007 0.4
      vertex 40.6392 -79.501 0.4
    endloop
  endfacet
  facet normal 0 0 -1
    outer loop
      vertex 40.7468 -78.3442 0.4
      vertex 39.7453 -78.2617 0.4
      vertex 40.7243 -78.1073 0.4
    endloop
  endfacet
  facet normal 0 0 -1
    outer loop
      vertex 39.6992 -79.2027 0.4
      vertex 40.6392 -79.501 0.4
      vertex 40.5744 -79.6844 0.4
    endloop
  endfacet
  facet normal -0 0 -1
    outer loop
      vertex 40.7243 -78.1073 0.4
      vertex 39.7453 -78.2617 0.4
      vertex 40.6868 -77.8875 0.4
    endloop
  endfacet
  facet normal 0 0 -1
    outer loop
      vertex 39.622 -79.4293 0.4
      vertex 40.5744 -79.6844 0.4
      vertex 40.4953 -79.8507 0.4
    endloop
  endfacet
  facet normal 0 0 -1
    outer loop
      vertex 39.6986 -77.9771 0.4
      vertex 40.6868 -77.8875 0.4
      vertex 39.7453 -78.2617 0.4
    endloop
  endfacet
  facet normal 0 0 -1
    outer loop
      vertex 39.622 -79.4293 0.4
      vertex 40.4953 -79.8507 0.4
      vertex 40.4017 -80.0002 0.4
    endloop
  endfacet
  facet normal -0 0 -1
    outer loop
      vertex 40.6868 -77.8875 0.4
      vertex 39.6986 -77.9771 0.4
      vertex 40.6342 -77.6848 0.4
    endloop
  endfacet
  facet normal 0 0 -1
    outer loop
      vertex 39.622 -79.4293 0.4
      vertex 40.4017 -80.0002 0.4
      vertex 40.2951 -80.1311 0.4
    endloop
  endfacet
  facet normal -0 0 -1
    outer loop
      vertex 40.6342 -77.6848 0.4
      vertex 39.6986 -77.9771 0.4
      vertex 40.5666 -77.4991 0.4
    endloop
  endfacet
  facet normal 0 0 -1
    outer loop
      vertex 39.514 -79.6056 0.4
      vertex 40.2951 -80.1311 0.4
      vertex 40.1767 -80.2418 0.4
    endloop
  endfacet
  facet normal 0 0 -1
    outer loop
      vertex 39.6208 -77.7442 0.4
      vertex 40.5666 -77.4991 0.4
      vertex 39.6986 -77.9771 0.4
    endloop
  endfacet
  facet normal 0 0 -1
    outer loop
      vertex 39.514 -79.6056 0.4
      vertex 40.1767 -80.2418 0.4
      vertex 40.0465 -80.3324 0.4
    endloop
  endfacet
  facet normal -0 0 -1
    outer loop
      vertex 40.5666 -77.4991 0.4
      vertex 39.6208 -77.7442 0.4
      vertex 40.4841 -77.3306 0.4
    endloop
  endfacet
  facet normal 0 0 -1
    outer loop
      vertex 39.514 -79.6056 0.4
      vertex 40.0465 -80.3324 0.4
      vertex 39.9046 -80.4029 0.4
    endloop
  endfacet
  facet normal -0 0 -1
    outer loop
      vertex 40.4841 -77.3306 0.4
      vertex 39.6208 -77.7442 0.4
      vertex 40.3865 -77.1792 0.4
    endloop
  endfacet
  facet normal -0 0 -1
    outer loop
      vertex 40.3865 -77.1792 0.4
      vertex 39.6208 -77.7442 0.4
      vertex 40.2752 -77.0465 0.4
    endloop
  endfacet
  facet normal 0 0 -1
    outer loop
      vertex 39.3751 -79.7316 0.4
      vertex 39.9046 -80.4029 0.4
      vertex 39.7509 -80.4532 0.4
    endloop
  endfacet
  facet normal -0 0 -1
    outer loop
      vertex 40.7472 -78.8493 0.4
      vertex 39.7455 -78.9256 0.4
      vertex 39.7609 -78.5982 0.4
    endloop
  endfacet
  facet normal 0 0 -1
    outer loop
      vertex 40.6896 -79.3007 0.4
      vertex 39.6992 -79.2027 0.4
      vertex 39.7455 -78.9256 0.4
    endloop
  endfacet
  facet normal 0 0 -1
    outer loop
      vertex 40.5744 -79.6844 0.4
      vertex 39.622 -79.4293 0.4
      vertex 39.6992 -79.2027 0.4
    endloop
  endfacet
  facet normal 0 0 -1
    outer loop
      vertex 39.3751 -79.7316 0.4
      vertex 39.7509 -80.4532 0.4
      vertex 39.5855 -80.4834 0.4
    endloop
  endfacet
  facet normal 0 0 -1
    outer loop
      vertex 40.2951 -80.1311 0.4
      vertex 39.514 -79.6056 0.4
      vertex 39.622 -79.4293 0.4
    endloop
  endfacet
  facet normal 0 0 -1
    outer loop
      vertex 39.3751 -79.7316 0.4
      vertex 39.5855 -80.4834 0.4
      vertex 39.4083 -80.4935 0.4
    endloop
  endfacet
  facet normal 0 0 -1
    outer loop
      vertex 39.9046 -80.4029 0.4
      vertex 39.3751 -79.7316 0.4
      vertex 39.514 -79.6056 0.4
    endloop
  endfacet
  facet normal 0 0 -1
    outer loop
      vertex 39.4083 -80.4935 0.4
      vertex 39.2054 -79.8071 0.4
      vertex 39.3751 -79.7316 0.4
    endloop
  endfacet
  facet normal 0 0 -1
    outer loop
      vertex 39.1759 -80.4798 0.4
      vertex 39.2054 -79.8071 0.4
      vertex 39.4083 -80.4935 0.4
    endloop
  endfacet
  facet normal 0 0 -1
    outer loop
      vertex 39.1759 -80.4798 0.4
      vertex 39.0048 -79.8323 0.4
      vertex 39.2054 -79.8071 0.4
    endloop
  endfacet
  facet normal 0 0 -1
    outer loop
      vertex 38.9652 -80.4384 0.4
      vertex 39.0048 -79.8323 0.4
      vertex 39.1759 -80.4798 0.4
    endloop
  endfacet
  facet normal 0 0 -1
    outer loop
      vertex 38.776 -80.3696 0.4
      vertex 39.0048 -79.8323 0.4
      vertex 38.9652 -80.4384 0.4
    endloop
  endfacet
  facet normal -0 0 -1
    outer loop
      vertex 39.0048 -79.8323 0.4
      vertex 38.776 -80.3696 0.4
      vertex 38.8999 -79.8255 0.4
    endloop
  endfacet
  facet normal 0 0 -1
    outer loop
      vertex 38.6084 -80.2732 0.4
      vertex 38.8999 -79.8255 0.4
      vertex 38.776 -80.3696 0.4
    endloop
  endfacet
  facet normal -0 0 -1
    outer loop
      vertex 38.8999 -79.8255 0.4
      vertex 38.6084 -80.2732 0.4
      vertex 38.8023 -79.8052 0.4
    endloop
  endfacet
  facet normal 0 0 -1
    outer loop
      vertex 38.4624 -80.1493 0.4
      vertex 38.8023 -79.8052 0.4
      vertex 38.6084 -80.2732 0.4
    endloop
  endfacet
  facet normal -0 0 -1
    outer loop
      vertex 38.8023 -79.8052 0.4
      vertex 38.4624 -80.1493 0.4
      vertex 38.712 -79.7713 0.4
    endloop
  endfacet
  facet normal -0 0 -1
    outer loop
      vertex 38.712 -79.7713 0.4
      vertex 38.4624 -80.1493 0.4
      vertex 38.6289 -79.7238 0.4
    endloop
  endfacet
  facet normal 0 0 -1
    outer loop
      vertex 38.338 -79.9978 0.4
      vertex 38.6289 -79.7238 0.4
      vertex 38.4624 -80.1493 0.4
    endloop
  endfacet
  facet normal -0 0 -1
    outer loop
      vertex 38.6289 -79.7238 0.4
      vertex 38.338 -79.9978 0.4
      vertex 38.5531 -79.6628 0.4
    endloop
  endfacet
  facet normal 0 0 -1
    outer loop
      vertex 38.2351 -79.8188 0.4
      vertex 38.5531 -79.6628 0.4
      vertex 38.338 -79.9978 0.4
    endloop
  endfacet
  facet normal -0 0 -1
    outer loop
      vertex 38.5531 -79.6628 0.4
      vertex 38.2351 -79.8188 0.4
      vertex 38.4846 -79.5882 0.4
    endloop
  endfacet
  facet normal -0 0 -1
    outer loop
      vertex 38.4846 -79.5882 0.4
      vertex 38.2351 -79.8188 0.4
      vertex 38.4233 -79.5 0.4
    endloop
  endfacet
  facet normal 0 0 -1
    outer loop
      vertex 38.2215 -79.8188 0.4
      vertex 38.4233 -79.5 0.4
      vertex 38.2351 -79.8188 0.4
    endloop
  endfacet
  facet normal -0 0 -1
    outer loop
      vertex 38.4233 -79.5 0.4
      vertex 38.2215 -79.8188 0.4
      vertex 38.3698 -79.3997 0.4
    endloop
  endfacet
  facet normal -0 0 -1
    outer loop
      vertex 38.3698 -79.3997 0.4
      vertex 38.2215 -79.8188 0.4
      vertex 38.3245 -79.2886 0.4
    endloop
  endfacet
  facet normal 0 0 -1
    outer loop
      vertex 37.2824 -79.5713 0.4
      vertex 38.3245 -79.2886 0.4
      vertex 38.2215 -79.8188 0.4
    endloop
  endfacet
  facet normal -0 0 -1
    outer loop
      vertex 38.3245 -79.2886 0.4
      vertex 37.2824 -79.5713 0.4
      vertex 38.2874 -79.1667 0.4
    endloop
  endfacet
  facet normal -0 0 -1
    outer loop
      vertex 38.2874 -79.1667 0.4
      vertex 37.2824 -79.5713 0.4
      vertex 38.2586 -79.0339 0.4
    endloop
  endfacet
  facet normal -0 0 -1
    outer loop
      vertex 38.2586 -79.0339 0.4
      vertex 37.2824 -79.5713 0.4
      vertex 38.238 -78.8904 0.4
    endloop
  endfacet
  facet normal -0 0 -1
    outer loop
      vertex 38.238 -78.8904 0.4
      vertex 37.2824 -79.5713 0.4
      vertex 38.2257 -78.7361 0.4
    endloop
  endfacet
  facet normal 0 0 -1
    outer loop
      vertex 37.2824 -79.5713 0.4
      vertex 38.2215 -79.8188 0.4
      vertex 38.2213 -79.8692 0.4
    endloop
  endfacet
  facet normal 0 0 -1
    outer loop
      vertex 39.5118 -77.563 0.4
      vertex 40.2752 -77.0465 0.4
      vertex 39.6208 -77.7442 0.4
    endloop
  endfacet
  facet normal -0 0 -1
    outer loop
      vertex 40.2752 -77.0465 0.4
      vertex 39.5118 -77.563 0.4
      vertex 40.1515 -76.9342 0.4
    endloop
  endfacet
  facet normal -0 0 -1
    outer loop
      vertex 40.1515 -76.9342 0.4
      vertex 39.5118 -77.563 0.4
      vertex 40.0154 -76.8424 0.4
    endloop
  endfacet
  facet normal -0 0 -1
    outer loop
      vertex 40.0154 -76.8424 0.4
      vertex 39.5118 -77.563 0.4
      vertex 39.867 -76.7709 0.4
    endloop
  endfacet
  facet normal 0 0 -1
    outer loop
      vertex 39.3717 -77.4336 0.4
      vertex 39.867 -76.7709 0.4
      vertex 39.5118 -77.563 0.4
    endloop
  endfacet
  facet normal -0 0 -1
    outer loop
      vertex 39.867 -76.7709 0.4
      vertex 39.3717 -77.4336 0.4
      vertex 39.7061 -76.7199 0.4
    endloop
  endfacet
  facet normal -0 0 -1
    outer loop
      vertex 39.7061 -76.7199 0.4
      vertex 39.3717 -77.4336 0.4
      vertex 39.5329 -76.6893 0.4
    endloop
  endfacet
  facet normal 0 0 -1
    outer loop
      vertex 39.2004 -77.356 0.4
      vertex 39.5329 -76.6893 0.4
      vertex 39.3717 -77.4336 0.4
    endloop
  endfacet
  facet normal -0 0 -1
    outer loop
      vertex 39.5329 -76.6893 0.4
      vertex 39.2004 -77.356 0.4
      vertex 39.3473 -76.6791 0.4
    endloop
  endfacet
  facet normal 0 0 -1
    outer loop
      vertex 39.3473 -76.6791 0.4
      vertex 39.2004 -77.356 0.4
      vertex 39.2389 -76.6825 0.4
    endloop
  endfacet
  facet normal 0 0 -1
    outer loop
      vertex 39.2004 -77.356 0.4
      vertex 39.1345 -76.6928 0.4
      vertex 39.2389 -76.6825 0.4
    endloop
  endfacet
  facet normal 0 0 -1
    outer loop
      vertex 39.2004 -77.356 0.4
      vertex 39.0343 -76.7099 0.4
      vertex 39.1345 -76.6928 0.4
    endloop
  endfacet
  facet normal 0 0 -1
    outer loop
      vertex 38.998 -77.3301 0.4
      vertex 39.0343 -76.7099 0.4
      vertex 39.2004 -77.356 0.4
    endloop
  endfacet
  facet normal 0 0 -1
    outer loop
      vertex 38.998 -77.3301 0.4
      vertex 38.9381 -76.7339 0.4
      vertex 39.0343 -76.7099 0.4
    endloop
  endfacet
  facet normal 0 0 -1
    outer loop
      vertex 38.8461 -76.7647 0.4
      vertex 38.998 -77.3301 0.4
      vertex 38.8949 -77.3367 0.4
    endloop
  endfacet
  facet normal 0 0 -1
    outer loop
      vertex 38.998 -77.3301 0.4
      vertex 38.8461 -76.7647 0.4
      vertex 38.9381 -76.7339 0.4
    endloop
  endfacet
  facet normal 0 0 -1
    outer loop
      vertex 38.6742 -76.8469 0.4
      vertex 38.8949 -77.3367 0.4
      vertex 38.7989 -77.3565 0.4
    endloop
  endfacet
  facet normal 0 0 -1
    outer loop
      vertex 38.8949 -77.3367 0.4
      vertex 38.7581 -76.8024 0.4
      vertex 38.8461 -76.7647 0.4
    endloop
  endfacet
  facet normal 0 0 -1
    outer loop
      vertex 38.5214 -76.9548 0.4
      vertex 38.7989 -77.3565 0.4
      vertex 38.7098 -77.3896 0.4
    endloop
  endfacet
  facet normal 0 0 -1
    outer loop
      vertex 38.8949 -77.3367 0.4
      vertex 38.6742 -76.8469 0.4
      vertex 38.7581 -76.8024 0.4
    endloop
  endfacet
  facet normal 0 0 -1
    outer loop
      vertex 38.3905 -77.0869 0.4
      vertex 38.7098 -77.3896 0.4
      vertex 38.6277 -77.4358 0.4
    endloop
  endfacet
  facet normal 0 0 -1
    outer loop
      vertex 38.7989 -77.3565 0.4
      vertex 38.5951 -76.8978 0.4
      vertex 38.6742 -76.8469 0.4
    endloop
  endfacet
  facet normal 0 0 -1
    outer loop
      vertex 38.2815 -77.243 0.4
      vertex 38.6277 -77.4358 0.4
      vertex 38.5526 -77.4953 0.4
    endloop
  endfacet
  facet normal 0 0 -1
    outer loop
      vertex 38.7989 -77.3565 0.4
      vertex 38.5214 -76.9548 0.4
      vertex 38.5951 -76.8978 0.4
    endloop
  endfacet
  facet normal 0 0 -1
    outer loop
      vertex 38.2351 -77.3301 0.4
      vertex 38.5526 -77.4953 0.4
      vertex 38.4844 -77.568 0.4
    endloop
  endfacet
  facet normal 0 0 -1
    outer loop
      vertex 38.7098 -77.3896 0.4
      vertex 38.4532 -77.0179 0.4
      vertex 38.5214 -76.9548 0.4
    endloop
  endfacet
  facet normal 0 0 -1
    outer loop
      vertex 38.2351 -77.3301 0.4
      vertex 38.4844 -77.568 0.4
      vertex 38.4233 -77.6539 0.4
    endloop
  endfacet
  facet normal 0 0 -1
    outer loop
      vertex 38.7098 -77.3896 0.4
      vertex 38.3905 -77.0869 0.4
      vertex 38.4532 -77.0179 0.4
    endloop
  endfacet
  facet normal 0 0 -1
    outer loop
      vertex 38.2148 -77.3301 0.4
      vertex 38.4233 -77.6539 0.4
      vertex 38.3698 -77.7519 0.4
    endloop
  endfacet
  facet normal 0 0 -1
    outer loop
      vertex 38.6277 -77.4358 0.4
      vertex 38.3333 -77.1619 0.4
      vertex 38.3905 -77.0869 0.4
    endloop
  endfacet
  facet normal 0 0 -1
    outer loop
      vertex 38.2148 -77.3301 0.4
      vertex 38.3698 -77.7519 0.4
      vertex 38.3245 -77.8609 0.4
    endloop
  endfacet
  facet normal 0 0 -1
    outer loop
      vertex 38.2148 -77.3301 0.4
      vertex 38.3245 -77.8609 0.4
      vertex 38.2874 -77.9809 0.4
    endloop
  endfacet
  facet normal 0 0 -1
    outer loop
      vertex 38.6277 -77.4358 0.4
      vertex 38.2815 -77.243 0.4
      vertex 38.3333 -77.1619 0.4
    endloop
  endfacet
  facet normal 0 0 -1
    outer loop
      vertex 38.2148 -77.3301 0.4
      vertex 38.2874 -77.9809 0.4
      vertex 38.2586 -78.112 0.4
    endloop
  endfacet
  facet normal 0 0 -1
    outer loop
      vertex 38.2148 -77.3301 0.4
      vertex 38.2586 -78.112 0.4
      vertex 38.238 -78.254 0.4
    endloop
  endfacet
  facet normal 0 0 -1
    outer loop
      vertex 38.5526 -77.4953 0.4
      vertex 38.2351 -77.3301 0.4
      vertex 38.2815 -77.243 0.4
    endloop
  endfacet
  facet normal 0 0 -1
    outer loop
      vertex 38.2148 -77.3301 0.4
      vertex 38.238 -78.254 0.4
      vertex 38.2257 -78.407 0.4
    endloop
  endfacet
  facet normal 0 0 -1
    outer loop
      vertex 38.2148 -77.3301 0.4
      vertex 38.2257 -78.407 0.4
      vertex 38.2215 -78.571 0.4
    endloop
  endfacet
  facet normal 0 0 -1
    outer loop
      vertex 37.2824 -79.5713 0.4
      vertex 38.2213 -79.8692 0.4
      vertex 38.2206 -79.9198 0.4
    endloop
  endfacet
  facet normal 0 0 -1
    outer loop
      vertex 37.2824 -79.5713 0.4
      vertex 38.2206 -79.9198 0.4
      vertex 38.2194 -79.9705 0.4
    endloop
  endfacet
  facet normal 0 0 -1
    outer loop
      vertex 37.2824 -79.5713 0.4
      vertex 38.2194 -79.9705 0.4
      vertex 38.2177 -80.0214 0.4
    endloop
  endfacet
  facet normal 0 0 -1
    outer loop
      vertex 37.2824 -79.5713 0.4
      vertex 38.2177 -80.0214 0.4
      vertex 38.2155 -80.0724 0.4
    endloop
  endfacet
  facet normal 0 0 -1
    outer loop
      vertex 38.4233 -77.6539 0.4
      vertex 38.2148 -77.3301 0.4
      vertex 38.2351 -77.3301 0.4
    endloop
  endfacet
  facet normal 0 0 -1
    outer loop
      vertex 37.2824 -79.5713 0.4
      vertex 38.2155 -80.0724 0.4
      vertex 38.2128 -80.1235 0.4
    endloop
  endfacet
  facet normal 0 0 -1
    outer loop
      vertex 37.2824 -79.5713 0.4
      vertex 38.2128 -80.1235 0.4
      vertex 38.2097 -80.1748 0.4
    endloop
  endfacet
  facet normal 0 0 -1
    outer loop
      vertex 32.178 -79.6865 0.4
      vertex 31.2521 -79.6771 0.4
      vertex 31.2523 -79.595 0.4
    endloop
  endfacet
  facet normal 0 0 -1
    outer loop
      vertex 32.1369 -80.3927 0.4
      vertex 31.2516 -79.7548 0.4
      vertex 31.2521 -79.6771 0.4
    endloop
  endfacet
  facet normal 0 0 -1
    outer loop
      vertex 32.1369 -80.3927 0.4
      vertex 31.2508 -79.8282 0.4
      vertex 31.2516 -79.7548 0.4
    endloop
  endfacet
  facet normal 0 0 -1
    outer loop
      vertex 32.1369 -80.3927 0.4
      vertex 31.2495 -79.8972 0.4
      vertex 31.2508 -79.8282 0.4
    endloop
  endfacet
  facet normal 0 0 -1
    outer loop
      vertex 32.1369 -80.3927 0.4
      vertex 31.248 -79.9619 0.4
      vertex 31.2495 -79.8972 0.4
    endloop
  endfacet
  facet normal 0 0 -1
    outer loop
      vertex 32.1369 -80.3927 0.4
      vertex 31.2461 -80.0222 0.4
      vertex 31.248 -79.9619 0.4
    endloop
  endfacet
  facet normal 0 0 -1
    outer loop
      vertex 32.1369 -80.3927 0.4
      vertex 31.2438 -80.0781 0.4
      vertex 31.2461 -80.0222 0.4
    endloop
  endfacet
  facet normal 0 0 -1
    outer loop
      vertex 32.1369 -80.3927 0.4
      vertex 31.2414 -80.1311 0.4
      vertex 31.2438 -80.0781 0.4
    endloop
  endfacet
  facet normal 0 0 -1
    outer loop
      vertex 32.1369 -80.3927 0.4
      vertex 31.2389 -80.1825 0.4
      vertex 31.2414 -80.1311 0.4
    endloop
  endfacet
  facet normal 0 0 -1
    outer loop
      vertex 32.1369 -80.3927 0.4
      vertex 31.2363 -80.2323 0.4
      vertex 31.2389 -80.1825 0.4
    endloop
  endfacet
  facet normal 0 0 -1
    outer loop
      vertex 32.1369 -80.3927 0.4
      vertex 31.2336 -80.2805 0.4
      vertex 31.2363 -80.2323 0.4
    endloop
  endfacet
  facet normal 0 0 -1
    outer loop
      vertex 32.1369 -80.3927 0.4
      vertex 31.2309 -80.3271 0.4
      vertex 31.2336 -80.2805 0.4
    endloop
  endfacet
  facet normal 0 0 -1
    outer loop
      vertex 32.1339 -80.4155 0.4
      vertex 31.2281 -80.3721 0.4
      vertex 31.2309 -80.3271 0.4
    endloop
  endfacet
  facet normal 0 -0 -1
    outer loop
      vertex 31.2281 -80.3721 0.4
      vertex 32.1339 -80.4155 0.4
      vertex 31.2252 -80.4155 0.4
    endloop
  endfacet
  facet normal -0 0 -1
    outer loop
      vertex 34.3663 -78.889 0.4
      vertex 33.4008 -79.0613 0.4
      vertex 33.4122 -78.805 0.4
    endloop
  endfacet
  facet normal 0 0 -1
    outer loop
      vertex 33.6861 -80.4214 0.4
      vertex 33.3668 -79.2783 0.4
      vertex 33.4008 -79.0613 0.4
    endloop
  endfacet
  facet normal 0 0 -1
    outer loop
      vertex 33.6861 -80.4214 0.4
      vertex 33.31 -79.4558 0.4
      vertex 33.3668 -79.2783 0.4
    endloop
  endfacet
  facet normal 0 0 -1
    outer loop
      vertex 33.1285 -79.6924 0.4
      vertex 33.4863 -80.4704 0.4
      vertex 33.2596 -80.4867 0.4
    endloop
  endfacet
  facet normal 0 0 -1
    outer loop
      vertex 33.6861 -80.4214 0.4
      vertex 33.2306 -79.5938 0.4
      vertex 33.31 -79.4558 0.4
    endloop
  endfacet
  facet normal 0 0 -1
    outer loop
      vertex 33.0036 -79.7516 0.4
      vertex 33.2596 -80.4867 0.4
      vertex 33.1571 -80.4828 0.4
    endloop
  endfacet
  facet normal 0 0 -1
    outer loop
      vertex 33.6861 -80.4214 0.4
      vertex 33.1285 -79.6924 0.4
      vertex 33.2306 -79.5938 0.4
    endloop
  endfacet
  facet normal 0 0 -1
    outer loop
      vertex 33.0036 -79.7516 0.4
      vertex 33.1571 -80.4828 0.4
      vertex 33.0588 -80.4712 0.4
    endloop
  endfacet
  facet normal 0 0 -1
    outer loop
      vertex 33.2596 -80.4867 0.4
      vertex 33.0036 -79.7516 0.4
      vertex 33.1285 -79.6924 0.4
    endloop
  endfacet
  facet normal 0 0 -1
    outer loop
      vertex 32.9647 -80.4518 0.4
      vertex 33.0036 -79.7516 0.4
      vertex 33.0588 -80.4712 0.4
    endloop
  endfacet
  facet normal 0 0 -1
    outer loop
      vertex 32.8748 -80.4247 0.4
      vertex 33.0036 -79.7516 0.4
      vertex 32.9647 -80.4518 0.4
    endloop
  endfacet
  facet normal 0 0 -1
    outer loop
      vertex 32.8748 -80.4247 0.4
      vertex 32.8561 -79.7713 0.4
      vertex 33.0036 -79.7516 0.4
    endloop
  endfacet
  facet normal 0 0 -1
    outer loop
      vertex 32.7892 -80.3898 0.4
      vertex 32.8561 -79.7713 0.4
      vertex 32.8748 -80.4247 0.4
    endloop
  endfacet
  facet normal 0 0 -1
    outer loop
      vertex 32.7078 -80.3472 0.4
      vertex 32.8561 -79.7713 0.4
      vertex 32.7892 -80.3898 0.4
    endloop
  endfacet
  facet normal 0 0 -1
    outer loop
      vertex 32.6306 -80.2968 0.4
      vertex 32.8561 -79.7713 0.4
      vertex 32.7078 -80.3472 0.4
    endloop
  endfacet
  facet normal -0 0 -1
    outer loop
      vertex 32.8561 -79.7713 0.4
      vertex 32.6306 -80.2968 0.4
      vertex 32.7759 -79.7653 0.4
    endloop
  endfacet
  facet normal 0 0 -1
    outer loop
      vertex 32.5573 -80.2379 0.4
      vertex 32.7759 -79.7653 0.4
      vertex 32.6306 -80.2968 0.4
    endloop
  endfacet
  facet normal 0 0 -1
    outer loop
      vertex 32.4875 -80.1695 0.4
      vertex 32.7759 -79.7653 0.4
      vertex 32.5573 -80.2379 0.4
    endloop
  endfacet
  facet normal -0 0 -1
    outer loop
      vertex 32.7759 -79.7653 0.4
      vertex 32.4875 -80.1695 0.4
      vertex 32.7001 -79.7472 0.4
    endloop
  endfacet
  facet normal 0 0 -1
    outer loop
      vertex 32.4213 -80.0917 0.4
      vertex 32.7001 -79.7472 0.4
      vertex 32.4875 -80.1695 0.4
    endloop
  endfacet
  facet normal -0 0 -1
    outer loop
      vertex 32.7001 -79.7472 0.4
      vertex 32.4213 -80.0917 0.4
      vertex 32.6287 -79.7171 0.4
    endloop
  endfacet
  facet normal 0 0 -1
    outer loop
      vertex 32.3585 -80.0045 0.4
      vertex 32.6287 -79.7171 0.4
      vertex 32.4213 -80.0917 0.4
    endloop
  endfacet
  facet normal -0 0 -1
    outer loop
      vertex 32.6287 -79.7171 0.4
      vertex 32.3585 -80.0045 0.4
      vertex 32.5616 -79.675 0.4
    endloop
  endfacet
  facet normal 0 0 -1
    outer loop
      vertex 32.2993 -79.9079 0.4
      vertex 32.5616 -79.675 0.4
      vertex 32.3585 -80.0045 0.4
    endloop
  endfacet
  facet normal -0 0 -1
    outer loop
      vertex 32.5616 -79.675 0.4
      vertex 32.2993 -79.9079 0.4
      vertex 32.4988 -79.6208 0.4
    endloop
  endfacet
  facet normal 0 0 -1
    outer loop
      vertex 32.2437 -79.8019 0.4
      vertex 32.4988 -79.6208 0.4
      vertex 32.2993 -79.9079 0.4
    endloop
  endfacet
  facet normal -0 0 -1
    outer loop
      vertex 32.4988 -79.6208 0.4
      vertex 32.2437 -79.8019 0.4
      vertex 32.4405 -79.5546 0.4
    endloop
  endfacet
  facet normal 0 0 -1
    outer loop
      vertex 32.1915 -79.6865 0.4
      vertex 32.4405 -79.5546 0.4
      vertex 32.2437 -79.8019 0.4
    endloop
  endfacet
  facet normal -0 0 -1
    outer loop
      vertex 32.4405 -79.5546 0.4
      vertex 32.1915 -79.6865 0.4
      vertex 32.3865 -79.4763 0.4
    endloop
  endfacet
  facet normal -0 0 -1
    outer loop
      vertex 32.3865 -79.4763 0.4
      vertex 32.1915 -79.6865 0.4
      vertex 32.3384 -79.3885 0.4
    endloop
  endfacet
  facet normal 0 0 -1
    outer loop
      vertex 32.178 -79.6865 0.4
      vertex 32.3384 -79.3885 0.4
      vertex 32.1915 -79.6865 0.4
    endloop
  endfacet
  facet normal -0 0 -1
    outer loop
      vertex 32.3384 -79.3885 0.4
      vertex 32.178 -79.6865 0.4
      vertex 32.2976 -79.2936 0.4
    endloop
  endfacet
  facet normal -0 0 -1
    outer loop
      vertex 32.2976 -79.2936 0.4
      vertex 32.178 -79.6865 0.4
      vertex 32.2643 -79.1917 0.4
    endloop
  endfacet
  facet normal 0 0 -1
    outer loop
      vertex 31.2523 -79.595 0.4
      vertex 32.2643 -79.1917 0.4
      vertex 32.178 -79.6865 0.4
    endloop
  endfacet
  facet normal -0 0 -1
    outer loop
      vertex 32.2643 -79.1917 0.4
      vertex 31.2523 -79.595 0.4
      vertex 32.2384 -79.0827 0.4
    endloop
  endfacet
  facet normal -0 0 -1
    outer loop
      vertex 32.2384 -79.0827 0.4
      vertex 31.2523 -79.595 0.4
      vertex 32.2199 -78.9667 0.4
    endloop
  endfacet
  facet normal -0 0 -1
    outer loop
      vertex 32.2199 -78.9667 0.4
      vertex 31.2523 -79.595 0.4
      vertex 32.2088 -78.8436 0.4
    endloop
  endfacet
  facet normal -0 0 -1
    outer loop
      vertex 32.2088 -78.8436 0.4
      vertex 31.2523 -79.595 0.4
      vertex 32.2051 -78.7134 0.4
    endloop
  endfacet
  facet normal 0 0 -1
    outer loop
      vertex 31.2521 -79.6771 0.4
      vertex 32.178 -79.6865 0.4
      vertex 32.1776 -79.7201 0.4
    endloop
  endfacet
  facet normal 0 0 -1
    outer loop
      vertex 31.2521 -79.6771 0.4
      vertex 32.1776 -79.7201 0.4
      vertex 32.1766 -79.7608 0.4
    endloop
  endfacet
  facet normal 0 0 -1
    outer loop
      vertex 31.2521 -79.6771 0.4
      vertex 32.1766 -79.7608 0.4
      vertex 32.1749 -79.8087 0.4
    endloop
  endfacet
  facet normal 0 0 -1
    outer loop
      vertex 31.2521 -79.6771 0.4
      vertex 32.1749 -79.8087 0.4
      vertex 32.1724 -79.8637 0.4
    endloop
  endfacet
  facet normal 0 0 -1
    outer loop
      vertex 31.2521 -79.6771 0.4
      vertex 32.1724 -79.8637 0.4
      vertex 32.1693 -79.9258 0.4
    endloop
  endfacet
  facet normal 0 0 -1
    outer loop
      vertex 31.2521 -79.6771 0.4
      vertex 32.1693 -79.9258 0.4
      vertex 32.1655 -79.995 0.4
    endloop
  endfacet
  facet normal 0 0 -1
    outer loop
      vertex 31.2521 -79.6771 0.4
      vertex 32.1655 -79.995 0.4
      vertex 32.161 -80.0714 0.4
    endloop
  endfacet
  facet normal 0 0 -1
    outer loop
      vertex 31.2521 -79.6771 0.4
      vertex 32.161 -80.0714 0.4
      vertex 32.1563 -80.1469 0.4
    endloop
  endfacet
  facet normal 0 0 -1
    outer loop
      vertex 31.2521 -79.6771 0.4
      vertex 32.1563 -80.1469 0.4
      vertex 32.1519 -80.2136 0.4
    endloop
  endfacet
  facet normal 0 0 -1
    outer loop
      vertex 31.2521 -79.6771 0.4
      vertex 32.1519 -80.2136 0.4
      vertex 32.1477 -80.2716 0.4
    endloop
  endfacet
  facet normal 0 0 -1
    outer loop
      vertex 31.2521 -79.6771 0.4
      vertex 32.1477 -80.2716 0.4
      vertex 32.1439 -80.3208 0.4
    endloop
  endfacet
  facet normal 0 0 -1
    outer loop
      vertex 31.2521 -79.6771 0.4
      vertex 32.1439 -80.3208 0.4
      vertex 32.1403 -80.3611 0.4
    endloop
  endfacet
  facet normal 0 0 -1
    outer loop
      vertex 31.2521 -79.6771 0.4
      vertex 32.1403 -80.3611 0.4
      vertex 32.1369 -80.3927 0.4
    endloop
  endfacet
  facet normal 0 0 -1
    outer loop
      vertex 31.2309 -80.3271 0.4
      vertex 32.1369 -80.3927 0.4
      vertex 32.1339 -80.4155 0.4
    endloop
  endfacet
  facet normal 0 0 -1
    outer loop
      vertex 31.2523 -76.7469 0.4
      vertex 32.2051 -78.7134 0.4
      vertex 31.2523 -79.595 0.4
    endloop
  endfacet
  facet normal 0 0 -1
    outer loop
      vertex 32.2051 -78.7134 0.4
      vertex 31.2523 -76.7469 0.4
      vertex 32.2051 -76.7469 0.4
    endloop
  endfacet
  facet normal 0 0 -1
    outer loop
      vertex 35.2815 -79.6924 0.4
      vertex 35.698 -80.457 0.4
      vertex 35.5605 -80.4793 0.4
    endloop
  endfacet
  facet normal 0 0 -1
    outer loop
      vertex 35.698 -80.457 0.4
      vertex 35.5539 -79.0613 0.4
      vertex 35.5652 -78.805 0.4
    endloop
  endfacet
  facet normal 0 0 -1
    outer loop
      vertex 35.698 -80.457 0.4
      vertex 35.5198 -79.2783 0.4
      vertex 35.5539 -79.0613 0.4
    endloop
  endfacet
  facet normal 0 0 -1
    outer loop
      vertex 35.698 -80.457 0.4
      vertex 35.4631 -79.4558 0.4
      vertex 35.5198 -79.2783 0.4
    endloop
  endfacet
  facet normal 0 0 -1
    outer loop
      vertex 35.2815 -79.6924 0.4
      vertex 35.5605 -80.4793 0.4
      vertex 35.4126 -80.4867 0.4
    endloop
  endfacet
  facet normal 0 0 -1
    outer loop
      vertex 35.698 -80.457 0.4
      vertex 35.3836 -79.5938 0.4
      vertex 35.4631 -79.4558 0.4
    endloop
  endfacet
  facet normal 0 0 -1
    outer loop
      vertex 35.1567 -79.7516 0.4
      vertex 35.4126 -80.4867 0.4
      vertex 35.3002 -80.4829 0.4
    endloop
  endfacet
  facet normal 0 0 -1
    outer loop
      vertex 35.698 -80.457 0.4
      vertex 35.2815 -79.6924 0.4
      vertex 35.3836 -79.5938 0.4
    endloop
  endfacet
  facet normal 0 0 -1
    outer loop
      vertex 35.1567 -79.7516 0.4
      vertex 35.3002 -80.4829 0.4
      vertex 35.1937 -80.4715 0.4
    endloop
  endfacet
  facet normal 0 0 -1
    outer loop
      vertex 35.4126 -80.4867 0.4
      vertex 35.1567 -79.7516 0.4
      vertex 35.2815 -79.6924 0.4
    endloop
  endfacet
  facet normal 0 0 -1
    outer loop
      vertex 35.0929 -80.4525 0.4
      vertex 35.1567 -79.7516 0.4
      vertex 35.1937 -80.4715 0.4
    endloop
  endfacet
  facet normal 0 0 -1
    outer loop
      vertex 34.998 -80.4258 0.4
      vertex 35.1567 -79.7516 0.4
      vertex 35.0929 -80.4525 0.4
    endloop
  endfacet
  facet normal 0 0 -1
    outer loop
      vertex 35.1567 -79.7516 0.4
      vertex 34.998 -80.4258 0.4
      vertex 35.0091 -79.7713 0.4
    endloop
  endfacet
  facet normal 0 0 -1
    outer loop
      vertex 34.9089 -80.3916 0.4
      vertex 35.0091 -79.7713 0.4
      vertex 34.998 -80.4258 0.4
    endloop
  endfacet
  facet normal 0 0 -1
    outer loop
      vertex 34.8255 -80.3497 0.4
      vertex 35.0091 -79.7713 0.4
      vertex 34.9089 -80.3916 0.4
    endloop
  endfacet
  facet normal -0 0 -1
    outer loop
      vertex 35.0091 -79.7713 0.4
      vertex 34.8255 -80.3497 0.4
      vertex 34.9317 -79.7658 0.4
    endloop
  endfacet
  facet normal 0 0 -1
    outer loop
      vertex 34.748 -80.3002 0.4
      vertex 34.9317 -79.7658 0.4
      vertex 34.8255 -80.3497 0.4
    endloop
  endfacet
  facet normal 0 0 -1
    outer loop
      vertex 34.675 -80.242 0.4
      vertex 34.9317 -79.7658 0.4
      vertex 34.748 -80.3002 0.4
    endloop
  endfacet
  facet normal -0 0 -1
    outer loop
      vertex 34.9317 -79.7658 0.4
      vertex 34.675 -80.242 0.4
      vertex 34.8584 -79.7493 0.4
    endloop
  endfacet
  facet normal 0 0 -1
    outer loop
      vertex 34.6049 -80.174 0.4
      vertex 34.8584 -79.7493 0.4
      vertex 34.675 -80.242 0.4
    endloop
  endfacet
  facet normal 0 0 -1
    outer loop
      vertex 34.538 -80.0962 0.4
      vertex 34.8584 -79.7493 0.4
      vertex 34.6049 -80.174 0.4
    endloop
  endfacet
  facet normal -0 0 -1
    outer loop
      vertex 34.8584 -79.7493 0.4
      vertex 34.538 -80.0962 0.4
      vertex 34.7892 -79.7218 0.4
    endloop
  endfacet
  facet normal 0 0 -1
    outer loop
      vertex 34.474 -80.0085 0.4
      vertex 34.7892 -79.7218 0.4
      vertex 34.538 -80.0962 0.4
    endloop
  endfacet
  facet normal -0 0 -1
    outer loop
      vertex 34.7892 -79.7218 0.4
      vertex 34.474 -80.0085 0.4
      vertex 34.7241 -79.6833 0.4
    endloop
  endfacet
  facet normal 0 0 -1
    outer loop
      vertex 34.4132 -79.911 0.4
      vertex 34.7241 -79.6833 0.4
      vertex 34.474 -80.0085 0.4
    endloop
  endfacet
  facet normal -0 0 -1
    outer loop
      vertex 34.7241 -79.6833 0.4
      vertex 34.4132 -79.911 0.4
      vertex 34.663 -79.6338 0.4
    endloop
  endfacet
  facet normal 0 0 -1
    outer loop
      vertex 34.3553 -79.8037 0.4
      vertex 34.663 -79.6338 0.4
      vertex 34.4132 -79.911 0.4
    endloop
  endfacet
  facet normal -0 0 -1
    outer loop
      vertex 34.663 -79.6338 0.4
      vertex 34.3553 -79.8037 0.4
      vertex 34.606 -79.5733 0.4
    endloop
  endfacet
  facet normal 0 0 -1
    outer loop
      vertex 34.3005 -79.6865 0.4
      vertex 34.606 -79.5733 0.4
      vertex 34.3553 -79.8037 0.4
    endloop
  endfacet
  facet normal -0 0 -1
    outer loop
      vertex 34.606 -79.5733 0.4
      vertex 34.3005 -79.6865 0.4
      vertex 34.5531 -79.5018 0.4
    endloop
  endfacet
  facet normal -0 0 -1
    outer loop
      vertex 34.5531 -79.5018 0.4
      vertex 34.3005 -79.6865 0.4
      vertex 34.5055 -79.4206 0.4
    endloop
  endfacet
  facet normal -0 0 -1
    outer loop
      vertex 34.5055 -79.4206 0.4
      vertex 34.3005 -79.6865 0.4
      vertex 34.4645 -79.331 0.4
    endloop
  endfacet
  facet normal 0 0 -1
    outer loop
      vertex 34.2802 -79.6865 0.4
      vertex 34.4645 -79.331 0.4
      vertex 34.3005 -79.6865 0.4
    endloop
  endfacet
  facet normal -0 0 -1
    outer loop
      vertex 34.4645 -79.331 0.4
      vertex 34.2802 -79.6865 0.4
      vertex 34.4301 -79.233 0.4
    endloop
  endfacet
  facet normal -0 0 -1
    outer loop
      vertex 34.4301 -79.233 0.4
      vertex 34.2802 -79.6865 0.4
      vertex 34.4023 -79.1267 0.4
    endloop
  endfacet
  facet normal 0 0 -1
    outer loop
      vertex 33.4008 -79.0613 0.4
      vertex 34.4023 -79.1267 0.4
      vertex 34.2802 -79.6865 0.4
    endloop
  endfacet
  facet normal 0 0 -1
    outer loop
      vertex 33.4008 -79.0613 0.4
      vertex 34.381 -79.012 0.4
      vertex 34.4023 -79.1267 0.4
    endloop
  endfacet
  facet normal 0 0 -1
    outer loop
      vertex 33.4008 -79.0613 0.4
      vertex 34.3663 -78.889 0.4
      vertex 34.381 -79.012 0.4
    endloop
  endfacet
  facet normal 0 0 -1
    outer loop
      vertex 34.3663 -78.889 0.4
      vertex 33.4122 -78.805 0.4
      vertex 34.3581 -78.7575 0.4
    endloop
  endfacet
  facet normal 0 0 -1
    outer loop
      vertex 33.4008 -79.0613 0.4
      vertex 34.2802 -79.6865 0.4
      vertex 34.2153 -79.8988 0.4
    endloop
  endfacet
  facet normal 0 0 -1
    outer loop
      vertex 33.4008 -79.0613 0.4
      vertex 34.2153 -79.8988 0.4
      vertex 34.1235 -80.0784 0.4
    endloop
  endfacet
  facet normal 0 0 -1
    outer loop
      vertex 33.4008 -79.0613 0.4
      vertex 34.1235 -80.0784 0.4
      vertex 34.0047 -80.2254 0.4
    endloop
  endfacet
  facet normal 0 0 -1
    outer loop
      vertex 33.4008 -79.0613 0.4
      vertex 34.0047 -80.2254 0.4
      vertex 33.8589 -80.3397 0.4
    endloop
  endfacet
  facet normal 0 0 -1
    outer loop
      vertex 33.4008 -79.0613 0.4
      vertex 33.8589 -80.3397 0.4
      vertex 33.6861 -80.4214 0.4
    endloop
  endfacet
  facet normal 0 0 -1
    outer loop
      vertex 33.1285 -79.6924 0.4
      vertex 33.6861 -80.4214 0.4
      vertex 33.4863 -80.4704 0.4
    endloop
  endfacet
  facet normal 0 0 -1
    outer loop
      vertex 33.4122 -76.7469 0.4
      vertex 34.3581 -78.7575 0.4
      vertex 33.4122 -78.805 0.4
    endloop
  endfacet
  facet normal 0 0 -1
    outer loop
      vertex 34.3581 -78.7575 0.4
      vertex 33.4122 -76.7469 0.4
      vertex 34.3581 -76.7469 0.4
    endloop
  endfacet
  facet normal 0 0 -1
    outer loop
      vertex 35.5652 -78.805 0.4
      vertex 36.5112 -79.0762 0.4
      vertex 36.5054 -79.2645 0.4
    endloop
  endfacet
  facet normal 0 0 -1
    outer loop
      vertex 35.5652 -78.805 0.4
      vertex 36.5054 -79.2645 0.4
      vertex 36.4882 -79.4398 0.4
    endloop
  endfacet
  facet normal 0 0 -1
    outer loop
      vertex 35.5652 -78.805 0.4
      vertex 36.4882 -79.4398 0.4
      vertex 36.4595 -79.6022 0.4
    endloop
  endfacet
  facet normal 0 0 -1
    outer loop
      vertex 35.5652 -78.805 0.4
      vertex 36.4595 -79.6022 0.4
      vertex 36.4193 -79.7516 0.4
    endloop
  endfacet
  facet normal 0 0 -1
    outer loop
      vertex 35.5652 -78.805 0.4
      vertex 36.4193 -79.7516 0.4
      vertex 36.3676 -79.8881 0.4
    endloop
  endfacet
  facet normal 0 0 -1
    outer loop
      vertex 35.5652 -78.805 0.4
      vertex 36.3676 -79.8881 0.4
      vertex 36.3044 -80.0116 0.4
    endloop
  endfacet
  facet normal 0 0 -1
    outer loop
      vertex 35.5652 -78.805 0.4
      vertex 36.3044 -80.0116 0.4
      vertex 36.2298 -80.1222 0.4
    endloop
  endfacet
  facet normal 0 0 -1
    outer loop
      vertex 35.5652 -78.805 0.4
      vertex 36.2298 -80.1222 0.4
      vertex 36.1442 -80.2189 0.4
    endloop
  endfacet
  facet normal 0 0 -1
    outer loop
      vertex 35.5652 -78.805 0.4
      vertex 36.1442 -80.2189 0.4
      vertex 36.0482 -80.3008 0.4
    endloop
  endfacet
  facet normal 0 0 -1
    outer loop
      vertex 35.5652 -78.805 0.4
      vertex 36.0482 -80.3008 0.4
      vertex 35.9419 -80.3677 0.4
    endloop
  endfacet
  facet normal 0 0 -1
    outer loop
      vertex 35.5652 -78.805 0.4
      vertex 35.9419 -80.3677 0.4
      vertex 35.8251 -80.4198 0.4
    endloop
  endfacet
  facet normal 0 0 -1
    outer loop
      vertex 35.5652 -78.805 0.4
      vertex 35.8251 -80.4198 0.4
      vertex 35.698 -80.457 0.4
    endloop
  endfacet
  facet normal 0 0 -1
    outer loop
      vertex 36.5112 -79.0762 0.4
      vertex 35.5652 -78.805 0.4
      vertex 36.5112 -76.7469 0.4
    endloop
  endfacet
  facet normal -0 0 -1
    outer loop
      vertex 36.5112 -76.7469 0.4
      vertex 35.5652 -78.805 0.4
      vertex 35.5652 -76.7469 0.4
    endloop
  endfacet
  facet normal 0 0 -1
    outer loop
      vertex 29.5942 -78.7642 0.4
      vertex 30.5953 -78.5846 0.4
      vertex 30.5857 -78.8383 0.4
    endloop
  endfacet
  facet normal 0 0 -1
    outer loop
      vertex 29.5811 -78.9292 0.4
      vertex 30.5857 -78.8383 0.4
      vertex 30.5567 -79.0746 0.4
    endloop
  endfacet
  facet normal 0 0 -1
    outer loop
      vertex 30.5953 -78.5846 0.4
      vertex 29.5985 -78.5846 0.4
      vertex 30.5852 -78.3377 0.4
    endloop
  endfacet
  facet normal 0 0 -1
    outer loop
      vertex 29.5811 -78.9292 0.4
      vertex 30.5567 -79.0746 0.4
      vertex 30.5085 -79.2934 0.4
    endloop
  endfacet
  facet normal 0 0 -1
    outer loop
      vertex 29.5806 -78.2518 0.4
      vertex 30.5852 -78.3377 0.4
      vertex 29.5985 -78.5846 0.4
    endloop
  endfacet
  facet normal 0 0 -1
    outer loop
      vertex 29.5593 -79.0795 0.4
      vertex 30.5085 -79.2934 0.4
      vertex 30.4409 -79.4947 0.4
    endloop
  endfacet
  facet normal 0 0 -1
    outer loop
      vertex 30.5852 -78.3377 0.4
      vertex 29.5806 -78.2518 0.4
      vertex 30.5549 -78.1064 0.4
    endloop
  endfacet
  facet normal 0 0 -1
    outer loop
      vertex 29.5288 -79.2151 0.4
      vertex 30.4409 -79.4947 0.4
      vertex 30.354 -79.6784 0.4
    endloop
  endfacet
  facet normal -0 0 -1
    outer loop
      vertex 30.5549 -78.1064 0.4
      vertex 29.5806 -78.2518 0.4
      vertex 30.5044 -77.8909 0.4
    endloop
  endfacet
  facet normal 0 0 -1
    outer loop
      vertex 29.4895 -79.3361 0.4
      vertex 30.354 -79.6784 0.4
      vertex 30.2478 -79.8446 0.4
    endloop
  endfacet
  facet normal 0 0 -1
    outer loop
      vertex 29.5268 -77.9701 0.4
      vertex 30.5044 -77.8909 0.4
      vertex 29.5806 -78.2518 0.4
    endloop
  endfacet
  facet normal 0 0 -1
    outer loop
      vertex 29.4416 -79.4424 0.4
      vertex 30.2478 -79.8446 0.4
      vertex 30.1223 -79.9934 0.4
    endloop
  endfacet
  facet normal -0 0 -1
    outer loop
      vertex 30.5044 -77.8909 0.4
      vertex 29.5268 -77.9701 0.4
      vertex 30.4337 -77.6911 0.4
    endloop
  endfacet
  facet normal 0 0 -1
    outer loop
      vertex 29.3849 -79.534 0.4
      vertex 30.1223 -79.9934 0.4
      vertex 29.9785 -80.1234 0.4
    endloop
  endfacet
  facet normal -0 0 -1
    outer loop
      vertex 30.4337 -77.6911 0.4
      vertex 29.5268 -77.9701 0.4
      vertex 30.3428 -77.507 0.4
    endloop
  endfacet
  facet normal 0 0 -1
    outer loop
      vertex 29.3199 -79.6122 0.4
      vertex 29.9785 -80.1234 0.4
      vertex 29.8173 -80.2333 0.4
    endloop
  endfacet
  facet normal 0 0 -1
    outer loop
      vertex 29.4372 -77.7397 0.4
      vertex 30.3428 -77.507 0.4
      vertex 29.5268 -77.9701 0.4
    endloop
  endfacet
  facet normal 0 0 -1
    outer loop
      vertex 29.3199 -79.6122 0.4
      vertex 29.8173 -80.2333 0.4
      vertex 29.6388 -80.3233 0.4
    endloop
  endfacet
  facet normal -0 0 -1
    outer loop
      vertex 30.5953 -78.5846 0.4
      vertex 29.5942 -78.7642 0.4
      vertex 29.5985 -78.5846 0.4
    endloop
  endfacet
  facet normal -0 0 -1
    outer loop
      vertex 30.2316 -77.3387 0.4
      vertex 29.4372 -77.7397 0.4
      vertex 30.1003 -77.186 0.4
    endloop
  endfacet
  facet normal -0 0 -1
    outer loop
      vertex 30.3428 -77.507 0.4
      vertex 29.4372 -77.7397 0.4
      vertex 30.2316 -77.3387 0.4
    endloop
  endfacet
  facet normal -0 0 -1
    outer loop
      vertex 30.5857 -78.8383 0.4
      vertex 29.5811 -78.9292 0.4
      vertex 29.5942 -78.7642 0.4
    endloop
  endfacet
  facet normal 0 0 -1
    outer loop
      vertex 30.5085 -79.2934 0.4
      vertex 29.5593 -79.0795 0.4
      vertex 29.5811 -78.9292 0.4
    endloop
  endfacet
  facet normal 0 0 -1
    outer loop
      vertex 30.4409 -79.4947 0.4
      vertex 29.5288 -79.2151 0.4
      vertex 29.5593 -79.0795 0.4
    endloop
  endfacet
  facet normal 0 0 -1
    outer loop
      vertex 30.354 -79.6784 0.4
      vertex 29.4895 -79.3361 0.4
      vertex 29.5288 -79.2151 0.4
    endloop
  endfacet
  facet normal 0 0 -1
    outer loop
      vertex 29.2471 -79.6785 0.4
      vertex 29.6388 -80.3233 0.4
      vertex 29.4429 -80.3933 0.4
    endloop
  endfacet
  facet normal 0 0 -1
    outer loop
      vertex 30.2478 -79.8446 0.4
      vertex 29.4416 -79.4424 0.4
      vertex 29.4895 -79.3361 0.4
    endloop
  endfacet
  facet normal 0 0 -1
    outer loop
      vertex 30.1223 -79.9934 0.4
      vertex 29.3849 -79.534 0.4
      vertex 29.4416 -79.4424 0.4
    endloop
  endfacet
  facet normal 0 0 -1
    outer loop
      vertex 29.9785 -80.1234 0.4
      vertex 29.3199 -79.6122 0.4
      vertex 29.3849 -79.534 0.4
    endloop
  endfacet
  facet normal 0 0 -1
    outer loop
      vertex 29.6388 -80.3233 0.4
      vertex 29.2471 -79.6785 0.4
      vertex 29.3199 -79.6122 0.4
    endloop
  endfacet
  facet normal 0 0 -1
    outer loop
      vertex 29.0777 -79.7748 0.4
      vertex 29.4429 -80.3933 0.4
      vertex 29.2296 -80.4433 0.4
    endloop
  endfacet
  facet normal 0 0 -1
    outer loop
      vertex 29.4429 -80.3933 0.4
      vertex 29.1663 -79.7326 0.4
      vertex 29.2471 -79.6785 0.4
    endloop
  endfacet
  facet normal 0 0 -1
    outer loop
      vertex 29.4429 -80.3933 0.4
      vertex 29.0777 -79.7748 0.4
      vertex 29.1663 -79.7326 0.4
    endloop
  endfacet
  facet normal 0 0 -1
    outer loop
      vertex 28.9811 -79.8049 0.4
      vertex 29.2296 -80.4433 0.4
      vertex 28.9989 -80.4733 0.4
    endloop
  endfacet
  facet normal 0 0 -1
    outer loop
      vertex 29.2296 -80.4433 0.4
      vertex 28.9811 -79.8049 0.4
      vertex 29.0777 -79.7748 0.4
    endloop
  endfacet
  facet normal 0 0 -1
    outer loop
      vertex 28.9989 -80.4733 0.4
      vertex 28.8767 -79.823 0.4
      vertex 28.9811 -79.8049 0.4
    endloop
  endfacet
  facet normal 0 0 -1
    outer loop
      vertex 28.7508 -80.4833 0.4
      vertex 28.8767 -79.823 0.4
      vertex 28.9989 -80.4733 0.4
    endloop
  endfacet
  facet normal 0 0 -1
    outer loop
      vertex 28.8767 -79.823 0.4
      vertex 28.7508 -80.4833 0.4
      vertex 28.7644 -79.829 0.4
    endloop
  endfacet
  facet normal 0 0 -1
    outer loop
      vertex 28.5079 -80.473 0.4
      vertex 28.7644 -79.829 0.4
      vertex 28.7508 -80.4833 0.4
    endloop
  endfacet
  facet normal -0 0 -1
    outer loop
      vertex 28.7644 -79.829 0.4
      vertex 28.5079 -80.473 0.4
      vertex 28.5342 -79.8036 0.4
    endloop
  endfacet
  facet normal 0 0 -1
    outer loop
      vertex 28.2809 -80.4419 0.4
      vertex 28.5342 -79.8036 0.4
      vertex 28.5079 -80.473 0.4
    endloop
  endfacet
  facet normal -0 0 -1
    outer loop
      vertex 28.5342 -79.8036 0.4
      vertex 28.2809 -80.4419 0.4
      vertex 28.3393 -79.7274 0.4
    endloop
  endfacet
  facet normal 0 0 -1
    outer loop
      vertex 28.0698 -80.3902 0.4
      vertex 28.3393 -79.7274 0.4
      vertex 28.2809 -80.4419 0.4
    endloop
  endfacet
  facet normal 0 0 -1
    outer loop
      vertex 27.8745 -80.3178 0.4
      vertex 28.3393 -79.7274 0.4
      vertex 28.0698 -80.3902 0.4
    endloop
  endfacet
  facet normal -0 0 -1
    outer loop
      vertex 28.3393 -79.7274 0.4
      vertex 27.8745 -80.3178 0.4
      vertex 28.1799 -79.6004 0.4
    endloop
  endfacet
  facet normal 0 0 -1
    outer loop
      vertex 27.6953 -80.2247 0.4
      vertex 28.1799 -79.6004 0.4
      vertex 27.8745 -80.3178 0.4
    endloop
  endfacet
  facet normal 0 0 -1
    outer loop
      vertex 27.5319 -80.1109 0.4
      vertex 28.1799 -79.6004 0.4
      vertex 27.6953 -80.2247 0.4
    endloop
  endfacet
  facet normal 0 0 -1
    outer loop
      vertex 27.3844 -79.9764 0.4
      vertex 28.0559 -79.4226 0.4
      vertex 27.5319 -80.1109 0.4
    endloop
  endfacet
  facet normal -0 0 -1
    outer loop
      vertex 28.1799 -79.6004 0.4
      vertex 27.5319 -80.1109 0.4
      vertex 28.0559 -79.4226 0.4
    endloop
  endfacet
  facet normal -0 0 -1
    outer loop
      vertex 30.1003 -77.186 0.4
      vertex 29.4372 -77.7397 0.4
      vertex 29.9511 -77.0515 0.4
    endloop
  endfacet
  facet normal 0 0 -1
    outer loop
      vertex 29.3118 -77.5605 0.4
      vertex 29.9511 -77.0515 0.4
      vertex 29.4372 -77.7397 0.4
    endloop
  endfacet
  facet normal -0 0 -1
    outer loop
      vertex 29.9511 -77.0515 0.4
      vertex 29.3118 -77.5605 0.4
      vertex 29.7864 -76.9377 0.4
    endloop
  endfacet
  facet normal -0 0 -1
    outer loop
      vertex 29.7864 -76.9377 0.4
      vertex 29.3118 -77.5605 0.4
      vertex 29.6063 -76.8446 0.4
    endloop
  endfacet
  facet normal 0 0 -1
    outer loop
      vertex 29.1505 -77.4325 0.4
      vertex 29.6063 -76.8446 0.4
      vertex 29.3118 -77.5605 0.4
    endloop
  endfacet
  facet normal -0 0 -1
    outer loop
      vertex 29.6063 -76.8446 0.4
      vertex 29.1505 -77.4325 0.4
      vertex 29.4106 -76.7722 0.4
    endloop
  endfacet
  facet normal -0 0 -1
    outer loop
      vertex 29.4106 -76.7722 0.4
      vertex 29.1505 -77.4325 0.4
      vertex 29.1994 -76.7205 0.4
    endloop
  endfacet
  facet normal 0 0 -1
    outer loop
      vertex 28.9533 -77.3557 0.4
      vertex 29.1994 -76.7205 0.4
      vertex 29.1505 -77.4325 0.4
    endloop
  endfacet
  facet normal -0 0 -1
    outer loop
      vertex 29.1994 -76.7205 0.4
      vertex 28.9533 -77.3557 0.4
      vertex 28.9727 -76.6894 0.4
    endloop
  endfacet
  facet normal 0 0 -1
    outer loop
      vertex 28.7203 -77.3301 0.4
      vertex 28.9727 -76.6894 0.4
      vertex 28.9533 -77.3557 0.4
    endloop
  endfacet
  facet normal -0 0 -1
    outer loop
      vertex 28.9727 -76.6894 0.4
      vertex 28.7203 -77.3301 0.4
      vertex 28.7305 -76.6791 0.4
    endloop
  endfacet
  facet normal 0 0 -1
    outer loop
      vertex 28.6099 -77.3366 0.4
      vertex 28.7305 -76.6791 0.4
      vertex 28.7203 -77.3301 0.4
    endloop
  endfacet
  facet normal 0 0 -1
    outer loop
      vertex 28.493 -76.6895 0.4
      vertex 28.6099 -77.3366 0.4
      vertex 28.5071 -77.3562 0.4
    endloop
  endfacet
  facet normal 0 0 -1
    outer loop
      vertex 28.6099 -77.3366 0.4
      vertex 28.493 -76.6895 0.4
      vertex 28.7305 -76.6791 0.4
    endloop
  endfacet
  facet normal 0 0 -1
    outer loop
      vertex 28.2705 -76.7206 0.4
      vertex 28.5071 -77.3562 0.4
      vertex 28.412 -77.3889 0.4
    endloop
  endfacet
  facet normal 0 0 -1
    outer loop
      vertex 28.0631 -76.7725 0.4
      vertex 28.412 -77.3889 0.4
      vertex 28.3245 -77.4347 0.4
    endloop
  endfacet
  facet normal 0 0 -1
    outer loop
      vertex 28.5071 -77.3562 0.4
      vertex 28.2705 -76.7206 0.4
      vertex 28.493 -76.6895 0.4
    endloop
  endfacet
  facet normal 0 0 -1
    outer loop
      vertex 27.8708 -76.8452 0.4
      vertex 28.3245 -77.4347 0.4
      vertex 28.2448 -77.4935 0.4
    endloop
  endfacet
  facet normal 0 0 -1
    outer loop
      vertex 27.6936 -76.9386 0.4
      vertex 28.2448 -77.4935 0.4
      vertex 28.1727 -77.5655 0.4
    endloop
  endfacet
  facet normal 0 0 -1
    outer loop
      vertex 27.5315 -77.0527 0.4
      vertex 28.1727 -77.5655 0.4
      vertex 28.1083 -77.6505 0.4
    endloop
  endfacet
  facet normal 0 0 -1
    outer loop
      vertex 28.412 -77.3889 0.4
      vertex 28.0631 -76.7725 0.4
      vertex 28.2705 -76.7206 0.4
    endloop
  endfacet
  facet normal 0 0 -1
    outer loop
      vertex 27.3844 -77.1877 0.4
      vertex 28.1083 -77.6505 0.4
      vertex 28.0521 -77.748 0.4
    endloop
  endfacet
  facet normal 0 0 -1
    outer loop
      vertex 27.2549 -77.3407 0.4
      vertex 28.0521 -77.748 0.4
      vertex 28.0046 -77.8575 0.4
    endloop
  endfacet
  facet normal 0 0 -1
    outer loop
      vertex 27.1453 -77.5093 0.4
      vertex 28.0046 -77.8575 0.4
      vertex 27.9656 -77.979 0.4
    endloop
  endfacet
  facet normal 0 0 -1
    outer loop
      vertex 27.0556 -77.6934 0.4
      vertex 27.9656 -77.979 0.4
      vertex 27.9354 -78.1124 0.4
    endloop
  endfacet
  facet normal 0 0 -1
    outer loop
      vertex 26.9859 -77.8929 0.4
      vertex 27.9354 -78.1124 0.4
      vertex 27.9137 -78.2578 0.4
    endloop
  endfacet
  facet normal 0 0 -1
    outer loop
      vertex 28.3245 -77.4347 0.4
      vertex 27.8708 -76.8452 0.4
      vertex 28.0631 -76.7725 0.4
    endloop
  endfacet
  facet normal 0 0 -1
    outer loop
      vertex 26.9062 -78.3385 0.4
      vertex 27.9137 -78.2578 0.4
      vertex 27.9008 -78.4152 0.4
    endloop
  endfacet
  facet normal 0 0 -1
    outer loop
      vertex 26.8962 -78.5846 0.4
      vertex 27.9008 -78.4152 0.4
      vertex 27.8964 -78.5846 0.4
    endloop
  endfacet
  facet normal 0 0 -1
    outer loop
      vertex 27.2549 -79.8239 0.4
      vertex 28.0559 -79.4226 0.4
      vertex 27.3844 -79.9764 0.4
    endloop
  endfacet
  facet normal 0 0 -1
    outer loop
      vertex 27.1453 -79.6559 0.4
      vertex 28.0559 -79.4226 0.4
      vertex 27.2549 -79.8239 0.4
    endloop
  endfacet
  facet normal -0 0 -1
    outer loop
      vertex 27.9008 -78.4152 0.4
      vertex 26.8962 -78.5846 0.4
      vertex 26.9062 -78.3385 0.4
    endloop
  endfacet
  facet normal -0 0 -1
    outer loop
      vertex 28.0559 -79.4226 0.4
      vertex 27.1453 -79.6559 0.4
      vertex 27.9673 -79.1941 0.4
    endloop
  endfacet
  facet normal -0 0 -1
    outer loop
      vertex 27.9137 -78.2578 0.4
      vertex 26.9062 -78.3385 0.4
      vertex 26.936 -78.108 0.4
    endloop
  endfacet
  facet normal 0 0 -1
    outer loop
      vertex 27.0556 -79.4725 0.4
      vertex 27.9673 -79.1941 0.4
      vertex 27.1453 -79.6559 0.4
    endloop
  endfacet
  facet normal 0 0 -1
    outer loop
      vertex 27.9137 -78.2578 0.4
      vertex 26.936 -78.108 0.4
      vertex 26.9859 -77.8929 0.4
    endloop
  endfacet
  facet normal 0 0 -1
    outer loop
      vertex 26.9859 -79.2737 0.4
      vertex 27.9673 -79.1941 0.4
      vertex 27.0556 -79.4725 0.4
    endloop
  endfacet
  facet normal 0 0 -1
    outer loop
      vertex 27.9354 -78.1124 0.4
      vertex 26.9859 -77.8929 0.4
      vertex 27.0556 -77.6934 0.4
    endloop
  endfacet
  facet normal -0 0 -1
    outer loop
      vertex 27.9673 -79.1941 0.4
      vertex 26.9859 -79.2737 0.4
      vertex 27.9142 -78.9147 0.4
    endloop
  endfacet
  facet normal 0 0 -1
    outer loop
      vertex 28.2448 -77.4935 0.4
      vertex 27.6936 -76.9386 0.4
      vertex 27.8708 -76.8452 0.4
    endloop
  endfacet
  facet normal 0 0 -1
    outer loop
      vertex 26.936 -79.0594 0.4
      vertex 27.9142 -78.9147 0.4
      vertex 26.9859 -79.2737 0.4
    endloop
  endfacet
  facet normal 0 0 -1
    outer loop
      vertex 28.1727 -77.5655 0.4
      vertex 27.5315 -77.0527 0.4
      vertex 27.6936 -76.9386 0.4
    endloop
  endfacet
  facet normal 0 0 -1
    outer loop
      vertex 26.9062 -78.8297 0.4
      vertex 27.9142 -78.9147 0.4
      vertex 26.936 -79.0594 0.4
    endloop
  endfacet
  facet normal -0 0 -1
    outer loop
      vertex 27.8964 -78.5846 0.4
      vertex 26.9062 -78.8297 0.4
      vertex 26.8962 -78.5846 0.4
    endloop
  endfacet
  facet normal 0 0 -1
    outer loop
      vertex 27.9142 -78.9147 0.4
      vertex 26.9062 -78.8297 0.4
      vertex 27.8964 -78.5846 0.4
    endloop
  endfacet
  facet normal 0 0 -1
    outer loop
      vertex 28.1083 -77.6505 0.4
      vertex 27.3844 -77.1877 0.4
      vertex 27.5315 -77.0527 0.4
    endloop
  endfacet
  facet normal 0 0 -1
    outer loop
      vertex 28.0521 -77.748 0.4
      vertex 27.2549 -77.3407 0.4
      vertex 27.3844 -77.1877 0.4
    endloop
  endfacet
  facet normal 0 0 -1
    outer loop
      vertex 28.0046 -77.8575 0.4
      vertex 27.1453 -77.5093 0.4
      vertex 27.2549 -77.3407 0.4
    endloop
  endfacet
  facet normal 0 0 -1
    outer loop
      vertex 27.9656 -77.979 0.4
      vertex 27.0556 -77.6934 0.4
      vertex 27.1453 -77.5093 0.4
    endloop
  endfacet
  facet normal 0 0 -1
    outer loop
      vertex 20.5542 -78.7642 0.4
      vertex 21.5553 -78.5846 0.4
      vertex 21.5457 -78.8383 0.4
    endloop
  endfacet
  facet normal 0 0 -1
    outer loop
      vertex 20.5411 -78.9292 0.4
      vertex 21.5457 -78.8383 0.4
      vertex 21.5167 -79.0746 0.4
    endloop
  endfacet
  facet normal 0 0 -1
    outer loop
      vertex 21.5553 -78.5846 0.4
      vertex 20.5585 -78.5846 0.4
      vertex 21.5452 -78.3377 0.4
    endloop
  endfacet
  facet normal 0 0 -1
    outer loop
      vertex 20.5411 -78.9292 0.4
      vertex 21.5167 -79.0746 0.4
      vertex 21.4684 -79.2934 0.4
    endloop
  endfacet
  facet normal 0 0 -1
    outer loop
      vertex 20.5406 -78.2518 0.4
      vertex 21.5452 -78.3377 0.4
      vertex 20.5585 -78.5846 0.4
    endloop
  endfacet
  facet normal 0 0 -1
    outer loop
      vertex 20.5193 -79.0795 0.4
      vertex 21.4684 -79.2934 0.4
      vertex 21.4009 -79.4947 0.4
    endloop
  endfacet
  facet normal 0 0 -1
    outer loop
      vertex 21.5452 -78.3377 0.4
      vertex 20.5406 -78.2518 0.4
      vertex 21.5149 -78.1064 0.4
    endloop
  endfacet
  facet normal 0 0 -1
    outer loop
      vertex 20.4888 -79.2151 0.4
      vertex 21.4009 -79.4947 0.4
      vertex 21.314 -79.6784 0.4
    endloop
  endfacet
  facet normal -0 0 -1
    outer loop
      vertex 21.5149 -78.1064 0.4
      vertex 20.5406 -78.2518 0.4
      vertex 21.4644 -77.8909 0.4
    endloop
  endfacet
  facet normal 0 0 -1
    outer loop
      vertex 20.4495 -79.3361 0.4
      vertex 21.314 -79.6784 0.4
      vertex 21.2078 -79.8446 0.4
    endloop
  endfacet
  facet normal 0 0 -1
    outer loop
      vertex 20.4868 -77.9701 0.4
      vertex 21.4644 -77.8909 0.4
      vertex 20.5406 -78.2518 0.4
    endloop
  endfacet
  facet normal 0 0 -1
    outer loop
      vertex 20.4016 -79.4424 0.4
      vertex 21.2078 -79.8446 0.4
      vertex 21.0823 -79.9934 0.4
    endloop
  endfacet
  facet normal -0 0 -1
    outer loop
      vertex 21.4644 -77.8909 0.4
      vertex 20.4868 -77.9701 0.4
      vertex 21.3937 -77.6911 0.4
    endloop
  endfacet
  facet normal 0 0 -1
    outer loop
      vertex 20.3449 -79.534 0.4
      vertex 21.0823 -79.9934 0.4
      vertex 20.9385 -80.1234 0.4
    endloop
  endfacet
  facet normal -0 0 -1
    outer loop
      vertex 21.3937 -77.6911 0.4
      vertex 20.4868 -77.9701 0.4
      vertex 21.3027 -77.507 0.4
    endloop
  endfacet
  facet normal 0 0 -1
    outer loop
      vertex 20.2799 -79.6122 0.4
      vertex 20.9385 -80.1234 0.4
      vertex 20.7773 -80.2333 0.4
    endloop
  endfacet
  facet normal 0 0 -1
    outer loop
      vertex 20.3972 -77.7397 0.4
      vertex 21.3027 -77.507 0.4
      vertex 20.4868 -77.9701 0.4
    endloop
  endfacet
  facet normal 0 0 -1
    outer loop
      vertex 20.2799 -79.6122 0.4
      vertex 20.7773 -80.2333 0.4
      vertex 20.5988 -80.3233 0.4
    endloop
  endfacet
  facet normal -0 0 -1
    outer loop
      vertex 21.5553 -78.5846 0.4
      vertex 20.5542 -78.7642 0.4
      vertex 20.5585 -78.5846 0.4
    endloop
  endfacet
  facet normal -0 0 -1
    outer loop
      vertex 21.1916 -77.3387 0.4
      vertex 20.3972 -77.7397 0.4
      vertex 21.0603 -77.186 0.4
    endloop
  endfacet
  facet normal -0 0 -1
    outer loop
      vertex 21.3027 -77.507 0.4
      vertex 20.3972 -77.7397 0.4
      vertex 21.1916 -77.3387 0.4
    endloop
  endfacet
  facet normal -0 0 -1
    outer loop
      vertex 21.5457 -78.8383 0.4
      vertex 20.5411 -78.9292 0.4
      vertex 20.5542 -78.7642 0.4
    endloop
  endfacet
  facet normal 0 0 -1
    outer loop
      vertex 21.4684 -79.2934 0.4
      vertex 20.5193 -79.0795 0.4
      vertex 20.5411 -78.9292 0.4
    endloop
  endfacet
  facet normal 0 0 -1
    outer loop
      vertex 21.4009 -79.4947 0.4
      vertex 20.4888 -79.2151 0.4
      vertex 20.5193 -79.0795 0.4
    endloop
  endfacet
  facet normal 0 0 -1
    outer loop
      vertex 21.314 -79.6784 0.4
      vertex 20.4495 -79.3361 0.4
      vertex 20.4888 -79.2151 0.4
    endloop
  endfacet
  facet normal 0 0 -1
    outer loop
      vertex 20.207 -79.6785 0.4
      vertex 20.5988 -80.3233 0.4
      vertex 20.4028 -80.3933 0.4
    endloop
  endfacet
  facet normal 0 0 -1
    outer loop
      vertex 21.2078 -79.8446 0.4
      vertex 20.4016 -79.4424 0.4
      vertex 20.4495 -79.3361 0.4
    endloop
  endfacet
  facet normal 0 0 -1
    outer loop
      vertex 21.0823 -79.9934 0.4
      vertex 20.3449 -79.534 0.4
      vertex 20.4016 -79.4424 0.4
    endloop
  endfacet
  facet normal 0 0 -1
    outer loop
      vertex 20.9385 -80.1234 0.4
      vertex 20.2799 -79.6122 0.4
      vertex 20.3449 -79.534 0.4
    endloop
  endfacet
  facet normal 0 0 -1
    outer loop
      vertex 20.5988 -80.3233 0.4
      vertex 20.207 -79.6785 0.4
      vertex 20.2799 -79.6122 0.4
    endloop
  endfacet
  facet normal 0 0 -1
    outer loop
      vertex 20.0377 -79.7748 0.4
      vertex 20.4028 -80.3933 0.4
      vertex 20.1895 -80.4433 0.4
    endloop
  endfacet
  facet normal 0 0 -1
    outer loop
      vertex 20.4028 -80.3933 0.4
      vertex 20.1263 -79.7326 0.4
      vertex 20.207 -79.6785 0.4
    endloop
  endfacet
  facet normal 0 0 -1
    outer loop
      vertex 20.4028 -80.3933 0.4
      vertex 20.0377 -79.7748 0.4
      vertex 20.1263 -79.7326 0.4
    endloop
  endfacet
  facet normal 0 0 -1
    outer loop
      vertex 19.9411 -79.8049 0.4
      vertex 20.1895 -80.4433 0.4
      vertex 19.9589 -80.4733 0.4
    endloop
  endfacet
  facet normal 0 0 -1
    outer loop
      vertex 20.1895 -80.4433 0.4
      vertex 19.9411 -79.8049 0.4
      vertex 20.0377 -79.7748 0.4
    endloop
  endfacet
  facet normal 0 0 -1
    outer loop
      vertex 19.9589 -80.4733 0.4
      vertex 19.8367 -79.823 0.4
      vertex 19.9411 -79.8049 0.4
    endloop
  endfacet
  facet normal 0 0 -1
    outer loop
      vertex 19.7108 -80.4833 0.4
      vertex 19.8367 -79.823 0.4
      vertex 19.9589 -80.4733 0.4
    endloop
  endfacet
  facet normal 0 0 -1
    outer loop
      vertex 19.8367 -79.823 0.4
      vertex 19.7108 -80.4833 0.4
      vertex 19.7244 -79.829 0.4
    endloop
  endfacet
  facet normal 0 0 -1
    outer loop
      vertex 19.4679 -80.473 0.4
      vertex 19.7244 -79.829 0.4
      vertex 19.7108 -80.4833 0.4
    endloop
  endfacet
  facet normal -0 0 -1
    outer loop
      vertex 19.7244 -79.829 0.4
      vertex 19.4679 -80.473 0.4
      vertex 19.4941 -79.8036 0.4
    endloop
  endfacet
  facet normal 0 0 -1
    outer loop
      vertex 19.2409 -80.4419 0.4
      vertex 19.4941 -79.8036 0.4
      vertex 19.4679 -80.473 0.4
    endloop
  endfacet
  facet normal -0 0 -1
    outer loop
      vertex 19.4941 -79.8036 0.4
      vertex 19.2409 -80.4419 0.4
      vertex 19.2993 -79.7274 0.4
    endloop
  endfacet
  facet normal 0 0 -1
    outer loop
      vertex 19.0297 -80.3902 0.4
      vertex 19.2993 -79.7274 0.4
      vertex 19.2409 -80.4419 0.4
    endloop
  endfacet
  facet normal 0 0 -1
    outer loop
      vertex 18.8345 -80.3178 0.4
      vertex 19.2993 -79.7274 0.4
      vertex 19.0297 -80.3902 0.4
    endloop
  endfacet
  facet normal -0 0 -1
    outer loop
      vertex 19.2993 -79.7274 0.4
      vertex 18.8345 -80.3178 0.4
      vertex 19.1398 -79.6004 0.4
    endloop
  endfacet
  facet normal 0 0 -1
    outer loop
      vertex 18.6553 -80.2247 0.4
      vertex 19.1398 -79.6004 0.4
      vertex 18.8345 -80.3178 0.4
    endloop
  endfacet
  facet normal 0 0 -1
    outer loop
      vertex 18.4919 -80.1109 0.4
      vertex 19.1398 -79.6004 0.4
      vertex 18.6553 -80.2247 0.4
    endloop
  endfacet
  facet normal 0 0 -1
    outer loop
      vertex 18.3444 -79.9764 0.4
      vertex 19.0158 -79.4226 0.4
      vertex 18.4919 -80.1109 0.4
    endloop
  endfacet
  facet normal -0 0 -1
    outer loop
      vertex 19.1398 -79.6004 0.4
      vertex 18.4919 -80.1109 0.4
      vertex 19.0158 -79.4226 0.4
    endloop
  endfacet
  facet normal -0 0 -1
    outer loop
      vertex 21.0603 -77.186 0.4
      vertex 20.3972 -77.7397 0.4
      vertex 20.9111 -77.0515 0.4
    endloop
  endfacet
  facet normal 0 0 -1
    outer loop
      vertex 20.2718 -77.5605 0.4
      vertex 20.9111 -77.0515 0.4
      vertex 20.3972 -77.7397 0.4
    endloop
  endfacet
  facet normal -0 0 -1
    outer loop
      vertex 20.9111 -77.0515 0.4
      vertex 20.2718 -77.5605 0.4
      vertex 20.7464 -76.9377 0.4
    endloop
  endfacet
  facet normal -0 0 -1
    outer loop
      vertex 20.7464 -76.9377 0.4
      vertex 20.2718 -77.5605 0.4
      vertex 20.5662 -76.8446 0.4
    endloop
  endfacet
  facet normal 0 0 -1
    outer loop
      vertex 20.1105 -77.4325 0.4
      vertex 20.5662 -76.8446 0.4
      vertex 20.2718 -77.5605 0.4
    endloop
  endfacet
  facet normal -0 0 -1
    outer loop
      vertex 20.5662 -76.8446 0.4
      vertex 20.1105 -77.4325 0.4
      vertex 20.3706 -76.7722 0.4
    endloop
  endfacet
  facet normal -0 0 -1
    outer loop
      vertex 20.3706 -76.7722 0.4
      vertex 20.1105 -77.4325 0.4
      vertex 20.1594 -76.7205 0.4
    endloop
  endfacet
  facet normal 0 0 -1
    outer loop
      vertex 19.9133 -77.3557 0.4
      vertex 20.1594 -76.7205 0.4
      vertex 20.1105 -77.4325 0.4
    endloop
  endfacet
  facet normal -0 0 -1
    outer loop
      vertex 20.1594 -76.7205 0.4
      vertex 19.9133 -77.3557 0.4
      vertex 19.9327 -76.6894 0.4
    endloop
  endfacet
  facet normal 0 0 -1
    outer loop
      vertex 19.6803 -77.3301 0.4
      vertex 19.9327 -76.6894 0.4
      vertex 19.9133 -77.3557 0.4
    endloop
  endfacet
  facet normal -0 0 -1
    outer loop
      vertex 19.9327 -76.6894 0.4
      vertex 19.6803 -77.3301 0.4
      vertex 19.6905 -76.6791 0.4
    endloop
  endfacet
  facet normal 0 0 -1
    outer loop
      vertex 19.5698 -77.3366 0.4
      vertex 19.6905 -76.6791 0.4
      vertex 19.6803 -77.3301 0.4
    endloop
  endfacet
  facet normal 0 0 -1
    outer loop
      vertex 19.453 -76.6895 0.4
      vertex 19.5698 -77.3366 0.4
      vertex 19.467 -77.3562 0.4
    endloop
  endfacet
  facet normal 0 0 -1
    outer loop
      vertex 19.5698 -77.3366 0.4
      vertex 19.453 -76.6895 0.4
      vertex 19.6905 -76.6791 0.4
    endloop
  endfacet
  facet normal 0 0 -1
    outer loop
      vertex 19.2305 -76.7206 0.4
      vertex 19.467 -77.3562 0.4
      vertex 19.3719 -77.3889 0.4
    endloop
  endfacet
  facet normal 0 0 -1
    outer loop
      vertex 19.0231 -76.7725 0.4
      vertex 19.3719 -77.3889 0.4
      vertex 19.2845 -77.4347 0.4
    endloop
  endfacet
  facet normal 0 0 -1
    outer loop
      vertex 19.467 -77.3562 0.4
      vertex 19.2305 -76.7206 0.4
      vertex 19.453 -76.6895 0.4
    endloop
  endfacet
  facet normal 0 0 -1
    outer loop
      vertex 18.8308 -76.8452 0.4
      vertex 19.2845 -77.4347 0.4
      vertex 19.2048 -77.4935 0.4
    endloop
  endfacet
  facet normal 0 0 -1
    outer loop
      vertex 18.6536 -76.9386 0.4
      vertex 19.2048 -77.4935 0.4
      vertex 19.1327 -77.5655 0.4
    endloop
  endfacet
  facet normal 0 0 -1
    outer loop
      vertex 18.4915 -77.0527 0.4
      vertex 19.1327 -77.5655 0.4
      vertex 19.0683 -77.6505 0.4
    endloop
  endfacet
  facet normal 0 0 -1
    outer loop
      vertex 19.3719 -77.3889 0.4
      vertex 19.0231 -76.7725 0.4
      vertex 19.2305 -76.7206 0.4
    endloop
  endfacet
  facet normal 0 0 -1
    outer loop
      vertex 18.3444 -77.1877 0.4
      vertex 19.0683 -77.6505 0.4
      vertex 19.0121 -77.748 0.4
    endloop
  endfacet
  facet normal 0 0 -1
    outer loop
      vertex 18.2149 -77.3407 0.4
      vertex 19.0121 -77.748 0.4
      vertex 18.9645 -77.8575 0.4
    endloop
  endfacet
  facet normal 0 0 -1
    outer loop
      vertex 18.1053 -77.5093 0.4
      vertex 18.9645 -77.8575 0.4
      vertex 18.9256 -77.979 0.4
    endloop
  endfacet
  facet normal 0 0 -1
    outer loop
      vertex 18.0156 -77.6934 0.4
      vertex 18.9256 -77.979 0.4
      vertex 18.8953 -78.1124 0.4
    endloop
  endfacet
  facet normal 0 0 -1
    outer loop
      vertex 17.9459 -77.8929 0.4
      vertex 18.8953 -78.1124 0.4
      vertex 18.8737 -78.2578 0.4
    endloop
  endfacet
  facet normal 0 0 -1
    outer loop
      vertex 19.2845 -77.4347 0.4
      vertex 18.8308 -76.8452 0.4
      vertex 19.0231 -76.7725 0.4
    endloop
  endfacet
  facet normal 0 0 -1
    outer loop
      vertex 17.8661 -78.3385 0.4
      vertex 18.8737 -78.2578 0.4
      vertex 18.8607 -78.4152 0.4
    endloop
  endfacet
  facet normal 0 0 -1
    outer loop
      vertex 17.8562 -78.5846 0.4
      vertex 18.8607 -78.4152 0.4
      vertex 18.8564 -78.5846 0.4
    endloop
  endfacet
  facet normal 0 0 -1
    outer loop
      vertex 18.2149 -79.8239 0.4
      vertex 19.0158 -79.4226 0.4
      vertex 18.3444 -79.9764 0.4
    endloop
  endfacet
  facet normal 0 0 -1
    outer loop
      vertex 18.1053 -79.6559 0.4
      vertex 19.0158 -79.4226 0.4
      vertex 18.2149 -79.8239 0.4
    endloop
  endfacet
  facet normal -0 0 -1
    outer loop
      vertex 18.8607 -78.4152 0.4
      vertex 17.8562 -78.5846 0.4
      vertex 17.8661 -78.3385 0.4
    endloop
  endfacet
  facet normal -0 0 -1
    outer loop
      vertex 19.0158 -79.4226 0.4
      vertex 18.1053 -79.6559 0.4
      vertex 18.9273 -79.1941 0.4
    endloop
  endfacet
  facet normal -0 0 -1
    outer loop
      vertex 18.8737 -78.2578 0.4
      vertex 17.8661 -78.3385 0.4
      vertex 17.896 -78.108 0.4
    endloop
  endfacet
  facet normal 0 0 -1
    outer loop
      vertex 18.0156 -79.4725 0.4
      vertex 18.9273 -79.1941 0.4
      vertex 18.1053 -79.6559 0.4
    endloop
  endfacet
  facet normal 0 0 -1
    outer loop
      vertex 18.8737 -78.2578 0.4
      vertex 17.896 -78.108 0.4
      vertex 17.9459 -77.8929 0.4
    endloop
  endfacet
  facet normal 0 0 -1
    outer loop
      vertex 17.9459 -79.2737 0.4
      vertex 18.9273 -79.1941 0.4
      vertex 18.0156 -79.4725 0.4
    endloop
  endfacet
  facet normal 0 0 -1
    outer loop
      vertex 18.8953 -78.1124 0.4
      vertex 17.9459 -77.8929 0.4
      vertex 18.0156 -77.6934 0.4
    endloop
  endfacet
  facet normal -0 0 -1
    outer loop
      vertex 18.9273 -79.1941 0.4
      vertex 17.9459 -79.2737 0.4
      vertex 18.8741 -78.9147 0.4
    endloop
  endfacet
  facet normal 0 0 -1
    outer loop
      vertex 19.2048 -77.4935 0.4
      vertex 18.6536 -76.9386 0.4
      vertex 18.8308 -76.8452 0.4
    endloop
  endfacet
  facet normal 0 0 -1
    outer loop
      vertex 17.896 -79.0594 0.4
      vertex 18.8741 -78.9147 0.4
      vertex 17.9459 -79.2737 0.4
    endloop
  endfacet
  facet normal 0 0 -1
    outer loop
      vertex 19.1327 -77.5655 0.4
      vertex 18.4915 -77.0527 0.4
      vertex 18.6536 -76.9386 0.4
    endloop
  endfacet
  facet normal 0 0 -1
    outer loop
      vertex 17.8661 -78.8297 0.4
      vertex 18.8741 -78.9147 0.4
      vertex 17.896 -79.0594 0.4
    endloop
  endfacet
  facet normal -0 0 -1
    outer loop
      vertex 18.8564 -78.5846 0.4
      vertex 17.8661 -78.8297 0.4
      vertex 17.8562 -78.5846 0.4
    endloop
  endfacet
  facet normal 0 0 -1
    outer loop
      vertex 18.8741 -78.9147 0.4
      vertex 17.8661 -78.8297 0.4
      vertex 18.8564 -78.5846 0.4
    endloop
  endfacet
  facet normal 0 0 -1
    outer loop
      vertex 19.0683 -77.6505 0.4
      vertex 18.3444 -77.1877 0.4
      vertex 18.4915 -77.0527 0.4
    endloop
  endfacet
  facet normal 0 0 -1
    outer loop
      vertex 19.0121 -77.748 0.4
      vertex 18.2149 -77.3407 0.4
      vertex 18.3444 -77.1877 0.4
    endloop
  endfacet
  facet normal 0 0 -1
    outer loop
      vertex 18.9645 -77.8575 0.4
      vertex 18.1053 -77.5093 0.4
      vertex 18.2149 -77.3407 0.4
    endloop
  endfacet
  facet normal 0 0 -1
    outer loop
      vertex 18.9256 -77.979 0.4
      vertex 18.0156 -77.6934 0.4
      vertex 18.1053 -77.5093 0.4
    endloop
  endfacet
  facet normal 0 0 -1
    outer loop
      vertex 10.4428 -78.6829 0.4
      vertex 11.9821 -80.4155 0.4
      vertex 10.9853 -80.4155 0.4
    endloop
  endfacet
  facet normal 0 0 -1
    outer loop
      vertex 11.9821 -80.4155 0.4
      vertex 10.4428 -78.6829 0.4
      vertex 10.5309 -76.5536 0.4
    endloop
  endfacet
  facet normal 0 0 -1
    outer loop
      vertex 10.2224 -77.8861 0.4
      vertex 10.5309 -76.5536 0.4
      vertex 10.4428 -78.6829 0.4
    endloop
  endfacet
  facet normal 0 0 -1
    outer loop
      vertex 10.1376 -77.564 0.4
      vertex 10.5309 -76.5536 0.4
      vertex 10.2224 -77.8861 0.4
    endloop
  endfacet
  facet normal 0 0 -1
    outer loop
      vertex 9.66293 -76.7842 0.4
      vertex 10.5309 -76.5536 0.4
      vertex 10.1376 -77.564 0.4
    endloop
  endfacet
  facet normal -0 0 -1
    outer loop
      vertex 10.5309 -76.5536 0.4
      vertex 9.66293 -76.7842 0.4
      vertex 10.4472 -76.361 0.4
    endloop
  endfacet
  facet normal 0 0 -1
    outer loop
      vertex 9.62566 -76.6867 0.4
      vertex 10.4472 -76.361 0.4
      vertex 9.66293 -76.7842 0.4
    endloop
  endfacet
  facet normal 0 0 -1
    outer loop
      vertex 9.58944 -76.5976 0.4
      vertex 10.4472 -76.361 0.4
      vertex 9.62566 -76.6867 0.4
    endloop
  endfacet
  facet normal -0 0 -1
    outer loop
      vertex 10.4472 -76.361 0.4
      vertex 9.58944 -76.5976 0.4
      vertex 10.3625 -76.1861 0.4
    endloop
  endfacet
  facet normal 0 0 -1
    outer loop
      vertex 9.66293 -76.7842 0.4
      vertex 10.1376 -77.564 0.4
      vertex 10.08 -77.774 0.4
    endloop
  endfacet
  facet normal 0 0 -1
    outer loop
      vertex 9.66293 -76.7842 0.4
      vertex 10.08 -77.774 0.4
      vertex 10.0252 -77.9679 0.4
    endloop
  endfacet
  facet normal 0 0 -1
    outer loop
      vertex 9.55424 -76.517 0.4
      vertex 10.3625 -76.1861 0.4
      vertex 9.58944 -76.5976 0.4
    endloop
  endfacet
  facet normal 0 0 -1
    outer loop
      vertex 9.66293 -76.7842 0.4
      vertex 10.0252 -77.9679 0.4
      vertex 9.97341 -78.1457 0.4
    endloop
  endfacet
  facet normal -0 0 -1
    outer loop
      vertex 10.3625 -76.1861 0.4
      vertex 9.55424 -76.517 0.4
      vertex 10.2769 -76.0289 0.4
    endloop
  endfacet
  facet normal 0 0 -1
    outer loop
      vertex 9.66293 -76.7842 0.4
      vertex 9.97341 -78.1457 0.4
      vertex 9.92448 -78.3075 0.4
    endloop
  endfacet
  facet normal 0 0 -1
    outer loop
      vertex 9.66293 -76.7842 0.4
      vertex 9.92448 -78.3075 0.4
      vertex 9.87846 -78.4532 0.4
    endloop
  endfacet
  facet normal 0 0 -1
    outer loop
      vertex 9.66293 -76.7842 0.4
      vertex 9.87846 -78.4532 0.4
      vertex 9.83534 -78.5829 0.4
    endloop
  endfacet
  facet normal 0 0 -1
    outer loop
      vertex 9.52009 -76.4449 0.4
      vertex 10.2769 -76.0289 0.4
      vertex 9.55424 -76.517 0.4
    endloop
  endfacet
  facet normal 0 0 -1
    outer loop
      vertex 9.66293 -76.7842 0.4
      vertex 9.83534 -78.5829 0.4
      vertex 9.79513 -78.6965 0.4
    endloop
  endfacet
  facet normal 0 0 -1
    outer loop
      vertex 9.48698 -76.3811 0.4
      vertex 10.2769 -76.0289 0.4
      vertex 9.52009 -76.4449 0.4
    endloop
  endfacet
  facet normal -0 0 -1
    outer loop
      vertex 10.2769 -76.0289 0.4
      vertex 9.48698 -76.3811 0.4
      vertex 10.1905 -75.8893 0.4
    endloop
  endfacet
  facet normal 0 0 -1
    outer loop
      vertex 8.21172 -80.4155 0.4
      vertex 9.79513 -78.6965 0.4
      vertex 9.21873 -80.4155 0.4
    endloop
  endfacet
  facet normal -0 0 -1
    outer loop
      vertex 9.79513 -78.6965 0.4
      vertex 8.21172 -80.4155 0.4
      vertex 9.66293 -76.7842 0.4
    endloop
  endfacet
  facet normal 0 0 -1
    outer loop
      vertex 9.45492 -76.3258 0.4
      vertex 10.1905 -75.8893 0.4
      vertex 9.48698 -76.3811 0.4
    endloop
  endfacet
  facet normal -0 0 -1
    outer loop
      vertex 10.1905 -75.8893 0.4
      vertex 9.45492 -76.3258 0.4
      vertex 10.1031 -75.7676 0.4
    endloop
  endfacet
  facet normal 0 0 -1
    outer loop
      vertex 9.42388 -76.279 0.4
      vertex 10.1031 -75.7676 0.4
      vertex 9.45492 -76.3258 0.4
    endloop
  endfacet
  facet normal 0 0 -1
    outer loop
      vertex 9.39282 -76.2381 0.4
      vertex 10.1031 -75.7676 0.4
      vertex 9.42388 -76.279 0.4
    endloop
  endfacet
  facet normal -0 0 -1
    outer loop
      vertex 10.1031 -75.7676 0.4
      vertex 9.39282 -76.2381 0.4
      vertex 10.0148 -75.6635 0.4
    endloop
  endfacet
  facet normal 0 0 -1
    outer loop
      vertex 9.36063 -76.2007 0.4
      vertex 10.0148 -75.6635 0.4
      vertex 9.39282 -76.2381 0.4
    endloop
  endfacet
  facet normal -0 0 -1
    outer loop
      vertex 10.0148 -75.6635 0.4
      vertex 9.36063 -76.2007 0.4
      vertex 9.92568 -75.5771 0.4
    endloop
  endfacet
  facet normal 0 0 -1
    outer loop
      vertex 9.32736 -76.1667 0.4
      vertex 9.92568 -75.5771 0.4
      vertex 9.36063 -76.2007 0.4
    endloop
  endfacet
  facet normal -0 0 -1
    outer loop
      vertex 9.92568 -75.5771 0.4
      vertex 9.32736 -76.1667 0.4
      vertex 9.83238 -75.5052 0.4
    endloop
  endfacet
  facet normal 0 0 -1
    outer loop
      vertex 9.29296 -76.1362 0.4
      vertex 9.83238 -75.5052 0.4
      vertex 9.32736 -76.1667 0.4
    endloop
  endfacet
  facet normal -0 0 -1
    outer loop
      vertex 9.83238 -75.5052 0.4
      vertex 9.29296 -76.1362 0.4
      vertex 9.73167 -75.4443 0.4
    endloop
  endfacet
  facet normal 0 0 -1
    outer loop
      vertex 9.25745 -76.1091 0.4
      vertex 9.73167 -75.4443 0.4
      vertex 9.29296 -76.1362 0.4
    endloop
  endfacet
  facet normal -0 0 -1
    outer loop
      vertex 9.73167 -75.4443 0.4
      vertex 9.25745 -76.1091 0.4
      vertex 9.62354 -75.3945 0.4
    endloop
  endfacet
  facet normal 0 0 -1
    outer loop
      vertex 9.22085 -76.0855 0.4
      vertex 9.62354 -75.3945 0.4
      vertex 9.25745 -76.1091 0.4
    endloop
  endfacet
  facet normal -0 0 -1
    outer loop
      vertex 9.62354 -75.3945 0.4
      vertex 9.22085 -76.0855 0.4
      vertex 9.50803 -75.3557 0.4
    endloop
  endfacet
  facet normal 0 0 -1
    outer loop
      vertex 9.18313 -76.0654 0.4
      vertex 9.50803 -75.3557 0.4
      vertex 9.22085 -76.0855 0.4
    endloop
  endfacet
  facet normal -0 0 -1
    outer loop
      vertex 9.50803 -75.3557 0.4
      vertex 9.18313 -76.0654 0.4
      vertex 9.38509 -75.328 0.4
    endloop
  endfacet
  facet normal 0 0 -1
    outer loop
      vertex 9.14346 -76.0483 0.4
      vertex 9.38509 -75.328 0.4
      vertex 9.18313 -76.0654 0.4
    endloop
  endfacet
  facet normal -0 0 -1
    outer loop
      vertex 9.38509 -75.328 0.4
      vertex 9.14346 -76.0483 0.4
      vertex 9.25477 -75.3114 0.4
    endloop
  endfacet
  facet normal 0 0 -1
    outer loop
      vertex 9.10093 -76.0338 0.4
      vertex 9.25477 -75.3114 0.4
      vertex 9.14346 -76.0483 0.4
    endloop
  endfacet
  facet normal -0 0 -1
    outer loop
      vertex 9.25477 -75.3114 0.4
      vertex 9.10093 -76.0338 0.4
      vertex 9.11703 -75.3059 0.4
    endloop
  endfacet
  facet normal 0 0 -1
    outer loop
      vertex 9.05558 -76.022 0.4
      vertex 9.11703 -75.3059 0.4
      vertex 9.10093 -76.0338 0.4
    endloop
  endfacet
  facet normal 0 0 -1
    outer loop
      vertex 9.00739 -76.0128 0.4
      vertex 9.11703 -75.3059 0.4
      vertex 9.05558 -76.022 0.4
    endloop
  endfacet
  facet normal 0 0 -1
    outer loop
      vertex 9.11703 -75.3059 0.4
      vertex 9.00739 -76.0128 0.4
      vertex 9.02091 -75.3068 0.4
    endloop
  endfacet
  facet normal 0 0 -1
    outer loop
      vertex 8.95635 -76.0062 0.4
      vertex 9.02091 -75.3068 0.4
      vertex 9.00739 -76.0128 0.4
    endloop
  endfacet
  facet normal 0 0 -1
    outer loop
      vertex 8.95635 -76.0062 0.4
      vertex 8.92826 -75.3095 0.4
      vertex 9.02091 -75.3068 0.4
    endloop
  endfacet
  facet normal 0 0 -1
    outer loop
      vertex 8.90249 -76.0022 0.4
      vertex 8.92826 -75.3095 0.4
      vertex 8.95635 -76.0062 0.4
    endloop
  endfacet
  facet normal 0 0 -1
    outer loop
      vertex 8.83906 -75.314 0.4
      vertex 8.90249 -76.0022 0.4
      vertex 8.84577 -76.0009 0.4
    endloop
  endfacet
  facet normal 0 0 -1
    outer loop
      vertex 8.90249 -76.0022 0.4
      vertex 8.83906 -75.314 0.4
      vertex 8.92826 -75.3095 0.4
    endloop
  endfacet
  facet normal 0 0 -1
    outer loop
      vertex 8.80253 -76.0015 0.4
      vertex 8.83906 -75.314 0.4
      vertex 8.84577 -76.0009 0.4
    endloop
  endfacet
  facet normal 0 0 -1
    outer loop
      vertex 8.75333 -75.3203 0.4
      vertex 8.80253 -76.0015 0.4
      vertex 8.75803 -76.0031 0.4
    endloop
  endfacet
  facet normal 0 0 -1
    outer loop
      vertex 8.80253 -76.0015 0.4
      vertex 8.75333 -75.3203 0.4
      vertex 8.83906 -75.314 0.4
    endloop
  endfacet
  facet normal 0 0 -1
    outer loop
      vertex 8.67106 -75.3284 0.4
      vertex 8.75803 -76.0031 0.4
      vertex 8.71229 -76.0059 0.4
    endloop
  endfacet
  facet normal 0 0 -1
    outer loop
      vertex 8.75803 -76.0031 0.4
      vertex 8.67106 -75.3284 0.4
      vertex 8.75333 -75.3203 0.4
    endloop
  endfacet
  facet normal 0 0 -1
    outer loop
      vertex 8.59223 -75.3382 0.4
      vertex 8.71229 -76.0059 0.4
      vertex 8.66531 -76.0098 0.4
    endloop
  endfacet
  facet normal 0 0 -1
    outer loop
      vertex 8.59223 -75.3382 0.4
      vertex 8.66531 -76.0098 0.4
      vertex 8.61707 -76.0148 0.4
    endloop
  endfacet
  facet normal 0 0 -1
    outer loop
      vertex 8.71229 -76.0059 0.4
      vertex 8.59223 -75.3382 0.4
      vertex 8.67106 -75.3284 0.4
    endloop
  endfacet
  facet normal 0 0 -1
    outer loop
      vertex 8.51688 -75.3499 0.4
      vertex 8.61707 -76.0148 0.4
      vertex 8.56761 -76.0209 0.4
    endloop
  endfacet
  facet normal 0 0 -1
    outer loop
      vertex 8.51688 -75.3499 0.4
      vertex 8.56761 -76.0209 0.4
      vertex 8.51688 -76.0281 0.4
    endloop
  endfacet
  facet normal 0 0 -1
    outer loop
      vertex 8.61707 -76.0148 0.4
      vertex 8.51688 -75.3499 0.4
      vertex 8.59223 -75.3382 0.4
    endloop
  endfacet
  facet normal 0 1 -0
    outer loop
      vertex 17.1384 -81.7786 5.72205e-07
      vertex 16.1856 -81.7786 0.4
      vertex 17.1384 -81.7786 0.4
    endloop
  endfacet
  facet normal 0 1 0
    outer loop
      vertex 16.1856 -81.7786 0.4
      vertex 17.1384 -81.7786 5.72205e-07
      vertex 16.1856 -81.7786 5.72205e-07
    endloop
  endfacet
  facet normal 1 -0 0
    outer loop
      vertex 16.1856 -81.7786 0.4
      vertex 16.1856 -76.7469 5.72205e-07
      vertex 16.1856 -76.7469 0.4
    endloop
  endfacet
  facet normal 1 0 0
    outer loop
      vertex 16.1856 -76.7469 5.72205e-07
      vertex 16.1856 -81.7786 0.4
      vertex 16.1856 -81.7786 5.72205e-07
    endloop
  endfacet
  facet normal 0 -1 0
    outer loop
      vertex 16.1856 -76.7469 5.72205e-07
      vertex 17.1384 -76.7469 0.4
      vertex 16.1856 -76.7469 0.4
    endloop
  endfacet
  facet normal 0 -1 -0
    outer loop
      vertex 17.1384 -76.7469 0.4
      vertex 16.1856 -76.7469 5.72205e-07
      vertex 17.1384 -76.7469 5.72205e-07
    endloop
  endfacet
  facet normal -1 0 0
    outer loop
      vertex 17.1384 -81.7786 5.72205e-07
      vertex 17.1384 -76.7469 0.4
      vertex 17.1384 -76.7469 5.72205e-07
    endloop
  endfacet
  facet normal -1 -0 0
    outer loop
      vertex 17.1384 -76.7469 0.4
      vertex 17.1384 -81.7786 5.72205e-07
      vertex 17.1384 -81.7786 0.4
    endloop
  endfacet
  facet normal -0.570313 -0.821427 0
    outer loop
      vertex 13.3668 -78.1235 5.72205e-07
      vertex 13.777 -78.4083 0.4
      vertex 13.3668 -78.1235 0.4
    endloop
  endfacet
  facet normal -0.570313 -0.821427 -0
    outer loop
      vertex 13.777 -78.4083 0.4
      vertex 13.3668 -78.1235 5.72205e-07
      vertex 13.777 -78.4083 5.72205e-07
    endloop
  endfacet
  facet normal 0.861343 -0.508023 0
    outer loop
      vertex 13.777 -78.4083 0.4
      vertex 14.7569 -76.7469 5.72205e-07
      vertex 14.7569 -76.7469 0.4
    endloop
  endfacet
  facet normal 0.861343 -0.508023 0
    outer loop
      vertex 14.7569 -76.7469 5.72205e-07
      vertex 13.777 -78.4083 0.4
      vertex 13.777 -78.4083 5.72205e-07
    endloop
  endfacet
  facet normal 0 -1 0
    outer loop
      vertex 14.7569 -76.7469 5.72205e-07
      vertex 15.7978 -76.7469 0.4
      vertex 14.7569 -76.7469 0.4
    endloop
  endfacet
  facet normal 0 -1 -0
    outer loop
      vertex 15.7978 -76.7469 0.4
      vertex 14.7569 -76.7469 5.72205e-07
      vertex 15.7978 -76.7469 5.72205e-07
    endloop
  endfacet
  facet normal -0.850028 0.526738 0
    outer loop
      vertex 14.4111 -78.9847 5.72205e-07
      vertex 15.7978 -76.7469 0.4
      vertex 15.7978 -76.7469 5.72205e-07
    endloop
  endfacet
  facet normal -0.850028 0.526738 0
    outer loop
      vertex 15.7978 -76.7469 0.4
      vertex 14.4111 -78.9847 5.72205e-07
      vertex 14.4111 -78.9847 0.4
    endloop
  endfacet
  facet normal -0.743119 -0.66916 0
    outer loop
      vertex 15.6995 -80.4155 5.72205e-07
      vertex 14.4111 -78.9847 0.4
      vertex 14.4111 -78.9847 5.72205e-07
    endloop
  endfacet
  facet normal -0.743119 -0.66916 0
    outer loop
      vertex 14.4111 -78.9847 0.4
      vertex 15.6995 -80.4155 5.72205e-07
      vertex 15.6995 -80.4155 0.4
    endloop
  endfacet
  facet normal 0 1 -0
    outer loop
      vertex 15.6995 -80.4155 5.72205e-07
      vertex 14.6755 -80.4155 0.4
      vertex 15.6995 -80.4155 0.4
    endloop
  endfacet
  facet normal 0 1 0
    outer loop
      vertex 14.6755 -80.4155 0.4
      vertex 15.6995 -80.4155 5.72205e-07
      vertex 14.6755 -80.4155 5.72205e-07
    endloop
  endfacet
  facet normal 0.757603 0.652716 0
    outer loop
      vertex 14.6755 -80.4155 0.4
      vertex 13.3668 -78.8965 5.72205e-07
      vertex 13.3668 -78.8965 0.4
    endloop
  endfacet
  facet normal 0.757603 0.652716 0
    outer loop
      vertex 13.3668 -78.8965 5.72205e-07
      vertex 14.6755 -80.4155 0.4
      vertex 14.6755 -80.4155 5.72205e-07
    endloop
  endfacet
  facet normal -1 0 0
    outer loop
      vertex 13.3668 -81.7786 5.72205e-07
      vertex 13.3668 -78.8965 0.4
      vertex 13.3668 -78.8965 5.72205e-07
    endloop
  endfacet
  facet normal -1 -0 0
    outer loop
      vertex 13.3668 -78.8965 0.4
      vertex 13.3668 -81.7786 5.72205e-07
      vertex 13.3668 -81.7786 0.4
    endloop
  endfacet
  facet normal 0 1 -0
    outer loop
      vertex 13.3668 -81.7786 5.72205e-07
      vertex 12.414 -81.7786 0.4
      vertex 13.3668 -81.7786 0.4
    endloop
  endfacet
  facet normal 0 1 0
    outer loop
      vertex 12.414 -81.7786 0.4
      vertex 13.3668 -81.7786 5.72205e-07
      vertex 12.414 -81.7786 5.72205e-07
    endloop
  endfacet
  facet normal 1 -0 0
    outer loop
      vertex 12.414 -81.7786 0.4
      vertex 12.414 -76.7469 5.72205e-07
      vertex 12.414 -76.7469 0.4
    endloop
  endfacet
  facet normal 1 0 0
    outer loop
      vertex 12.414 -76.7469 5.72205e-07
      vertex 12.414 -81.7786 0.4
      vertex 12.414 -81.7786 5.72205e-07
    endloop
  endfacet
  facet normal 0 -1 0
    outer loop
      vertex 12.414 -76.7469 5.72205e-07
      vertex 13.3668 -76.7469 0.4
      vertex 12.414 -76.7469 0.4
    endloop
  endfacet
  facet normal 0 -1 -0
    outer loop
      vertex 13.3668 -76.7469 0.4
      vertex 12.414 -76.7469 5.72205e-07
      vertex 13.3668 -76.7469 5.72205e-07
    endloop
  endfacet
  facet normal -1 0 0
    outer loop
      vertex 13.3668 -78.1235 5.72205e-07
      vertex 13.3668 -76.7469 0.4
      vertex 13.3668 -76.7469 5.72205e-07
    endloop
  endfacet
  facet normal -1 -0 0
    outer loop
      vertex 13.3668 -76.7469 0.4
      vertex 13.3668 -78.1235 5.72205e-07
      vertex 13.3668 -78.1235 0.4
    endloop
  endfacet
  facet normal -0.100562 -0.994931 0
    outer loop
      vertex 6.16813 -76.686 5.72205e-07
      vertex 6.37194 -76.7066 0.4
      vertex 6.16813 -76.686 0.4
    endloop
  endfacet
  facet normal -0.100562 -0.994931 -0
    outer loop
      vertex 6.37194 -76.7066 0.4
      vertex 6.16813 -76.686 5.72205e-07
      vertex 6.37194 -76.7066 5.72205e-07
    endloop
  endfacet
  facet normal -0.173693 -0.9848 0
    outer loop
      vertex 6.37194 -76.7066 5.72205e-07
      vertex 6.56698 -76.741 0.4
      vertex 6.37194 -76.7066 0.4
    endloop
  endfacet
  facet normal -0.173693 -0.9848 -0
    outer loop
      vertex 6.56698 -76.741 0.4
      vertex 6.37194 -76.7066 5.72205e-07
      vertex 6.56698 -76.741 5.72205e-07
    endloop
  endfacet
  facet normal -0.250563 -0.9681 0
    outer loop
      vertex 6.56698 -76.741 5.72205e-07
      vertex 6.75321 -76.7892 0.4
      vertex 6.56698 -76.741 0.4
    endloop
  endfacet
  facet normal -0.250563 -0.9681 -0
    outer loop
      vertex 6.75321 -76.7892 0.4
      vertex 6.56698 -76.741 5.72205e-07
      vertex 6.75321 -76.7892 5.72205e-07
    endloop
  endfacet
  facet normal -0.329824 -0.944042 0
    outer loop
      vertex 6.75321 -76.7892 5.72205e-07
      vertex 6.93067 -76.8512 0.4
      vertex 6.75321 -76.7892 0.4
    endloop
  endfacet
  facet normal -0.329824 -0.944042 -0
    outer loop
      vertex 6.93067 -76.8512 0.4
      vertex 6.75321 -76.7892 5.72205e-07
      vertex 6.93067 -76.8512 5.72205e-07
    endloop
  endfacet
  facet normal -0.409458 -0.912329 0
    outer loop
      vertex 6.93067 -76.8512 5.72205e-07
      vertex 7.09934 -76.9269 0.4
      vertex 6.93067 -76.8512 0.4
    endloop
  endfacet
  facet normal -0.409458 -0.912329 -0
    outer loop
      vertex 7.09934 -76.9269 0.4
      vertex 6.93067 -76.8512 5.72205e-07
      vertex 7.09934 -76.9269 5.72205e-07
    endloop
  endfacet
  facet normal -0.488467 -0.872582 0
    outer loop
      vertex 7.09934 -76.9269 5.72205e-07
      vertex 7.25922 -77.0164 0.4
      vertex 7.09934 -76.9269 0.4
    endloop
  endfacet
  facet normal -0.488467 -0.872582 -0
    outer loop
      vertex 7.25922 -77.0164 0.4
      vertex 7.09934 -76.9269 5.72205e-07
      vertex 7.25922 -77.0164 5.72205e-07
    endloop
  endfacet
  facet normal -0.56836 -0.82278 0
    outer loop
      vertex 7.25922 -77.0164 5.72205e-07
      vertex 7.40934 -77.1201 0.4
      vertex 7.25922 -77.0164 0.4
    endloop
  endfacet
  facet normal -0.56836 -0.82278 -0
    outer loop
      vertex 7.40934 -77.1201 0.4
      vertex 7.25922 -77.0164 5.72205e-07
      vertex 7.40934 -77.1201 5.72205e-07
    endloop
  endfacet
  facet normal -0.646116 -0.763239 0
    outer loop
      vertex 7.40934 -77.1201 5.72205e-07
      vertex 7.54873 -77.2381 0.4
      vertex 7.40934 -77.1201 0.4
    endloop
  endfacet
  facet normal -0.646116 -0.763239 -0
    outer loop
      vertex 7.54873 -77.2381 0.4
      vertex 7.40934 -77.1201 5.72205e-07
      vertex 7.54873 -77.2381 5.72205e-07
    endloop
  endfacet
  facet normal -0.717635 -0.69642 0
    outer loop
      vertex 7.67741 -77.3707 5.72205e-07
      vertex 7.54873 -77.2381 0.4
      vertex 7.54873 -77.2381 5.72205e-07
    endloop
  endfacet
  facet normal -0.717635 -0.69642 0
    outer loop
      vertex 7.54873 -77.2381 0.4
      vertex 7.67741 -77.3707 5.72205e-07
      vertex 7.67741 -77.3707 0.4
    endloop
  endfacet
  facet normal -0.780014 -0.625762 0
    outer loop
      vertex 7.79534 -77.5177 5.72205e-07
      vertex 7.67741 -77.3707 0.4
      vertex 7.67741 -77.3707 5.72205e-07
    endloop
  endfacet
  facet normal -0.780014 -0.625762 0
    outer loop
      vertex 7.67741 -77.3707 0.4
      vertex 7.79534 -77.5177 5.72205e-07
      vertex 7.79534 -77.5177 0.4
    endloop
  endfacet
  facet normal -0.833088 -0.55314 0
    outer loop
      vertex 7.90257 -77.6792 5.72205e-07
      vertex 7.79534 -77.5177 0.4
      vertex 7.79534 -77.5177 5.72205e-07
    endloop
  endfacet
  facet normal -0.833088 -0.55314 0
    outer loop
      vertex 7.79534 -77.5177 0.4
      vertex 7.90257 -77.6792 5.72205e-07
      vertex 7.90257 -77.6792 0.4
    endloop
  endfacet
  facet normal -0.876773 -0.480904 0
    outer loop
      vertex 7.99905 -77.8551 5.72205e-07
      vertex 7.90257 -77.6792 0.4
      vertex 7.90257 -77.6792 5.72205e-07
    endloop
  endfacet
  facet normal -0.876773 -0.480904 0
    outer loop
      vertex 7.90257 -77.6792 0.4
      vertex 7.99905 -77.8551 5.72205e-07
      vertex 7.99905 -77.8551 0.4
    endloop
  endfacet
  facet normal -0.91176 -0.410723 0
    outer loop
      vertex 8.08482 -78.0455 5.72205e-07
      vertex 7.99905 -77.8551 0.4
      vertex 7.99905 -77.8551 5.72205e-07
    endloop
  endfacet
  facet normal -0.91176 -0.410723 0
    outer loop
      vertex 7.99905 -77.8551 0.4
      vertex 8.08482 -78.0455 5.72205e-07
      vertex 8.08482 -78.0455 0.4
    endloop
  endfacet
  facet normal -0.353123 0.935577 0
    outer loop
      vertex 8.08482 -78.0455 5.72205e-07
      vertex 7.21342 -78.3744 0.4
      vertex 8.08482 -78.0455 0.4
    endloop
  endfacet
  facet normal -0.353123 0.935577 0
    outer loop
      vertex 7.21342 -78.3744 0.4
      vertex 8.08482 -78.0455 5.72205e-07
      vertex 7.21342 -78.3744 5.72205e-07
    endloop
  endfacet
  facet normal 0.906879 0.421392 0
    outer loop
      vertex 7.21342 -78.3744 0.4
      vertex 7.10139 -78.1333 5.72205e-07
      vertex 7.10139 -78.1333 0.4
    endloop
  endfacet
  facet normal 0.906879 0.421392 0
    outer loop
      vertex 7.10139 -78.1333 5.72205e-07
      vertex 7.21342 -78.3744 0.4
      vertex 7.21342 -78.3744 5.72205e-07
    endloop
  endfacet
  facet normal 0.834741 0.550643 0
    outer loop
      vertex 7.10139 -78.1333 0.4
      vertex 6.96682 -77.9293 5.72205e-07
      vertex 6.96682 -77.9293 0.4
    endloop
  endfacet
  facet normal 0.834741 0.550643 0
    outer loop
      vertex 6.96682 -77.9293 5.72205e-07
      vertex 7.10139 -78.1333 0.4
      vertex 7.10139 -78.1333 5.72205e-07
    endloop
  endfacet
  facet normal 0.728053 0.685521 0
    outer loop
      vertex 6.96682 -77.9293 0.4
      vertex 6.80967 -77.7624 5.72205e-07
      vertex 6.80967 -77.7624 0.4
    endloop
  endfacet
  facet normal 0.728053 0.685521 0
    outer loop
      vertex 6.80967 -77.7624 5.72205e-07
      vertex 6.96682 -77.9293 0.4
      vertex 6.96682 -77.9293 5.72205e-07
    endloop
  endfacet
  facet normal 0.58554 0.810644 -0
    outer loop
      vertex 6.80967 -77.7624 5.72205e-07
      vertex 6.62997 -77.6326 0.4
      vertex 6.80967 -77.7624 0.4
    endloop
  endfacet
  facet normal 0.58554 0.810644 0
    outer loop
      vertex 6.62997 -77.6326 0.4
      vertex 6.80967 -77.7624 5.72205e-07
      vertex 6.62997 -77.6326 5.72205e-07
    endloop
  endfacet
  facet normal 0.416645 0.909069 -0
    outer loop
      vertex 6.62997 -77.6326 5.72205e-07
      vertex 6.42771 -77.5399 0.4
      vertex 6.62997 -77.6326 0.4
    endloop
  endfacet
  facet normal 0.416645 0.909069 0
    outer loop
      vertex 6.42771 -77.5399 0.4
      vertex 6.62997 -77.6326 5.72205e-07
      vertex 6.42771 -77.5399 5.72205e-07
    endloop
  endfacet
  facet normal 0.240483 0.970653 -0
    outer loop
      vertex 6.42771 -77.5399 5.72205e-07
      vertex 6.20289 -77.4842 0.4
      vertex 6.42771 -77.5399 0.4
    endloop
  endfacet
  facet normal 0.240483 0.970653 0
    outer loop
      vertex 6.20289 -77.4842 0.4
      vertex 6.42771 -77.5399 5.72205e-07
      vertex 6.20289 -77.4842 5.72205e-07
    endloop
  endfacet
  facet normal 0.0745755 0.997215 -0
    outer loop
      vertex 6.20289 -77.4842 5.72205e-07
      vertex 5.95551 -77.4657 0.4
      vertex 6.20289 -77.4842 0.4
    endloop
  endfacet
  facet normal 0.0745755 0.997215 0
    outer loop
      vertex 5.95551 -77.4657 0.4
      vertex 6.20289 -77.4842 5.72205e-07
      vertex 5.95551 -77.4657 5.72205e-07
    endloop
  endfacet
  facet normal -0.0467152 0.998908 0
    outer loop
      vertex 5.95551 -77.4657 5.72205e-07
      vertex 5.76734 -77.4745 0.4
      vertex 5.95551 -77.4657 0.4
    endloop
  endfacet
  facet normal -0.0467152 0.998908 0
    outer loop
      vertex 5.76734 -77.4745 0.4
      vertex 5.95551 -77.4657 5.72205e-07
      vertex 5.76734 -77.4745 5.72205e-07
    endloop
  endfacet
  facet normal -0.150198 0.988656 0
    outer loop
      vertex 5.76734 -77.4745 5.72205e-07
      vertex 5.59225 -77.5011 0.4
      vertex 5.76734 -77.4745 0.4
    endloop
  endfacet
  facet normal -0.150198 0.988656 0
    outer loop
      vertex 5.59225 -77.5011 0.4
      vertex 5.76734 -77.4745 5.72205e-07
      vertex 5.59225 -77.5011 5.72205e-07
    endloop
  endfacet
  facet normal -0.263742 0.964593 0
    outer loop
      vertex 5.59225 -77.5011 5.72205e-07
      vertex 5.43023 -77.5454 0.4
      vertex 5.59225 -77.5011 0.4
    endloop
  endfacet
  facet normal -0.263742 0.964593 0
    outer loop
      vertex 5.43023 -77.5454 0.4
      vertex 5.59225 -77.5011 5.72205e-07
      vertex 5.43023 -77.5454 5.72205e-07
    endloop
  endfacet
  facet normal -0.384263 0.923224 0
    outer loop
      vertex 5.43023 -77.5454 5.72205e-07
      vertex 5.28127 -77.6074 0.4
      vertex 5.43023 -77.5454 0.4
    endloop
  endfacet
  facet normal -0.384263 0.923224 0
    outer loop
      vertex 5.28127 -77.6074 0.4
      vertex 5.43023 -77.5454 5.72205e-07
      vertex 5.28127 -77.6074 5.72205e-07
    endloop
  endfacet
  facet normal -0.505993 0.862537 0
    outer loop
      vertex 5.28127 -77.6074 5.72205e-07
      vertex 5.14541 -77.6871 0.4
      vertex 5.28127 -77.6074 0.4
    endloop
  endfacet
  facet normal -0.505993 0.862537 0
    outer loop
      vertex 5.14541 -77.6871 0.4
      vertex 5.28127 -77.6074 5.72205e-07
      vertex 5.14541 -77.6871 5.72205e-07
    endloop
  endfacet
  facet normal -0.621453 0.783452 0
    outer loop
      vertex 5.14541 -77.6871 5.72205e-07
      vertex 5.02262 -77.7845 0.4
      vertex 5.14541 -77.6871 0.4
    endloop
  endfacet
  facet normal -0.621453 0.783452 0
    outer loop
      vertex 5.02262 -77.7845 0.4
      vertex 5.14541 -77.6871 5.72205e-07
      vertex 5.02262 -77.7845 5.72205e-07
    endloop
  endfacet
  facet normal -0.724151 0.689641 0
    outer loop
      vertex 4.91291 -77.8997 5.72205e-07
      vertex 5.02262 -77.7845 0.4
      vertex 5.02262 -77.7845 5.72205e-07
    endloop
  endfacet
  facet normal -0.724151 0.689641 0
    outer loop
      vertex 5.02262 -77.7845 0.4
      vertex 4.91291 -77.8997 5.72205e-07
      vertex 4.91291 -77.8997 0.4
    endloop
  endfacet
  facet normal -0.809136 0.587621 0
    outer loop
      vertex 4.81712 -78.0316 5.72205e-07
      vertex 4.91291 -77.8997 0.4
      vertex 4.91291 -77.8997 5.72205e-07
    endloop
  endfacet
  facet normal -0.809136 0.587621 0
    outer loop
      vertex 4.91291 -77.8997 0.4
      vertex 4.81712 -78.0316 5.72205e-07
      vertex 4.81712 -78.0316 0.4
    endloop
  endfacet
  facet normal -0.876904 0.480666 0
    outer loop
      vertex 4.73605 -78.1795 5.72205e-07
      vertex 4.81712 -78.0316 0.4
      vertex 4.81712 -78.0316 5.72205e-07
    endloop
  endfacet
  facet normal -0.876904 0.480666 0
    outer loop
      vertex 4.81712 -78.0316 0.4
      vertex 4.73605 -78.1795 5.72205e-07
      vertex 4.73605 -78.1795 0.4
    endloop
  endfacet
  facet normal -0.926907 0.37529 0
    outer loop
      vertex 4.66973 -78.3433 5.72205e-07
      vertex 4.73605 -78.1795 0.4
      vertex 4.73605 -78.1795 5.72205e-07
    endloop
  endfacet
  facet normal -0.926907 0.37529 0
    outer loop
      vertex 4.73605 -78.1795 0.4
      vertex 4.66973 -78.3433 5.72205e-07
      vertex 4.66973 -78.3433 0.4
    endloop
  endfacet
  facet normal -0.961174 0.275943 0
    outer loop
      vertex 4.61814 -78.523 5.72205e-07
      vertex 4.66973 -78.3433 0.4
      vertex 4.66973 -78.3433 5.72205e-07
    endloop
  endfacet
  facet normal -0.961174 0.275943 0
    outer loop
      vertex 4.66973 -78.3433 0.4
      vertex 4.61814 -78.523 5.72205e-07
      vertex 4.61814 -78.523 0.4
    endloop
  endfacet
  facet normal -0.982713 0.185138 0
    outer loop
      vertex 4.58129 -78.7186 5.72205e-07
      vertex 4.61814 -78.523 0.4
      vertex 4.61814 -78.523 5.72205e-07
    endloop
  endfacet
  facet normal -0.982713 0.185138 0
    outer loop
      vertex 4.61814 -78.523 0.4
      vertex 4.58129 -78.7186 5.72205e-07
      vertex 4.58129 -78.7186 0.4
    endloop
  endfacet
  facet normal -0.994585 0.103924 0
    outer loop
      vertex 4.55918 -78.9302 5.72205e-07
      vertex 4.58129 -78.7186 0.4
      vertex 4.58129 -78.7186 5.72205e-07
    endloop
  endfacet
  facet normal -0.994585 0.103924 0
    outer loop
      vertex 4.58129 -78.7186 0.4
      vertex 4.55918 -78.9302 5.72205e-07
      vertex 4.55918 -78.9302 0.4
    endloop
  endfacet
  facet normal -0.999475 0.0323928 0
    outer loop
      vertex 4.55181 -79.1576 5.72205e-07
      vertex 4.55918 -78.9302 0.4
      vertex 4.55918 -78.9302 5.72205e-07
    endloop
  endfacet
  facet normal -0.999475 0.0323928 0
    outer loop
      vertex 4.55918 -78.9302 0.4
      vertex 4.55181 -79.1576 5.72205e-07
      vertex 4.55181 -79.1576 0.4
    endloop
  endfacet
  facet normal -0.999486 -0.0320497 0
    outer loop
      vertex 4.55898 -79.3812 5.72205e-07
      vertex 4.55181 -79.1576 0.4
      vertex 4.55181 -79.1576 5.72205e-07
    endloop
  endfacet
  facet normal -0.999486 -0.0320497 0
    outer loop
      vertex 4.55181 -79.1576 0.4
      vertex 4.55898 -79.3812 5.72205e-07
      vertex 4.55898 -79.3812 0.4
    endloop
  endfacet
  facet normal -0.994685 -0.102966 0
    outer loop
      vertex 4.58047 -79.5888 5.72205e-07
      vertex 4.55898 -79.3812 0.4
      vertex 4.55898 -79.3812 5.72205e-07
    endloop
  endfacet
  facet normal -0.994685 -0.102966 0
    outer loop
      vertex 4.55898 -79.3812 0.4
      vertex 4.58047 -79.5888 5.72205e-07
      vertex 4.58047 -79.5888 0.4
    endloop
  endfacet
  facet normal -0.983023 -0.183484 0
    outer loop
      vertex 4.61627 -79.7806 5.72205e-07
      vertex 4.58047 -79.5888 0.4
      vertex 4.58047 -79.5888 5.72205e-07
    endloop
  endfacet
  facet normal -0.983023 -0.183484 0
    outer loop
      vertex 4.58047 -79.5888 0.4
      vertex 4.61627 -79.7806 5.72205e-07
      vertex 4.61627 -79.7806 0.4
    endloop
  endfacet
  facet normal -0.961681 -0.274172 0
    outer loop
      vertex 4.66639 -79.9564 5.72205e-07
      vertex 4.61627 -79.7806 0.4
      vertex 4.61627 -79.7806 5.72205e-07
    endloop
  endfacet
  facet normal -0.961681 -0.274172 0
    outer loop
      vertex 4.61627 -79.7806 0.4
      vertex 4.66639 -79.9564 5.72205e-07
      vertex 4.66639 -79.9564 0.4
    endloop
  endfacet
  facet normal -0.927493 -0.37384 0
    outer loop
      vertex 4.73084 -80.1163 5.72205e-07
      vertex 4.66639 -79.9564 0.4
      vertex 4.66639 -79.9564 5.72205e-07
    endloop
  endfacet
  facet normal -0.927493 -0.37384 0
    outer loop
      vertex 4.66639 -79.9564 0.4
      vertex 4.73084 -80.1163 5.72205e-07
      vertex 4.73084 -80.1163 0.4
    endloop
  endfacet
  facet normal -0.877294 -0.479953 0
    outer loop
      vertex 4.80962 -80.2603 5.72205e-07
      vertex 4.73084 -80.1163 0.4
      vertex 4.73084 -80.1163 5.72205e-07
    endloop
  endfacet
  facet normal -0.877294 -0.479953 0
    outer loop
      vertex 4.73084 -80.1163 0.4
      vertex 4.80962 -80.2603 5.72205e-07
      vertex 4.80962 -80.2603 0.4
    endloop
  endfacet
  facet normal -0.808927 -0.587909 0
    outer loop
      vertex 4.90272 -80.3884 5.72205e-07
      vertex 4.80962 -80.2603 0.4
      vertex 4.80962 -80.2603 5.72205e-07
    endloop
  endfacet
  facet normal -0.808927 -0.587909 0
    outer loop
      vertex 4.80962 -80.2603 0.4
      vertex 4.90272 -80.3884 5.72205e-07
      vertex 4.90272 -80.3884 0.4
    endloop
  endfacet
  facet normal -0.721678 -0.692229 0
    outer loop
      vertex 5.00967 -80.4999 5.72205e-07
      vertex 4.90272 -80.3884 0.4
      vertex 4.90272 -80.3884 5.72205e-07
    endloop
  endfacet
  facet normal -0.721678 -0.692229 0
    outer loop
      vertex 4.90272 -80.3884 0.4
      vertex 5.00967 -80.4999 5.72205e-07
      vertex 5.00967 -80.4999 0.4
    endloop
  endfacet
  facet normal -0.61733 -0.786704 0
    outer loop
      vertex 5.00967 -80.4999 5.72205e-07
      vertex 5.12997 -80.5943 0.4
      vertex 5.00967 -80.4999 0.4
    endloop
  endfacet
  facet normal -0.61733 -0.786704 -0
    outer loop
      vertex 5.12997 -80.5943 0.4
      vertex 5.00967 -80.4999 5.72205e-07
      vertex 5.12997 -80.5943 5.72205e-07
    endloop
  endfacet
  facet normal -0.50018 -0.865921 0
    outer loop
      vertex 5.12997 -80.5943 5.72205e-07
      vertex 5.26362 -80.6715 0.4
      vertex 5.12997 -80.5943 0.4
    endloop
  endfacet
  facet normal -0.50018 -0.865921 -0
    outer loop
      vertex 5.26362 -80.6715 0.4
      vertex 5.12997 -80.5943 5.72205e-07
      vertex 5.26362 -80.6715 5.72205e-07
    endloop
  endfacet
  facet normal -0.378437 -0.925627 0
    outer loop
      vertex 5.26362 -80.6715 5.72205e-07
      vertex 5.41062 -80.7316 0.4
      vertex 5.26362 -80.6715 0.4
    endloop
  endfacet
  facet normal -0.378437 -0.925627 -0
    outer loop
      vertex 5.41062 -80.7316 0.4
      vertex 5.26362 -80.6715 5.72205e-07
      vertex 5.41062 -80.7316 5.72205e-07
    endloop
  endfacet
  facet normal -0.25842 -0.966033 0
    outer loop
      vertex 5.41062 -80.7316 5.72205e-07
      vertex 5.57099 -80.7745 0.4
      vertex 5.41062 -80.7316 0.4
    endloop
  endfacet
  facet normal -0.25842 -0.966033 -0
    outer loop
      vertex 5.57099 -80.7745 0.4
      vertex 5.41062 -80.7316 5.72205e-07
      vertex 5.57099 -80.7745 5.72205e-07
    endloop
  endfacet
  facet normal -0.146355 -0.989232 0
    outer loop
      vertex 5.57099 -80.7745 5.72205e-07
      vertex 5.7447 -80.8002 0.4
      vertex 5.57099 -80.7745 0.4
    endloop
  endfacet
  facet normal -0.146355 -0.989232 -0
    outer loop
      vertex 5.7447 -80.8002 0.4
      vertex 5.57099 -80.7745 5.72205e-07
      vertex 5.7447 -80.8002 5.72205e-07
    endloop
  endfacet
  facet normal -0.0459236 -0.998945 0
    outer loop
      vertex 5.7447 -80.8002 5.72205e-07
      vertex 5.93177 -80.8088 0.4
      vertex 5.7447 -80.8002 0.4
    endloop
  endfacet
  facet normal -0.0459236 -0.998945 -0
    outer loop
      vertex 5.93177 -80.8088 0.4
      vertex 5.7447 -80.8002 5.72205e-07
      vertex 5.93177 -80.8088 5.72205e-07
    endloop
  endfacet
  facet normal 0.0345093 -0.999404 0
    outer loop
      vertex 5.93177 -80.8088 5.72205e-07
      vertex 6.0563 -80.8045 0.4
      vertex 5.93177 -80.8088 0.4
    endloop
  endfacet
  facet normal 0.0345093 -0.999404 0
    outer loop
      vertex 6.0563 -80.8045 0.4
      vertex 5.93177 -80.8088 5.72205e-07
      vertex 6.0563 -80.8045 5.72205e-07
    endloop
  endfacet
  facet normal 0.107925 -0.994159 0
    outer loop
      vertex 6.0563 -80.8045 5.72205e-07
      vertex 6.17605 -80.7915 0.4
      vertex 6.0563 -80.8045 0.4
    endloop
  endfacet
  facet normal 0.107925 -0.994159 0
    outer loop
      vertex 6.17605 -80.7915 0.4
      vertex 6.0563 -80.8045 5.72205e-07
      vertex 6.17605 -80.7915 5.72205e-07
    endloop
  endfacet
  facet normal 0.184645 -0.982805 0
    outer loop
      vertex 6.17605 -80.7915 5.72205e-07
      vertex 6.29102 -80.7699 0.4
      vertex 6.17605 -80.7915 0.4
    endloop
  endfacet
  facet normal 0.184645 -0.982805 0
    outer loop
      vertex 6.29102 -80.7699 0.4
      vertex 6.17605 -80.7915 5.72205e-07
      vertex 6.29102 -80.7699 5.72205e-07
    endloop
  endfacet
  facet normal 0.265116 -0.964217 0
    outer loop
      vertex 6.29102 -80.7699 5.72205e-07
      vertex 6.40122 -80.7396 0.4
      vertex 6.29102 -80.7699 0.4
    endloop
  endfacet
  facet normal 0.265116 -0.964217 0
    outer loop
      vertex 6.40122 -80.7396 0.4
      vertex 6.29102 -80.7699 5.72205e-07
      vertex 6.40122 -80.7396 5.72205e-07
    endloop
  endfacet
  facet normal 0.346155 -0.938177 0
    outer loop
      vertex 6.40122 -80.7396 5.72205e-07
      vertex 6.50665 -80.7007 0.4
      vertex 6.40122 -80.7396 0.4
    endloop
  endfacet
  facet normal 0.346155 -0.938177 0
    outer loop
      vertex 6.50665 -80.7007 0.4
      vertex 6.40122 -80.7396 5.72205e-07
      vertex 6.50665 -80.7007 5.72205e-07
    endloop
  endfacet
  facet normal 0.427561 -0.903986 0
    outer loop
      vertex 6.50665 -80.7007 5.72205e-07
      vertex 6.60729 -80.6531 0.4
      vertex 6.50665 -80.7007 0.4
    endloop
  endfacet
  facet normal 0.427561 -0.903986 0
    outer loop
      vertex 6.60729 -80.6531 0.4
      vertex 6.50665 -80.7007 5.72205e-07
      vertex 6.60729 -80.6531 5.72205e-07
    endloop
  endfacet
  facet normal 0.505722 -0.862697 0
    outer loop
      vertex 6.60729 -80.6531 5.72205e-07
      vertex 6.70316 -80.5969 0.4
      vertex 6.60729 -80.6531 0.4
    endloop
  endfacet
  facet normal 0.505722 -0.862697 0
    outer loop
      vertex 6.70316 -80.5969 0.4
      vertex 6.60729 -80.6531 5.72205e-07
      vertex 6.70316 -80.5969 5.72205e-07
    endloop
  endfacet
  facet normal 0.580373 -0.814351 0
    outer loop
      vertex 6.70316 -80.5969 5.72205e-07
      vertex 6.79226 -80.5334 0.4
      vertex 6.70316 -80.5969 0.4
    endloop
  endfacet
  facet normal 0.580373 -0.814351 0
    outer loop
      vertex 6.79226 -80.5334 0.4
      vertex 6.70316 -80.5969 5.72205e-07
      vertex 6.79226 -80.5334 5.72205e-07
    endloop
  endfacet
  facet normal 0.65492 -0.755698 0
    outer loop
      vertex 6.79226 -80.5334 5.72205e-07
      vertex 6.87257 -80.4638 0.4
      vertex 6.79226 -80.5334 0.4
    endloop
  endfacet
  facet normal 0.65492 -0.755698 0
    outer loop
      vertex 6.87257 -80.4638 0.4
      vertex 6.79226 -80.5334 5.72205e-07
      vertex 6.87257 -80.4638 5.72205e-07
    endloop
  endfacet
  facet normal 0.726533 -0.687131 0
    outer loop
      vertex 6.87257 -80.4638 0.4
      vertex 6.94407 -80.3882 5.72205e-07
      vertex 6.94407 -80.3882 0.4
    endloop
  endfacet
  facet normal 0.726533 -0.687131 0
    outer loop
      vertex 6.94407 -80.3882 5.72205e-07
      vertex 6.87257 -80.4638 0.4
      vertex 6.87257 -80.4638 5.72205e-07
    endloop
  endfacet
  facet normal 0.792808 -0.609471 0
    outer loop
      vertex 6.94407 -80.3882 0.4
      vertex 7.0068 -80.3066 5.72205e-07
      vertex 7.0068 -80.3066 0.4
    endloop
  endfacet
  facet normal 0.792808 -0.609471 0
    outer loop
      vertex 7.0068 -80.3066 5.72205e-07
      vertex 6.94407 -80.3882 0.4
      vertex 6.94407 -80.3882 5.72205e-07
    endloop
  endfacet
  facet normal 0.851872 -0.523751 0
    outer loop
      vertex 7.0068 -80.3066 0.4
      vertex 7.06072 -80.2189 5.72205e-07
      vertex 7.06072 -80.2189 0.4
    endloop
  endfacet
  facet normal 0.851872 -0.523751 0
    outer loop
      vertex 7.06072 -80.2189 5.72205e-07
      vertex 7.0068 -80.3066 0.4
      vertex 7.0068 -80.3066 5.72205e-07
    endloop
  endfacet
  facet normal 0.900726 -0.434388 0
    outer loop
      vertex 7.06072 -80.2189 0.4
      vertex 7.10586 -80.1253 5.72205e-07
      vertex 7.10586 -80.1253 0.4
    endloop
  endfacet
  facet normal 0.900726 -0.434388 0
    outer loop
      vertex 7.10586 -80.1253 5.72205e-07
      vertex 7.06072 -80.2189 0.4
      vertex 7.06072 -80.2189 5.72205e-07
    endloop
  endfacet
  facet normal 0.939474 -0.342621 0
    outer loop
      vertex 7.10586 -80.1253 0.4
      vertex 7.14222 -80.0256 5.72205e-07
      vertex 7.14222 -80.0256 0.4
    endloop
  endfacet
  facet normal 0.939474 -0.342621 0
    outer loop
      vertex 7.14222 -80.0256 5.72205e-07
      vertex 7.10586 -80.1253 0.4
      vertex 7.10586 -80.1253 5.72205e-07
    endloop
  endfacet
  facet normal -0.263389 -0.96469 0
    outer loop
      vertex 7.14222 -80.0256 5.72205e-07
      vertex 8.02381 -80.2663 0.4
      vertex 7.14222 -80.0256 0.4
    endloop
  endfacet
  facet normal -0.263389 -0.96469 -0
    outer loop
      vertex 8.02381 -80.2663 0.4
      vertex 7.14222 -80.0256 5.72205e-07
      vertex 8.02381 -80.2663 5.72205e-07
    endloop
  endfacet
  facet normal -0.9367 0.350134 0
    outer loop
      vertex 7.95634 -80.4468 5.72205e-07
      vertex 8.02381 -80.2663 0.4
      vertex 8.02381 -80.2663 5.72205e-07
    endloop
  endfacet
  facet normal -0.9367 0.350134 0
    outer loop
      vertex 8.02381 -80.2663 0.4
      vertex 7.95634 -80.4468 5.72205e-07
      vertex 7.95634 -80.4468 0.4
    endloop
  endfacet
  facet normal -0.90175 0.432259 0
    outer loop
      vertex 7.876 -80.6144 5.72205e-07
      vertex 7.95634 -80.4468 0.4
      vertex 7.95634 -80.4468 5.72205e-07
    endloop
  endfacet
  facet normal -0.90175 0.432259 0
    outer loop
      vertex 7.95634 -80.4468 0.4
      vertex 7.876 -80.6144 5.72205e-07
      vertex 7.876 -80.6144 0.4
    endloop
  endfacet
  facet normal -0.856367 0.516368 0
    outer loop
      vertex 7.78278 -80.769 5.72205e-07
      vertex 7.876 -80.6144 0.4
      vertex 7.876 -80.6144 5.72205e-07
    endloop
  endfacet
  facet normal -0.856367 0.516368 0
    outer loop
      vertex 7.876 -80.6144 0.4
      vertex 7.78278 -80.769 5.72205e-07
      vertex 7.78278 -80.769 0.4
    endloop
  endfacet
  facet normal -0.800501 0.599331 0
    outer loop
      vertex 7.67669 -80.9107 5.72205e-07
      vertex 7.78278 -80.769 0.4
      vertex 7.78278 -80.769 5.72205e-07
    endloop
  endfacet
  facet normal -0.800501 0.599331 0
    outer loop
      vertex 7.78278 -80.769 0.4
      vertex 7.67669 -80.9107 5.72205e-07
      vertex 7.67669 -80.9107 0.4
    endloop
  endfacet
  facet normal -0.734348 0.678773 0
    outer loop
      vertex 7.55773 -81.0394 5.72205e-07
      vertex 7.67669 -80.9107 0.4
      vertex 7.67669 -80.9107 5.72205e-07
    endloop
  endfacet
  facet normal -0.734348 0.678773 0
    outer loop
      vertex 7.67669 -80.9107 0.4
      vertex 7.55773 -81.0394 5.72205e-07
      vertex 7.55773 -81.0394 0.4
    endloop
  endfacet
  facet normal -0.65998 0.751283 0
    outer loop
      vertex 7.55773 -81.0394 5.72205e-07
      vertex 7.42591 -81.1552 0.4
      vertex 7.55773 -81.0394 0.4
    endloop
  endfacet
  facet normal -0.65998 0.751283 0
    outer loop
      vertex 7.42591 -81.1552 0.4
      vertex 7.55773 -81.0394 5.72205e-07
      vertex 7.42591 -81.1552 5.72205e-07
    endloop
  endfacet
  facet normal -0.579532 0.814949 0
    outer loop
      vertex 7.42591 -81.1552 5.72205e-07
      vertex 7.28121 -81.2581 0.4
      vertex 7.42591 -81.1552 0.4
    endloop
  endfacet
  facet normal -0.579532 0.814949 0
    outer loop
      vertex 7.28121 -81.2581 0.4
      vertex 7.42591 -81.1552 5.72205e-07
      vertex 7.28121 -81.2581 5.72205e-07
    endloop
  endfacet
  facet normal -0.494128 0.869389 0
    outer loop
      vertex 7.28121 -81.2581 5.72205e-07
      vertex 7.12374 -81.3476 0.4
      vertex 7.28121 -81.2581 0.4
    endloop
  endfacet
  facet normal -0.494128 0.869389 0
    outer loop
      vertex 7.12374 -81.3476 0.4
      vertex 7.28121 -81.2581 5.72205e-07
      vertex 7.12374 -81.3476 5.72205e-07
    endloop
  endfacet
  facet normal -0.406348 0.913719 0
    outer loop
      vertex 7.12374 -81.3476 5.72205e-07
      vertex 6.95352 -81.4233 0.4
      vertex 7.12374 -81.3476 0.4
    endloop
  endfacet
  facet normal -0.406348 0.913719 0
    outer loop
      vertex 6.95352 -81.4233 0.4
      vertex 7.12374 -81.3476 5.72205e-07
      vertex 6.95352 -81.4233 5.72205e-07
    endloop
  endfacet
  facet normal -0.320945 0.947098 0
    outer loop
      vertex 6.95352 -81.4233 5.72205e-07
      vertex 6.77056 -81.4853 0.4
      vertex 6.95352 -81.4233 0.4
    endloop
  endfacet
  facet normal -0.320945 0.947098 0
    outer loop
      vertex 6.77056 -81.4853 0.4
      vertex 6.95352 -81.4233 5.72205e-07
      vertex 6.77056 -81.4853 5.72205e-07
    endloop
  endfacet
  facet normal -0.239172 0.970977 0
    outer loop
      vertex 6.77056 -81.4853 5.72205e-07
      vertex 6.57488 -81.5335 0.4
      vertex 6.77056 -81.4853 0.4
    endloop
  endfacet
  facet normal -0.239172 0.970977 0
    outer loop
      vertex 6.57488 -81.5335 0.4
      vertex 6.77056 -81.4853 5.72205e-07
      vertex 6.57488 -81.5335 5.72205e-07
    endloop
  endfacet
  facet normal -0.162848 0.986651 0
    outer loop
      vertex 6.57488 -81.5335 5.72205e-07
      vertex 6.36646 -81.5679 0.4
      vertex 6.57488 -81.5335 0.4
    endloop
  endfacet
  facet normal -0.162848 0.986651 0
    outer loop
      vertex 6.36646 -81.5679 0.4
      vertex 6.57488 -81.5335 5.72205e-07
      vertex 6.36646 -81.5679 5.72205e-07
    endloop
  endfacet
  facet normal -0.0931901 0.995648 0
    outer loop
      vertex 6.36646 -81.5679 5.72205e-07
      vertex 6.1453 -81.5886 0.4
      vertex 6.36646 -81.5679 0.4
    endloop
  endfacet
  facet normal -0.0931901 0.995648 0
    outer loop
      vertex 6.1453 -81.5886 0.4
      vertex 6.36646 -81.5679 5.72205e-07
      vertex 6.1453 -81.5886 5.72205e-07
    endloop
  endfacet
  facet normal -0.0294895 0.999565 0
    outer loop
      vertex 6.1453 -81.5886 5.72205e-07
      vertex 5.91142 -81.5955 0.4
      vertex 6.1453 -81.5886 0.4
    endloop
  endfacet
  facet normal -0.0294895 0.999565 0
    outer loop
      vertex 5.91142 -81.5955 0.4
      vertex 6.1453 -81.5886 5.72205e-07
      vertex 5.91142 -81.5955 5.72205e-07
    endloop
  endfacet
  facet normal 0.0405022 0.999179 -0
    outer loop
      vertex 5.91142 -81.5955 5.72205e-07
      vertex 5.59318 -81.5826 0.4
      vertex 5.91142 -81.5955 0.4
    endloop
  endfacet
  facet normal 0.0405022 0.999179 0
    outer loop
      vertex 5.59318 -81.5826 0.4
      vertex 5.91142 -81.5955 5.72205e-07
      vertex 5.59318 -81.5826 5.72205e-07
    endloop
  endfacet
  facet normal 0.129332 0.991601 -0
    outer loop
      vertex 5.59318 -81.5826 5.72205e-07
      vertex 5.29723 -81.544 0.4
      vertex 5.59318 -81.5826 0.4
    endloop
  endfacet
  facet normal 0.129332 0.991601 0
    outer loop
      vertex 5.29723 -81.544 0.4
      vertex 5.59318 -81.5826 5.72205e-07
      vertex 5.29723 -81.544 5.72205e-07
    endloop
  endfacet
  facet normal 0.229071 0.97341 -0
    outer loop
      vertex 5.29723 -81.544 5.72205e-07
      vertex 5.02357 -81.4796 0.4
      vertex 5.29723 -81.544 0.4
    endloop
  endfacet
  facet normal 0.229071 0.97341 0
    outer loop
      vertex 5.02357 -81.4796 0.4
      vertex 5.29723 -81.544 5.72205e-07
      vertex 5.02357 -81.4796 5.72205e-07
    endloop
  endfacet
  facet normal 0.337368 0.941373 -0
    outer loop
      vertex 5.02357 -81.4796 5.72205e-07
      vertex 4.77216 -81.3895 0.4
      vertex 5.02357 -81.4796 0.4
    endloop
  endfacet
  facet normal 0.337368 0.941373 0
    outer loop
      vertex 4.77216 -81.3895 0.4
      vertex 5.02357 -81.4796 5.72205e-07
      vertex 4.77216 -81.3895 5.72205e-07
    endloop
  endfacet
  facet normal 0.451089 0.892479 -0
    outer loop
      vertex 4.77216 -81.3895 5.72205e-07
      vertex 4.54305 -81.2737 0.4
      vertex 4.77216 -81.3895 0.4
    endloop
  endfacet
  facet normal 0.451089 0.892479 0
    outer loop
      vertex 4.54305 -81.2737 0.4
      vertex 4.77216 -81.3895 5.72205e-07
      vertex 4.54305 -81.2737 5.72205e-07
    endloop
  endfacet
  facet normal 0.564914 0.82515 -0
    outer loop
      vertex 4.54305 -81.2737 5.72205e-07
      vertex 4.33622 -81.1321 0.4
      vertex 4.54305 -81.2737 0.4
    endloop
  endfacet
  facet normal 0.564914 0.82515 0
    outer loop
      vertex 4.33622 -81.1321 0.4
      vertex 4.54305 -81.2737 5.72205e-07
      vertex 4.33622 -81.1321 5.72205e-07
    endloop
  endfacet
  facet normal 0.671633 0.740884 -0
    outer loop
      vertex 4.33622 -81.1321 5.72205e-07
      vertex 4.15167 -80.9648 0.4
      vertex 4.33622 -81.1321 0.4
    endloop
  endfacet
  facet normal 0.671633 0.740884 0
    outer loop
      vertex 4.15167 -80.9648 0.4
      vertex 4.33622 -81.1321 5.72205e-07
      vertex 4.15167 -80.9648 5.72205e-07
    endloop
  endfacet
  facet normal 0.765058 0.643961 0
    outer loop
      vertex 4.15167 -80.9648 0.4
      vertex 3.99065 -80.7735 5.72205e-07
      vertex 3.99065 -80.7735 0.4
    endloop
  endfacet
  facet normal 0.765058 0.643961 0
    outer loop
      vertex 3.99065 -80.7735 5.72205e-07
      vertex 4.15167 -80.9648 0.4
      vertex 4.15167 -80.9648 5.72205e-07
    endloop
  endfacet
  facet normal 0.843102 0.537754 0
    outer loop
      vertex 3.99065 -80.7735 0.4
      vertex 3.85441 -80.5599 5.72205e-07
      vertex 3.85441 -80.5599 0.4
    endloop
  endfacet
  facet normal 0.843102 0.537754 0
    outer loop
      vertex 3.85441 -80.5599 5.72205e-07
      vertex 3.99065 -80.7735 0.4
      vertex 3.99065 -80.7735 5.72205e-07
    endloop
  endfacet
  facet normal 0.904141 0.427234 0
    outer loop
      vertex 3.85441 -80.5599 0.4
      vertex 3.74294 -80.324 5.72205e-07
      vertex 3.74294 -80.324 0.4
    endloop
  endfacet
  facet normal 0.904141 0.427234 0
    outer loop
      vertex 3.74294 -80.324 5.72205e-07
      vertex 3.85441 -80.5599 0.4
      vertex 3.85441 -80.5599 5.72205e-07
    endloop
  endfacet
  facet normal 0.947983 0.31832 0
    outer loop
      vertex 3.74294 -80.324 0.4
      vertex 3.65624 -80.0658 5.72205e-07
      vertex 3.65624 -80.0658 0.4
    endloop
  endfacet
  facet normal 0.947983 0.31832 0
    outer loop
      vertex 3.65624 -80.0658 5.72205e-07
      vertex 3.74294 -80.324 0.4
      vertex 3.74294 -80.324 5.72205e-07
    endloop
  endfacet
  facet normal 0.976467 0.215666 0
    outer loop
      vertex 3.65624 -80.0658 0.4
      vertex 3.59431 -79.7854 5.72205e-07
      vertex 3.59431 -79.7854 0.4
    endloop
  endfacet
  facet normal 0.976467 0.215666 0
    outer loop
      vertex 3.59431 -79.7854 5.72205e-07
      vertex 3.65624 -80.0658 0.4
      vertex 3.65624 -80.0658 5.72205e-07
    endloop
  endfacet
  facet normal 0.992554 0.121807 0
    outer loop
      vertex 3.59431 -79.7854 0.4
      vertex 3.55715 -79.4826 5.72205e-07
      vertex 3.55715 -79.4826 0.4
    endloop
  endfacet
  facet normal 0.992554 0.121807 0
    outer loop
      vertex 3.55715 -79.4826 5.72205e-07
      vertex 3.59431 -79.7854 0.4
      vertex 3.59431 -79.7854 5.72205e-07
    endloop
  endfacet
  facet normal 0.999274 0.0380954 0
    outer loop
      vertex 3.55715 -79.4826 0.4
      vertex 3.54476 -79.1576 5.72205e-07
      vertex 3.54476 -79.1576 0.4
    endloop
  endfacet
  facet normal 0.999274 0.0380954 0
    outer loop
      vertex 3.54476 -79.1576 5.72205e-07
      vertex 3.55715 -79.4826 0.4
      vertex 3.55715 -79.4826 5.72205e-07
    endloop
  endfacet
  facet normal 0.999217 -0.0395684 0
    outer loop
      vertex 3.54476 -79.1576 0.4
      vertex 3.55761 -78.8331 5.72205e-07
      vertex 3.55761 -78.8331 0.4
    endloop
  endfacet
  facet normal 0.999217 -0.0395684 0
    outer loop
      vertex 3.55761 -78.8331 5.72205e-07
      vertex 3.54476 -79.1576 0.4
      vertex 3.54476 -79.1576 5.72205e-07
    endloop
  endfacet
  facet normal 0.992045 -0.125886 0
    outer loop
      vertex 3.55761 -78.8331 0.4
      vertex 3.59611 -78.5297 5.72205e-07
      vertex 3.59611 -78.5297 0.4
    endloop
  endfacet
  facet normal 0.992045 -0.125886 0
    outer loop
      vertex 3.59611 -78.5297 5.72205e-07
      vertex 3.55761 -78.8331 0.4
      vertex 3.55761 -78.8331 5.72205e-07
    endloop
  endfacet
  facet normal 0.975066 -0.221914 0
    outer loop
      vertex 3.59611 -78.5297 0.4
      vertex 3.66029 -78.2477 5.72205e-07
      vertex 3.66029 -78.2477 0.4
    endloop
  endfacet
  facet normal 0.975066 -0.221914 0
    outer loop
      vertex 3.66029 -78.2477 5.72205e-07
      vertex 3.59611 -78.5297 0.4
      vertex 3.59611 -78.5297 5.72205e-07
    endloop
  endfacet
  facet normal 0.945491 -0.325649 0
    outer loop
      vertex 3.66029 -78.2477 0.4
      vertex 3.75015 -77.9868 5.72205e-07
      vertex 3.75015 -77.9868 0.4
    endloop
  endfacet
  facet normal 0.945491 -0.325649 0
    outer loop
      vertex 3.75015 -77.9868 5.72205e-07
      vertex 3.66029 -78.2477 0.4
      vertex 3.66029 -78.2477 5.72205e-07
    endloop
  endfacet
  facet normal 0.9008 -0.434234 0
    outer loop
      vertex 3.75015 -77.9868 0.4
      vertex 3.86565 -77.7472 5.72205e-07
      vertex 3.86565 -77.7472 0.4
    endloop
  endfacet
  facet normal 0.9008 -0.434234 0
    outer loop
      vertex 3.86565 -77.7472 5.72205e-07
      vertex 3.75015 -77.9868 0.4
      vertex 3.75015 -77.9868 5.72205e-07
    endloop
  endfacet
  facet normal 0.839645 -0.543135 0
    outer loop
      vertex 3.86565 -77.7472 0.4
      vertex 4.00686 -77.5289 5.72205e-07
      vertex 4.00686 -77.5289 0.4
    endloop
  endfacet
  facet normal 0.839645 -0.543135 0
    outer loop
      vertex 4.00686 -77.5289 5.72205e-07
      vertex 3.86565 -77.7472 0.4
      vertex 3.86565 -77.7472 5.72205e-07
    endloop
  endfacet
  facet normal 0.763247 -0.646107 0
    outer loop
      vertex 4.00686 -77.5289 0.4
      vertex 4.17371 -77.3318 5.72205e-07
      vertex 4.17371 -77.3318 0.4
    endloop
  endfacet
  facet normal 0.763247 -0.646107 0
    outer loop
      vertex 4.17371 -77.3318 5.72205e-07
      vertex 4.00686 -77.5289 0.4
      vertex 4.00686 -77.5289 5.72205e-07
    endloop
  endfacet
  facet normal 0.672866 -0.739764 0
    outer loop
      vertex 4.17371 -77.3318 5.72205e-07
      vertex 4.36413 -77.1586 0.4
      vertex 4.17371 -77.3318 0.4
    endloop
  endfacet
  facet normal 0.672866 -0.739764 0
    outer loop
      vertex 4.36413 -77.1586 0.4
      vertex 4.17371 -77.3318 5.72205e-07
      vertex 4.36413 -77.1586 5.72205e-07
    endloop
  endfacet
  facet normal 0.568903 -0.822405 0
    outer loop
      vertex 4.36413 -77.1586 5.72205e-07
      vertex 4.57591 -77.0121 0.4
      vertex 4.36413 -77.1586 0.4
    endloop
  endfacet
  facet normal 0.568903 -0.822405 0
    outer loop
      vertex 4.57591 -77.0121 0.4
      vertex 4.36413 -77.1586 5.72205e-07
      vertex 4.57591 -77.0121 5.72205e-07
    endloop
  endfacet
  facet normal 0.4573 -0.889313 0
    outer loop
      vertex 4.57591 -77.0121 5.72205e-07
      vertex 4.80908 -76.8922 0.4
      vertex 4.57591 -77.0121 0.4
    endloop
  endfacet
  facet normal 0.4573 -0.889313 0
    outer loop
      vertex 4.80908 -76.8922 0.4
      vertex 4.57591 -77.0121 5.72205e-07
      vertex 4.80908 -76.8922 5.72205e-07
    endloop
  endfacet
  facet normal 0.343839 -0.939028 0
    outer loop
      vertex 4.80908 -76.8922 5.72205e-07
      vertex 5.06361 -76.799 0.4
      vertex 4.80908 -76.8922 0.4
    endloop
  endfacet
  facet normal 0.343839 -0.939028 0
    outer loop
      vertex 5.06361 -76.799 0.4
      vertex 4.80908 -76.8922 5.72205e-07
      vertex 5.06361 -76.799 5.72205e-07
    endloop
  endfacet
  facet normal 0.234636 -0.972083 0
    outer loop
      vertex 5.06361 -76.799 5.72205e-07
      vertex 5.33953 -76.7324 0.4
      vertex 5.06361 -76.799 0.4
    endloop
  endfacet
  facet normal 0.234636 -0.972083 0
    outer loop
      vertex 5.33953 -76.7324 0.4
      vertex 5.06361 -76.799 5.72205e-07
      vertex 5.33953 -76.7324 5.72205e-07
    endloop
  endfacet
  facet normal 0.133343 -0.99107 0
    outer loop
      vertex 5.33953 -76.7324 5.72205e-07
      vertex 5.63683 -76.6924 0.4
      vertex 5.33953 -76.7324 0.4
    endloop
  endfacet
  facet normal 0.133343 -0.99107 0
    outer loop
      vertex 5.63683 -76.6924 0.4
      vertex 5.33953 -76.7324 5.72205e-07
      vertex 5.63683 -76.6924 5.72205e-07
    endloop
  endfacet
  facet normal 0.0416984 -0.99913 0
    outer loop
      vertex 5.63683 -76.6924 5.72205e-07
      vertex 5.95551 -76.6791 0.4
      vertex 5.63683 -76.6924 0.4
    endloop
  endfacet
  facet normal 0.0416984 -0.99913 0
    outer loop
      vertex 5.95551 -76.6791 0.4
      vertex 5.63683 -76.6924 5.72205e-07
      vertex 5.95551 -76.6791 5.72205e-07
    endloop
  endfacet
  facet normal -0.0324352 -0.999474 0
    outer loop
      vertex 5.95551 -76.6791 5.72205e-07
      vertex 6.16813 -76.686 0.4
      vertex 5.95551 -76.6791 0.4
    endloop
  endfacet
  facet normal -0.0324352 -0.999474 -0
    outer loop
      vertex 6.16813 -76.686 0.4
      vertex 5.95551 -76.6791 5.72205e-07
      vertex 6.16813 -76.686 5.72205e-07
    endloop
  endfacet
  facet normal -0.100567 -0.99493 0
    outer loop
      vertex 24.6356 -76.686 5.72205e-07
      vertex 24.8394 -76.7066 0.4
      vertex 24.6356 -76.686 0.4
    endloop
  endfacet
  facet normal -0.100567 -0.99493 -0
    outer loop
      vertex 24.8394 -76.7066 0.4
      vertex 24.6356 -76.686 5.72205e-07
      vertex 24.8394 -76.7066 5.72205e-07
    endloop
  endfacet
  facet normal -0.173728 -0.984794 0
    outer loop
      vertex 24.8394 -76.7066 5.72205e-07
      vertex 25.0344 -76.741 0.4
      vertex 24.8394 -76.7066 0.4
    endloop
  endfacet
  facet normal -0.173728 -0.984794 -0
    outer loop
      vertex 25.0344 -76.741 0.4
      vertex 24.8394 -76.7066 5.72205e-07
      vertex 25.0344 -76.741 5.72205e-07
    endloop
  endfacet
  facet normal -0.250475 -0.968123 0
    outer loop
      vertex 25.0344 -76.741 5.72205e-07
      vertex 25.2207 -76.7892 0.4
      vertex 25.0344 -76.741 0.4
    endloop
  endfacet
  facet normal -0.250475 -0.968123 -0
    outer loop
      vertex 25.2207 -76.7892 0.4
      vertex 25.0344 -76.741 5.72205e-07
      vertex 25.2207 -76.7892 5.72205e-07
    endloop
  endfacet
  facet normal -0.329924 -0.944008 0
    outer loop
      vertex 25.2207 -76.7892 5.72205e-07
      vertex 25.3981 -76.8512 0.4
      vertex 25.2207 -76.7892 0.4
    endloop
  endfacet
  facet normal -0.329924 -0.944008 -0
    outer loop
      vertex 25.3981 -76.8512 0.4
      vertex 25.2207 -76.7892 5.72205e-07
      vertex 25.3981 -76.8512 5.72205e-07
    endloop
  endfacet
  facet normal -0.409397 -0.912356 0
    outer loop
      vertex 25.3981 -76.8512 5.72205e-07
      vertex 25.5668 -76.9269 0.4
      vertex 25.3981 -76.8512 0.4
    endloop
  endfacet
  facet normal -0.409397 -0.912356 -0
    outer loop
      vertex 25.5668 -76.9269 0.4
      vertex 25.3981 -76.8512 5.72205e-07
      vertex 25.5668 -76.9269 5.72205e-07
    endloop
  endfacet
  facet normal -0.488421 -0.872608 0
    outer loop
      vertex 25.5668 -76.9269 5.72205e-07
      vertex 25.7267 -77.0164 0.4
      vertex 25.5668 -76.9269 0.4
    endloop
  endfacet
  facet normal -0.488421 -0.872608 -0
    outer loop
      vertex 25.7267 -77.0164 0.4
      vertex 25.5668 -76.9269 5.72205e-07
      vertex 25.7267 -77.0164 5.72205e-07
    endloop
  endfacet
  facet normal -0.568412 -0.822744 0
    outer loop
      vertex 25.7267 -77.0164 5.72205e-07
      vertex 25.8768 -77.1201 0.4
      vertex 25.7267 -77.0164 0.4
    endloop
  endfacet
  facet normal -0.568412 -0.822744 -0
    outer loop
      vertex 25.8768 -77.1201 0.4
      vertex 25.7267 -77.0164 5.72205e-07
      vertex 25.8768 -77.1201 5.72205e-07
    endloop
  endfacet
  facet normal -0.646089 -0.763262 0
    outer loop
      vertex 25.8768 -77.1201 5.72205e-07
      vertex 26.0162 -77.2381 0.4
      vertex 25.8768 -77.1201 0.4
    endloop
  endfacet
  facet normal -0.646089 -0.763262 -0
    outer loop
      vertex 26.0162 -77.2381 0.4
      vertex 25.8768 -77.1201 5.72205e-07
      vertex 26.0162 -77.2381 5.72205e-07
    endloop
  endfacet
  facet normal -0.717581 -0.696475 0
    outer loop
      vertex 26.1449 -77.3707 5.72205e-07
      vertex 26.0162 -77.2381 0.4
      vertex 26.0162 -77.2381 5.72205e-07
    endloop
  endfacet
  facet normal -0.717581 -0.696475 0
    outer loop
      vertex 26.0162 -77.2381 0.4
      vertex 26.1449 -77.3707 5.72205e-07
      vertex 26.1449 -77.3707 0.4
    endloop
  endfacet
  facet normal -0.780092 -0.625665 0
    outer loop
      vertex 26.2628 -77.5177 5.72205e-07
      vertex 26.1449 -77.3707 0.4
      vertex 26.1449 -77.3707 5.72205e-07
    endloop
  endfacet
  facet normal -0.780092 -0.625665 0
    outer loop
      vertex 26.1449 -77.3707 0.4
      vertex 26.2628 -77.5177 5.72205e-07
      vertex 26.2628 -77.5177 0.4
    endloop
  endfacet
  facet normal -0.83316 -0.553032 0
    outer loop
      vertex 26.37 -77.6792 5.72205e-07
      vertex 26.2628 -77.5177 0.4
      vertex 26.2628 -77.5177 5.72205e-07
    endloop
  endfacet
  facet normal -0.83316 -0.553032 0
    outer loop
      vertex 26.2628 -77.5177 0.4
      vertex 26.37 -77.6792 5.72205e-07
      vertex 26.37 -77.6792 0.4
    endloop
  endfacet
  facet normal -0.876731 -0.480981 0
    outer loop
      vertex 26.4665 -77.8551 5.72205e-07
      vertex 26.37 -77.6792 0.4
      vertex 26.37 -77.6792 5.72205e-07
    endloop
  endfacet
  facet normal -0.876731 -0.480981 0
    outer loop
      vertex 26.37 -77.6792 0.4
      vertex 26.4665 -77.8551 5.72205e-07
      vertex 26.4665 -77.8551 0.4
    endloop
  endfacet
  facet normal -0.911706 -0.410842 0
    outer loop
      vertex 26.5523 -78.0455 5.72205e-07
      vertex 26.4665 -77.8551 0.4
      vertex 26.4665 -77.8551 5.72205e-07
    endloop
  endfacet
  facet normal -0.911706 -0.410842 0
    outer loop
      vertex 26.4665 -77.8551 0.4
      vertex 26.5523 -78.0455 5.72205e-07
      vertex 26.5523 -78.0455 0.4
    endloop
  endfacet
  facet normal -0.353123 0.935577 0
    outer loop
      vertex 26.5523 -78.0455 5.72205e-07
      vertex 25.6809 -78.3744 0.4
      vertex 26.5523 -78.0455 0.4
    endloop
  endfacet
  facet normal -0.353123 0.935577 0
    outer loop
      vertex 25.6809 -78.3744 0.4
      vertex 26.5523 -78.0455 5.72205e-07
      vertex 25.6809 -78.3744 5.72205e-07
    endloop
  endfacet
  facet normal 0.906922 0.421299 0
    outer loop
      vertex 25.6809 -78.3744 0.4
      vertex 25.5689 -78.1333 5.72205e-07
      vertex 25.5689 -78.1333 0.4
    endloop
  endfacet
  facet normal 0.906922 0.421299 0
    outer loop
      vertex 25.5689 -78.1333 5.72205e-07
      vertex 25.6809 -78.3744 0.4
      vertex 25.6809 -78.3744 5.72205e-07
    endloop
  endfacet
  facet normal 0.834685 0.550728 0
    outer loop
      vertex 25.5689 -78.1333 0.4
      vertex 25.4343 -77.9293 5.72205e-07
      vertex 25.4343 -77.9293 0.4
    endloop
  endfacet
  facet normal 0.834685 0.550728 0
    outer loop
      vertex 25.4343 -77.9293 5.72205e-07
      vertex 25.5689 -78.1333 0.4
      vertex 25.5689 -78.1333 5.72205e-07
    endloop
  endfacet
  facet normal 0.727944 0.685637 0
    outer loop
      vertex 25.4343 -77.9293 0.4
      vertex 25.2771 -77.7624 5.72205e-07
      vertex 25.2771 -77.7624 0.4
    endloop
  endfacet
  facet normal 0.727944 0.685637 0
    outer loop
      vertex 25.2771 -77.7624 5.72205e-07
      vertex 25.4343 -77.9293 0.4
      vertex 25.4343 -77.9293 5.72205e-07
    endloop
  endfacet
  facet normal 0.58554 0.810644 -0
    outer loop
      vertex 25.2771 -77.7624 5.72205e-07
      vertex 25.0974 -77.6326 0.4
      vertex 25.2771 -77.7624 0.4
    endloop
  endfacet
  facet normal 0.58554 0.810644 0
    outer loop
      vertex 25.0974 -77.6326 0.4
      vertex 25.2771 -77.7624 5.72205e-07
      vertex 25.0974 -77.6326 5.72205e-07
    endloop
  endfacet
  facet normal 0.416748 0.909022 -0
    outer loop
      vertex 25.0974 -77.6326 5.72205e-07
      vertex 24.8952 -77.5399 0.4
      vertex 25.0974 -77.6326 0.4
    endloop
  endfacet
  facet normal 0.416748 0.909022 0
    outer loop
      vertex 24.8952 -77.5399 0.4
      vertex 25.0974 -77.6326 5.72205e-07
      vertex 24.8952 -77.5399 5.72205e-07
    endloop
  endfacet
  facet normal 0.240503 0.970648 -0
    outer loop
      vertex 24.8952 -77.5399 5.72205e-07
      vertex 24.6704 -77.4842 0.4
      vertex 24.8952 -77.5399 0.4
    endloop
  endfacet
  facet normal 0.240503 0.970648 0
    outer loop
      vertex 24.6704 -77.4842 0.4
      vertex 24.8952 -77.5399 5.72205e-07
      vertex 24.6704 -77.4842 5.72205e-07
    endloop
  endfacet
  facet normal 0.0745695 0.997216 -0
    outer loop
      vertex 24.6704 -77.4842 5.72205e-07
      vertex 24.423 -77.4657 0.4
      vertex 24.6704 -77.4842 0.4
    endloop
  endfacet
  facet normal 0.0745695 0.997216 0
    outer loop
      vertex 24.423 -77.4657 0.4
      vertex 24.6704 -77.4842 5.72205e-07
      vertex 24.423 -77.4657 5.72205e-07
    endloop
  endfacet
  facet normal -0.0467077 0.998909 0
    outer loop
      vertex 24.423 -77.4657 5.72205e-07
      vertex 24.2348 -77.4745 0.4
      vertex 24.423 -77.4657 0.4
    endloop
  endfacet
  facet normal -0.0467077 0.998909 0
    outer loop
      vertex 24.2348 -77.4745 0.4
      vertex 24.423 -77.4657 5.72205e-07
      vertex 24.2348 -77.4745 5.72205e-07
    endloop
  endfacet
  facet normal -0.15019 0.988657 0
    outer loop
      vertex 24.2348 -77.4745 5.72205e-07
      vertex 24.0597 -77.5011 0.4
      vertex 24.2348 -77.4745 0.4
    endloop
  endfacet
  facet normal -0.15019 0.988657 0
    outer loop
      vertex 24.0597 -77.5011 0.4
      vertex 24.2348 -77.4745 5.72205e-07
      vertex 24.0597 -77.5011 5.72205e-07
    endloop
  endfacet
  facet normal -0.263772 0.964585 0
    outer loop
      vertex 24.0597 -77.5011 5.72205e-07
      vertex 23.8977 -77.5454 0.4
      vertex 24.0597 -77.5011 0.4
    endloop
  endfacet
  facet normal -0.263772 0.964585 0
    outer loop
      vertex 23.8977 -77.5454 0.4
      vertex 24.0597 -77.5011 5.72205e-07
      vertex 23.8977 -77.5454 5.72205e-07
    endloop
  endfacet
  facet normal -0.384175 0.92326 0
    outer loop
      vertex 23.8977 -77.5454 5.72205e-07
      vertex 23.7487 -77.6074 0.4
      vertex 23.8977 -77.5454 0.4
    endloop
  endfacet
  facet normal -0.384175 0.92326 0
    outer loop
      vertex 23.7487 -77.6074 0.4
      vertex 23.8977 -77.5454 5.72205e-07
      vertex 23.7487 -77.6074 5.72205e-07
    endloop
  endfacet
  facet normal -0.506159 0.86244 0
    outer loop
      vertex 23.7487 -77.6074 5.72205e-07
      vertex 23.6129 -77.6871 0.4
      vertex 23.7487 -77.6074 0.4
    endloop
  endfacet
  facet normal -0.506159 0.86244 0
    outer loop
      vertex 23.6129 -77.6871 0.4
      vertex 23.7487 -77.6074 5.72205e-07
      vertex 23.6129 -77.6871 5.72205e-07
    endloop
  endfacet
  facet normal -0.621422 0.783476 0
    outer loop
      vertex 23.6129 -77.6871 5.72205e-07
      vertex 23.4901 -77.7845 0.4
      vertex 23.6129 -77.6871 0.4
    endloop
  endfacet
  facet normal -0.621422 0.783476 0
    outer loop
      vertex 23.4901 -77.7845 0.4
      vertex 23.6129 -77.6871 5.72205e-07
      vertex 23.4901 -77.7845 5.72205e-07
    endloop
  endfacet
  facet normal -0.724183 0.689608 0
    outer loop
      vertex 23.3804 -77.8997 5.72205e-07
      vertex 23.4901 -77.7845 0.4
      vertex 23.4901 -77.7845 5.72205e-07
    endloop
  endfacet
  facet normal -0.724183 0.689608 0
    outer loop
      vertex 23.4901 -77.7845 0.4
      vertex 23.3804 -77.8997 5.72205e-07
      vertex 23.3804 -77.8997 0.4
    endloop
  endfacet
  facet normal -0.809107 0.587661 0
    outer loop
      vertex 23.2846 -78.0316 5.72205e-07
      vertex 23.3804 -77.8997 0.4
      vertex 23.3804 -77.8997 5.72205e-07
    endloop
  endfacet
  facet normal -0.809107 0.587661 0
    outer loop
      vertex 23.3804 -77.8997 0.4
      vertex 23.2846 -78.0316 5.72205e-07
      vertex 23.2846 -78.0316 0.4
    endloop
  endfacet
  facet normal -0.876829 0.480803 0
    outer loop
      vertex 23.2035 -78.1795 5.72205e-07
      vertex 23.2846 -78.0316 0.4
      vertex 23.2846 -78.0316 5.72205e-07
    endloop
  endfacet
  facet normal -0.876829 0.480803 0
    outer loop
      vertex 23.2846 -78.0316 0.4
      vertex 23.2035 -78.1795 5.72205e-07
      vertex 23.2035 -78.1795 0.4
    endloop
  endfacet
  facet normal -0.926947 0.375193 0
    outer loop
      vertex 23.1372 -78.3433 5.72205e-07
      vertex 23.2035 -78.1795 0.4
      vertex 23.2035 -78.1795 5.72205e-07
    endloop
  endfacet
  facet normal -0.926947 0.375193 0
    outer loop
      vertex 23.2035 -78.1795 0.4
      vertex 23.1372 -78.3433 5.72205e-07
      vertex 23.1372 -78.3433 0.4
    endloop
  endfacet
  facet normal -0.96116 0.275992 0
    outer loop
      vertex 23.0856 -78.523 5.72205e-07
      vertex 23.1372 -78.3433 0.4
      vertex 23.1372 -78.3433 5.72205e-07
    endloop
  endfacet
  facet normal -0.96116 0.275992 0
    outer loop
      vertex 23.1372 -78.3433 0.4
      vertex 23.0856 -78.523 5.72205e-07
      vertex 23.0856 -78.523 0.4
    endloop
  endfacet
  facet normal -0.982758 0.184895 0
    outer loop
      vertex 23.0488 -78.7186 5.72205e-07
      vertex 23.0856 -78.523 0.4
      vertex 23.0856 -78.523 5.72205e-07
    endloop
  endfacet
  facet normal -0.982758 0.184895 0
    outer loop
      vertex 23.0856 -78.523 0.4
      vertex 23.0488 -78.7186 5.72205e-07
      vertex 23.0488 -78.7186 0.4
    endloop
  endfacet
  facet normal -0.994541 0.104342 0
    outer loop
      vertex 23.0266 -78.9302 5.72205e-07
      vertex 23.0488 -78.7186 0.4
      vertex 23.0488 -78.7186 5.72205e-07
    endloop
  endfacet
  facet normal -0.994541 0.104342 0
    outer loop
      vertex 23.0488 -78.7186 0.4
      vertex 23.0266 -78.9302 5.72205e-07
      vertex 23.0266 -78.9302 0.4
    endloop
  endfacet
  facet normal -0.999485 0.0320855 0
    outer loop
      vertex 23.0193 -79.1576 5.72205e-07
      vertex 23.0266 -78.9302 0.4
      vertex 23.0266 -78.9302 5.72205e-07
    endloop
  endfacet
  facet normal -0.999485 0.0320855 0
    outer loop
      vertex 23.0266 -78.9302 0.4
      vertex 23.0193 -79.1576 5.72205e-07
      vertex 23.0193 -79.1576 0.4
    endloop
  endfacet
  facet normal -0.999496 -0.0317371 0
    outer loop
      vertex 23.0264 -79.3812 5.72205e-07
      vertex 23.0193 -79.1576 0.4
      vertex 23.0193 -79.1576 5.72205e-07
    endloop
  endfacet
  facet normal -0.999496 -0.0317371 0
    outer loop
      vertex 23.0193 -79.1576 0.4
      vertex 23.0264 -79.3812 5.72205e-07
      vertex 23.0264 -79.3812 0.4
    endloop
  endfacet
  facet normal -0.99468 -0.103014 0
    outer loop
      vertex 23.0479 -79.5888 5.72205e-07
      vertex 23.0264 -79.3812 0.4
      vertex 23.0264 -79.3812 5.72205e-07
    endloop
  endfacet
  facet normal -0.99468 -0.103014 0
    outer loop
      vertex 23.0264 -79.3812 0.4
      vertex 23.0479 -79.5888 5.72205e-07
      vertex 23.0479 -79.5888 0.4
    endloop
  endfacet
  facet normal -0.983023 -0.183484 0
    outer loop
      vertex 23.0837 -79.7806 5.72205e-07
      vertex 23.0479 -79.5888 0.4
      vertex 23.0479 -79.5888 5.72205e-07
    endloop
  endfacet
  facet normal -0.983023 -0.183484 0
    outer loop
      vertex 23.0479 -79.5888 0.4
      vertex 23.0837 -79.7806 5.72205e-07
      vertex 23.0837 -79.7806 0.4
    endloop
  endfacet
  facet normal -0.961565 -0.274577 0
    outer loop
      vertex 23.1339 -79.9564 5.72205e-07
      vertex 23.0837 -79.7806 0.4
      vertex 23.0837 -79.7806 5.72205e-07
    endloop
  endfacet
  facet normal -0.961565 -0.274577 0
    outer loop
      vertex 23.0837 -79.7806 0.4
      vertex 23.1339 -79.9564 5.72205e-07
      vertex 23.1339 -79.9564 0.4
    endloop
  endfacet
  facet normal -0.927594 -0.37359 0
    outer loop
      vertex 23.1983 -80.1163 5.72205e-07
      vertex 23.1339 -79.9564 0.4
      vertex 23.1339 -79.9564 5.72205e-07
    endloop
  endfacet
  facet normal -0.927594 -0.37359 0
    outer loop
      vertex 23.1339 -79.9564 0.4
      vertex 23.1983 -80.1163 5.72205e-07
      vertex 23.1983 -80.1163 0.4
    endloop
  endfacet
  facet normal -0.877243 -0.480047 0
    outer loop
      vertex 23.2771 -80.2603 5.72205e-07
      vertex 23.1983 -80.1163 0.4
      vertex 23.1983 -80.1163 5.72205e-07
    endloop
  endfacet
  facet normal -0.877243 -0.480047 0
    outer loop
      vertex 23.1983 -80.1163 0.4
      vertex 23.2771 -80.2603 5.72205e-07
      vertex 23.2771 -80.2603 0.4
    endloop
  endfacet
  facet normal -0.808927 -0.587909 0
    outer loop
      vertex 23.3702 -80.3884 5.72205e-07
      vertex 23.2771 -80.2603 0.4
      vertex 23.2771 -80.2603 5.72205e-07
    endloop
  endfacet
  facet normal -0.808927 -0.587909 0
    outer loop
      vertex 23.2771 -80.2603 0.4
      vertex 23.3702 -80.3884 5.72205e-07
      vertex 23.3702 -80.3884 0.4
    endloop
  endfacet
  facet normal -0.72184 -0.69206 0
    outer loop
      vertex 23.4771 -80.4999 5.72205e-07
      vertex 23.3702 -80.3884 0.4
      vertex 23.3702 -80.3884 5.72205e-07
    endloop
  endfacet
  facet normal -0.72184 -0.69206 0
    outer loop
      vertex 23.3702 -80.3884 0.4
      vertex 23.4771 -80.4999 5.72205e-07
      vertex 23.4771 -80.4999 0.4
    endloop
  endfacet
  facet normal -0.61733 -0.786704 0
    outer loop
      vertex 23.4771 -80.4999 5.72205e-07
      vertex 23.5974 -80.5943 0.4
      vertex 23.4771 -80.4999 0.4
    endloop
  endfacet
  facet normal -0.61733 -0.786704 -0
    outer loop
      vertex 23.5974 -80.5943 0.4
      vertex 23.4771 -80.4999 5.72205e-07
      vertex 23.5974 -80.5943 5.72205e-07
    endloop
  endfacet
  facet normal -0.50004 -0.866002 0
    outer loop
      vertex 23.5974 -80.5943 5.72205e-07
      vertex 23.7311 -80.6715 0.4
      vertex 23.5974 -80.5943 0.4
    endloop
  endfacet
  facet normal -0.50004 -0.866002 -0
    outer loop
      vertex 23.7311 -80.6715 0.4
      vertex 23.5974 -80.5943 5.72205e-07
      vertex 23.7311 -80.6715 5.72205e-07
    endloop
  endfacet
  facet normal -0.378437 -0.925627 0
    outer loop
      vertex 23.7311 -80.6715 5.72205e-07
      vertex 23.8781 -80.7316 0.4
      vertex 23.7311 -80.6715 0.4
    endloop
  endfacet
  facet normal -0.378437 -0.925627 -0
    outer loop
      vertex 23.8781 -80.7316 0.4
      vertex 23.7311 -80.6715 5.72205e-07
      vertex 23.8781 -80.7316 5.72205e-07
    endloop
  endfacet
  facet normal -0.258375 -0.966045 0
    outer loop
      vertex 23.8781 -80.7316 5.72205e-07
      vertex 24.0385 -80.7745 0.4
      vertex 23.8781 -80.7316 0.4
    endloop
  endfacet
  facet normal -0.258375 -0.966045 -0
    outer loop
      vertex 24.0385 -80.7745 0.4
      vertex 23.8781 -80.7316 5.72205e-07
      vertex 24.0385 -80.7745 5.72205e-07
    endloop
  endfacet
  facet normal -0.146363 -0.989231 0
    outer loop
      vertex 24.0385 -80.7745 5.72205e-07
      vertex 24.2122 -80.8002 0.4
      vertex 24.0385 -80.7745 0.4
    endloop
  endfacet
  facet normal -0.146363 -0.989231 -0
    outer loop
      vertex 24.2122 -80.8002 0.4
      vertex 24.0385 -80.7745 5.72205e-07
      vertex 24.2122 -80.8002 5.72205e-07
    endloop
  endfacet
  facet normal -0.0459407 -0.998944 0
    outer loop
      vertex 24.2122 -80.8002 5.72205e-07
      vertex 24.3992 -80.8088 0.4
      vertex 24.2122 -80.8002 0.4
    endloop
  endfacet
  facet normal -0.0459407 -0.998944 -0
    outer loop
      vertex 24.3992 -80.8088 0.4
      vertex 24.2122 -80.8002 5.72205e-07
      vertex 24.3992 -80.8088 5.72205e-07
    endloop
  endfacet
  facet normal 0.0344899 -0.999405 0
    outer loop
      vertex 24.3992 -80.8088 5.72205e-07
      vertex 24.5238 -80.8045 0.4
      vertex 24.3992 -80.8088 0.4
    endloop
  endfacet
  facet normal 0.0344899 -0.999405 0
    outer loop
      vertex 24.5238 -80.8045 0.4
      vertex 24.3992 -80.8088 5.72205e-07
      vertex 24.5238 -80.8045 5.72205e-07
    endloop
  endfacet
  facet normal 0.10797 -0.994154 0
    outer loop
      vertex 24.5238 -80.8045 5.72205e-07
      vertex 24.6435 -80.7915 0.4
      vertex 24.5238 -80.8045 0.4
    endloop
  endfacet
  facet normal 0.10797 -0.994154 0
    outer loop
      vertex 24.6435 -80.7915 0.4
      vertex 24.5238 -80.8045 5.72205e-07
      vertex 24.6435 -80.7915 5.72205e-07
    endloop
  endfacet
  facet normal 0.184598 -0.982814 0
    outer loop
      vertex 24.6435 -80.7915 5.72205e-07
      vertex 24.7585 -80.7699 0.4
      vertex 24.6435 -80.7915 0.4
    endloop
  endfacet
  facet normal 0.184598 -0.982814 0
    outer loop
      vertex 24.7585 -80.7699 0.4
      vertex 24.6435 -80.7915 5.72205e-07
      vertex 24.7585 -80.7699 5.72205e-07
    endloop
  endfacet
  facet normal 0.265116 -0.964217 0
    outer loop
      vertex 24.7585 -80.7699 5.72205e-07
      vertex 24.8687 -80.7396 0.4
      vertex 24.7585 -80.7699 0.4
    endloop
  endfacet
  facet normal 0.265116 -0.964217 0
    outer loop
      vertex 24.8687 -80.7396 0.4
      vertex 24.7585 -80.7699 5.72205e-07
      vertex 24.8687 -80.7396 5.72205e-07
    endloop
  endfacet
  facet normal 0.346242 -0.938145 0
    outer loop
      vertex 24.8687 -80.7396 5.72205e-07
      vertex 24.9741 -80.7007 0.4
      vertex 24.8687 -80.7396 0.4
    endloop
  endfacet
  facet normal 0.346242 -0.938145 0
    outer loop
      vertex 24.9741 -80.7007 0.4
      vertex 24.8687 -80.7396 5.72205e-07
      vertex 24.9741 -80.7007 5.72205e-07
    endloop
  endfacet
  facet normal 0.427353 -0.904085 0
    outer loop
      vertex 24.9741 -80.7007 5.72205e-07
      vertex 25.0748 -80.6531 0.4
      vertex 24.9741 -80.7007 0.4
    endloop
  endfacet
  facet normal 0.427353 -0.904085 0
    outer loop
      vertex 25.0748 -80.6531 0.4
      vertex 24.9741 -80.7007 5.72205e-07
      vertex 25.0748 -80.6531 5.72205e-07
    endloop
  endfacet
  facet normal 0.505997 -0.862535 0
    outer loop
      vertex 25.0748 -80.6531 5.72205e-07
      vertex 25.1706 -80.5969 0.4
      vertex 25.0748 -80.6531 0.4
    endloop
  endfacet
  facet normal 0.505997 -0.862535 0
    outer loop
      vertex 25.1706 -80.5969 0.4
      vertex 25.0748 -80.6531 5.72205e-07
      vertex 25.1706 -80.5969 5.72205e-07
    endloop
  endfacet
  facet normal 0.580373 -0.814351 0
    outer loop
      vertex 25.1706 -80.5969 5.72205e-07
      vertex 25.2597 -80.5334 0.4
      vertex 25.1706 -80.5969 0.4
    endloop
  endfacet
  facet normal 0.580373 -0.814351 0
    outer loop
      vertex 25.2597 -80.5334 0.4
      vertex 25.1706 -80.5969 5.72205e-07
      vertex 25.2597 -80.5334 5.72205e-07
    endloop
  endfacet
  facet normal 0.654966 -0.755658 0
    outer loop
      vertex 25.2597 -80.5334 5.72205e-07
      vertex 25.34 -80.4638 0.4
      vertex 25.2597 -80.5334 0.4
    endloop
  endfacet
  facet normal 0.654966 -0.755658 0
    outer loop
      vertex 25.34 -80.4638 0.4
      vertex 25.2597 -80.5334 5.72205e-07
      vertex 25.34 -80.4638 5.72205e-07
    endloop
  endfacet
  facet normal 0.726533 -0.687131 0
    outer loop
      vertex 25.34 -80.4638 0.4
      vertex 25.4115 -80.3882 5.72205e-07
      vertex 25.4115 -80.3882 0.4
    endloop
  endfacet
  facet normal 0.726533 -0.687131 0
    outer loop
      vertex 25.4115 -80.3882 5.72205e-07
      vertex 25.34 -80.4638 0.4
      vertex 25.34 -80.4638 5.72205e-07
    endloop
  endfacet
  facet normal 0.79248 -0.609898 0
    outer loop
      vertex 25.4115 -80.3882 0.4
      vertex 25.4743 -80.3066 5.72205e-07
      vertex 25.4743 -80.3066 0.4
    endloop
  endfacet
  facet normal 0.79248 -0.609898 0
    outer loop
      vertex 25.4743 -80.3066 5.72205e-07
      vertex 25.4115 -80.3882 0.4
      vertex 25.4115 -80.3882 5.72205e-07
    endloop
  endfacet
  facet normal 0.851958 -0.52361 0
    outer loop
      vertex 25.4743 -80.3066 0.4
      vertex 25.5282 -80.2189 5.72205e-07
      vertex 25.5282 -80.2189 0.4
    endloop
  endfacet
  facet normal 0.851958 -0.52361 0
    outer loop
      vertex 25.5282 -80.2189 5.72205e-07
      vertex 25.4743 -80.3066 0.4
      vertex 25.4743 -80.3066 5.72205e-07
    endloop
  endfacet
  facet normal 0.900876 -0.434076 0
    outer loop
      vertex 25.5282 -80.2189 0.4
      vertex 25.5733 -80.1253 5.72205e-07
      vertex 25.5733 -80.1253 0.4
    endloop
  endfacet
  facet normal 0.900876 -0.434076 0
    outer loop
      vertex 25.5733 -80.1253 5.72205e-07
      vertex 25.5282 -80.2189 0.4
      vertex 25.5282 -80.2189 5.72205e-07
    endloop
  endfacet
  facet normal 0.939353 -0.342953 0
    outer loop
      vertex 25.5733 -80.1253 0.4
      vertex 25.6097 -80.0256 5.72205e-07
      vertex 25.6097 -80.0256 0.4
    endloop
  endfacet
  facet normal 0.939353 -0.342953 0
    outer loop
      vertex 25.6097 -80.0256 5.72205e-07
      vertex 25.5733 -80.1253 0.4
      vertex 25.5733 -80.1253 5.72205e-07
    endloop
  endfacet
  facet normal -0.263386 -0.964691 0
    outer loop
      vertex 25.6097 -80.0256 5.72205e-07
      vertex 26.4913 -80.2663 0.4
      vertex 25.6097 -80.0256 0.4
    endloop
  endfacet
  facet normal -0.263386 -0.964691 -0
    outer loop
      vertex 26.4913 -80.2663 0.4
      vertex 25.6097 -80.0256 5.72205e-07
      vertex 26.4913 -80.2663 5.72205e-07
    endloop
  endfacet
  facet normal -0.936649 0.35027 0
    outer loop
      vertex 26.4238 -80.4468 5.72205e-07
      vertex 26.4913 -80.2663 0.4
      vertex 26.4913 -80.2663 5.72205e-07
    endloop
  endfacet
  facet normal -0.936649 0.35027 0
    outer loop
      vertex 26.4913 -80.2663 0.4
      vertex 26.4238 -80.4468 5.72205e-07
      vertex 26.4238 -80.4468 0.4
    endloop
  endfacet
  facet normal -0.901834 0.432084 0
    outer loop
      vertex 26.3435 -80.6144 5.72205e-07
      vertex 26.4238 -80.4468 0.4
      vertex 26.4238 -80.4468 5.72205e-07
    endloop
  endfacet
  facet normal -0.901834 0.432084 0
    outer loop
      vertex 26.4238 -80.4468 0.4
      vertex 26.3435 -80.6144 5.72205e-07
      vertex 26.3435 -80.6144 0.4
    endloop
  endfacet
  facet normal -0.856171 0.516693 0
    outer loop
      vertex 26.2502 -80.769 5.72205e-07
      vertex 26.3435 -80.6144 0.4
      vertex 26.3435 -80.6144 5.72205e-07
    endloop
  endfacet
  facet normal -0.856171 0.516693 0
    outer loop
      vertex 26.3435 -80.6144 0.4
      vertex 26.2502 -80.769 5.72205e-07
      vertex 26.2502 -80.769 0.4
    endloop
  endfacet
  facet normal -0.800745 0.599005 0
    outer loop
      vertex 26.1442 -80.9107 5.72205e-07
      vertex 26.2502 -80.769 0.4
      vertex 26.2502 -80.769 5.72205e-07
    endloop
  endfacet
  facet normal -0.800745 0.599005 0
    outer loop
      vertex 26.2502 -80.769 0.4
      vertex 26.1442 -80.9107 5.72205e-07
      vertex 26.1442 -80.9107 0.4
    endloop
  endfacet
  facet normal -0.734235 0.678896 0
    outer loop
      vertex 26.0252 -81.0394 5.72205e-07
      vertex 26.1442 -80.9107 0.4
      vertex 26.1442 -80.9107 5.72205e-07
    endloop
  endfacet
  facet normal -0.734235 0.678896 0
    outer loop
      vertex 26.1442 -80.9107 0.4
      vertex 26.0252 -81.0394 5.72205e-07
      vertex 26.0252 -81.0394 0.4
    endloop
  endfacet
  facet normal -0.660037 0.751233 0
    outer loop
      vertex 26.0252 -81.0394 5.72205e-07
      vertex 25.8934 -81.1552 0.4
      vertex 26.0252 -81.0394 0.4
    endloop
  endfacet
  facet normal -0.660037 0.751233 0
    outer loop
      vertex 25.8934 -81.1552 0.4
      vertex 26.0252 -81.0394 5.72205e-07
      vertex 25.8934 -81.1552 5.72205e-07
    endloop
  endfacet
  facet normal -0.579532 0.814949 0
    outer loop
      vertex 25.8934 -81.1552 5.72205e-07
      vertex 25.7487 -81.2581 0.4
      vertex 25.8934 -81.1552 0.4
    endloop
  endfacet
  facet normal -0.579532 0.814949 0
    outer loop
      vertex 25.7487 -81.2581 0.4
      vertex 25.8934 -81.1552 5.72205e-07
      vertex 25.7487 -81.2581 5.72205e-07
    endloop
  endfacet
  facet normal -0.494057 0.86943 0
    outer loop
      vertex 25.7487 -81.2581 5.72205e-07
      vertex 25.5912 -81.3476 0.4
      vertex 25.7487 -81.2581 0.4
    endloop
  endfacet
  facet normal -0.494057 0.86943 0
    outer loop
      vertex 25.5912 -81.3476 0.4
      vertex 25.7487 -81.2581 5.72205e-07
      vertex 25.5912 -81.3476 5.72205e-07
    endloop
  endfacet
  facet normal -0.406388 0.913701 0
    outer loop
      vertex 25.5912 -81.3476 5.72205e-07
      vertex 25.421 -81.4233 0.4
      vertex 25.5912 -81.3476 0.4
    endloop
  endfacet
  facet normal -0.406388 0.913701 0
    outer loop
      vertex 25.421 -81.4233 0.4
      vertex 25.5912 -81.3476 5.72205e-07
      vertex 25.421 -81.4233 5.72205e-07
    endloop
  endfacet
  facet normal -0.320882 0.947119 0
    outer loop
      vertex 25.421 -81.4233 5.72205e-07
      vertex 25.238 -81.4853 0.4
      vertex 25.421 -81.4233 0.4
    endloop
  endfacet
  facet normal -0.320882 0.947119 0
    outer loop
      vertex 25.238 -81.4853 0.4
      vertex 25.421 -81.4233 5.72205e-07
      vertex 25.238 -81.4853 5.72205e-07
    endloop
  endfacet
  facet normal -0.239264 0.970955 0
    outer loop
      vertex 25.238 -81.4853 5.72205e-07
      vertex 25.0424 -81.5335 0.4
      vertex 25.238 -81.4853 0.4
    endloop
  endfacet
  facet normal -0.239264 0.970955 0
    outer loop
      vertex 25.0424 -81.5335 0.4
      vertex 25.238 -81.4853 5.72205e-07
      vertex 25.0424 -81.5335 5.72205e-07
    endloop
  endfacet
  facet normal -0.162787 0.986661 0
    outer loop
      vertex 25.0424 -81.5335 5.72205e-07
      vertex 24.8339 -81.5679 0.4
      vertex 25.0424 -81.5335 0.4
    endloop
  endfacet
  facet normal -0.162787 0.986661 0
    outer loop
      vertex 24.8339 -81.5679 0.4
      vertex 25.0424 -81.5335 5.72205e-07
      vertex 24.8339 -81.5679 5.72205e-07
    endloop
  endfacet
  facet normal -0.0932152 0.995646 0
    outer loop
      vertex 24.8339 -81.5679 5.72205e-07
      vertex 24.6128 -81.5886 0.4
      vertex 24.8339 -81.5679 0.4
    endloop
  endfacet
  facet normal -0.0932152 0.995646 0
    outer loop
      vertex 24.6128 -81.5886 0.4
      vertex 24.8339 -81.5679 5.72205e-07
      vertex 24.6128 -81.5886 5.72205e-07
    endloop
  endfacet
  facet normal -0.029487 0.999565 0
    outer loop
      vertex 24.6128 -81.5886 5.72205e-07
      vertex 24.3789 -81.5955 0.4
      vertex 24.6128 -81.5886 0.4
    endloop
  endfacet
  facet normal -0.029487 0.999565 0
    outer loop
      vertex 24.3789 -81.5955 0.4
      vertex 24.6128 -81.5886 5.72205e-07
      vertex 24.3789 -81.5955 5.72205e-07
    endloop
  endfacet
  facet normal 0.0404946 0.99918 -0
    outer loop
      vertex 24.3789 -81.5955 5.72205e-07
      vertex 24.0606 -81.5826 0.4
      vertex 24.3789 -81.5955 0.4
    endloop
  endfacet
  facet normal 0.0404946 0.99918 0
    outer loop
      vertex 24.0606 -81.5826 0.4
      vertex 24.3789 -81.5955 5.72205e-07
      vertex 24.0606 -81.5826 5.72205e-07
    endloop
  endfacet
  facet normal 0.129354 0.991599 -0
    outer loop
      vertex 24.0606 -81.5826 5.72205e-07
      vertex 23.7647 -81.544 0.4
      vertex 24.0606 -81.5826 0.4
    endloop
  endfacet
  facet normal 0.129354 0.991599 0
    outer loop
      vertex 23.7647 -81.544 0.4
      vertex 24.0606 -81.5826 5.72205e-07
      vertex 23.7647 -81.544 5.72205e-07
    endloop
  endfacet
  facet normal 0.229039 0.973417 -0
    outer loop
      vertex 23.7647 -81.544 5.72205e-07
      vertex 23.491 -81.4796 0.4
      vertex 23.7647 -81.544 0.4
    endloop
  endfacet
  facet normal 0.229039 0.973417 0
    outer loop
      vertex 23.491 -81.4796 0.4
      vertex 23.7647 -81.544 5.72205e-07
      vertex 23.491 -81.4796 5.72205e-07
    endloop
  endfacet
  facet normal 0.33738 0.941369 -0
    outer loop
      vertex 23.491 -81.4796 5.72205e-07
      vertex 23.2396 -81.3895 0.4
      vertex 23.491 -81.4796 0.4
    endloop
  endfacet
  facet normal 0.33738 0.941369 0
    outer loop
      vertex 23.2396 -81.3895 0.4
      vertex 23.491 -81.4796 5.72205e-07
      vertex 23.2396 -81.3895 5.72205e-07
    endloop
  endfacet
  facet normal 0.451105 0.892471 -0
    outer loop
      vertex 23.2396 -81.3895 5.72205e-07
      vertex 23.0105 -81.2737 0.4
      vertex 23.2396 -81.3895 0.4
    endloop
  endfacet
  facet normal 0.451105 0.892471 0
    outer loop
      vertex 23.0105 -81.2737 0.4
      vertex 23.2396 -81.3895 5.72205e-07
      vertex 23.0105 -81.2737 5.72205e-07
    endloop
  endfacet
  facet normal 0.56497 0.825111 -0
    outer loop
      vertex 23.0105 -81.2737 5.72205e-07
      vertex 22.8037 -81.1321 0.4
      vertex 23.0105 -81.2737 0.4
    endloop
  endfacet
  facet normal 0.56497 0.825111 0
    outer loop
      vertex 22.8037 -81.1321 0.4
      vertex 23.0105 -81.2737 5.72205e-07
      vertex 22.8037 -81.1321 5.72205e-07
    endloop
  endfacet
  facet normal 0.671533 0.740974 -0
    outer loop
      vertex 22.8037 -81.1321 5.72205e-07
      vertex 22.6191 -80.9648 0.4
      vertex 22.8037 -81.1321 0.4
    endloop
  endfacet
  facet normal 0.671533 0.740974 0
    outer loop
      vertex 22.6191 -80.9648 0.4
      vertex 22.8037 -81.1321 5.72205e-07
      vertex 22.6191 -80.9648 5.72205e-07
    endloop
  endfacet
  facet normal 0.765098 0.643914 0
    outer loop
      vertex 22.6191 -80.9648 0.4
      vertex 22.4581 -80.7735 5.72205e-07
      vertex 22.4581 -80.7735 0.4
    endloop
  endfacet
  facet normal 0.765098 0.643914 0
    outer loop
      vertex 22.4581 -80.7735 5.72205e-07
      vertex 22.6191 -80.9648 0.4
      vertex 22.6191 -80.9648 5.72205e-07
    endloop
  endfacet
  facet normal 0.843174 0.537642 0
    outer loop
      vertex 22.4581 -80.7735 0.4
      vertex 22.3219 -80.5599 5.72205e-07
      vertex 22.3219 -80.5599 0.4
    endloop
  endfacet
  facet normal 0.843174 0.537642 0
    outer loop
      vertex 22.3219 -80.5599 5.72205e-07
      vertex 22.4581 -80.7735 0.4
      vertex 22.4581 -80.7735 5.72205e-07
    endloop
  endfacet
  facet normal 0.904096 0.427328 0
    outer loop
      vertex 22.3219 -80.5599 0.4
      vertex 22.2104 -80.324 5.72205e-07
      vertex 22.2104 -80.324 0.4
    endloop
  endfacet
  facet normal 0.904096 0.427328 0
    outer loop
      vertex 22.2104 -80.324 5.72205e-07
      vertex 22.3219 -80.5599 0.4
      vertex 22.3219 -80.5599 5.72205e-07
    endloop
  endfacet
  facet normal 0.947983 0.31832 0
    outer loop
      vertex 22.2104 -80.324 0.4
      vertex 22.1237 -80.0658 5.72205e-07
      vertex 22.1237 -80.0658 0.4
    endloop
  endfacet
  facet normal 0.947983 0.31832 0
    outer loop
      vertex 22.1237 -80.0658 5.72205e-07
      vertex 22.2104 -80.324 0.4
      vertex 22.2104 -80.324 5.72205e-07
    endloop
  endfacet
  facet normal 0.976489 0.215566 0
    outer loop
      vertex 22.1237 -80.0658 0.4
      vertex 22.0618 -79.7854 5.72205e-07
      vertex 22.0618 -79.7854 0.4
    endloop
  endfacet
  facet normal 0.976489 0.215566 0
    outer loop
      vertex 22.0618 -79.7854 5.72205e-07
      vertex 22.1237 -80.0658 0.4
      vertex 22.1237 -80.0658 5.72205e-07
    endloop
  endfacet
  facet normal 0.992538 0.121937 0
    outer loop
      vertex 22.0618 -79.7854 0.4
      vertex 22.0246 -79.4826 5.72205e-07
      vertex 22.0246 -79.4826 0.4
    endloop
  endfacet
  facet normal 0.992538 0.121937 0
    outer loop
      vertex 22.0246 -79.4826 5.72205e-07
      vertex 22.0618 -79.7854 0.4
      vertex 22.0618 -79.7854 5.72205e-07
    endloop
  endfacet
  facet normal 0.999273 0.0381261 0
    outer loop
      vertex 22.0246 -79.4826 0.4
      vertex 22.0122 -79.1576 5.72205e-07
      vertex 22.0122 -79.1576 0.4
    endloop
  endfacet
  facet normal 0.999273 0.0381261 0
    outer loop
      vertex 22.0122 -79.1576 5.72205e-07
      vertex 22.0246 -79.4826 0.4
      vertex 22.0246 -79.4826 5.72205e-07
    endloop
  endfacet
  facet normal 0.999211 -0.0397221 0
    outer loop
      vertex 22.0122 -79.1576 0.4
      vertex 22.0251 -78.8331 5.72205e-07
      vertex 22.0251 -78.8331 0.4
    endloop
  endfacet
  facet normal 0.999211 -0.0397221 0
    outer loop
      vertex 22.0251 -78.8331 5.72205e-07
      vertex 22.0122 -79.1576 0.4
      vertex 22.0122 -79.1576 5.72205e-07
    endloop
  endfacet
  facet normal 0.992045 -0.125886 0
    outer loop
      vertex 22.0251 -78.8331 0.4
      vertex 22.0636 -78.5297 5.72205e-07
      vertex 22.0636 -78.5297 0.4
    endloop
  endfacet
  facet normal 0.992045 -0.125886 0
    outer loop
      vertex 22.0636 -78.5297 5.72205e-07
      vertex 22.0251 -78.8331 0.4
      vertex 22.0251 -78.8331 5.72205e-07
    endloop
  endfacet
  facet normal 0.975051 -0.22198 0
    outer loop
      vertex 22.0636 -78.5297 0.4
      vertex 22.1278 -78.2477 5.72205e-07
      vertex 22.1278 -78.2477 0.4
    endloop
  endfacet
  facet normal 0.975051 -0.22198 0
    outer loop
      vertex 22.1278 -78.2477 5.72205e-07
      vertex 22.0636 -78.5297 0.4
      vertex 22.0636 -78.5297 5.72205e-07
    endloop
  endfacet
  facet normal 0.945558 -0.325455 0
    outer loop
      vertex 22.1278 -78.2477 0.4
      vertex 22.2176 -77.9868 5.72205e-07
      vertex 22.2176 -77.9868 0.4
    endloop
  endfacet
  facet normal 0.945558 -0.325455 0
    outer loop
      vertex 22.2176 -77.9868 5.72205e-07
      vertex 22.1278 -78.2477 0.4
      vertex 22.1278 -78.2477 5.72205e-07
    endloop
  endfacet
  facet normal 0.9008 -0.434234 0
    outer loop
      vertex 22.2176 -77.9868 0.4
      vertex 22.3331 -77.7472 5.72205e-07
      vertex 22.3331 -77.7472 0.4
    endloop
  endfacet
  facet normal 0.9008 -0.434234 0
    outer loop
      vertex 22.3331 -77.7472 5.72205e-07
      vertex 22.2176 -77.9868 0.4
      vertex 22.2176 -77.9868 5.72205e-07
    endloop
  endfacet
  facet normal 0.839663 -0.543108 0
    outer loop
      vertex 22.3331 -77.7472 0.4
      vertex 22.4743 -77.5289 5.72205e-07
      vertex 22.4743 -77.5289 0.4
    endloop
  endfacet
  facet normal 0.839663 -0.543108 0
    outer loop
      vertex 22.4743 -77.5289 5.72205e-07
      vertex 22.3331 -77.7472 0.4
      vertex 22.3331 -77.7472 5.72205e-07
    endloop
  endfacet
  facet normal 0.763151 -0.64622 0
    outer loop
      vertex 22.4743 -77.5289 0.4
      vertex 22.6412 -77.3318 5.72205e-07
      vertex 22.6412 -77.3318 0.4
    endloop
  endfacet
  facet normal 0.763151 -0.64622 0
    outer loop
      vertex 22.6412 -77.3318 5.72205e-07
      vertex 22.4743 -77.5289 0.4
      vertex 22.4743 -77.5289 5.72205e-07
    endloop
  endfacet
  facet normal 0.672905 -0.739729 0
    outer loop
      vertex 22.6412 -77.3318 5.72205e-07
      vertex 22.8316 -77.1586 0.4
      vertex 22.6412 -77.3318 0.4
    endloop
  endfacet
  facet normal 0.672905 -0.739729 0
    outer loop
      vertex 22.8316 -77.1586 0.4
      vertex 22.6412 -77.3318 5.72205e-07
      vertex 22.8316 -77.1586 5.72205e-07
    endloop
  endfacet
  facet normal 0.568867 -0.82243 0
    outer loop
      vertex 22.8316 -77.1586 5.72205e-07
      vertex 23.0434 -77.0121 0.4
      vertex 22.8316 -77.1586 0.4
    endloop
  endfacet
  facet normal 0.568867 -0.82243 0
    outer loop
      vertex 23.0434 -77.0121 0.4
      vertex 22.8316 -77.1586 5.72205e-07
      vertex 23.0434 -77.0121 5.72205e-07
    endloop
  endfacet
  facet normal 0.457408 -0.889257 0
    outer loop
      vertex 23.0434 -77.0121 5.72205e-07
      vertex 23.2765 -76.8922 0.4
      vertex 23.0434 -77.0121 0.4
    endloop
  endfacet
  facet normal 0.457408 -0.889257 0
    outer loop
      vertex 23.2765 -76.8922 0.4
      vertex 23.0434 -77.0121 5.72205e-07
      vertex 23.2765 -76.8922 5.72205e-07
    endloop
  endfacet
  facet normal 0.343756 -0.939059 0
    outer loop
      vertex 23.2765 -76.8922 5.72205e-07
      vertex 23.5311 -76.799 0.4
      vertex 23.2765 -76.8922 0.4
    endloop
  endfacet
  facet normal 0.343756 -0.939059 0
    outer loop
      vertex 23.5311 -76.799 0.4
      vertex 23.2765 -76.8922 5.72205e-07
      vertex 23.5311 -76.799 5.72205e-07
    endloop
  endfacet
  facet normal 0.234652 -0.972079 0
    outer loop
      vertex 23.5311 -76.799 5.72205e-07
      vertex 23.807 -76.7324 0.4
      vertex 23.5311 -76.799 0.4
    endloop
  endfacet
  facet normal 0.234652 -0.972079 0
    outer loop
      vertex 23.807 -76.7324 0.4
      vertex 23.5311 -76.799 5.72205e-07
      vertex 23.807 -76.7324 5.72205e-07
    endloop
  endfacet
  facet normal 0.133343 -0.99107 0
    outer loop
      vertex 23.807 -76.7324 5.72205e-07
      vertex 24.1043 -76.6924 0.4
      vertex 23.807 -76.7324 0.4
    endloop
  endfacet
  facet normal 0.133343 -0.99107 0
    outer loop
      vertex 24.1043 -76.6924 0.4
      vertex 23.807 -76.7324 5.72205e-07
      vertex 24.1043 -76.6924 5.72205e-07
    endloop
  endfacet
  facet normal 0.0416957 -0.99913 0
    outer loop
      vertex 24.1043 -76.6924 5.72205e-07
      vertex 24.423 -76.6791 0.4
      vertex 24.1043 -76.6924 0.4
    endloop
  endfacet
  facet normal 0.0416957 -0.99913 0
    outer loop
      vertex 24.423 -76.6791 0.4
      vertex 24.1043 -76.6924 5.72205e-07
      vertex 24.423 -76.6791 5.72205e-07
    endloop
  endfacet
  facet normal -0.0324382 -0.999474 0
    outer loop
      vertex 24.423 -76.6791 5.72205e-07
      vertex 24.6356 -76.686 0.4
      vertex 24.423 -76.6791 0.4
    endloop
  endfacet
  facet normal -0.0324382 -0.999474 -0
    outer loop
      vertex 24.6356 -76.686 0.4
      vertex 24.423 -76.6791 5.72205e-07
      vertex 24.6356 -76.686 5.72205e-07
    endloop
  endfacet
  facet normal -0.999996 0.00288183 0
    outer loop
      vertex 38.2347 -76.8518 5.72205e-07
      vertex 38.2351 -76.713 0.4
      vertex 38.2351 -76.713 5.72205e-07
    endloop
  endfacet
  facet normal -0.999996 0.00288183 0
    outer loop
      vertex 38.2351 -76.713 0.4
      vertex 38.2347 -76.8518 5.72205e-07
      vertex 38.2347 -76.8518 0.4
    endloop
  endfacet
  facet normal -0.999952 0.00984366 0
    outer loop
      vertex 38.2335 -76.9737 5.72205e-07
      vertex 38.2347 -76.8518 0.4
      vertex 38.2347 -76.8518 5.72205e-07
    endloop
  endfacet
  facet normal -0.999952 0.00984366 0
    outer loop
      vertex 38.2347 -76.8518 0.4
      vertex 38.2335 -76.9737 5.72205e-07
      vertex 38.2335 -76.9737 0.4
    endloop
  endfacet
  facet normal -0.9998 0.019977 0
    outer loop
      vertex 38.2314 -77.0788 5.72205e-07
      vertex 38.2335 -76.9737 0.4
      vertex 38.2335 -76.9737 5.72205e-07
    endloop
  endfacet
  facet normal -0.9998 0.019977 0
    outer loop
      vertex 38.2335 -76.9737 0.4
      vertex 38.2314 -77.0788 5.72205e-07
      vertex 38.2314 -77.0788 0.4
    endloop
  endfacet
  facet normal -0.999459 0.0328993 0
    outer loop
      vertex 38.2285 -77.1669 5.72205e-07
      vertex 38.2314 -77.0788 0.4
      vertex 38.2314 -77.0788 5.72205e-07
    endloop
  endfacet
  facet normal -0.999459 0.0328993 0
    outer loop
      vertex 38.2314 -77.0788 0.4
      vertex 38.2285 -77.1669 5.72205e-07
      vertex 38.2285 -77.1669 0.4
    endloop
  endfacet
  facet normal -0.998656 0.0518237 0
    outer loop
      vertex 38.2248 -77.2382 5.72205e-07
      vertex 38.2285 -77.1669 0.4
      vertex 38.2285 -77.1669 5.72205e-07
    endloop
  endfacet
  facet normal -0.998656 0.0518237 0
    outer loop
      vertex 38.2285 -77.1669 0.4
      vertex 38.2248 -77.2382 5.72205e-07
      vertex 38.2248 -77.2382 0.4
    endloop
  endfacet
  facet normal -0.996444 0.0842581 0
    outer loop
      vertex 38.2202 -77.2926 5.72205e-07
      vertex 38.2248 -77.2382 0.4
      vertex 38.2248 -77.2382 5.72205e-07
    endloop
  endfacet
  facet normal -0.996444 0.0842581 0
    outer loop
      vertex 38.2248 -77.2382 0.4
      vertex 38.2202 -77.2926 5.72205e-07
      vertex 38.2202 -77.2926 0.4
    endloop
  endfacet
  facet normal -0.989791 0.14253 0
    outer loop
      vertex 38.2148 -77.3301 5.72205e-07
      vertex 38.2202 -77.2926 0.4
      vertex 38.2202 -77.2926 5.72205e-07
    endloop
  endfacet
  facet normal -0.989791 0.14253 0
    outer loop
      vertex 38.2202 -77.2926 0.4
      vertex 38.2148 -77.3301 5.72205e-07
      vertex 38.2148 -77.3301 0.4
    endloop
  endfacet
  facet normal 0 -1 0
    outer loop
      vertex 38.2148 -77.3301 5.72205e-07
      vertex 38.2351 -77.3301 0.4
      vertex 38.2148 -77.3301 0.4
    endloop
  endfacet
  facet normal 0 -1 -0
    outer loop
      vertex 38.2351 -77.3301 0.4
      vertex 38.2148 -77.3301 5.72205e-07
      vertex 38.2351 -77.3301 5.72205e-07
    endloop
  endfacet
  facet normal 0.882577 -0.470167 0
    outer loop
      vertex 38.2351 -77.3301 0.4
      vertex 38.2815 -77.243 5.72205e-07
      vertex 38.2815 -77.243 0.4
    endloop
  endfacet
  facet normal 0.882577 -0.470167 0
    outer loop
      vertex 38.2815 -77.243 5.72205e-07
      vertex 38.2351 -77.3301 0.4
      vertex 38.2351 -77.3301 5.72205e-07
    endloop
  endfacet
  facet normal 0.842762 -0.538287 0
    outer loop
      vertex 38.2815 -77.243 0.4
      vertex 38.3333 -77.1619 5.72205e-07
      vertex 38.3333 -77.1619 0.4
    endloop
  endfacet
  facet normal 0.842762 -0.538287 0
    outer loop
      vertex 38.3333 -77.1619 5.72205e-07
      vertex 38.2815 -77.243 0.4
      vertex 38.2815 -77.243 5.72205e-07
    endloop
  endfacet
  facet normal 0.79514 -0.606426 0
    outer loop
      vertex 38.3333 -77.1619 0.4
      vertex 38.3905 -77.0869 5.72205e-07
      vertex 38.3905 -77.0869 0.4
    endloop
  endfacet
  facet normal 0.79514 -0.606426 0
    outer loop
      vertex 38.3905 -77.0869 5.72205e-07
      vertex 38.3333 -77.1619 0.4
      vertex 38.3333 -77.1619 5.72205e-07
    endloop
  endfacet
  facet normal 0.740086 -0.672513 0
    outer loop
      vertex 38.3905 -77.0869 0.4
      vertex 38.4532 -77.0179 5.72205e-07
      vertex 38.4532 -77.0179 0.4
    endloop
  endfacet
  facet normal 0.740086 -0.672513 0
    outer loop
      vertex 38.4532 -77.0179 5.72205e-07
      vertex 38.3905 -77.0869 0.4
      vertex 38.3905 -77.0869 5.72205e-07
    endloop
  endfacet
  facet normal 0.679129 -0.734019 0
    outer loop
      vertex 38.4532 -77.0179 5.72205e-07
      vertex 38.5214 -76.9548 0.4
      vertex 38.4532 -77.0179 0.4
    endloop
  endfacet
  facet normal 0.679129 -0.734019 0
    outer loop
      vertex 38.5214 -76.9548 0.4
      vertex 38.4532 -77.0179 5.72205e-07
      vertex 38.5214 -76.9548 5.72205e-07
    endloop
  endfacet
  facet normal 0.611783 -0.791025 0
    outer loop
      vertex 38.5214 -76.9548 5.72205e-07
      vertex 38.5951 -76.8978 0.4
      vertex 38.5214 -76.9548 0.4
    endloop
  endfacet
  facet normal 0.611783 -0.791025 0
    outer loop
      vertex 38.5951 -76.8978 0.4
      vertex 38.5214 -76.9548 5.72205e-07
      vertex 38.5951 -76.8978 5.72205e-07
    endloop
  endfacet
  facet normal 0.541134 -0.840937 0
    outer loop
      vertex 38.5951 -76.8978 5.72205e-07
      vertex 38.6742 -76.8469 0.4
      vertex 38.5951 -76.8978 0.4
    endloop
  endfacet
  facet normal 0.541134 -0.840937 0
    outer loop
      vertex 38.6742 -76.8469 0.4
      vertex 38.5951 -76.8978 5.72205e-07
      vertex 38.6742 -76.8469 5.72205e-07
    endloop
  endfacet
  facet normal 0.468565 -0.883429 0
    outer loop
      vertex 38.6742 -76.8469 5.72205e-07
      vertex 38.7581 -76.8024 0.4
      vertex 38.6742 -76.8469 0.4
    endloop
  endfacet
  facet normal 0.468565 -0.883429 0
    outer loop
      vertex 38.7581 -76.8024 0.4
      vertex 38.6742 -76.8469 5.72205e-07
      vertex 38.7581 -76.8024 5.72205e-07
    endloop
  endfacet
  facet normal 0.393793 -0.919199 0
    outer loop
      vertex 38.7581 -76.8024 5.72205e-07
      vertex 38.8461 -76.7647 0.4
      vertex 38.7581 -76.8024 0.4
    endloop
  endfacet
  facet normal 0.393793 -0.919199 0
    outer loop
      vertex 38.8461 -76.7647 0.4
      vertex 38.7581 -76.8024 5.72205e-07
      vertex 38.8461 -76.7647 5.72205e-07
    endloop
  endfacet
  facet normal 0.317464 -0.94827 0
    outer loop
      vertex 38.8461 -76.7647 5.72205e-07
      vertex 38.9381 -76.7339 0.4
      vertex 38.8461 -76.7647 0.4
    endloop
  endfacet
  facet normal 0.317464 -0.94827 0
    outer loop
      vertex 38.9381 -76.7339 0.4
      vertex 38.8461 -76.7647 5.72205e-07
      vertex 38.9381 -76.7339 5.72205e-07
    endloop
  endfacet
  facet normal 0.242061 -0.970261 0
    outer loop
      vertex 38.9381 -76.7339 5.72205e-07
      vertex 39.0343 -76.7099 0.4
      vertex 38.9381 -76.7339 0.4
    endloop
  endfacet
  facet normal 0.242061 -0.970261 0
    outer loop
      vertex 39.0343 -76.7099 0.4
      vertex 38.9381 -76.7339 5.72205e-07
      vertex 39.0343 -76.7099 5.72205e-07
    endloop
  endfacet
  facet normal 0.168227 -0.985748 0
    outer loop
      vertex 39.0343 -76.7099 5.72205e-07
      vertex 39.1345 -76.6928 0.4
      vertex 39.0343 -76.7099 0.4
    endloop
  endfacet
  facet normal 0.168227 -0.985748 0
    outer loop
      vertex 39.1345 -76.6928 0.4
      vertex 39.0343 -76.7099 5.72205e-07
      vertex 39.1345 -76.6928 5.72205e-07
    endloop
  endfacet
  facet normal 0.0981823 -0.995168 0
    outer loop
      vertex 39.1345 -76.6928 5.72205e-07
      vertex 39.2389 -76.6825 0.4
      vertex 39.1345 -76.6928 0.4
    endloop
  endfacet
  facet normal 0.0981823 -0.995168 0
    outer loop
      vertex 39.2389 -76.6825 0.4
      vertex 39.1345 -76.6928 5.72205e-07
      vertex 39.2389 -76.6825 5.72205e-07
    endloop
  endfacet
  facet normal 0.0313499 -0.999508 0
    outer loop
      vertex 39.2389 -76.6825 5.72205e-07
      vertex 39.3473 -76.6791 0.4
      vertex 39.2389 -76.6825 0.4
    endloop
  endfacet
  facet normal 0.0313499 -0.999508 0
    outer loop
      vertex 39.3473 -76.6791 0.4
      vertex 39.2389 -76.6825 5.72205e-07
      vertex 39.3473 -76.6791 5.72205e-07
    endloop
  endfacet
  facet normal -0.0548741 -0.998493 0
    outer loop
      vertex 39.3473 -76.6791 5.72205e-07
      vertex 39.5329 -76.6893 0.4
      vertex 39.3473 -76.6791 0.4
    endloop
  endfacet
  facet normal -0.0548741 -0.998493 -0
    outer loop
      vertex 39.5329 -76.6893 0.4
      vertex 39.3473 -76.6791 5.72205e-07
      vertex 39.5329 -76.6893 5.72205e-07
    endloop
  endfacet
  facet normal -0.17398 -0.984749 0
    outer loop
      vertex 39.5329 -76.6893 5.72205e-07
      vertex 39.7061 -76.7199 0.4
      vertex 39.5329 -76.6893 0.4
    endloop
  endfacet
  facet normal -0.17398 -0.984749 -0
    outer loop
      vertex 39.7061 -76.7199 0.4
      vertex 39.5329 -76.6893 5.72205e-07
      vertex 39.7061 -76.7199 5.72205e-07
    endloop
  endfacet
  facet normal -0.302152 -0.95326 0
    outer loop
      vertex 39.7061 -76.7199 5.72205e-07
      vertex 39.867 -76.7709 0.4
      vertex 39.7061 -76.7199 0.4
    endloop
  endfacet
  facet normal -0.302152 -0.95326 -0
    outer loop
      vertex 39.867 -76.7709 0.4
      vertex 39.7061 -76.7199 5.72205e-07
      vertex 39.867 -76.7709 5.72205e-07
    endloop
  endfacet
  facet normal -0.434053 -0.900887 0
    outer loop
      vertex 39.867 -76.7709 5.72205e-07
      vertex 40.0154 -76.8424 0.4
      vertex 39.867 -76.7709 0.4
    endloop
  endfacet
  facet normal -0.434053 -0.900887 -0
    outer loop
      vertex 40.0154 -76.8424 0.4
      vertex 39.867 -76.7709 5.72205e-07
      vertex 40.0154 -76.8424 5.72205e-07
    endloop
  endfacet
  facet normal -0.55919 -0.829039 0
    outer loop
      vertex 40.0154 -76.8424 5.72205e-07
      vertex 40.1515 -76.9342 0.4
      vertex 40.0154 -76.8424 0.4
    endloop
  endfacet
  facet normal -0.55919 -0.829039 -0
    outer loop
      vertex 40.1515 -76.9342 0.4
      vertex 40.0154 -76.8424 5.72205e-07
      vertex 40.1515 -76.9342 5.72205e-07
    endloop
  endfacet
  facet normal -0.672166 -0.7404 0
    outer loop
      vertex 40.1515 -76.9342 5.72205e-07
      vertex 40.2752 -77.0465 0.4
      vertex 40.1515 -76.9342 0.4
    endloop
  endfacet
  facet normal -0.672166 -0.7404 -0
    outer loop
      vertex 40.2752 -77.0465 0.4
      vertex 40.1515 -76.9342 5.72205e-07
      vertex 40.2752 -77.0465 5.72205e-07
    endloop
  endfacet
  facet normal -0.766182 -0.642623 0
    outer loop
      vertex 40.3865 -77.1792 5.72205e-07
      vertex 40.2752 -77.0465 0.4
      vertex 40.2752 -77.0465 5.72205e-07
    endloop
  endfacet
  facet normal -0.766182 -0.642623 0
    outer loop
      vertex 40.2752 -77.0465 0.4
      vertex 40.3865 -77.1792 5.72205e-07
      vertex 40.3865 -77.1792 0.4
    endloop
  endfacet
  facet normal -0.840492 -0.541823 0
    outer loop
      vertex 40.4841 -77.3306 5.72205e-07
      vertex 40.3865 -77.1792 0.4
      vertex 40.3865 -77.1792 5.72205e-07
    endloop
  endfacet
  facet normal -0.840492 -0.541823 0
    outer loop
      vertex 40.3865 -77.1792 0.4
      vertex 40.4841 -77.3306 5.72205e-07
      vertex 40.4841 -77.3306 0.4
    endloop
  endfacet
  facet normal -0.898127 -0.439736 0
    outer loop
      vertex 40.5666 -77.4991 5.72205e-07
      vertex 40.4841 -77.3306 0.4
      vertex 40.4841 -77.3306 5.72205e-07
    endloop
  endfacet
  facet normal -0.898127 -0.439736 0
    outer loop
      vertex 40.4841 -77.3306 0.4
      vertex 40.5666 -77.4991 5.72205e-07
      vertex 40.5666 -77.4991 0.4
    endloop
  endfacet
  facet normal -0.939675 -0.342068 0
    outer loop
      vertex 40.6342 -77.6848 5.72205e-07
      vertex 40.5666 -77.4991 0.4
      vertex 40.5666 -77.4991 5.72205e-07
    endloop
  endfacet
  facet normal -0.939675 -0.342068 0
    outer loop
      vertex 40.5666 -77.4991 0.4
      vertex 40.6342 -77.6848 5.72205e-07
      vertex 40.6342 -77.6848 0.4
    endloop
  endfacet
  facet normal -0.967941 -0.251178 0
    outer loop
      vertex 40.6868 -77.8875 5.72205e-07
      vertex 40.6342 -77.6848 0.4
      vertex 40.6342 -77.6848 5.72205e-07
    endloop
  endfacet
  facet normal -0.967941 -0.251178 0
    outer loop
      vertex 40.6342 -77.6848 0.4
      vertex 40.6868 -77.8875 5.72205e-07
      vertex 40.6868 -77.8875 0.4
    endloop
  endfacet
  facet normal -0.985756 -0.16818 0
    outer loop
      vertex 40.7243 -78.1073 5.72205e-07
      vertex 40.6868 -77.8875 0.4
      vertex 40.6868 -77.8875 5.72205e-07
    endloop
  endfacet
  facet normal -0.985756 -0.16818 0
    outer loop
      vertex 40.6868 -77.8875 0.4
      vertex 40.7243 -78.1073 5.72205e-07
      vertex 40.7243 -78.1073 0.4
    endloop
  endfacet
  facet normal -0.99552 -0.0945513 0
    outer loop
      vertex 40.7468 -78.3442 5.72205e-07
      vertex 40.7243 -78.1073 0.4
      vertex 40.7243 -78.1073 5.72205e-07
    endloop
  endfacet
  facet normal -0.99552 -0.0945513 0
    outer loop
      vertex 40.7243 -78.1073 0.4
      vertex 40.7468 -78.3442 5.72205e-07
      vertex 40.7468 -78.3442 0.4
    endloop
  endfacet
  facet normal -0.999553 -0.0299079 0
    outer loop
      vertex 40.7544 -78.5982 5.72205e-07
      vertex 40.7468 -78.3442 0.4
      vertex 40.7468 -78.3442 5.72205e-07
    endloop
  endfacet
  facet normal -0.999553 -0.0299079 0
    outer loop
      vertex 40.7468 -78.3442 0.4
      vertex 40.7544 -78.5982 5.72205e-07
      vertex 40.7544 -78.5982 0.4
    endloop
  endfacet
  facet normal -0.999589 0.0286621 0
    outer loop
      vertex 40.7472 -78.8493 5.72205e-07
      vertex 40.7544 -78.5982 0.4
      vertex 40.7544 -78.5982 5.72205e-07
    endloop
  endfacet
  facet normal -0.999589 0.0286621 0
    outer loop
      vertex 40.7544 -78.5982 0.4
      vertex 40.7472 -78.8493 5.72205e-07
      vertex 40.7472 -78.8493 0.4
    endloop
  endfacet
  facet normal -0.995774 0.0918391 0
    outer loop
      vertex 40.7256 -79.0835 5.72205e-07
      vertex 40.7472 -78.8493 0.4
      vertex 40.7472 -78.8493 5.72205e-07
    endloop
  endfacet
  facet normal -0.995774 0.0918391 0
    outer loop
      vertex 40.7472 -78.8493 0.4
      vertex 40.7256 -79.0835 5.72205e-07
      vertex 40.7256 -79.0835 0.4
    endloop
  endfacet
  facet normal -0.986541 0.163515 0
    outer loop
      vertex 40.6896 -79.3007 5.72205e-07
      vertex 40.7256 -79.0835 0.4
      vertex 40.7256 -79.0835 5.72205e-07
    endloop
  endfacet
  facet normal -0.986541 0.163515 0
    outer loop
      vertex 40.7256 -79.0835 0.4
      vertex 40.6896 -79.3007 5.72205e-07
      vertex 40.6896 -79.3007 0.4
    endloop
  endfacet
  facet normal -0.969771 0.244016 0
    outer loop
      vertex 40.6392 -79.501 5.72205e-07
      vertex 40.6896 -79.3007 0.4
      vertex 40.6896 -79.3007 5.72205e-07
    endloop
  endfacet
  facet normal -0.969771 0.244016 0
    outer loop
      vertex 40.6896 -79.3007 0.4
      vertex 40.6392 -79.501 5.72205e-07
      vertex 40.6392 -79.501 0.4
    endloop
  endfacet
  facet normal -0.942876 0.333143 0
    outer loop
      vertex 40.5744 -79.6844 5.72205e-07
      vertex 40.6392 -79.501 0.4
      vertex 40.6392 -79.501 5.72205e-07
    endloop
  endfacet
  facet normal -0.942876 0.333143 0
    outer loop
      vertex 40.6392 -79.501 0.4
      vertex 40.5744 -79.6844 5.72205e-07
      vertex 40.5744 -79.6844 0.4
    endloop
  endfacet
  facet normal -0.903051 0.429533 0
    outer loop
      vertex 40.4953 -79.8507 5.72205e-07
      vertex 40.5744 -79.6844 0.4
      vertex 40.5744 -79.6844 5.72205e-07
    endloop
  endfacet
  facet normal -0.903051 0.429533 0
    outer loop
      vertex 40.5744 -79.6844 0.4
      vertex 40.4953 -79.8507 5.72205e-07
      vertex 40.4953 -79.8507 0.4
    endloop
  endfacet
  facet normal -0.847584 0.530661 0
    outer loop
      vertex 40.4017 -80.0002 5.72205e-07
      vertex 40.4953 -79.8507 0.4
      vertex 40.4953 -79.8507 5.72205e-07
    endloop
  endfacet
  facet normal -0.847584 0.530661 0
    outer loop
      vertex 40.4953 -79.8507 0.4
      vertex 40.4017 -80.0002 5.72205e-07
      vertex 40.4017 -80.0002 0.4
    endloop
  endfacet
  facet normal -0.775407 0.631462 0
    outer loop
      vertex 40.2951 -80.1311 5.72205e-07
      vertex 40.4017 -80.0002 0.4
      vertex 40.4017 -80.0002 5.72205e-07
    endloop
  endfacet
  facet normal -0.775407 0.631462 0
    outer loop
      vertex 40.4017 -80.0002 0.4
      vertex 40.2951 -80.1311 5.72205e-07
      vertex 40.2951 -80.1311 0.4
    endloop
  endfacet
  facet normal -0.682955 0.73046 0
    outer loop
      vertex 40.2951 -80.1311 5.72205e-07
      vertex 40.1767 -80.2418 0.4
      vertex 40.2951 -80.1311 0.4
    endloop
  endfacet
  facet normal -0.682955 0.73046 0
    outer loop
      vertex 40.1767 -80.2418 0.4
      vertex 40.2951 -80.1311 5.72205e-07
      vertex 40.1767 -80.2418 5.72205e-07
    endloop
  endfacet
  facet normal -0.571175 0.820828 0
    outer loop
      vertex 40.1767 -80.2418 5.72205e-07
      vertex 40.0465 -80.3324 0.4
      vertex 40.1767 -80.2418 0.4
    endloop
  endfacet
  facet normal -0.571175 0.820828 0
    outer loop
      vertex 40.0465 -80.3324 0.4
      vertex 40.1767 -80.2418 5.72205e-07
      vertex 40.0465 -80.3324 5.72205e-07
    endloop
  endfacet
  facet normal -0.44494 0.89556 0
    outer loop
      vertex 40.0465 -80.3324 5.72205e-07
      vertex 39.9046 -80.4029 0.4
      vertex 40.0465 -80.3324 0.4
    endloop
  endfacet
  facet normal -0.44494 0.89556 0
    outer loop
      vertex 39.9046 -80.4029 0.4
      vertex 40.0465 -80.3324 5.72205e-07
      vertex 39.9046 -80.4029 5.72205e-07
    endloop
  endfacet
  facet normal -0.311029 0.9504 0
    outer loop
      vertex 39.9046 -80.4029 5.72205e-07
      vertex 39.7509 -80.4532 0.4
      vertex 39.9046 -80.4029 0.4
    endloop
  endfacet
  facet normal -0.311029 0.9504 0
    outer loop
      vertex 39.7509 -80.4532 0.4
      vertex 39.9046 -80.4029 5.72205e-07
      vertex 39.7509 -80.4532 5.72205e-07
    endloop
  endfacet
  facet normal -0.179618 0.983736 0
    outer loop
      vertex 39.7509 -80.4532 5.72205e-07
      vertex 39.5855 -80.4834 0.4
      vertex 39.7509 -80.4532 0.4
    endloop
  endfacet
  facet normal -0.179618 0.983736 0
    outer loop
      vertex 39.5855 -80.4834 0.4
      vertex 39.7509 -80.4532 5.72205e-07
      vertex 39.5855 -80.4834 5.72205e-07
    endloop
  endfacet
  facet normal -0.0569054 0.99838 0
    outer loop
      vertex 39.5855 -80.4834 5.72205e-07
      vertex 39.4083 -80.4935 0.4
      vertex 39.5855 -80.4834 0.4
    endloop
  endfacet
  facet normal -0.0569054 0.99838 0
    outer loop
      vertex 39.4083 -80.4935 0.4
      vertex 39.5855 -80.4834 5.72205e-07
      vertex 39.4083 -80.4935 5.72205e-07
    endloop
  endfacet
  facet normal 0.0588479 0.998267 -0
    outer loop
      vertex 39.4083 -80.4935 5.72205e-07
      vertex 39.1759 -80.4798 0.4
      vertex 39.4083 -80.4935 0.4
    endloop
  endfacet
  facet normal 0.0588479 0.998267 0
    outer loop
      vertex 39.1759 -80.4798 0.4
      vertex 39.4083 -80.4935 5.72205e-07
      vertex 39.1759 -80.4798 5.72205e-07
    endloop
  endfacet
  facet normal 0.192801 0.981238 -0
    outer loop
      vertex 39.1759 -80.4798 5.72205e-07
      vertex 38.9652 -80.4384 0.4
      vertex 39.1759 -80.4798 0.4
    endloop
  endfacet
  facet normal 0.192801 0.981238 0
    outer loop
      vertex 38.9652 -80.4384 0.4
      vertex 39.1759 -80.4798 5.72205e-07
      vertex 38.9652 -80.4384 5.72205e-07
    endloop
  endfacet
  facet normal 0.341743 0.939793 -0
    outer loop
      vertex 38.9652 -80.4384 5.72205e-07
      vertex 38.776 -80.3696 0.4
      vertex 38.9652 -80.4384 0.4
    endloop
  endfacet
  facet normal 0.341743 0.939793 0
    outer loop
      vertex 38.776 -80.3696 0.4
      vertex 38.9652 -80.4384 5.72205e-07
      vertex 38.776 -80.3696 5.72205e-07
    endloop
  endfacet
  facet normal 0.498588 0.866839 -0
    outer loop
      vertex 38.776 -80.3696 5.72205e-07
      vertex 38.6084 -80.2732 0.4
      vertex 38.776 -80.3696 0.4
    endloop
  endfacet
  facet normal 0.498588 0.866839 0
    outer loop
      vertex 38.6084 -80.2732 0.4
      vertex 38.776 -80.3696 5.72205e-07
      vertex 38.6084 -80.2732 5.72205e-07
    endloop
  endfacet
  facet normal 0.647042 0.762454 -0
    outer loop
      vertex 38.6084 -80.2732 5.72205e-07
      vertex 38.4624 -80.1493 0.4
      vertex 38.6084 -80.2732 0.4
    endloop
  endfacet
  facet normal 0.647042 0.762454 0
    outer loop
      vertex 38.4624 -80.1493 0.4
      vertex 38.6084 -80.2732 5.72205e-07
      vertex 38.4624 -80.1493 5.72205e-07
    endloop
  endfacet
  facet normal 0.772842 0.634598 0
    outer loop
      vertex 38.4624 -80.1493 0.4
      vertex 38.338 -79.9978 5.72205e-07
      vertex 38.338 -79.9978 0.4
    endloop
  endfacet
  facet normal 0.772842 0.634598 0
    outer loop
      vertex 38.338 -79.9978 5.72205e-07
      vertex 38.4624 -80.1493 0.4
      vertex 38.4624 -80.1493 5.72205e-07
    endloop
  endfacet
  facet normal 0.866959 0.49838 0
    outer loop
      vertex 38.338 -79.9978 0.4
      vertex 38.2351 -79.8188 5.72205e-07
      vertex 38.2351 -79.8188 0.4
    endloop
  endfacet
  facet normal 0.866959 0.49838 0
    outer loop
      vertex 38.2351 -79.8188 5.72205e-07
      vertex 38.338 -79.9978 0.4
      vertex 38.338 -79.9978 5.72205e-07
    endloop
  endfacet
  facet normal 0 1 -0
    outer loop
      vertex 38.2351 -79.8188 5.72205e-07
      vertex 38.2215 -79.8188 0.4
      vertex 38.2351 -79.8188 0.4
    endloop
  endfacet
  facet normal 0 1 0
    outer loop
      vertex 38.2215 -79.8188 0.4
      vertex 38.2351 -79.8188 5.72205e-07
      vertex 38.2215 -79.8188 5.72205e-07
    endloop
  endfacet
  facet normal -0.999992 0.00396822 0
    outer loop
      vertex 38.2213 -79.8692 5.72205e-07
      vertex 38.2215 -79.8188 0.4
      vertex 38.2215 -79.8188 5.72205e-07
    endloop
  endfacet
  facet normal -0.999992 0.00396822 0
    outer loop
      vertex 38.2215 -79.8188 0.4
      vertex 38.2213 -79.8692 5.72205e-07
      vertex 38.2213 -79.8692 0.4
    endloop
  endfacet
  facet normal -0.999904 0.0138327 0
    outer loop
      vertex 38.2206 -79.9198 5.72205e-07
      vertex 38.2213 -79.8692 0.4
      vertex 38.2213 -79.8692 5.72205e-07
    endloop
  endfacet
  facet normal -0.999904 0.0138327 0
    outer loop
      vertex 38.2213 -79.8692 0.4
      vertex 38.2206 -79.9198 5.72205e-07
      vertex 38.2206 -79.9198 0.4
    endloop
  endfacet
  facet normal -0.99972 0.023662 0
    outer loop
      vertex 38.2194 -79.9705 5.72205e-07
      vertex 38.2206 -79.9198 0.4
      vertex 38.2206 -79.9198 5.72205e-07
    endloop
  endfacet
  facet normal -0.99972 0.023662 0
    outer loop
      vertex 38.2206 -79.9198 0.4
      vertex 38.2194 -79.9705 5.72205e-07
      vertex 38.2194 -79.9705 0.4
    endloop
  endfacet
  facet normal -0.999443 0.0333802 0
    outer loop
      vertex 38.2177 -80.0214 5.72205e-07
      vertex 38.2194 -79.9705 0.4
      vertex 38.2194 -79.9705 5.72205e-07
    endloop
  endfacet
  facet normal -0.999443 0.0333802 0
    outer loop
      vertex 38.2194 -79.9705 0.4
      vertex 38.2177 -80.0214 5.72205e-07
      vertex 38.2177 -80.0214 0.4
    endloop
  endfacet
  facet normal -0.999071 0.0430972 0
    outer loop
      vertex 38.2155 -80.0724 5.72205e-07
      vertex 38.2177 -80.0214 0.4
      vertex 38.2177 -80.0214 5.72205e-07
    endloop
  endfacet
  facet normal -0.999071 0.0430972 0
    outer loop
      vertex 38.2177 -80.0214 0.4
      vertex 38.2155 -80.0724 5.72205e-07
      vertex 38.2155 -80.0724 0.4
    endloop
  endfacet
  facet normal -0.998607 0.052764 0
    outer loop
      vertex 38.2128 -80.1235 5.72205e-07
      vertex 38.2155 -80.0724 0.4
      vertex 38.2155 -80.0724 5.72205e-07
    endloop
  endfacet
  facet normal -0.998607 0.052764 0
    outer loop
      vertex 38.2155 -80.0724 0.4
      vertex 38.2128 -80.1235 5.72205e-07
      vertex 38.2128 -80.1235 0.4
    endloop
  endfacet
  facet normal -0.998179 0.0603188 0
    outer loop
      vertex 38.2097 -80.1748 5.72205e-07
      vertex 38.2128 -80.1235 0.4
      vertex 38.2128 -80.1235 5.72205e-07
    endloop
  endfacet
  facet normal -0.998179 0.0603188 0
    outer loop
      vertex 38.2128 -80.1235 0.4
      vertex 38.2097 -80.1748 5.72205e-07
      vertex 38.2097 -80.1748 0.4
    endloop
  endfacet
  facet normal -0.997448 0.071392 0
    outer loop
      vertex 38.2062 -80.2237 5.72205e-07
      vertex 38.2097 -80.1748 0.4
      vertex 38.2097 -80.1748 5.72205e-07
    endloop
  endfacet
  facet normal -0.997448 0.071392 0
    outer loop
      vertex 38.2097 -80.1748 0.4
      vertex 38.2062 -80.2237 5.72205e-07
      vertex 38.2062 -80.2237 0.4
    endloop
  endfacet
  facet normal -0.996499 0.0836065 0
    outer loop
      vertex 38.2025 -80.2678 5.72205e-07
      vertex 38.2062 -80.2237 0.4
      vertex 38.2062 -80.2237 5.72205e-07
    endloop
  endfacet
  facet normal -0.996499 0.0836065 0
    outer loop
      vertex 38.2062 -80.2237 0.4
      vertex 38.2025 -80.2678 5.72205e-07
      vertex 38.2025 -80.2678 0.4
    endloop
  endfacet
  facet normal -0.995087 0.099001 0
    outer loop
      vertex 38.1986 -80.307 5.72205e-07
      vertex 38.2025 -80.2678 0.4
      vertex 38.2025 -80.2678 5.72205e-07
    endloop
  endfacet
  facet normal -0.995087 0.099001 0
    outer loop
      vertex 38.2025 -80.2678 0.4
      vertex 38.1986 -80.307 5.72205e-07
      vertex 38.1986 -80.307 0.4
    endloop
  endfacet
  facet normal -0.992972 0.118348 0
    outer loop
      vertex 38.1945 -80.3414 5.72205e-07
      vertex 38.1986 -80.307 0.4
      vertex 38.1986 -80.307 5.72205e-07
    endloop
  endfacet
  facet normal -0.992972 0.118348 0
    outer loop
      vertex 38.1986 -80.307 0.4
      vertex 38.1945 -80.3414 5.72205e-07
      vertex 38.1945 -80.3414 0.4
    endloop
  endfacet
  facet normal -0.989612 0.143761 0
    outer loop
      vertex 38.1902 -80.371 5.72205e-07
      vertex 38.1945 -80.3414 0.4
      vertex 38.1945 -80.3414 5.72205e-07
    endloop
  endfacet
  facet normal -0.989612 0.143761 0
    outer loop
      vertex 38.1945 -80.3414 0.4
      vertex 38.1902 -80.371 5.72205e-07
      vertex 38.1902 -80.371 0.4
    endloop
  endfacet
  facet normal -0.983097 0.183087 0
    outer loop
      vertex 38.1856 -80.3957 5.72205e-07
      vertex 38.1902 -80.371 0.4
      vertex 38.1902 -80.371 5.72205e-07
    endloop
  endfacet
  facet normal -0.983097 0.183087 0
    outer loop
      vertex 38.1902 -80.371 0.4
      vertex 38.1856 -80.3957 5.72205e-07
      vertex 38.1856 -80.3957 0.4
    endloop
  endfacet
  facet normal -0.972964 0.230956 0
    outer loop
      vertex 38.1809 -80.4155 5.72205e-07
      vertex 38.1856 -80.3957 0.4
      vertex 38.1856 -80.3957 5.72205e-07
    endloop
  endfacet
  facet normal -0.972964 0.230956 0
    outer loop
      vertex 38.1856 -80.3957 0.4
      vertex 38.1809 -80.4155 5.72205e-07
      vertex 38.1809 -80.4155 0.4
    endloop
  endfacet
  facet normal 0 1 -0
    outer loop
      vertex 38.1809 -80.4155 5.72205e-07
      vertex 37.2553 -80.4155 0.4
      vertex 38.1809 -80.4155 0.4
    endloop
  endfacet
  facet normal 0 1 0
    outer loop
      vertex 37.2553 -80.4155 0.4
      vertex 38.1809 -80.4155 5.72205e-07
      vertex 37.2553 -80.4155 5.72205e-07
    endloop
  endfacet
  facet normal 0.997326 -0.0730755 0
    outer loop
      vertex 37.2553 -80.4155 0.4
      vertex 37.2624 -80.3186 5.72205e-07
      vertex 37.2624 -80.3186 0.4
    endloop
  endfacet
  facet normal 0.997326 -0.0730755 0
    outer loop
      vertex 37.2624 -80.3186 5.72205e-07
      vertex 37.2553 -80.4155 0.4
      vertex 37.2553 -80.4155 5.72205e-07
    endloop
  endfacet
  facet normal 0.998314 -0.0580526 0
    outer loop
      vertex 37.2624 -80.3186 0.4
      vertex 37.2685 -80.2137 5.72205e-07
      vertex 37.2685 -80.2137 0.4
    endloop
  endfacet
  facet normal 0.998314 -0.0580526 0
    outer loop
      vertex 37.2685 -80.2137 5.72205e-07
      vertex 37.2624 -80.3186 0.4
      vertex 37.2624 -80.3186 5.72205e-07
    endloop
  endfacet
  facet normal 0.999017 -0.044322 0
    outer loop
      vertex 37.2685 -80.2137 0.4
      vertex 37.2735 -80.101 5.72205e-07
      vertex 37.2735 -80.101 0.4
    endloop
  endfacet
  facet normal 0.999017 -0.044322 0
    outer loop
      vertex 37.2735 -80.101 5.72205e-07
      vertex 37.2685 -80.2137 0.4
      vertex 37.2685 -80.2137 5.72205e-07
    endloop
  endfacet
  facet normal 0.999478 -0.0323214 0
    outer loop
      vertex 37.2735 -80.101 0.4
      vertex 37.2774 -79.9804 5.72205e-07
      vertex 37.2774 -79.9804 0.4
    endloop
  endfacet
  facet normal 0.999478 -0.0323214 0
    outer loop
      vertex 37.2774 -79.9804 5.72205e-07
      vertex 37.2735 -80.101 0.4
      vertex 37.2735 -80.101 5.72205e-07
    endloop
  endfacet
  facet normal 0.999779 -0.021007 0
    outer loop
      vertex 37.2774 -79.9804 0.4
      vertex 37.2801 -79.8519 5.72205e-07
      vertex 37.2801 -79.8519 0.4
    endloop
  endfacet
  facet normal 0.999779 -0.021007 0
    outer loop
      vertex 37.2801 -79.8519 5.72205e-07
      vertex 37.2774 -79.9804 0.4
      vertex 37.2774 -79.9804 5.72205e-07
    endloop
  endfacet
  facet normal 0.999922 -0.0124624 0
    outer loop
      vertex 37.2801 -79.8519 0.4
      vertex 37.2818 -79.7155 5.72205e-07
      vertex 37.2818 -79.7155 0.4
    endloop
  endfacet
  facet normal 0.999922 -0.0124624 0
    outer loop
      vertex 37.2818 -79.7155 5.72205e-07
      vertex 37.2801 -79.8519 0.4
      vertex 37.2801 -79.8519 5.72205e-07
    endloop
  endfacet
  facet normal 0.999991 -0.00416085 0
    outer loop
      vertex 37.2818 -79.7155 0.4
      vertex 37.2824 -79.5713 5.72205e-07
      vertex 37.2824 -79.5713 0.4
    endloop
  endfacet
  facet normal 0.999991 -0.00416085 0
    outer loop
      vertex 37.2824 -79.5713 5.72205e-07
      vertex 37.2818 -79.7155 0.4
      vertex 37.2818 -79.7155 5.72205e-07
    endloop
  endfacet
  facet normal 1 -0 0
    outer loop
      vertex 37.2824 -79.5713 0.4
      vertex 37.2824 -75.3059 5.72205e-07
      vertex 37.2824 -75.3059 0.4
    endloop
  endfacet
  facet normal 1 0 0
    outer loop
      vertex 37.2824 -75.3059 5.72205e-07
      vertex 37.2824 -79.5713 0.4
      vertex 37.2824 -79.5713 5.72205e-07
    endloop
  endfacet
  facet normal 0 -1 0
    outer loop
      vertex 37.2824 -75.3059 5.72205e-07
      vertex 38.2351 -75.3059 0.4
      vertex 37.2824 -75.3059 0.4
    endloop
  endfacet
  facet normal 0 -1 -0
    outer loop
      vertex 38.2351 -75.3059 0.4
      vertex 37.2824 -75.3059 5.72205e-07
      vertex 38.2351 -75.3059 5.72205e-07
    endloop
  endfacet
  facet normal -1 0 0
    outer loop
      vertex 38.2351 -76.713 5.72205e-07
      vertex 38.2351 -75.3059 0.4
      vertex 38.2351 -75.3059 5.72205e-07
    endloop
  endfacet
  facet normal -1 -0 0
    outer loop
      vertex 38.2351 -75.3059 0.4
      vertex 38.2351 -76.713 5.72205e-07
      vertex 38.2351 -76.713 0.4
    endloop
  endfacet
  facet normal -0.201998 0.979386 0
    outer loop
      vertex 38.8949 -77.3367 5.72205e-07
      vertex 38.7989 -77.3565 0.4
      vertex 38.8949 -77.3367 0.4
    endloop
  endfacet
  facet normal -0.201998 0.979386 0
    outer loop
      vertex 38.7989 -77.3565 0.4
      vertex 38.8949 -77.3367 5.72205e-07
      vertex 38.7989 -77.3565 5.72205e-07
    endloop
  endfacet
  facet normal -0.348239 0.937406 0
    outer loop
      vertex 38.7989 -77.3565 5.72205e-07
      vertex 38.7098 -77.3896 0.4
      vertex 38.7989 -77.3565 0.4
    endloop
  endfacet
  facet normal -0.348239 0.937406 0
    outer loop
      vertex 38.7098 -77.3896 0.4
      vertex 38.7989 -77.3565 5.72205e-07
      vertex 38.7098 -77.3896 5.72205e-07
    endloop
  endfacet
  facet normal -0.490412 0.87149 0
    outer loop
      vertex 38.7098 -77.3896 5.72205e-07
      vertex 38.6277 -77.4358 0.4
      vertex 38.7098 -77.3896 0.4
    endloop
  endfacet
  facet normal -0.490412 0.87149 0
    outer loop
      vertex 38.6277 -77.4358 0.4
      vertex 38.7098 -77.3896 5.72205e-07
      vertex 38.6277 -77.4358 5.72205e-07
    endloop
  endfacet
  facet normal -0.620997 0.783813 0
    outer loop
      vertex 38.6277 -77.4358 5.72205e-07
      vertex 38.5526 -77.4953 0.4
      vertex 38.6277 -77.4358 0.4
    endloop
  endfacet
  facet normal -0.620997 0.783813 0
    outer loop
      vertex 38.5526 -77.4953 0.4
      vertex 38.6277 -77.4358 5.72205e-07
      vertex 38.5526 -77.4953 5.72205e-07
    endloop
  endfacet
  facet normal -0.729318 0.684175 0
    outer loop
      vertex 38.4844 -77.568 5.72205e-07
      vertex 38.5526 -77.4953 0.4
      vertex 38.5526 -77.4953 5.72205e-07
    endloop
  endfacet
  facet normal -0.729318 0.684175 0
    outer loop
      vertex 38.5526 -77.4953 0.4
      vertex 38.4844 -77.568 5.72205e-07
      vertex 38.4844 -77.568 0.4
    endloop
  endfacet
  facet normal -0.814886 0.579622 0
    outer loop
      vertex 38.4233 -77.6539 5.72205e-07
      vertex 38.4844 -77.568 0.4
      vertex 38.4844 -77.568 5.72205e-07
    endloop
  endfacet
  facet normal -0.814886 0.579622 0
    outer loop
      vertex 38.4844 -77.568 0.4
      vertex 38.4233 -77.6539 5.72205e-07
      vertex 38.4233 -77.6539 0.4
    endloop
  endfacet
  facet normal -0.877724 0.479166 0
    outer loop
      vertex 38.3698 -77.7519 5.72205e-07
      vertex 38.4233 -77.6539 0.4
      vertex 38.4233 -77.6539 5.72205e-07
    endloop
  endfacet
  facet normal -0.877724 0.479166 0
    outer loop
      vertex 38.4233 -77.6539 0.4
      vertex 38.3698 -77.7519 5.72205e-07
      vertex 38.3698 -77.7519 0.4
    endloop
  endfacet
  facet normal -0.923427 0.383773 0
    outer loop
      vertex 38.3245 -77.8609 5.72205e-07
      vertex 38.3698 -77.7519 0.4
      vertex 38.3698 -77.7519 5.72205e-07
    endloop
  endfacet
  facet normal -0.923427 0.383773 0
    outer loop
      vertex 38.3698 -77.7519 0.4
      vertex 38.3245 -77.8609 5.72205e-07
      vertex 38.3245 -77.8609 0.4
    endloop
  endfacet
  facet normal -0.955382 0.295372 0
    outer loop
      vertex 38.2874 -77.9809 5.72205e-07
      vertex 38.3245 -77.8609 0.4
      vertex 38.3245 -77.8609 5.72205e-07
    endloop
  endfacet
  facet normal -0.955382 0.295372 0
    outer loop
      vertex 38.3245 -77.8609 0.4
      vertex 38.2874 -77.9809 5.72205e-07
      vertex 38.2874 -77.9809 0.4
    endloop
  endfacet
  facet normal -0.97671 0.214563 0
    outer loop
      vertex 38.2586 -78.112 5.72205e-07
      vertex 38.2874 -77.9809 0.4
      vertex 38.2874 -77.9809 5.72205e-07
    endloop
  endfacet
  facet normal -0.97671 0.214563 0
    outer loop
      vertex 38.2874 -77.9809 0.4
      vertex 38.2586 -78.112 5.72205e-07
      vertex 38.2586 -78.112 0.4
    endloop
  endfacet
  facet normal -0.989641 0.143568 0
    outer loop
      vertex 38.238 -78.254 5.72205e-07
      vertex 38.2586 -78.112 0.4
      vertex 38.2586 -78.112 5.72205e-07
    endloop
  endfacet
  facet normal -0.989641 0.143568 0
    outer loop
      vertex 38.2586 -78.112 0.4
      vertex 38.238 -78.254 5.72205e-07
      vertex 38.238 -78.254 0.4
    endloop
  endfacet
  facet normal -0.996784 0.0801336 0
    outer loop
      vertex 38.2257 -78.407 5.72205e-07
      vertex 38.238 -78.254 0.4
      vertex 38.238 -78.254 5.72205e-07
    endloop
  endfacet
  facet normal -0.996784 0.0801336 0
    outer loop
      vertex 38.238 -78.254 0.4
      vertex 38.2257 -78.407 5.72205e-07
      vertex 38.2257 -78.407 0.4
    endloop
  endfacet
  facet normal -0.999672 0.0256014 0
    outer loop
      vertex 38.2215 -78.571 5.72205e-07
      vertex 38.2257 -78.407 0.4
      vertex 38.2257 -78.407 5.72205e-07
    endloop
  endfacet
  facet normal -0.999672 0.0256014 0
    outer loop
      vertex 38.2257 -78.407 0.4
      vertex 38.2215 -78.571 5.72205e-07
      vertex 38.2215 -78.571 0.4
    endloop
  endfacet
  facet normal -0.999677 -0.0254309 0
    outer loop
      vertex 38.2257 -78.7361 5.72205e-07
      vertex 38.2215 -78.571 0.4
      vertex 38.2215 -78.571 5.72205e-07
    endloop
  endfacet
  facet normal -0.999677 -0.0254309 0
    outer loop
      vertex 38.2215 -78.571 0.4
      vertex 38.2257 -78.7361 5.72205e-07
      vertex 38.2257 -78.7361 0.4
    endloop
  endfacet
  facet normal -0.996838 -0.0794628 0
    outer loop
      vertex 38.238 -78.8904 5.72205e-07
      vertex 38.2257 -78.7361 0.4
      vertex 38.2257 -78.7361 5.72205e-07
    endloop
  endfacet
  facet normal -0.996838 -0.0794628 0
    outer loop
      vertex 38.2257 -78.7361 0.4
      vertex 38.238 -78.8904 5.72205e-07
      vertex 38.238 -78.8904 0.4
    endloop
  endfacet
  facet normal -0.989853 -0.142097 0
    outer loop
      vertex 38.2586 -79.0339 5.72205e-07
      vertex 38.238 -78.8904 0.4
      vertex 38.238 -78.8904 5.72205e-07
    endloop
  endfacet
  facet normal -0.989853 -0.142097 0
    outer loop
      vertex 38.238 -78.8904 0.4
      vertex 38.2586 -79.0339 5.72205e-07
      vertex 38.2586 -79.0339 0.4
    endloop
  endfacet
  facet normal -0.977283 -0.211941 0
    outer loop
      vertex 38.2874 -79.1667 5.72205e-07
      vertex 38.2586 -79.0339 0.4
      vertex 38.2586 -79.0339 5.72205e-07
    endloop
  endfacet
  facet normal -0.977283 -0.211941 0
    outer loop
      vertex 38.2586 -79.0339 0.4
      vertex 38.2874 -79.1667 5.72205e-07
      vertex 38.2874 -79.1667 0.4
    endloop
  endfacet
  facet normal -0.956674 -0.291162 0
    outer loop
      vertex 38.3245 -79.2886 5.72205e-07
      vertex 38.2874 -79.1667 0.4
      vertex 38.2874 -79.1667 5.72205e-07
    endloop
  endfacet
  facet normal -0.956674 -0.291162 0
    outer loop
      vertex 38.2874 -79.1667 0.4
      vertex 38.3245 -79.2886 5.72205e-07
      vertex 38.3245 -79.2886 0.4
    endloop
  endfacet
  facet normal -0.925984 -0.377562 0
    outer loop
      vertex 38.3698 -79.3997 5.72205e-07
      vertex 38.3245 -79.2886 0.4
      vertex 38.3245 -79.2886 5.72205e-07
    endloop
  endfacet
  facet normal -0.925984 -0.377562 0
    outer loop
      vertex 38.3245 -79.2886 0.4
      vertex 38.3698 -79.3997 5.72205e-07
      vertex 38.3698 -79.3997 0.4
    endloop
  endfacet
  facet normal -0.882329 -0.470634 0
    outer loop
      vertex 38.4233 -79.5 5.72205e-07
      vertex 38.3698 -79.3997 0.4
      vertex 38.3698 -79.3997 5.72205e-07
    endloop
  endfacet
  facet normal -0.882329 -0.470634 0
    outer loop
      vertex 38.3698 -79.3997 0.4
      vertex 38.4233 -79.5 5.72205e-07
      vertex 38.4233 -79.5 0.4
    endloop
  endfacet
  facet normal -0.821152 -0.57071 0
    outer loop
      vertex 38.4846 -79.5882 5.72205e-07
      vertex 38.4233 -79.5 0.4
      vertex 38.4233 -79.5 5.72205e-07
    endloop
  endfacet
  facet normal -0.821152 -0.57071 0
    outer loop
      vertex 38.4233 -79.5 0.4
      vertex 38.4846 -79.5882 5.72205e-07
      vertex 38.4846 -79.5882 0.4
    endloop
  endfacet
  facet normal -0.73658 -0.67635 0
    outer loop
      vertex 38.5531 -79.6628 5.72205e-07
      vertex 38.4846 -79.5882 0.4
      vertex 38.4846 -79.5882 5.72205e-07
    endloop
  endfacet
  facet normal -0.73658 -0.67635 0
    outer loop
      vertex 38.4846 -79.5882 0.4
      vertex 38.5531 -79.6628 5.72205e-07
      vertex 38.5531 -79.6628 0.4
    endloop
  endfacet
  facet normal -0.626949 -0.779061 0
    outer loop
      vertex 38.5531 -79.6628 5.72205e-07
      vertex 38.6289 -79.7238 0.4
      vertex 38.5531 -79.6628 0.4
    endloop
  endfacet
  facet normal -0.626949 -0.779061 -0
    outer loop
      vertex 38.6289 -79.7238 0.4
      vertex 38.5531 -79.6628 5.72205e-07
      vertex 38.6289 -79.7238 5.72205e-07
    endloop
  endfacet
  facet normal -0.496251 -0.868179 0
    outer loop
      vertex 38.6289 -79.7238 5.72205e-07
      vertex 38.712 -79.7713 0.4
      vertex 38.6289 -79.7238 0.4
    endloop
  endfacet
  facet normal -0.496251 -0.868179 -0
    outer loop
      vertex 38.712 -79.7713 0.4
      vertex 38.6289 -79.7238 5.72205e-07
      vertex 38.712 -79.7713 5.72205e-07
    endloop
  endfacet
  facet normal -0.351464 -0.936201 0
    outer loop
      vertex 38.712 -79.7713 5.72205e-07
      vertex 38.8023 -79.8052 0.4
      vertex 38.712 -79.7713 0.4
    endloop
  endfacet
  facet normal -0.351464 -0.936201 -0
    outer loop
      vertex 38.8023 -79.8052 0.4
      vertex 38.712 -79.7713 5.72205e-07
      vertex 38.8023 -79.8052 5.72205e-07
    endloop
  endfacet
  facet normal -0.203634 -0.979047 0
    outer loop
      vertex 38.8023 -79.8052 5.72205e-07
      vertex 38.8999 -79.8255 0.4
      vertex 38.8023 -79.8052 0.4
    endloop
  endfacet
  facet normal -0.203634 -0.979047 -0
    outer loop
      vertex 38.8999 -79.8255 0.4
      vertex 38.8023 -79.8052 5.72205e-07
      vertex 38.8999 -79.8255 5.72205e-07
    endloop
  endfacet
  facet normal -0.0646879 -0.997906 0
    outer loop
      vertex 38.8999 -79.8255 5.72205e-07
      vertex 39.0048 -79.8323 0.4
      vertex 38.8999 -79.8255 0.4
    endloop
  endfacet
  facet normal -0.0646879 -0.997906 -0
    outer loop
      vertex 39.0048 -79.8323 0.4
      vertex 38.8999 -79.8255 5.72205e-07
      vertex 39.0048 -79.8323 5.72205e-07
    endloop
  endfacet
  facet normal 0.124643 -0.992202 0
    outer loop
      vertex 39.0048 -79.8323 5.72205e-07
      vertex 39.2054 -79.8071 0.4
      vertex 39.0048 -79.8323 0.4
    endloop
  endfacet
  facet normal 0.124643 -0.992202 0
    outer loop
      vertex 39.2054 -79.8071 0.4
      vertex 39.0048 -79.8323 5.72205e-07
      vertex 39.2054 -79.8071 5.72205e-07
    endloop
  endfacet
  facet normal 0.406488 -0.913656 0
    outer loop
      vertex 39.2054 -79.8071 5.72205e-07
      vertex 39.3751 -79.7316 0.4
      vertex 39.2054 -79.8071 0.4
    endloop
  endfacet
  facet normal 0.406488 -0.913656 0
    outer loop
      vertex 39.3751 -79.7316 0.4
      vertex 39.2054 -79.8071 5.72205e-07
      vertex 39.3751 -79.7316 5.72205e-07
    endloop
  endfacet
  facet normal 0.671876 -0.740663 0
    outer loop
      vertex 39.3751 -79.7316 5.72205e-07
      vertex 39.514 -79.6056 0.4
      vertex 39.3751 -79.7316 0.4
    endloop
  endfacet
  facet normal 0.671876 -0.740663 0
    outer loop
      vertex 39.514 -79.6056 0.4
      vertex 39.3751 -79.7316 5.72205e-07
      vertex 39.514 -79.6056 5.72205e-07
    endloop
  endfacet
  facet normal 0.852719 -0.522369 0
    outer loop
      vertex 39.514 -79.6056 0.4
      vertex 39.622 -79.4293 5.72205e-07
      vertex 39.622 -79.4293 0.4
    endloop
  endfacet
  facet normal 0.852719 -0.522369 0
    outer loop
      vertex 39.622 -79.4293 5.72205e-07
      vertex 39.514 -79.6056 0.4
      vertex 39.514 -79.6056 5.72205e-07
    endloop
  endfacet
  facet normal 0.946574 -0.322487 0
    outer loop
      vertex 39.622 -79.4293 0.4
      vertex 39.6992 -79.2027 5.72205e-07
      vertex 39.6992 -79.2027 0.4
    endloop
  endfacet
  facet normal 0.946574 -0.322487 0
    outer loop
      vertex 39.6992 -79.2027 5.72205e-07
      vertex 39.622 -79.4293 0.4
      vertex 39.622 -79.4293 5.72205e-07
    endloop
  endfacet
  facet normal 0.986326 -0.164803 0
    outer loop
      vertex 39.6992 -79.2027 0.4
      vertex 39.7455 -78.9256 5.72205e-07
      vertex 39.7455 -78.9256 0.4
    endloop
  endfacet
  facet normal 0.986326 -0.164803 0
    outer loop
      vertex 39.7455 -78.9256 5.72205e-07
      vertex 39.6992 -79.2027 0.4
      vertex 39.6992 -79.2027 5.72205e-07
    endloop
  endfacet
  facet normal 0.998896 -0.0469853 0
    outer loop
      vertex 39.7455 -78.9256 0.4
      vertex 39.7609 -78.5982 5.72205e-07
      vertex 39.7609 -78.5982 0.4
    endloop
  endfacet
  facet normal 0.998896 -0.0469853 0
    outer loop
      vertex 39.7609 -78.5982 5.72205e-07
      vertex 39.7455 -78.9256 0.4
      vertex 39.7455 -78.9256 5.72205e-07
    endloop
  endfacet
  facet normal 0.998927 0.0463098 0
    outer loop
      vertex 39.7609 -78.5982 0.4
      vertex 39.7453 -78.2617 5.72205e-07
      vertex 39.7453 -78.2617 0.4
    endloop
  endfacet
  facet normal 0.998927 0.0463098 0
    outer loop
      vertex 39.7453 -78.2617 5.72205e-07
      vertex 39.7609 -78.5982 0.4
      vertex 39.7609 -78.5982 5.72205e-07
    endloop
  endfacet
  facet normal 0.986803 0.161924 0
    outer loop
      vertex 39.7453 -78.2617 0.4
      vertex 39.6986 -77.9771 5.72205e-07
      vertex 39.6986 -77.9771 0.4
    endloop
  endfacet
  facet normal 0.986803 0.161924 0
    outer loop
      vertex 39.6986 -77.9771 5.72205e-07
      vertex 39.7453 -78.2617 0.4
      vertex 39.7453 -78.2617 5.72205e-07
    endloop
  endfacet
  facet normal 0.948479 0.316839 0
    outer loop
      vertex 39.6986 -77.9771 0.4
      vertex 39.6208 -77.7442 5.72205e-07
      vertex 39.6208 -77.7442 0.4
    endloop
  endfacet
  facet normal 0.948479 0.316839 0
    outer loop
      vertex 39.6208 -77.7442 5.72205e-07
      vertex 39.6986 -77.9771 0.4
      vertex 39.6986 -77.9771 5.72205e-07
    endloop
  endfacet
  facet normal 0.856908 0.515469 0
    outer loop
      vertex 39.6208 -77.7442 0.4
      vertex 39.5118 -77.563 5.72205e-07
      vertex 39.5118 -77.563 0.4
    endloop
  endfacet
  facet normal 0.856908 0.515469 0
    outer loop
      vertex 39.5118 -77.563 5.72205e-07
      vertex 39.6208 -77.7442 0.4
      vertex 39.6208 -77.7442 5.72205e-07
    endloop
  endfacet
  facet normal 0.678498 0.734602 -0
    outer loop
      vertex 39.5118 -77.563 5.72205e-07
      vertex 39.3717 -77.4336 0.4
      vertex 39.5118 -77.563 0.4
    endloop
  endfacet
  facet normal 0.678498 0.734602 0
    outer loop
      vertex 39.3717 -77.4336 0.4
      vertex 39.5118 -77.563 5.72205e-07
      vertex 39.3717 -77.4336 5.72205e-07
    endloop
  endfacet
  facet normal 0.412641 0.910894 -0
    outer loop
      vertex 39.3717 -77.4336 5.72205e-07
      vertex 39.2004 -77.356 0.4
      vertex 39.3717 -77.4336 0.4
    endloop
  endfacet
  facet normal 0.412641 0.910894 0
    outer loop
      vertex 39.2004 -77.356 0.4
      vertex 39.3717 -77.4336 5.72205e-07
      vertex 39.2004 -77.356 5.72205e-07
    endloop
  endfacet
  facet normal 0.126929 0.991912 -0
    outer loop
      vertex 39.2004 -77.356 5.72205e-07
      vertex 38.998 -77.3301 0.4
      vertex 39.2004 -77.356 0.4
    endloop
  endfacet
  facet normal 0.126929 0.991912 0
    outer loop
      vertex 38.998 -77.3301 0.4
      vertex 39.2004 -77.356 5.72205e-07
      vertex 38.998 -77.3301 5.72205e-07
    endloop
  endfacet
  facet normal -0.0638848 0.997957 0
    outer loop
      vertex 38.998 -77.3301 5.72205e-07
      vertex 38.8949 -77.3367 0.4
      vertex 38.998 -77.3301 0.4
    endloop
  endfacet
  facet normal -0.0638848 0.997957 0
    outer loop
      vertex 38.8949 -77.3367 0.4
      vertex 38.998 -77.3301 5.72205e-07
      vertex 38.8949 -77.3367 5.72205e-07
    endloop
  endfacet
  facet normal -0.999596 -0.0284064 0
    outer loop
      vertex 32.2088 -78.8436 5.72205e-07
      vertex 32.2051 -78.7134 0.4
      vertex 32.2051 -78.7134 5.72205e-07
    endloop
  endfacet
  facet normal -0.999596 -0.0284064 0
    outer loop
      vertex 32.2051 -78.7134 0.4
      vertex 32.2088 -78.8436 5.72205e-07
      vertex 32.2088 -78.8436 0.4
    endloop
  endfacet
  facet normal -0.995959 -0.0898062 0
    outer loop
      vertex 32.2199 -78.9667 5.72205e-07
      vertex 32.2088 -78.8436 0.4
      vertex 32.2088 -78.8436 5.72205e-07
    endloop
  endfacet
  facet normal -0.995959 -0.0898062 0
    outer loop
      vertex 32.2088 -78.8436 0.4
      vertex 32.2199 -78.9667 5.72205e-07
      vertex 32.2199 -78.9667 0.4
    endloop
  endfacet
  facet normal -0.98752 -0.157492 0
    outer loop
      vertex 32.2384 -79.0827 5.72205e-07
      vertex 32.2199 -78.9667 0.4
      vertex 32.2199 -78.9667 5.72205e-07
    endloop
  endfacet
  facet normal -0.98752 -0.157492 0
    outer loop
      vertex 32.2199 -78.9667 0.4
      vertex 32.2384 -79.0827 5.72205e-07
      vertex 32.2384 -79.0827 0.4
    endloop
  endfacet
  facet normal -0.972911 -0.231178 0
    outer loop
      vertex 32.2643 -79.1917 5.72205e-07
      vertex 32.2384 -79.0827 0.4
      vertex 32.2384 -79.0827 5.72205e-07
    endloop
  endfacet
  facet normal -0.972911 -0.231178 0
    outer loop
      vertex 32.2384 -79.0827 0.4
      vertex 32.2643 -79.1917 5.72205e-07
      vertex 32.2643 -79.1917 0.4
    endloop
  endfacet
  facet normal -0.950532 -0.310625 0
    outer loop
      vertex 32.2976 -79.2936 5.72205e-07
      vertex 32.2643 -79.1917 0.4
      vertex 32.2643 -79.1917 5.72205e-07
    endloop
  endfacet
  facet normal -0.950532 -0.310625 0
    outer loop
      vertex 32.2643 -79.1917 0.4
      vertex 32.2976 -79.2936 5.72205e-07
      vertex 32.2976 -79.2936 0.4
    endloop
  endfacet
  facet normal -0.918694 -0.394971 0
    outer loop
      vertex 32.3384 -79.3885 5.72205e-07
      vertex 32.2976 -79.2936 0.4
      vertex 32.2976 -79.2936 5.72205e-07
    endloop
  endfacet
  facet normal -0.918694 -0.394971 0
    outer loop
      vertex 32.2976 -79.2936 0.4
      vertex 32.3384 -79.3885 5.72205e-07
      vertex 32.3384 -79.3885 0.4
    endloop
  endfacet
  facet normal -0.877016 -0.480461 0
    outer loop
      vertex 32.3865 -79.4763 5.72205e-07
      vertex 32.3384 -79.3885 0.4
      vertex 32.3384 -79.3885 5.72205e-07
    endloop
  endfacet
  facet normal -0.877016 -0.480461 0
    outer loop
      vertex 32.3384 -79.3885 0.4
      vertex 32.3865 -79.4763 5.72205e-07
      vertex 32.3865 -79.4763 0.4
    endloop
  endfacet
  facet normal -0.823213 -0.567733 0
    outer loop
      vertex 32.4405 -79.5546 5.72205e-07
      vertex 32.3865 -79.4763 0.4
      vertex 32.3865 -79.4763 5.72205e-07
    endloop
  endfacet
  facet normal -0.823213 -0.567733 0
    outer loop
      vertex 32.3865 -79.4763 0.4
      vertex 32.4405 -79.5546 5.72205e-07
      vertex 32.4405 -79.5546 0.4
    endloop
  endfacet
  facet normal -0.750466 -0.660909 0
    outer loop
      vertex 32.4988 -79.6208 5.72205e-07
      vertex 32.4405 -79.5546 0.4
      vertex 32.4405 -79.5546 5.72205e-07
    endloop
  endfacet
  facet normal -0.750466 -0.660909 0
    outer loop
      vertex 32.4405 -79.5546 0.4
      vertex 32.4988 -79.6208 5.72205e-07
      vertex 32.4988 -79.6208 0.4
    endloop
  endfacet
  facet normal -0.653369 -0.75704 0
    outer loop
      vertex 32.4988 -79.6208 5.72205e-07
      vertex 32.5616 -79.675 0.4
      vertex 32.4988 -79.6208 0.4
    endloop
  endfacet
  facet normal -0.653369 -0.75704 -0
    outer loop
      vertex 32.5616 -79.675 0.4
      vertex 32.4988 -79.6208 5.72205e-07
      vertex 32.5616 -79.675 5.72205e-07
    endloop
  endfacet
  facet normal -0.531473 -0.847075 0
    outer loop
      vertex 32.5616 -79.675 5.72205e-07
      vertex 32.6287 -79.7171 0.4
      vertex 32.5616 -79.675 0.4
    endloop
  endfacet
  facet normal -0.531473 -0.847075 -0
    outer loop
      vertex 32.6287 -79.7171 0.4
      vertex 32.5616 -79.675 5.72205e-07
      vertex 32.6287 -79.7171 5.72205e-07
    endloop
  endfacet
  facet normal -0.388461 -0.921465 0
    outer loop
      vertex 32.6287 -79.7171 5.72205e-07
      vertex 32.7001 -79.7472 0.4
      vertex 32.6287 -79.7171 0.4
    endloop
  endfacet
  facet normal -0.388461 -0.921465 -0
    outer loop
      vertex 32.7001 -79.7472 0.4
      vertex 32.6287 -79.7171 5.72205e-07
      vertex 32.7001 -79.7472 5.72205e-07
    endloop
  endfacet
  facet normal -0.232257 -0.972655 0
    outer loop
      vertex 32.7001 -79.7472 5.72205e-07
      vertex 32.7759 -79.7653 0.4
      vertex 32.7001 -79.7472 0.4
    endloop
  endfacet
  facet normal -0.232257 -0.972655 -0
    outer loop
      vertex 32.7759 -79.7653 0.4
      vertex 32.7001 -79.7472 5.72205e-07
      vertex 32.7759 -79.7653 5.72205e-07
    endloop
  endfacet
  facet normal -0.0746045 -0.997213 0
    outer loop
      vertex 32.7759 -79.7653 5.72205e-07
      vertex 32.8561 -79.7713 0.4
      vertex 32.7759 -79.7653 0.4
    endloop
  endfacet
  facet normal -0.0746045 -0.997213 -0
    outer loop
      vertex 32.8561 -79.7713 0.4
      vertex 32.7759 -79.7653 5.72205e-07
      vertex 32.8561 -79.7713 5.72205e-07
    endloop
  endfacet
  facet normal 0.132384 -0.991199 0
    outer loop
      vertex 32.8561 -79.7713 5.72205e-07
      vertex 33.0036 -79.7516 0.4
      vertex 32.8561 -79.7713 0.4
    endloop
  endfacet
  facet normal 0.132384 -0.991199 0
    outer loop
      vertex 33.0036 -79.7516 0.4
      vertex 32.8561 -79.7713 5.72205e-07
      vertex 33.0036 -79.7516 5.72205e-07
    endloop
  endfacet
  facet normal 0.428304 -0.903635 0
    outer loop
      vertex 33.0036 -79.7516 5.72205e-07
      vertex 33.1285 -79.6924 0.4
      vertex 33.0036 -79.7516 0.4
    endloop
  endfacet
  facet normal 0.428304 -0.903635 0
    outer loop
      vertex 33.1285 -79.6924 0.4
      vertex 33.0036 -79.7516 5.72205e-07
      vertex 33.1285 -79.6924 5.72205e-07
    endloop
  endfacet
  facet normal 0.69467 -0.719329 0
    outer loop
      vertex 33.1285 -79.6924 5.72205e-07
      vertex 33.2306 -79.5938 0.4
      vertex 33.1285 -79.6924 0.4
    endloop
  endfacet
  facet normal 0.69467 -0.719329 0
    outer loop
      vertex 33.2306 -79.5938 0.4
      vertex 33.1285 -79.6924 5.72205e-07
      vertex 33.2306 -79.5938 5.72205e-07
    endloop
  endfacet
  facet normal 0.866771 -0.498707 0
    outer loop
      vertex 33.2306 -79.5938 0.4
      vertex 33.31 -79.4558 5.72205e-07
      vertex 33.31 -79.4558 0.4
    endloop
  endfacet
  facet normal 0.866771 -0.498707 0
    outer loop
      vertex 33.31 -79.4558 5.72205e-07
      vertex 33.2306 -79.5938 0.4
      vertex 33.2306 -79.5938 5.72205e-07
    endloop
  endfacet
  facet normal 0.952424 -0.304776 0
    outer loop
      vertex 33.31 -79.4558 0.4
      vertex 33.3668 -79.2783 5.72205e-07
      vertex 33.3668 -79.2783 0.4
    endloop
  endfacet
  facet normal 0.952424 -0.304776 0
    outer loop
      vertex 33.3668 -79.2783 5.72205e-07
      vertex 33.31 -79.4558 0.4
      vertex 33.31 -79.4558 5.72205e-07
    endloop
  endfacet
  facet normal 0.987947 -0.154794 0
    outer loop
      vertex 33.3668 -79.2783 0.4
      vertex 33.4008 -79.0613 5.72205e-07
      vertex 33.4008 -79.0613 0.4
    endloop
  endfacet
  facet normal 0.987947 -0.154794 0
    outer loop
      vertex 33.4008 -79.0613 5.72205e-07
      vertex 33.3668 -79.2783 0.4
      vertex 33.3668 -79.2783 5.72205e-07
    endloop
  endfacet
  facet normal 0.999012 -0.0444352 0
    outer loop
      vertex 33.4008 -79.0613 0.4
      vertex 33.4122 -78.805 5.72205e-07
      vertex 33.4122 -78.805 0.4
    endloop
  endfacet
  facet normal 0.999012 -0.0444352 0
    outer loop
      vertex 33.4122 -78.805 5.72205e-07
      vertex 33.4008 -79.0613 0.4
      vertex 33.4008 -79.0613 5.72205e-07
    endloop
  endfacet
  facet normal 1 -0 0
    outer loop
      vertex 33.4122 -78.805 0.4
      vertex 33.4122 -76.7469 5.72205e-07
      vertex 33.4122 -76.7469 0.4
    endloop
  endfacet
  facet normal 1 0 0
    outer loop
      vertex 33.4122 -76.7469 5.72205e-07
      vertex 33.4122 -78.805 0.4
      vertex 33.4122 -78.805 5.72205e-07
    endloop
  endfacet
  facet normal 0 -1 0
    outer loop
      vertex 33.4122 -76.7469 5.72205e-07
      vertex 34.3581 -76.7469 0.4
      vertex 33.4122 -76.7469 0.4
    endloop
  endfacet
  facet normal 0 -1 -0
    outer loop
      vertex 34.3581 -76.7469 0.4
      vertex 33.4122 -76.7469 5.72205e-07
      vertex 34.3581 -76.7469 5.72205e-07
    endloop
  endfacet
  facet normal -1 0 0
    outer loop
      vertex 34.3581 -78.7575 5.72205e-07
      vertex 34.3581 -76.7469 0.4
      vertex 34.3581 -76.7469 5.72205e-07
    endloop
  endfacet
  facet normal -1 -0 0
    outer loop
      vertex 34.3581 -76.7469 0.4
      vertex 34.3581 -78.7575 5.72205e-07
      vertex 34.3581 -78.7575 0.4
    endloop
  endfacet
  facet normal -0.998061 -0.0622365 0
    outer loop
      vertex 34.3663 -78.889 5.72205e-07
      vertex 34.3581 -78.7575 0.4
      vertex 34.3581 -78.7575 5.72205e-07
    endloop
  endfacet
  facet normal -0.998061 -0.0622365 0
    outer loop
      vertex 34.3581 -78.7575 0.4
      vertex 34.3663 -78.889 5.72205e-07
      vertex 34.3663 -78.889 0.4
    endloop
  endfacet
  facet normal -0.992934 -0.118668 0
    outer loop
      vertex 34.381 -79.012 5.72205e-07
      vertex 34.3663 -78.889 0.4
      vertex 34.3663 -78.889 5.72205e-07
    endloop
  endfacet
  facet normal -0.992934 -0.118668 0
    outer loop
      vertex 34.3663 -78.889 0.4
      vertex 34.381 -79.012 5.72205e-07
      vertex 34.381 -79.012 0.4
    endloop
  endfacet
  facet normal -0.983191 -0.18258 0
    outer loop
      vertex 34.4023 -79.1267 5.72205e-07
      vertex 34.381 -79.012 0.4
      vertex 34.381 -79.012 5.72205e-07
    endloop
  endfacet
  facet normal -0.983191 -0.18258 0
    outer loop
      vertex 34.381 -79.012 0.4
      vertex 34.4023 -79.1267 5.72205e-07
      vertex 34.4023 -79.1267 0.4
    endloop
  endfacet
  facet normal -0.967462 -0.253015 0
    outer loop
      vertex 34.4301 -79.233 5.72205e-07
      vertex 34.4023 -79.1267 0.4
      vertex 34.4023 -79.1267 5.72205e-07
    endloop
  endfacet
  facet normal -0.967462 -0.253015 0
    outer loop
      vertex 34.4023 -79.1267 0.4
      vertex 34.4301 -79.233 5.72205e-07
      vertex 34.4301 -79.233 0.4
    endloop
  endfacet
  facet normal -0.943558 -0.331208 0
    outer loop
      vertex 34.4645 -79.331 5.72205e-07
      vertex 34.4301 -79.233 0.4
      vertex 34.4301 -79.233 5.72205e-07
    endloop
  endfacet
  facet normal -0.943558 -0.331208 0
    outer loop
      vertex 34.4301 -79.233 0.4
      vertex 34.4645 -79.331 5.72205e-07
      vertex 34.4645 -79.331 0.4
    endloop
  endfacet
  facet normal -0.909321 -0.416096 0
    outer loop
      vertex 34.5055 -79.4206 5.72205e-07
      vertex 34.4645 -79.331 0.4
      vertex 34.4645 -79.331 5.72205e-07
    endloop
  endfacet
  facet normal -0.909321 -0.416096 0
    outer loop
      vertex 34.4645 -79.331 0.4
      vertex 34.5055 -79.4206 5.72205e-07
      vertex 34.5055 -79.4206 0.4
    endloop
  endfacet
  facet normal -0.862698 -0.505719 0
    outer loop
      vertex 34.5531 -79.5018 5.72205e-07
      vertex 34.5055 -79.4206 0.4
      vertex 34.5055 -79.4206 5.72205e-07
    endloop
  endfacet
  facet normal -0.862698 -0.505719 0
    outer loop
      vertex 34.5055 -79.4206 0.4
      vertex 34.5531 -79.5018 5.72205e-07
      vertex 34.5531 -79.5018 0.4
    endloop
  endfacet
  facet normal -0.803896 -0.59477 0
    outer loop
      vertex 34.606 -79.5733 5.72205e-07
      vertex 34.5531 -79.5018 0.4
      vertex 34.5531 -79.5018 5.72205e-07
    endloop
  endfacet
  facet normal -0.803896 -0.59477 0
    outer loop
      vertex 34.5531 -79.5018 0.4
      vertex 34.606 -79.5733 5.72205e-07
      vertex 34.606 -79.5733 0.4
    endloop
  endfacet
  facet normal -0.727847 -0.68574 0
    outer loop
      vertex 34.663 -79.6338 5.72205e-07
      vertex 34.606 -79.5733 0.4
      vertex 34.606 -79.5733 5.72205e-07
    endloop
  endfacet
  facet normal -0.727847 -0.68574 0
    outer loop
      vertex 34.606 -79.5733 0.4
      vertex 34.663 -79.6338 5.72205e-07
      vertex 34.663 -79.6338 0.4
    endloop
  endfacet
  facet normal -0.629491 -0.777008 0
    outer loop
      vertex 34.663 -79.6338 5.72205e-07
      vertex 34.7241 -79.6833 0.4
      vertex 34.663 -79.6338 0.4
    endloop
  endfacet
  facet normal -0.629491 -0.777008 -0
    outer loop
      vertex 34.7241 -79.6833 0.4
      vertex 34.663 -79.6338 5.72205e-07
      vertex 34.7241 -79.6833 5.72205e-07
    endloop
  endfacet
  facet normal -0.509041 -0.860742 0
    outer loop
      vertex 34.7241 -79.6833 5.72205e-07
      vertex 34.7892 -79.7218 0.4
      vertex 34.7241 -79.6833 0.4
    endloop
  endfacet
  facet normal -0.509041 -0.860742 -0
    outer loop
      vertex 34.7892 -79.7218 0.4
      vertex 34.7241 -79.6833 5.72205e-07
      vertex 34.7892 -79.7218 5.72205e-07
    endloop
  endfacet
  facet normal -0.369306 -0.929308 0
    outer loop
      vertex 34.7892 -79.7218 5.72205e-07
      vertex 34.8584 -79.7493 0.4
      vertex 34.7892 -79.7218 0.4
    endloop
  endfacet
  facet normal -0.369306 -0.929308 -0
    outer loop
      vertex 34.8584 -79.7493 0.4
      vertex 34.7892 -79.7218 5.72205e-07
      vertex 34.8584 -79.7493 5.72205e-07
    endloop
  endfacet
  facet normal -0.219607 -0.975588 0
    outer loop
      vertex 34.8584 -79.7493 5.72205e-07
      vertex 34.9317 -79.7658 0.4
      vertex 34.8584 -79.7493 0.4
    endloop
  endfacet
  facet normal -0.219607 -0.975588 -0
    outer loop
      vertex 34.9317 -79.7658 0.4
      vertex 34.8584 -79.7493 5.72205e-07
      vertex 34.9317 -79.7658 5.72205e-07
    endloop
  endfacet
  facet normal -0.0708807 -0.997485 0
    outer loop
      vertex 34.9317 -79.7658 5.72205e-07
      vertex 35.0091 -79.7713 0.4
      vertex 34.9317 -79.7658 0.4
    endloop
  endfacet
  facet normal -0.0708807 -0.997485 -0
    outer loop
      vertex 35.0091 -79.7713 0.4
      vertex 34.9317 -79.7658 5.72205e-07
      vertex 35.0091 -79.7713 5.72205e-07
    endloop
  endfacet
  facet normal 0.132296 -0.99121 0
    outer loop
      vertex 35.0091 -79.7713 5.72205e-07
      vertex 35.1567 -79.7516 0.4
      vertex 35.0091 -79.7713 0.4
    endloop
  endfacet
  facet normal 0.132296 -0.99121 0
    outer loop
      vertex 35.1567 -79.7516 0.4
      vertex 35.0091 -79.7713 5.72205e-07
      vertex 35.1567 -79.7516 5.72205e-07
    endloop
  endfacet
  facet normal 0.428584 -0.903502 0
    outer loop
      vertex 35.1567 -79.7516 5.72205e-07
      vertex 35.2815 -79.6924 0.4
      vertex 35.1567 -79.7516 0.4
    endloop
  endfacet
  facet normal 0.428584 -0.903502 0
    outer loop
      vertex 35.2815 -79.6924 0.4
      vertex 35.1567 -79.7516 5.72205e-07
      vertex 35.2815 -79.6924 5.72205e-07
    endloop
  endfacet
  facet normal 0.69467 -0.719329 0
    outer loop
      vertex 35.2815 -79.6924 5.72205e-07
      vertex 35.3836 -79.5938 0.4
      vertex 35.2815 -79.6924 0.4
    endloop
  endfacet
  facet normal 0.69467 -0.719329 0
    outer loop
      vertex 35.3836 -79.5938 0.4
      vertex 35.2815 -79.6924 5.72205e-07
      vertex 35.3836 -79.5938 5.72205e-07
    endloop
  endfacet
  facet normal 0.866499 -0.499179 0
    outer loop
      vertex 35.3836 -79.5938 0.4
      vertex 35.4631 -79.4558 5.72205e-07
      vertex 35.4631 -79.4558 0.4
    endloop
  endfacet
  facet normal 0.866499 -0.499179 0
    outer loop
      vertex 35.4631 -79.4558 5.72205e-07
      vertex 35.3836 -79.5938 0.4
      vertex 35.3836 -79.5938 5.72205e-07
    endloop
  endfacet
  facet normal 0.95258 -0.304289 0
    outer loop
      vertex 35.4631 -79.4558 0.4
      vertex 35.5198 -79.2783 5.72205e-07
      vertex 35.5198 -79.2783 0.4
    endloop
  endfacet
  facet normal 0.95258 -0.304289 0
    outer loop
      vertex 35.5198 -79.2783 5.72205e-07
      vertex 35.4631 -79.4558 0.4
      vertex 35.4631 -79.4558 5.72205e-07
    endloop
  endfacet
  facet normal 0.987877 -0.155238 0
    outer loop
      vertex 35.5198 -79.2783 0.4
      vertex 35.5539 -79.0613 5.72205e-07
      vertex 35.5539 -79.0613 0.4
    endloop
  endfacet
  facet normal 0.987877 -0.155238 0
    outer loop
      vertex 35.5539 -79.0613 5.72205e-07
      vertex 35.5198 -79.2783 0.4
      vertex 35.5198 -79.2783 5.72205e-07
    endloop
  endfacet
  facet normal 0.999029 -0.0440462 0
    outer loop
      vertex 35.5539 -79.0613 0.4
      vertex 35.5652 -78.805 5.72205e-07
      vertex 35.5652 -78.805 0.4
    endloop
  endfacet
  facet normal 0.999029 -0.0440462 0
    outer loop
      vertex 35.5652 -78.805 5.72205e-07
      vertex 35.5539 -79.0613 0.4
      vertex 35.5539 -79.0613 5.72205e-07
    endloop
  endfacet
  facet normal 1 -0 0
    outer loop
      vertex 35.5652 -78.805 0.4
      vertex 35.5652 -76.7469 5.72205e-07
      vertex 35.5652 -76.7469 0.4
    endloop
  endfacet
  facet normal 1 0 0
    outer loop
      vertex 35.5652 -76.7469 5.72205e-07
      vertex 35.5652 -78.805 0.4
      vertex 35.5652 -78.805 5.72205e-07
    endloop
  endfacet
  facet normal 0 -1 0
    outer loop
      vertex 35.5652 -76.7469 5.72205e-07
      vertex 36.5112 -76.7469 0.4
      vertex 35.5652 -76.7469 0.4
    endloop
  endfacet
  facet normal 0 -1 -0
    outer loop
      vertex 36.5112 -76.7469 0.4
      vertex 35.5652 -76.7469 5.72205e-07
      vertex 36.5112 -76.7469 5.72205e-07
    endloop
  endfacet
  facet normal -1 0 0
    outer loop
      vertex 36.5112 -79.0762 5.72205e-07
      vertex 36.5112 -76.7469 0.4
      vertex 36.5112 -76.7469 5.72205e-07
    endloop
  endfacet
  facet normal -1 -0 0
    outer loop
      vertex 36.5112 -76.7469 0.4
      vertex 36.5112 -79.0762 5.72205e-07
      vertex 36.5112 -79.0762 0.4
    endloop
  endfacet
  facet normal -0.999526 0.0307873 0
    outer loop
      vertex 36.5054 -79.2645 5.72205e-07
      vertex 36.5112 -79.0762 0.4
      vertex 36.5112 -79.0762 5.72205e-07
    endloop
  endfacet
  facet normal -0.999526 0.0307873 0
    outer loop
      vertex 36.5112 -79.0762 0.4
      vertex 36.5054 -79.2645 5.72205e-07
      vertex 36.5054 -79.2645 0.4
    endloop
  endfacet
  facet normal -0.995221 0.0976486 0
    outer loop
      vertex 36.4882 -79.4398 5.72205e-07
      vertex 36.5054 -79.2645 0.4
      vertex 36.5054 -79.2645 5.72205e-07
    endloop
  endfacet
  facet normal -0.995221 0.0976486 0
    outer loop
      vertex 36.5054 -79.2645 0.4
      vertex 36.4882 -79.4398 5.72205e-07
      vertex 36.4882 -79.4398 0.4
    endloop
  endfacet
  facet normal -0.984741 0.174027 0
    outer loop
      vertex 36.4595 -79.6022 5.72205e-07
      vertex 36.4882 -79.4398 0.4
      vertex 36.4882 -79.4398 5.72205e-07
    endloop
  endfacet
  facet normal -0.984741 0.174027 0
    outer loop
      vertex 36.4882 -79.4398 0.4
      vertex 36.4595 -79.6022 5.72205e-07
      vertex 36.4595 -79.6022 0.4
    endloop
  endfacet
  facet normal -0.965653 0.259834 0
    outer loop
      vertex 36.4193 -79.7516 5.72205e-07
      vertex 36.4595 -79.6022 0.4
      vertex 36.4595 -79.6022 5.72205e-07
    endloop
  endfacet
  facet normal -0.965653 0.259834 0
    outer loop
      vertex 36.4595 -79.6022 0.4
      vertex 36.4193 -79.7516 5.72205e-07
      vertex 36.4193 -79.7516 0.4
    endloop
  endfacet
  facet normal -0.93517 0.3542 0
    outer loop
      vertex 36.3676 -79.8881 5.72205e-07
      vertex 36.4193 -79.7516 0.4
      vertex 36.4193 -79.7516 5.72205e-07
    endloop
  endfacet
  facet normal -0.93517 0.3542 0
    outer loop
      vertex 36.4193 -79.7516 0.4
      vertex 36.3676 -79.8881 5.72205e-07
      vertex 36.3676 -79.8881 0.4
    endloop
  endfacet
  facet normal -0.890207 0.455556 0
    outer loop
      vertex 36.3044 -80.0116 5.72205e-07
      vertex 36.3676 -79.8881 0.4
      vertex 36.3676 -79.8881 5.72205e-07
    endloop
  endfacet
  facet normal -0.890207 0.455556 0
    outer loop
      vertex 36.3676 -79.8881 0.4
      vertex 36.3044 -80.0116 5.72205e-07
      vertex 36.3044 -80.0116 0.4
    endloop
  endfacet
  facet normal -0.82904 0.55919 0
    outer loop
      vertex 36.2298 -80.1222 5.72205e-07
      vertex 36.3044 -80.0116 0.4
      vertex 36.3044 -80.0116 5.72205e-07
    endloop
  endfacet
  facet normal -0.82904 0.55919 0
    outer loop
      vertex 36.3044 -80.0116 0.4
      vertex 36.2298 -80.1222 5.72205e-07
      vertex 36.2298 -80.1222 0.4
    endloop
  endfacet
  facet normal -0.748775 0.662824 0
    outer loop
      vertex 36.1442 -80.2189 5.72205e-07
      vertex 36.2298 -80.1222 0.4
      vertex 36.2298 -80.1222 5.72205e-07
    endloop
  endfacet
  facet normal -0.748775 0.662824 0
    outer loop
      vertex 36.2298 -80.1222 0.4
      vertex 36.1442 -80.2189 5.72205e-07
      vertex 36.1442 -80.2189 0.4
    endloop
  endfacet
  facet normal -0.649028 0.760765 0
    outer loop
      vertex 36.1442 -80.2189 5.72205e-07
      vertex 36.0482 -80.3008 0.4
      vertex 36.1442 -80.2189 0.4
    endloop
  endfacet
  facet normal -0.649028 0.760765 0
    outer loop
      vertex 36.0482 -80.3008 0.4
      vertex 36.1442 -80.2189 5.72205e-07
      vertex 36.0482 -80.3008 5.72205e-07
    endloop
  endfacet
  facet normal -0.532644 0.846339 0
    outer loop
      vertex 36.0482 -80.3008 5.72205e-07
      vertex 35.9419 -80.3677 0.4
      vertex 36.0482 -80.3008 0.4
    endloop
  endfacet
  facet normal -0.532644 0.846339 0
    outer loop
      vertex 35.9419 -80.3677 0.4
      vertex 36.0482 -80.3008 5.72205e-07
      vertex 35.9419 -80.3677 5.72205e-07
    endloop
  endfacet
  facet normal -0.407371 0.913263 0
    outer loop
      vertex 35.9419 -80.3677 5.72205e-07
      vertex 35.8251 -80.4198 0.4
      vertex 35.9419 -80.3677 0.4
    endloop
  endfacet
  facet normal -0.407371 0.913263 0
    outer loop
      vertex 35.8251 -80.4198 0.4
      vertex 35.9419 -80.3677 5.72205e-07
      vertex 35.8251 -80.4198 5.72205e-07
    endloop
  endfacet
  facet normal -0.280899 0.959737 0
    outer loop
      vertex 35.8251 -80.4198 5.72205e-07
      vertex 35.698 -80.457 0.4
      vertex 35.8251 -80.4198 0.4
    endloop
  endfacet
  facet normal -0.280899 0.959737 0
    outer loop
      vertex 35.698 -80.457 0.4
      vertex 35.8251 -80.4198 5.72205e-07
      vertex 35.698 -80.457 5.72205e-07
    endloop
  endfacet
  facet normal -0.16009 0.987102 0
    outer loop
      vertex 35.698 -80.457 5.72205e-07
      vertex 35.5605 -80.4793 0.4
      vertex 35.698 -80.457 0.4
    endloop
  endfacet
  facet normal -0.16009 0.987102 0
    outer loop
      vertex 35.5605 -80.4793 0.4
      vertex 35.698 -80.457 5.72205e-07
      vertex 35.5605 -80.4793 5.72205e-07
    endloop
  endfacet
  facet normal -0.0499713 0.998751 0
    outer loop
      vertex 35.5605 -80.4793 5.72205e-07
      vertex 35.4126 -80.4867 0.4
      vertex 35.5605 -80.4793 0.4
    endloop
  endfacet
  facet normal -0.0499713 0.998751 0
    outer loop
      vertex 35.4126 -80.4867 0.4
      vertex 35.5605 -80.4793 5.72205e-07
      vertex 35.4126 -80.4867 5.72205e-07
    endloop
  endfacet
  facet normal 0.0337885 0.999429 -0
    outer loop
      vertex 35.4126 -80.4867 5.72205e-07
      vertex 35.3002 -80.4829 0.4
      vertex 35.4126 -80.4867 0.4
    endloop
  endfacet
  facet normal 0.0337885 0.999429 0
    outer loop
      vertex 35.3002 -80.4829 0.4
      vertex 35.4126 -80.4867 5.72205e-07
      vertex 35.3002 -80.4829 5.72205e-07
    endloop
  endfacet
  facet normal 0.106434 0.99432 -0
    outer loop
      vertex 35.3002 -80.4829 5.72205e-07
      vertex 35.1937 -80.4715 0.4
      vertex 35.3002 -80.4829 0.4
    endloop
  endfacet
  facet normal 0.106434 0.99432 0
    outer loop
      vertex 35.1937 -80.4715 0.4
      vertex 35.3002 -80.4829 5.72205e-07
      vertex 35.1937 -80.4715 5.72205e-07
    endloop
  endfacet
  facet normal 0.18523 0.982695 -0
    outer loop
      vertex 35.1937 -80.4715 5.72205e-07
      vertex 35.0929 -80.4525 0.4
      vertex 35.1937 -80.4715 0.4
    endloop
  endfacet
  facet normal 0.18523 0.982695 0
    outer loop
      vertex 35.0929 -80.4525 0.4
      vertex 35.1937 -80.4715 5.72205e-07
      vertex 35.0929 -80.4525 5.72205e-07
    endloop
  endfacet
  facet normal 0.270834 0.962626 -0
    outer loop
      vertex 35.0929 -80.4525 5.72205e-07
      vertex 34.998 -80.4258 0.4
      vertex 35.0929 -80.4525 0.4
    endloop
  endfacet
  facet normal 0.270834 0.962626 0
    outer loop
      vertex 34.998 -80.4258 0.4
      vertex 35.0929 -80.4525 5.72205e-07
      vertex 34.998 -80.4258 5.72205e-07
    endloop
  endfacet
  facet normal 0.358347 0.933588 -0
    outer loop
      vertex 34.998 -80.4258 5.72205e-07
      vertex 34.9089 -80.3916 0.4
      vertex 34.998 -80.4258 0.4
    endloop
  endfacet
  facet normal 0.358347 0.933588 0
    outer loop
      vertex 34.9089 -80.3916 0.4
      vertex 34.998 -80.4258 5.72205e-07
      vertex 34.9089 -80.3916 5.72205e-07
    endloop
  endfacet
  facet normal 0.448927 0.893568 -0
    outer loop
      vertex 34.9089 -80.3916 5.72205e-07
      vertex 34.8255 -80.3497 0.4
      vertex 34.9089 -80.3916 0.4
    endloop
  endfacet
  facet normal 0.448927 0.893568 0
    outer loop
      vertex 34.8255 -80.3497 0.4
      vertex 34.9089 -80.3916 5.72205e-07
      vertex 34.8255 -80.3497 5.72205e-07
    endloop
  endfacet
  facet normal 0.538282 0.842765 -0
    outer loop
      vertex 34.8255 -80.3497 5.72205e-07
      vertex 34.748 -80.3002 0.4
      vertex 34.8255 -80.3497 0.4
    endloop
  endfacet
  facet normal 0.538282 0.842765 0
    outer loop
      vertex 34.748 -80.3002 0.4
      vertex 34.8255 -80.3497 5.72205e-07
      vertex 34.748 -80.3002 5.72205e-07
    endloop
  endfacet
  facet normal 0.623388 0.781913 -0
    outer loop
      vertex 34.748 -80.3002 5.72205e-07
      vertex 34.675 -80.242 0.4
      vertex 34.748 -80.3002 0.4
    endloop
  endfacet
  facet normal 0.623388 0.781913 0
    outer loop
      vertex 34.675 -80.242 0.4
      vertex 34.748 -80.3002 5.72205e-07
      vertex 34.675 -80.242 5.72205e-07
    endloop
  endfacet
  facet normal 0.696274 0.717776 -0
    outer loop
      vertex 34.675 -80.242 5.72205e-07
      vertex 34.6049 -80.174 0.4
      vertex 34.675 -80.242 0.4
    endloop
  endfacet
  facet normal 0.696274 0.717776 0
    outer loop
      vertex 34.6049 -80.174 0.4
      vertex 34.675 -80.242 5.72205e-07
      vertex 34.6049 -80.174 5.72205e-07
    endloop
  endfacet
  facet normal 0.758224 0.651994 0
    outer loop
      vertex 34.6049 -80.174 0.4
      vertex 34.538 -80.0962 5.72205e-07
      vertex 34.538 -80.0962 0.4
    endloop
  endfacet
  facet normal 0.758224 0.651994 0
    outer loop
      vertex 34.538 -80.0962 5.72205e-07
      vertex 34.6049 -80.174 0.4
      vertex 34.6049 -80.174 5.72205e-07
    endloop
  endfacet
  facet normal 0.807779 0.589485 0
    outer loop
      vertex 34.538 -80.0962 0.4
      vertex 34.474 -80.0085 5.72205e-07
      vertex 34.474 -80.0085 0.4
    endloop
  endfacet
  facet normal 0.807779 0.589485 0
    outer loop
      vertex 34.474 -80.0085 5.72205e-07
      vertex 34.538 -80.0962 0.4
      vertex 34.538 -80.0962 5.72205e-07
    endloop
  endfacet
  facet normal 0.848536 0.529138 0
    outer loop
      vertex 34.474 -80.0085 0.4
      vertex 34.4132 -79.911 5.72205e-07
      vertex 34.4132 -79.911 0.4
    endloop
  endfacet
  facet normal 0.848536 0.529138 0
    outer loop
      vertex 34.4132 -79.911 5.72205e-07
      vertex 34.474 -80.0085 0.4
      vertex 34.474 -80.0085 5.72205e-07
    endloop
  endfacet
  facet normal 0.880049 0.474882 0
    outer loop
      vertex 34.4132 -79.911 0.4
      vertex 34.3553 -79.8037 5.72205e-07
      vertex 34.3553 -79.8037 0.4
    endloop
  endfacet
  facet normal 0.880049 0.474882 0
    outer loop
      vertex 34.3553 -79.8037 5.72205e-07
      vertex 34.4132 -79.911 0.4
      vertex 34.4132 -79.911 5.72205e-07
    endloop
  endfacet
  facet normal 0.905867 0.423562 0
    outer loop
      vertex 34.3553 -79.8037 0.4
      vertex 34.3005 -79.6865 5.72205e-07
      vertex 34.3005 -79.6865 0.4
    endloop
  endfacet
  facet normal 0.905867 0.423562 0
    outer loop
      vertex 34.3005 -79.6865 5.72205e-07
      vertex 34.3553 -79.8037 0.4
      vertex 34.3553 -79.8037 5.72205e-07
    endloop
  endfacet
  facet normal 0 1 -0
    outer loop
      vertex 34.3005 -79.6865 5.72205e-07
      vertex 34.2802 -79.6865 0.4
      vertex 34.3005 -79.6865 0.4
    endloop
  endfacet
  facet normal 0 1 0
    outer loop
      vertex 34.2802 -79.6865 0.4
      vertex 34.3005 -79.6865 5.72205e-07
      vertex 34.2802 -79.6865 5.72205e-07
    endloop
  endfacet
  facet normal -0.956313 0.292344 0
    outer loop
      vertex 34.2153 -79.8988 5.72205e-07
      vertex 34.2802 -79.6865 0.4
      vertex 34.2802 -79.6865 5.72205e-07
    endloop
  endfacet
  facet normal -0.956313 0.292344 0
    outer loop
      vertex 34.2802 -79.6865 0.4
      vertex 34.2153 -79.8988 5.72205e-07
      vertex 34.2153 -79.8988 0.4
    endloop
  endfacet
  facet normal -0.890426 0.455129 0
    outer loop
      vertex 34.1235 -80.0784 5.72205e-07
      vertex 34.2153 -79.8988 0.4
      vertex 34.2153 -79.8988 5.72205e-07
    endloop
  endfacet
  facet normal -0.890426 0.455129 0
    outer loop
      vertex 34.2153 -79.8988 0.4
      vertex 34.1235 -80.0784 5.72205e-07
      vertex 34.1235 -80.0784 0.4
    endloop
  endfacet
  facet normal -0.777762 0.628559 0
    outer loop
      vertex 34.0047 -80.2254 5.72205e-07
      vertex 34.1235 -80.0784 0.4
      vertex 34.1235 -80.0784 5.72205e-07
    endloop
  endfacet
  facet normal -0.777762 0.628559 0
    outer loop
      vertex 34.1235 -80.0784 0.4
      vertex 34.0047 -80.2254 5.72205e-07
      vertex 34.0047 -80.2254 0.4
    endloop
  endfacet
  facet normal -0.616963 0.786992 0
    outer loop
      vertex 34.0047 -80.2254 5.72205e-07
      vertex 33.8589 -80.3397 0.4
      vertex 34.0047 -80.2254 0.4
    endloop
  endfacet
  facet normal -0.616963 0.786992 0
    outer loop
      vertex 33.8589 -80.3397 0.4
      vertex 34.0047 -80.2254 5.72205e-07
      vertex 33.8589 -80.3397 5.72205e-07
    endloop
  endfacet
  facet normal -0.427434 0.904047 0
    outer loop
      vertex 33.8589 -80.3397 5.72205e-07
      vertex 33.6861 -80.4214 0.4
      vertex 33.8589 -80.3397 0.4
    endloop
  endfacet
  facet normal -0.427434 0.904047 0
    outer loop
      vertex 33.6861 -80.4214 0.4
      vertex 33.8589 -80.3397 5.72205e-07
      vertex 33.6861 -80.4214 5.72205e-07
    endloop
  endfacet
  facet normal -0.238187 0.971219 0
    outer loop
      vertex 33.6861 -80.4214 5.72205e-07
      vertex 33.4863 -80.4704 0.4
      vertex 33.6861 -80.4214 0.4
    endloop
  endfacet
  facet normal -0.238187 0.971219 0
    outer loop
      vertex 33.4863 -80.4704 0.4
      vertex 33.6861 -80.4214 5.72205e-07
      vertex 33.4863 -80.4704 5.72205e-07
    endloop
  endfacet
  facet normal -0.0717161 0.997425 0
    outer loop
      vertex 33.4863 -80.4704 5.72205e-07
      vertex 33.2596 -80.4867 0.4
      vertex 33.4863 -80.4704 0.4
    endloop
  endfacet
  facet normal -0.0717161 0.997425 0
    outer loop
      vertex 33.2596 -80.4867 0.4
      vertex 33.4863 -80.4704 5.72205e-07
      vertex 33.2596 -80.4867 5.72205e-07
    endloop
  endfacet
  facet normal 0.0380213 0.999277 -0
    outer loop
      vertex 33.2596 -80.4867 5.72205e-07
      vertex 33.1571 -80.4828 0.4
      vertex 33.2596 -80.4867 0.4
    endloop
  endfacet
  facet normal 0.0380213 0.999277 0
    outer loop
      vertex 33.1571 -80.4828 0.4
      vertex 33.2596 -80.4867 5.72205e-07
      vertex 33.1571 -80.4828 5.72205e-07
    endloop
  endfacet
  facet normal 0.117193 0.993109 -0
    outer loop
      vertex 33.1571 -80.4828 5.72205e-07
      vertex 33.0588 -80.4712 0.4
      vertex 33.1571 -80.4828 0.4
    endloop
  endfacet
  facet normal 0.117193 0.993109 0
    outer loop
      vertex 33.0588 -80.4712 0.4
      vertex 33.1571 -80.4828 5.72205e-07
      vertex 33.0588 -80.4712 5.72205e-07
    endloop
  endfacet
  facet normal 0.201917 0.979403 -0
    outer loop
      vertex 33.0588 -80.4712 5.72205e-07
      vertex 32.9647 -80.4518 0.4
      vertex 33.0588 -80.4712 0.4
    endloop
  endfacet
  facet normal 0.201917 0.979403 0
    outer loop
      vertex 32.9647 -80.4518 0.4
      vertex 33.0588 -80.4712 5.72205e-07
      vertex 32.9647 -80.4518 5.72205e-07
    endloop
  endfacet
  facet normal 0.288618 0.957444 -0
    outer loop
      vertex 32.9647 -80.4518 5.72205e-07
      vertex 32.8748 -80.4247 0.4
      vertex 32.9647 -80.4518 0.4
    endloop
  endfacet
  facet normal 0.288618 0.957444 0
    outer loop
      vertex 32.8748 -80.4247 0.4
      vertex 32.9647 -80.4518 5.72205e-07
      vertex 32.8748 -80.4247 5.72205e-07
    endloop
  endfacet
  facet normal 0.377537 0.925994 -0
    outer loop
      vertex 32.8748 -80.4247 5.72205e-07
      vertex 32.7892 -80.3898 0.4
      vertex 32.8748 -80.4247 0.4
    endloop
  endfacet
  facet normal 0.377537 0.925994 0
    outer loop
      vertex 32.7892 -80.3898 0.4
      vertex 32.8748 -80.4247 5.72205e-07
      vertex 32.7892 -80.3898 5.72205e-07
    endloop
  endfacet
  facet normal 0.463682 0.886002 -0
    outer loop
      vertex 32.7892 -80.3898 5.72205e-07
      vertex 32.7078 -80.3472 0.4
      vertex 32.7892 -80.3898 0.4
    endloop
  endfacet
  facet normal 0.463682 0.886002 0
    outer loop
      vertex 32.7078 -80.3472 0.4
      vertex 32.7892 -80.3898 5.72205e-07
      vertex 32.7078 -80.3472 5.72205e-07
    endloop
  endfacet
  facet normal 0.546665 0.837352 -0
    outer loop
      vertex 32.7078 -80.3472 5.72205e-07
      vertex 32.6306 -80.2968 0.4
      vertex 32.7078 -80.3472 0.4
    endloop
  endfacet
  facet normal 0.546665 0.837352 0
    outer loop
      vertex 32.6306 -80.2968 0.4
      vertex 32.7078 -80.3472 5.72205e-07
      vertex 32.6306 -80.2968 5.72205e-07
    endloop
  endfacet
  facet normal 0.62638 0.779518 -0
    outer loop
      vertex 32.6306 -80.2968 5.72205e-07
      vertex 32.5573 -80.2379 0.4
      vertex 32.6306 -80.2968 0.4
    endloop
  endfacet
  facet normal 0.62638 0.779518 0
    outer loop
      vertex 32.5573 -80.2379 0.4
      vertex 32.6306 -80.2968 5.72205e-07
      vertex 32.5573 -80.2379 5.72205e-07
    endloop
  endfacet
  facet normal 0.699908 0.714233 -0
    outer loop
      vertex 32.5573 -80.2379 5.72205e-07
      vertex 32.4875 -80.1695 0.4
      vertex 32.5573 -80.2379 0.4
    endloop
  endfacet
  facet normal 0.699908 0.714233 0
    outer loop
      vertex 32.4875 -80.1695 0.4
      vertex 32.5573 -80.2379 5.72205e-07
      vertex 32.4875 -80.1695 5.72205e-07
    endloop
  endfacet
  facet normal 0.761601 0.648046 0
    outer loop
      vertex 32.4875 -80.1695 0.4
      vertex 32.4213 -80.0917 5.72205e-07
      vertex 32.4213 -80.0917 0.4
    endloop
  endfacet
  facet normal 0.761601 0.648046 0
    outer loop
      vertex 32.4213 -80.0917 5.72205e-07
      vertex 32.4875 -80.1695 0.4
      vertex 32.4875 -80.1695 5.72205e-07
    endloop
  endfacet
  facet normal 0.811464 0.584403 0
    outer loop
      vertex 32.4213 -80.0917 0.4
      vertex 32.3585 -80.0045 5.72205e-07
      vertex 32.3585 -80.0045 0.4
    endloop
  endfacet
  facet normal 0.811464 0.584403 0
    outer loop
      vertex 32.3585 -80.0045 5.72205e-07
      vertex 32.4213 -80.0917 0.4
      vertex 32.4213 -80.0917 5.72205e-07
    endloop
  endfacet
  facet normal 0.852627 0.522521 0
    outer loop
      vertex 32.3585 -80.0045 0.4
      vertex 32.2993 -79.9079 5.72205e-07
      vertex 32.2993 -79.9079 0.4
    endloop
  endfacet
  facet normal 0.852627 0.522521 0
    outer loop
      vertex 32.2993 -79.9079 5.72205e-07
      vertex 32.3585 -80.0045 0.4
      vertex 32.3585 -80.0045 5.72205e-07
    endloop
  endfacet
  facet normal 0.88557 0.464506 0
    outer loop
      vertex 32.2993 -79.9079 0.4
      vertex 32.2437 -79.8019 5.72205e-07
      vertex 32.2437 -79.8019 0.4
    endloop
  endfacet
  facet normal 0.88557 0.464506 0
    outer loop
      vertex 32.2437 -79.8019 5.72205e-07
      vertex 32.2993 -79.9079 0.4
      vertex 32.2993 -79.9079 5.72205e-07
    endloop
  endfacet
  facet normal 0.911122 0.412137 0
    outer loop
      vertex 32.2437 -79.8019 0.4
      vertex 32.1915 -79.6865 5.72205e-07
      vertex 32.1915 -79.6865 0.4
    endloop
  endfacet
  facet normal 0.911122 0.412137 0
    outer loop
      vertex 32.1915 -79.6865 5.72205e-07
      vertex 32.2437 -79.8019 0.4
      vertex 32.2437 -79.8019 5.72205e-07
    endloop
  endfacet
  facet normal 0 1 -0
    outer loop
      vertex 32.1915 -79.6865 5.72205e-07
      vertex 32.178 -79.6865 0.4
      vertex 32.1915 -79.6865 0.4
    endloop
  endfacet
  facet normal 0 1 0
    outer loop
      vertex 32.178 -79.6865 0.4
      vertex 32.1915 -79.6865 5.72205e-07
      vertex 32.178 -79.6865 5.72205e-07
    endloop
  endfacet
  facet normal -0.999929 0.0119039 0
    outer loop
      vertex 32.1776 -79.7201 5.72205e-07
      vertex 32.178 -79.6865 0.4
      vertex 32.178 -79.6865 5.72205e-07
    endloop
  endfacet
  facet normal -0.999929 0.0119039 0
    outer loop
      vertex 32.178 -79.6865 0.4
      vertex 32.1776 -79.7201 5.72205e-07
      vertex 32.1776 -79.7201 0.4
    endloop
  endfacet
  facet normal -0.999698 0.0245626 0
    outer loop
      vertex 32.1766 -79.7608 5.72205e-07
      vertex 32.1776 -79.7201 0.4
      vertex 32.1776 -79.7201 5.72205e-07
    endloop
  endfacet
  facet normal -0.999698 0.0245626 0
    outer loop
      vertex 32.1776 -79.7201 0.4
      vertex 32.1766 -79.7608 5.72205e-07
      vertex 32.1766 -79.7608 0.4
    endloop
  endfacet
  facet normal -0.999371 0.0354683 0
    outer loop
      vertex 32.1749 -79.8087 5.72205e-07
      vertex 32.1766 -79.7608 0.4
      vertex 32.1766 -79.7608 5.72205e-07
    endloop
  endfacet
  facet normal -0.999371 0.0354683 0
    outer loop
      vertex 32.1766 -79.7608 0.4
      vertex 32.1749 -79.8087 5.72205e-07
      vertex 32.1749 -79.8087 0.4
    endloop
  endfacet
  facet normal -0.998969 0.0454077 0
    outer loop
      vertex 32.1724 -79.8637 5.72205e-07
      vertex 32.1749 -79.8087 0.4
      vertex 32.1749 -79.8087 5.72205e-07
    endloop
  endfacet
  facet normal -0.998969 0.0454077 0
    outer loop
      vertex 32.1749 -79.8087 0.4
      vertex 32.1724 -79.8637 5.72205e-07
      vertex 32.1724 -79.8637 0.4
    endloop
  endfacet
  facet normal -0.998756 0.0498574 0
    outer loop
      vertex 32.1693 -79.9258 5.72205e-07
      vertex 32.1724 -79.8637 0.4
      vertex 32.1724 -79.8637 5.72205e-07
    endloop
  endfacet
  facet normal -0.998756 0.0498574 0
    outer loop
      vertex 32.1724 -79.8637 0.4
      vertex 32.1693 -79.9258 5.72205e-07
      vertex 32.1693 -79.9258 0.4
    endloop
  endfacet
  facet normal -0.998496 0.0548307 0
    outer loop
      vertex 32.1655 -79.995 5.72205e-07
      vertex 32.1693 -79.9258 0.4
      vertex 32.1693 -79.9258 5.72205e-07
    endloop
  endfacet
  facet normal -0.998496 0.0548307 0
    outer loop
      vertex 32.1693 -79.9258 0.4
      vertex 32.1655 -79.995 5.72205e-07
      vertex 32.1655 -79.995 0.4
    endloop
  endfacet
  facet normal -0.99827 0.0587986 0
    outer loop
      vertex 32.161 -80.0714 5.72205e-07
      vertex 32.1655 -79.995 0.4
      vertex 32.1655 -79.995 5.72205e-07
    endloop
  endfacet
  facet normal -0.99827 0.0587986 0
    outer loop
      vertex 32.1655 -79.995 0.4
      vertex 32.161 -80.0714 5.72205e-07
      vertex 32.161 -80.0714 0.4
    endloop
  endfacet
  facet normal -0.998068 0.0621314 0
    outer loop
      vertex 32.1563 -80.1469 5.72205e-07
      vertex 32.161 -80.0714 0.4
      vertex 32.161 -80.0714 5.72205e-07
    endloop
  endfacet
  facet normal -0.998068 0.0621314 0
    outer loop
      vertex 32.161 -80.0714 0.4
      vertex 32.1563 -80.1469 5.72205e-07
      vertex 32.1563 -80.1469 0.4
    endloop
  endfacet
  facet normal -0.997831 0.065824 0
    outer loop
      vertex 32.1519 -80.2136 5.72205e-07
      vertex 32.1563 -80.1469 0.4
      vertex 32.1563 -80.1469 5.72205e-07
    endloop
  endfacet
  facet normal -0.997831 0.065824 0
    outer loop
      vertex 32.1563 -80.1469 0.4
      vertex 32.1519 -80.2136 5.72205e-07
      vertex 32.1519 -80.2136 0.4
    endloop
  endfacet
  facet normal -0.997388 0.0722247 0
    outer loop
      vertex 32.1477 -80.2716 5.72205e-07
      vertex 32.1519 -80.2136 0.4
      vertex 32.1519 -80.2136 5.72205e-07
    endloop
  endfacet
  facet normal -0.997388 0.0722247 0
    outer loop
      vertex 32.1519 -80.2136 0.4
      vertex 32.1477 -80.2716 5.72205e-07
      vertex 32.1477 -80.2716 0.4
    endloop
  endfacet
  facet normal -0.997031 0.0770064 0
    outer loop
      vertex 32.1439 -80.3208 5.72205e-07
      vertex 32.1477 -80.2716 0.4
      vertex 32.1477 -80.2716 5.72205e-07
    endloop
  endfacet
  facet normal -0.997031 0.0770064 0
    outer loop
      vertex 32.1477 -80.2716 0.4
      vertex 32.1439 -80.3208 5.72205e-07
      vertex 32.1439 -80.3208 0.4
    endloop
  endfacet
  facet normal -0.996034 0.0889757 0
    outer loop
      vertex 32.1403 -80.3611 5.72205e-07
      vertex 32.1439 -80.3208 0.4
      vertex 32.1439 -80.3208 5.72205e-07
    endloop
  endfacet
  facet normal -0.996034 0.0889757 0
    outer loop
      vertex 32.1439 -80.3208 0.4
      vertex 32.1403 -80.3611 5.72205e-07
      vertex 32.1403 -80.3611 0.4
    endloop
  endfacet
  facet normal -0.994261 0.106977 0
    outer loop
      vertex 32.1369 -80.3927 5.72205e-07
      vertex 32.1403 -80.3611 0.4
      vertex 32.1403 -80.3611 5.72205e-07
    endloop
  endfacet
  facet normal -0.994261 0.106977 0
    outer loop
      vertex 32.1403 -80.3611 0.4
      vertex 32.1369 -80.3927 5.72205e-07
      vertex 32.1369 -80.3927 0.4
    endloop
  endfacet
  facet normal -0.991454 0.130455 0
    outer loop
      vertex 32.1339 -80.4155 5.72205e-07
      vertex 32.1369 -80.3927 0.4
      vertex 32.1369 -80.3927 5.72205e-07
    endloop
  endfacet
  facet normal -0.991454 0.130455 0
    outer loop
      vertex 32.1369 -80.3927 0.4
      vertex 32.1339 -80.4155 5.72205e-07
      vertex 32.1339 -80.4155 0.4
    endloop
  endfacet
  facet normal 0 1 -0
    outer loop
      vertex 32.1339 -80.4155 5.72205e-07
      vertex 31.2252 -80.4155 0.4
      vertex 32.1339 -80.4155 0.4
    endloop
  endfacet
  facet normal 0 1 0
    outer loop
      vertex 31.2252 -80.4155 0.4
      vertex 32.1339 -80.4155 5.72205e-07
      vertex 31.2252 -80.4155 5.72205e-07
    endloop
  endfacet
  facet normal 0.997775 -0.0666716 0
    outer loop
      vertex 31.2252 -80.4155 0.4
      vertex 31.2281 -80.3721 5.72205e-07
      vertex 31.2281 -80.3721 0.4
    endloop
  endfacet
  facet normal 0.997775 -0.0666716 0
    outer loop
      vertex 31.2281 -80.3721 5.72205e-07
      vertex 31.2252 -80.4155 0.4
      vertex 31.2252 -80.4155 5.72205e-07
    endloop
  endfacet
  facet normal 0.99807 -0.0621021 0
    outer loop
      vertex 31.2281 -80.3721 0.4
      vertex 31.2309 -80.3271 5.72205e-07
      vertex 31.2309 -80.3271 0.4
    endloop
  endfacet
  facet normal 0.99807 -0.0621021 0
    outer loop
      vertex 31.2309 -80.3271 5.72205e-07
      vertex 31.2281 -80.3721 0.4
      vertex 31.2281 -80.3721 5.72205e-07
    endloop
  endfacet
  facet normal 0.998326 -0.0578429 0
    outer loop
      vertex 31.2309 -80.3271 0.4
      vertex 31.2336 -80.2805 5.72205e-07
      vertex 31.2336 -80.2805 0.4
    endloop
  endfacet
  facet normal 0.998326 -0.0578429 0
    outer loop
      vertex 31.2336 -80.2805 5.72205e-07
      vertex 31.2309 -80.3271 0.4
      vertex 31.2309 -80.3271 5.72205e-07
    endloop
  endfacet
  facet normal 0.998435 -0.0559289 0
    outer loop
      vertex 31.2336 -80.2805 0.4
      vertex 31.2363 -80.2323 5.72205e-07
      vertex 31.2363 -80.2323 0.4
    endloop
  endfacet
  facet normal 0.998435 -0.0559289 0
    outer loop
      vertex 31.2363 -80.2323 5.72205e-07
      vertex 31.2336 -80.2805 0.4
      vertex 31.2336 -80.2805 5.72205e-07
    endloop
  endfacet
  facet normal 0.99864 -0.0521378 0
    outer loop
      vertex 31.2363 -80.2323 0.4
      vertex 31.2389 -80.1825 5.72205e-07
      vertex 31.2389 -80.1825 0.4
    endloop
  endfacet
  facet normal 0.99864 -0.0521378 0
    outer loop
      vertex 31.2389 -80.1825 5.72205e-07
      vertex 31.2363 -80.2323 0.4
      vertex 31.2363 -80.2323 5.72205e-07
    endloop
  endfacet
  facet normal 0.998819 -0.0485807 0
    outer loop
      vertex 31.2389 -80.1825 0.4
      vertex 31.2414 -80.1311 5.72205e-07
      vertex 31.2414 -80.1311 0.4
    endloop
  endfacet
  facet normal 0.998819 -0.0485807 0
    outer loop
      vertex 31.2414 -80.1311 5.72205e-07
      vertex 31.2389 -80.1825 0.4
      vertex 31.2389 -80.1825 5.72205e-07
    endloop
  endfacet
  facet normal 0.998976 -0.0452367 0
    outer loop
      vertex 31.2414 -80.1311 0.4
      vertex 31.2438 -80.0781 5.72205e-07
      vertex 31.2438 -80.0781 0.4
    endloop
  endfacet
  facet normal 0.998976 -0.0452367 0
    outer loop
      vertex 31.2438 -80.0781 5.72205e-07
      vertex 31.2414 -80.1311 0.4
      vertex 31.2414 -80.1311 5.72205e-07
    endloop
  endfacet
  facet normal 0.999155 -0.0411101 0
    outer loop
      vertex 31.2438 -80.0781 0.4
      vertex 31.2461 -80.0222 5.72205e-07
      vertex 31.2461 -80.0222 0.4
    endloop
  endfacet
  facet normal 0.999155 -0.0411101 0
    outer loop
      vertex 31.2461 -80.0222 5.72205e-07
      vertex 31.2438 -80.0781 0.4
      vertex 31.2438 -80.0781 5.72205e-07
    endloop
  endfacet
  facet normal 0.999504 -0.0314935 0
    outer loop
      vertex 31.2461 -80.0222 0.4
      vertex 31.248 -79.9619 5.72205e-07
      vertex 31.248 -79.9619 0.4
    endloop
  endfacet
  facet normal 0.999504 -0.0314935 0
    outer loop
      vertex 31.248 -79.9619 5.72205e-07
      vertex 31.2461 -80.0222 0.4
      vertex 31.2461 -80.0222 5.72205e-07
    endloop
  endfacet
  facet normal 0.999731 -0.0231777 0
    outer loop
      vertex 31.248 -79.9619 0.4
      vertex 31.2495 -79.8972 5.72205e-07
      vertex 31.2495 -79.8972 0.4
    endloop
  endfacet
  facet normal 0.999731 -0.0231777 0
    outer loop
      vertex 31.2495 -79.8972 5.72205e-07
      vertex 31.248 -79.9619 0.4
      vertex 31.248 -79.9619 5.72205e-07
    endloop
  endfacet
  facet normal 0.999823 -0.0188372 0
    outer loop
      vertex 31.2495 -79.8972 0.4
      vertex 31.2508 -79.8282 5.72205e-07
      vertex 31.2508 -79.8282 0.4
    endloop
  endfacet
  facet normal 0.999823 -0.0188372 0
    outer loop
      vertex 31.2508 -79.8282 5.72205e-07
      vertex 31.2495 -79.8972 0.4
      vertex 31.2495 -79.8972 5.72205e-07
    endloop
  endfacet
  facet normal 0.999941 -0.0108985 0
    outer loop
      vertex 31.2508 -79.8282 0.4
      vertex 31.2516 -79.7548 5.72205e-07
      vertex 31.2516 -79.7548 0.4
    endloop
  endfacet
  facet normal 0.999941 -0.0108985 0
    outer loop
      vertex 31.2516 -79.7548 5.72205e-07
      vertex 31.2508 -79.8282 0.4
      vertex 31.2508 -79.8282 5.72205e-07
    endloop
  endfacet
  facet normal 0.999979 -0.00643487 0
    outer loop
      vertex 31.2516 -79.7548 0.4
      vertex 31.2521 -79.6771 5.72205e-07
      vertex 31.2521 -79.6771 0.4
    endloop
  endfacet
  facet normal 0.999979 -0.00643487 0
    outer loop
      vertex 31.2521 -79.6771 5.72205e-07
      vertex 31.2516 -79.7548 0.4
      vertex 31.2516 -79.7548 5.72205e-07
    endloop
  endfacet
  facet normal 0.999997 -0.00243605 0
    outer loop
      vertex 31.2521 -79.6771 0.4
      vertex 31.2523 -79.595 5.72205e-07
      vertex 31.2523 -79.595 0.4
    endloop
  endfacet
  facet normal 0.999997 -0.00243605 0
    outer loop
      vertex 31.2523 -79.595 5.72205e-07
      vertex 31.2521 -79.6771 0.4
      vertex 31.2521 -79.6771 5.72205e-07
    endloop
  endfacet
  facet normal 1 -0 0
    outer loop
      vertex 31.2523 -79.595 0.4
      vertex 31.2523 -76.7469 5.72205e-07
      vertex 31.2523 -76.7469 0.4
    endloop
  endfacet
  facet normal 1 0 0
    outer loop
      vertex 31.2523 -76.7469 5.72205e-07
      vertex 31.2523 -79.595 0.4
      vertex 31.2523 -79.595 5.72205e-07
    endloop
  endfacet
  facet normal 0 -1 0
    outer loop
      vertex 31.2523 -76.7469 5.72205e-07
      vertex 32.2051 -76.7469 0.4
      vertex 31.2523 -76.7469 0.4
    endloop
  endfacet
  facet normal 0 -1 -0
    outer loop
      vertex 32.2051 -76.7469 0.4
      vertex 31.2523 -76.7469 5.72205e-07
      vertex 32.2051 -76.7469 5.72205e-07
    endloop
  endfacet
  facet normal -1 0 0
    outer loop
      vertex 32.2051 -78.7134 5.72205e-07
      vertex 32.2051 -76.7469 0.4
      vertex 32.2051 -76.7469 5.72205e-07
    endloop
  endfacet
  facet normal -1 -0 0
    outer loop
      vertex 32.2051 -76.7469 0.4
      vertex 32.2051 -78.7134 5.72205e-07
      vertex 32.2051 -78.7134 0.4
    endloop
  endfacet
  facet normal -0.135913 -0.990721 0
    outer loop
      vertex 19.9327 -76.6894 5.72205e-07
      vertex 20.1594 -76.7205 0.4
      vertex 19.9327 -76.6894 0.4
    endloop
  endfacet
  facet normal -0.135913 -0.990721 -0
    outer loop
      vertex 20.1594 -76.7205 0.4
      vertex 19.9327 -76.6894 5.72205e-07
      vertex 20.1594 -76.7205 5.72205e-07
    endloop
  endfacet
  facet normal -0.237771 -0.971321 0
    outer loop
      vertex 20.1594 -76.7205 5.72205e-07
      vertex 20.3706 -76.7722 0.4
      vertex 20.1594 -76.7205 0.4
    endloop
  endfacet
  facet normal -0.237771 -0.971321 -0
    outer loop
      vertex 20.3706 -76.7722 0.4
      vertex 20.1594 -76.7205 5.72205e-07
      vertex 20.3706 -76.7722 5.72205e-07
    endloop
  endfacet
  facet normal -0.347127 -0.937818 0
    outer loop
      vertex 20.3706 -76.7722 5.72205e-07
      vertex 20.5662 -76.8446 0.4
      vertex 20.3706 -76.7722 0.4
    endloop
  endfacet
  facet normal -0.347127 -0.937818 -0
    outer loop
      vertex 20.5662 -76.8446 0.4
      vertex 20.3706 -76.7722 5.72205e-07
      vertex 20.5662 -76.8446 5.72205e-07
    endloop
  endfacet
  facet normal -0.459007 -0.888433 0
    outer loop
      vertex 20.5662 -76.8446 5.72205e-07
      vertex 20.7464 -76.9377 0.4
      vertex 20.5662 -76.8446 0.4
    endloop
  endfacet
  facet normal -0.459007 -0.888433 -0
    outer loop
      vertex 20.7464 -76.9377 0.4
      vertex 20.5662 -76.8446 5.72205e-07
      vertex 20.7464 -76.9377 5.72205e-07
    endloop
  endfacet
  facet normal -0.568456 -0.822713 0
    outer loop
      vertex 20.7464 -76.9377 5.72205e-07
      vertex 20.9111 -77.0515 0.4
      vertex 20.7464 -76.9377 0.4
    endloop
  endfacet
  facet normal -0.568456 -0.822713 -0
    outer loop
      vertex 20.9111 -77.0515 0.4
      vertex 20.7464 -76.9377 5.72205e-07
      vertex 20.9111 -77.0515 5.72205e-07
    endloop
  endfacet
  facet normal -0.66957 -0.742749 0
    outer loop
      vertex 20.9111 -77.0515 5.72205e-07
      vertex 21.0603 -77.186 0.4
      vertex 20.9111 -77.0515 0.4
    endloop
  endfacet
  facet normal -0.66957 -0.742749 -0
    outer loop
      vertex 21.0603 -77.186 0.4
      vertex 20.9111 -77.0515 5.72205e-07
      vertex 21.0603 -77.186 5.72205e-07
    endloop
  endfacet
  facet normal -0.758239 -0.651976 0
    outer loop
      vertex 21.1916 -77.3387 5.72205e-07
      vertex 21.0603 -77.186 0.4
      vertex 21.0603 -77.186 5.72205e-07
    endloop
  endfacet
  facet normal -0.758239 -0.651976 0
    outer loop
      vertex 21.0603 -77.186 0.4
      vertex 21.1916 -77.3387 5.72205e-07
      vertex 21.1916 -77.3387 0.4
    endloop
  endfacet
  facet normal -0.834559 -0.550918 0
    outer loop
      vertex 21.3027 -77.507 5.72205e-07
      vertex 21.1916 -77.3387 0.4
      vertex 21.1916 -77.3387 5.72205e-07
    endloop
  endfacet
  facet normal -0.834559 -0.550918 0
    outer loop
      vertex 21.1916 -77.3387 0.4
      vertex 21.3027 -77.507 5.72205e-07
      vertex 21.3027 -77.507 0.4
    endloop
  endfacet
  facet normal -0.896463 -0.443119 0
    outer loop
      vertex 21.3937 -77.6911 5.72205e-07
      vertex 21.3027 -77.507 0.4
      vertex 21.3027 -77.507 5.72205e-07
    endloop
  endfacet
  facet normal -0.896463 -0.443119 0
    outer loop
      vertex 21.3027 -77.507 0.4
      vertex 21.3937 -77.6911 5.72205e-07
      vertex 21.3937 -77.6911 0.4
    endloop
  endfacet
  facet normal -0.94272 -0.333585 0
    outer loop
      vertex 21.4644 -77.8909 5.72205e-07
      vertex 21.3937 -77.6911 0.4
      vertex 21.3937 -77.6911 5.72205e-07
    endloop
  endfacet
  facet normal -0.94272 -0.333585 0
    outer loop
      vertex 21.3937 -77.6911 0.4
      vertex 21.4644 -77.8909 5.72205e-07
      vertex 21.4644 -77.8909 0.4
    endloop
  endfacet
  facet normal -0.973624 -0.228158 0
    outer loop
      vertex 21.5149 -78.1064 5.72205e-07
      vertex 21.4644 -77.8909 0.4
      vertex 21.4644 -77.8909 5.72205e-07
    endloop
  endfacet
  facet normal -0.973624 -0.228158 0
    outer loop
      vertex 21.4644 -77.8909 0.4
      vertex 21.5149 -78.1064 5.72205e-07
      vertex 21.5149 -78.1064 0.4
    endloop
  endfacet
  facet normal -0.991529 -0.129889 0
    outer loop
      vertex 21.5452 -78.3377 5.72205e-07
      vertex 21.5149 -78.1064 0.4
      vertex 21.5149 -78.1064 5.72205e-07
    endloop
  endfacet
  facet normal -0.991529 -0.129889 0
    outer loop
      vertex 21.5149 -78.1064 0.4
      vertex 21.5452 -78.3377 5.72205e-07
      vertex 21.5452 -78.3377 0.4
    endloop
  endfacet
  facet normal -0.999164 -0.0408731 0
    outer loop
      vertex 21.5553 -78.5846 5.72205e-07
      vertex 21.5452 -78.3377 0.4
      vertex 21.5452 -78.3377 5.72205e-07
    endloop
  endfacet
  facet normal -0.999164 -0.0408731 0
    outer loop
      vertex 21.5452 -78.3377 0.4
      vertex 21.5553 -78.5846 5.72205e-07
      vertex 21.5553 -78.5846 0.4
    endloop
  endfacet
  facet normal -0.999285 0.0378129 0
    outer loop
      vertex 21.5457 -78.8383 5.72205e-07
      vertex 21.5553 -78.5846 0.4
      vertex 21.5553 -78.5846 5.72205e-07
    endloop
  endfacet
  facet normal -0.999285 0.0378129 0
    outer loop
      vertex 21.5553 -78.5846 0.4
      vertex 21.5457 -78.8383 5.72205e-07
      vertex 21.5457 -78.8383 0.4
    endloop
  endfacet
  facet normal -0.992553 0.121811 0
    outer loop
      vertex 21.5167 -79.0746 5.72205e-07
      vertex 21.5457 -78.8383 0.4
      vertex 21.5457 -78.8383 5.72205e-07
    endloop
  endfacet
  facet normal -0.992553 0.121811 0
    outer loop
      vertex 21.5457 -78.8383 0.4
      vertex 21.5167 -79.0746 5.72205e-07
      vertex 21.5167 -79.0746 0.4
    endloop
  endfacet
  facet normal -0.976491 0.21556 0
    outer loop
      vertex 21.4684 -79.2934 5.72205e-07
      vertex 21.5167 -79.0746 0.4
      vertex 21.5167 -79.0746 5.72205e-07
    endloop
  endfacet
  facet normal -0.976491 0.21556 0
    outer loop
      vertex 21.5167 -79.0746 0.4
      vertex 21.4684 -79.2934 5.72205e-07
      vertex 21.4684 -79.2934 0.4
    endloop
  endfacet
  facet normal -0.948117 0.317923 0
    outer loop
      vertex 21.4009 -79.4947 5.72205e-07
      vertex 21.4684 -79.2934 0.4
      vertex 21.4684 -79.2934 5.72205e-07
    endloop
  endfacet
  facet normal -0.948117 0.317923 0
    outer loop
      vertex 21.4684 -79.2934 0.4
      vertex 21.4009 -79.4947 5.72205e-07
      vertex 21.4009 -79.4947 0.4
    endloop
  endfacet
  facet normal -0.903958 0.427621 0
    outer loop
      vertex 21.314 -79.6784 5.72205e-07
      vertex 21.4009 -79.4947 0.4
      vertex 21.4009 -79.4947 5.72205e-07
    endloop
  endfacet
  facet normal -0.903958 0.427621 0
    outer loop
      vertex 21.4009 -79.4947 0.4
      vertex 21.314 -79.6784 5.72205e-07
      vertex 21.314 -79.6784 0.4
    endloop
  endfacet
  facet normal -0.842658 0.538449 0
    outer loop
      vertex 21.2078 -79.8446 5.72205e-07
      vertex 21.314 -79.6784 0.4
      vertex 21.314 -79.6784 5.72205e-07
    endloop
  endfacet
  facet normal -0.842658 0.538449 0
    outer loop
      vertex 21.314 -79.6784 0.4
      vertex 21.2078 -79.8446 5.72205e-07
      vertex 21.2078 -79.8446 0.4
    endloop
  endfacet
  facet normal -0.764418 0.644721 0
    outer loop
      vertex 21.0823 -79.9934 5.72205e-07
      vertex 21.2078 -79.8446 0.4
      vertex 21.2078 -79.8446 5.72205e-07
    endloop
  endfacet
  facet normal -0.764418 0.644721 0
    outer loop
      vertex 21.2078 -79.8446 0.4
      vertex 21.0823 -79.9934 5.72205e-07
      vertex 21.0823 -79.9934 0.4
    endloop
  endfacet
  facet normal -0.670616 0.741805 0
    outer loop
      vertex 21.0823 -79.9934 5.72205e-07
      vertex 20.9385 -80.1234 0.4
      vertex 21.0823 -79.9934 0.4
    endloop
  endfacet
  facet normal -0.670616 0.741805 0
    outer loop
      vertex 20.9385 -80.1234 0.4
      vertex 21.0823 -79.9934 5.72205e-07
      vertex 20.9385 -80.1234 5.72205e-07
    endloop
  endfacet
  facet normal -0.563305 0.826249 0
    outer loop
      vertex 20.9385 -80.1234 5.72205e-07
      vertex 20.7773 -80.2333 0.4
      vertex 20.9385 -80.1234 0.4
    endloop
  endfacet
  facet normal -0.563305 0.826249 0
    outer loop
      vertex 20.7773 -80.2333 0.4
      vertex 20.9385 -80.1234 5.72205e-07
      vertex 20.7773 -80.2333 5.72205e-07
    endloop
  endfacet
  facet normal -0.450212 0.892921 0
    outer loop
      vertex 20.7773 -80.2333 5.72205e-07
      vertex 20.5988 -80.3233 0.4
      vertex 20.7773 -80.2333 0.4
    endloop
  endfacet
  facet normal -0.450212 0.892921 0
    outer loop
      vertex 20.5988 -80.3233 0.4
      vertex 20.7773 -80.2333 5.72205e-07
      vertex 20.5988 -80.3233 5.72205e-07
    endloop
  endfacet
  facet normal -0.336336 0.941742 0
    outer loop
      vertex 20.5988 -80.3233 5.72205e-07
      vertex 20.4028 -80.3933 0.4
      vertex 20.5988 -80.3233 0.4
    endloop
  endfacet
  facet normal -0.336336 0.941742 0
    outer loop
      vertex 20.4028 -80.3933 0.4
      vertex 20.5988 -80.3233 5.72205e-07
      vertex 20.4028 -80.3933 5.72205e-07
    endloop
  endfacet
  facet normal -0.228225 0.973608 0
    outer loop
      vertex 20.4028 -80.3933 5.72205e-07
      vertex 20.1895 -80.4433 0.4
      vertex 20.4028 -80.3933 0.4
    endloop
  endfacet
  facet normal -0.228225 0.973608 0
    outer loop
      vertex 20.1895 -80.4433 0.4
      vertex 20.4028 -80.3933 5.72205e-07
      vertex 20.1895 -80.4433 5.72205e-07
    endloop
  endfacet
  facet normal -0.129008 0.991644 0
    outer loop
      vertex 20.1895 -80.4433 5.72205e-07
      vertex 19.9589 -80.4733 0.4
      vertex 20.1895 -80.4433 0.4
    endloop
  endfacet
  facet normal -0.129008 0.991644 0
    outer loop
      vertex 19.9589 -80.4733 0.4
      vertex 20.1895 -80.4433 5.72205e-07
      vertex 19.9589 -80.4733 5.72205e-07
    endloop
  endfacet
  facet normal -0.0402736 0.999189 0
    outer loop
      vertex 19.9589 -80.4733 5.72205e-07
      vertex 19.7108 -80.4833 0.4
      vertex 19.9589 -80.4733 0.4
    endloop
  endfacet
  facet normal -0.0402736 0.999189 0
    outer loop
      vertex 19.7108 -80.4833 0.4
      vertex 19.9589 -80.4733 5.72205e-07
      vertex 19.7108 -80.4833 5.72205e-07
    endloop
  endfacet
  facet normal 0.0423662 0.999102 -0
    outer loop
      vertex 19.7108 -80.4833 5.72205e-07
      vertex 19.4679 -80.473 0.4
      vertex 19.7108 -80.4833 0.4
    endloop
  endfacet
  facet normal 0.0423662 0.999102 0
    outer loop
      vertex 19.4679 -80.473 0.4
      vertex 19.7108 -80.4833 5.72205e-07
      vertex 19.4679 -80.473 5.72205e-07
    endloop
  endfacet
  facet normal 0.135736 0.990745 -0
    outer loop
      vertex 19.4679 -80.473 5.72205e-07
      vertex 19.2409 -80.4419 0.4
      vertex 19.4679 -80.473 0.4
    endloop
  endfacet
  facet normal 0.135736 0.990745 0
    outer loop
      vertex 19.2409 -80.4419 0.4
      vertex 19.4679 -80.473 5.72205e-07
      vertex 19.2409 -80.4419 5.72205e-07
    endloop
  endfacet
  facet normal 0.237771 0.971321 -0
    outer loop
      vertex 19.2409 -80.4419 5.72205e-07
      vertex 19.0297 -80.3902 0.4
      vertex 19.2409 -80.4419 0.4
    endloop
  endfacet
  facet normal 0.237771 0.971321 0
    outer loop
      vertex 19.0297 -80.3902 0.4
      vertex 19.2409 -80.4419 5.72205e-07
      vertex 19.0297 -80.3902 5.72205e-07
    endloop
  endfacet
  facet normal 0.347752 0.937586 -0
    outer loop
      vertex 19.0297 -80.3902 5.72205e-07
      vertex 18.8345 -80.3178 0.4
      vertex 19.0297 -80.3902 0.4
    endloop
  endfacet
  facet normal 0.347752 0.937586 0
    outer loop
      vertex 18.8345 -80.3178 0.4
      vertex 19.0297 -80.3902 5.72205e-07
      vertex 18.8345 -80.3178 5.72205e-07
    endloop
  endfacet
  facet normal 0.461025 0.887387 -0
    outer loop
      vertex 18.8345 -80.3178 5.72205e-07
      vertex 18.6553 -80.2247 0.4
      vertex 18.8345 -80.3178 0.4
    endloop
  endfacet
  facet normal 0.461025 0.887387 0
    outer loop
      vertex 18.6553 -80.2247 0.4
      vertex 18.8345 -80.3178 5.72205e-07
      vertex 18.6553 -80.2247 5.72205e-07
    endloop
  endfacet
  facet normal 0.571506 0.820598 -0
    outer loop
      vertex 18.6553 -80.2247 5.72205e-07
      vertex 18.4919 -80.1109 0.4
      vertex 18.6553 -80.2247 0.4
    endloop
  endfacet
  facet normal 0.571506 0.820598 0
    outer loop
      vertex 18.4919 -80.1109 0.4
      vertex 18.6553 -80.2247 5.72205e-07
      vertex 18.4919 -80.1109 5.72205e-07
    endloop
  endfacet
  facet normal 0.673794 0.738919 -0
    outer loop
      vertex 18.4919 -80.1109 5.72205e-07
      vertex 18.3444 -79.9764 0.4
      vertex 18.4919 -80.1109 0.4
    endloop
  endfacet
  facet normal 0.673794 0.738919 0
    outer loop
      vertex 18.3444 -79.9764 0.4
      vertex 18.4919 -80.1109 5.72205e-07
      vertex 18.3444 -79.9764 5.72205e-07
    endloop
  endfacet
  facet normal 0.762248 0.647286 0
    outer loop
      vertex 18.3444 -79.9764 0.4
      vertex 18.2149 -79.8239 5.72205e-07
      vertex 18.2149 -79.8239 0.4
    endloop
  endfacet
  facet normal 0.762248 0.647286 0
    outer loop
      vertex 18.2149 -79.8239 5.72205e-07
      vertex 18.3444 -79.9764 0.4
      vertex 18.3444 -79.9764 5.72205e-07
    endloop
  endfacet
  facet normal 0.837531 0.546389 0
    outer loop
      vertex 18.2149 -79.8239 0.4
      vertex 18.1053 -79.6559 5.72205e-07
      vertex 18.1053 -79.6559 0.4
    endloop
  endfacet
  facet normal 0.837531 0.546389 0
    outer loop
      vertex 18.1053 -79.6559 5.72205e-07
      vertex 18.2149 -79.8239 0.4
      vertex 18.2149 -79.8239 5.72205e-07
    endloop
  endfacet
  facet normal 0.898311 0.439359 0
    outer loop
      vertex 18.1053 -79.6559 0.4
      vertex 18.0156 -79.4725 5.72205e-07
      vertex 18.0156 -79.4725 0.4
    endloop
  endfacet
  facet normal 0.898311 0.439359 0
    outer loop
      vertex 18.0156 -79.4725 5.72205e-07
      vertex 18.1053 -79.6559 0.4
      vertex 18.1053 -79.6559 5.72205e-07
    endloop
  endfacet
  facet normal 0.943681 0.330858 0
    outer loop
      vertex 18.0156 -79.4725 0.4
      vertex 17.9459 -79.2737 5.72205e-07
      vertex 17.9459 -79.2737 0.4
    endloop
  endfacet
  facet normal 0.943681 0.330858 0
    outer loop
      vertex 17.9459 -79.2737 5.72205e-07
      vertex 18.0156 -79.4725 0.4
      vertex 18.0156 -79.4725 5.72205e-07
    endloop
  endfacet
  facet normal 0.973945 0.226784 0
    outer loop
      vertex 17.9459 -79.2737 0.4
      vertex 17.896 -79.0594 5.72205e-07
      vertex 17.896 -79.0594 0.4
    endloop
  endfacet
  facet normal 0.973945 0.226784 0
    outer loop
      vertex 17.896 -79.0594 5.72205e-07
      vertex 17.9459 -79.2737 0.4
      vertex 17.9459 -79.2737 5.72205e-07
    endloop
  endfacet
  facet normal 0.991634 0.129081 0
    outer loop
      vertex 17.896 -79.0594 0.4
      vertex 17.8661 -78.8297 5.72205e-07
      vertex 17.8661 -78.8297 0.4
    endloop
  endfacet
  facet normal 0.991634 0.129081 0
    outer loop
      vertex 17.8661 -78.8297 5.72205e-07
      vertex 17.896 -79.0594 0.4
      vertex 17.896 -79.0594 5.72205e-07
    endloop
  endfacet
  facet normal 0.999185 0.0403588 0
    outer loop
      vertex 17.8661 -78.8297 0.4
      vertex 17.8562 -78.5846 5.72205e-07
      vertex 17.8562 -78.5846 0.4
    endloop
  endfacet
  facet normal 0.999185 0.0403588 0
    outer loop
      vertex 17.8562 -78.5846 5.72205e-07
      vertex 17.8661 -78.8297 0.4
      vertex 17.8661 -78.8297 5.72205e-07
    endloop
  endfacet
  facet normal 0.999192 -0.040195 0
    outer loop
      vertex 17.8562 -78.5846 0.4
      vertex 17.8661 -78.3385 5.72205e-07
      vertex 17.8661 -78.3385 0.4
    endloop
  endfacet
  facet normal 0.999192 -0.040195 0
    outer loop
      vertex 17.8661 -78.3385 5.72205e-07
      vertex 17.8562 -78.5846 0.4
      vertex 17.8562 -78.5846 5.72205e-07
    endloop
  endfacet
  facet normal 0.991691 -0.12864 0
    outer loop
      vertex 17.8661 -78.3385 0.4
      vertex 17.896 -78.108 5.72205e-07
      vertex 17.896 -78.108 0.4
    endloop
  endfacet
  facet normal 0.991691 -0.12864 0
    outer loop
      vertex 17.896 -78.108 5.72205e-07
      vertex 17.8661 -78.3385 0.4
      vertex 17.8661 -78.3385 5.72205e-07
    endloop
  endfacet
  facet normal 0.974131 -0.225984 0
    outer loop
      vertex 17.896 -78.108 0.4
      vertex 17.9459 -77.8929 5.72205e-07
      vertex 17.9459 -77.8929 0.4
    endloop
  endfacet
  facet normal 0.974131 -0.225984 0
    outer loop
      vertex 17.9459 -77.8929 5.72205e-07
      vertex 17.896 -78.108 0.4
      vertex 17.896 -78.108 5.72205e-07
    endloop
  endfacet
  facet normal 0.944043 -0.329823 0
    outer loop
      vertex 17.9459 -77.8929 0.4
      vertex 18.0156 -77.6934 5.72205e-07
      vertex 18.0156 -77.6934 0.4
    endloop
  endfacet
  facet normal 0.944043 -0.329823 0
    outer loop
      vertex 18.0156 -77.6934 5.72205e-07
      vertex 17.9459 -77.8929 0.4
      vertex 17.9459 -77.8929 5.72205e-07
    endloop
  endfacet
  facet normal 0.89897 -0.43801 0
    outer loop
      vertex 18.0156 -77.6934 0.4
      vertex 18.1053 -77.5093 5.72205e-07
      vertex 18.1053 -77.5093 0.4
    endloop
  endfacet
  facet normal 0.89897 -0.43801 0
    outer loop
      vertex 18.1053 -77.5093 5.72205e-07
      vertex 18.0156 -77.6934 0.4
      vertex 18.0156 -77.6934 5.72205e-07
    endloop
  endfacet
  facet normal 0.838421 -0.545023 0
    outer loop
      vertex 18.1053 -77.5093 0.4
      vertex 18.2149 -77.3407 5.72205e-07
      vertex 18.2149 -77.3407 0.4
    endloop
  endfacet
  facet normal 0.838421 -0.545023 0
    outer loop
      vertex 18.2149 -77.3407 5.72205e-07
      vertex 18.1053 -77.5093 0.4
      vertex 18.1053 -77.5093 5.72205e-07
    endloop
  endfacet
  facet normal 0.763292 -0.646054 0
    outer loop
      vertex 18.2149 -77.3407 0.4
      vertex 18.3444 -77.1877 5.72205e-07
      vertex 18.3444 -77.1877 0.4
    endloop
  endfacet
  facet normal 0.763292 -0.646054 0
    outer loop
      vertex 18.3444 -77.1877 5.72205e-07
      vertex 18.2149 -77.3407 0.4
      vertex 18.2149 -77.3407 5.72205e-07
    endloop
  endfacet
  facet normal 0.676155 -0.736759 0
    outer loop
      vertex 18.3444 -77.1877 5.72205e-07
      vertex 18.4915 -77.0527 0.4
      vertex 18.3444 -77.1877 0.4
    endloop
  endfacet
  facet normal 0.676155 -0.736759 0
    outer loop
      vertex 18.4915 -77.0527 0.4
      vertex 18.3444 -77.1877 5.72205e-07
      vertex 18.4915 -77.0527 5.72205e-07
    endloop
  endfacet
  facet normal 0.575593 -0.817736 0
    outer loop
      vertex 18.4915 -77.0527 5.72205e-07
      vertex 18.6536 -76.9386 0.4
      vertex 18.4915 -77.0527 0.4
    endloop
  endfacet
  facet normal 0.575593 -0.817736 0
    outer loop
      vertex 18.6536 -76.9386 0.4
      vertex 18.4915 -77.0527 5.72205e-07
      vertex 18.6536 -76.9386 5.72205e-07
    endloop
  endfacet
  facet normal 0.466281 -0.884636 0
    outer loop
      vertex 18.6536 -76.9386 5.72205e-07
      vertex 18.8308 -76.8452 0.4
      vertex 18.6536 -76.9386 0.4
    endloop
  endfacet
  facet normal 0.466281 -0.884636 0
    outer loop
      vertex 18.8308 -76.8452 0.4
      vertex 18.6536 -76.9386 5.72205e-07
      vertex 18.8308 -76.8452 5.72205e-07
    endloop
  endfacet
  facet normal 0.353628 -0.935386 0
    outer loop
      vertex 18.8308 -76.8452 5.72205e-07
      vertex 19.0231 -76.7725 0.4
      vertex 18.8308 -76.8452 0.4
    endloop
  endfacet
  facet normal 0.353628 -0.935386 0
    outer loop
      vertex 19.0231 -76.7725 0.4
      vertex 18.8308 -76.8452 5.72205e-07
      vertex 19.0231 -76.7725 5.72205e-07
    endloop
  endfacet
  facet normal 0.242756 -0.970087 0
    outer loop
      vertex 19.0231 -76.7725 5.72205e-07
      vertex 19.2305 -76.7206 0.4
      vertex 19.0231 -76.7725 0.4
    endloop
  endfacet
  facet normal 0.242756 -0.970087 0
    outer loop
      vertex 19.2305 -76.7206 0.4
      vertex 19.0231 -76.7725 5.72205e-07
      vertex 19.2305 -76.7206 5.72205e-07
    endloop
  endfacet
  facet normal 0.13843 -0.990372 0
    outer loop
      vertex 19.2305 -76.7206 5.72205e-07
      vertex 19.453 -76.6895 0.4
      vertex 19.2305 -76.7206 0.4
    endloop
  endfacet
  facet normal 0.13843 -0.990372 0
    outer loop
      vertex 19.453 -76.6895 0.4
      vertex 19.2305 -76.7206 5.72205e-07
      vertex 19.453 -76.6895 5.72205e-07
    endloop
  endfacet
  facet normal 0.0437476 -0.999043 0
    outer loop
      vertex 19.453 -76.6895 5.72205e-07
      vertex 19.6905 -76.6791 0.4
      vertex 19.453 -76.6895 0.4
    endloop
  endfacet
  facet normal 0.0437476 -0.999043 0
    outer loop
      vertex 19.6905 -76.6791 0.4
      vertex 19.453 -76.6895 5.72205e-07
      vertex 19.6905 -76.6791 5.72205e-07
    endloop
  endfacet
  facet normal -0.0424884 -0.999097 0
    outer loop
      vertex 19.6905 -76.6791 5.72205e-07
      vertex 19.9327 -76.6894 0.4
      vertex 19.6905 -76.6791 0.4
    endloop
  endfacet
  facet normal -0.0424884 -0.999097 -0
    outer loop
      vertex 19.9327 -76.6894 0.4
      vertex 19.6905 -76.6791 5.72205e-07
      vertex 19.9327 -76.6894 5.72205e-07
    endloop
  endfacet
  facet normal -0.187288 0.982305 0
    outer loop
      vertex 19.5698 -77.3366 5.72205e-07
      vertex 19.467 -77.3562 0.4
      vertex 19.5698 -77.3366 0.4
    endloop
  endfacet
  facet normal -0.187288 0.982305 0
    outer loop
      vertex 19.467 -77.3562 0.4
      vertex 19.5698 -77.3366 5.72205e-07
      vertex 19.467 -77.3562 5.72205e-07
    endloop
  endfacet
  facet normal -0.325163 0.945658 0
    outer loop
      vertex 19.467 -77.3562 5.72205e-07
      vertex 19.3719 -77.3889 0.4
      vertex 19.467 -77.3562 0.4
    endloop
  endfacet
  facet normal -0.325163 0.945658 0
    outer loop
      vertex 19.3719 -77.3889 0.4
      vertex 19.467 -77.3562 5.72205e-07
      vertex 19.3719 -77.3889 5.72205e-07
    endloop
  endfacet
  facet normal -0.464158 0.885752 0
    outer loop
      vertex 19.3719 -77.3889 5.72205e-07
      vertex 19.2845 -77.4347 0.4
      vertex 19.3719 -77.3889 0.4
    endloop
  endfacet
  facet normal -0.464158 0.885752 0
    outer loop
      vertex 19.2845 -77.4347 0.4
      vertex 19.3719 -77.3889 5.72205e-07
      vertex 19.2845 -77.4347 5.72205e-07
    endloop
  endfacet
  facet normal -0.593681 0.8047 0
    outer loop
      vertex 19.2845 -77.4347 5.72205e-07
      vertex 19.2048 -77.4935 0.4
      vertex 19.2845 -77.4347 0.4
    endloop
  endfacet
  facet normal -0.593681 0.8047 0
    outer loop
      vertex 19.2048 -77.4935 0.4
      vertex 19.2845 -77.4347 5.72205e-07
      vertex 19.2048 -77.4935 5.72205e-07
    endloop
  endfacet
  facet normal -0.706616 0.707597 0
    outer loop
      vertex 19.2048 -77.4935 5.72205e-07
      vertex 19.1327 -77.5655 0.4
      vertex 19.2048 -77.4935 0.4
    endloop
  endfacet
  facet normal -0.706616 0.707597 0
    outer loop
      vertex 19.1327 -77.5655 0.4
      vertex 19.2048 -77.4935 5.72205e-07
      vertex 19.1327 -77.5655 5.72205e-07
    endloop
  endfacet
  facet normal -0.797065 0.603894 0
    outer loop
      vertex 19.0683 -77.6505 5.72205e-07
      vertex 19.1327 -77.5655 0.4
      vertex 19.1327 -77.5655 5.72205e-07
    endloop
  endfacet
  facet normal -0.797065 0.603894 0
    outer loop
      vertex 19.1327 -77.5655 0.4
      vertex 19.0683 -77.6505 5.72205e-07
      vertex 19.0683 -77.6505 0.4
    endloop
  endfacet
  facet normal -0.866378 0.499389 0
    outer loop
      vertex 19.0121 -77.748 5.72205e-07
      vertex 19.0683 -77.6505 0.4
      vertex 19.0683 -77.6505 5.72205e-07
    endloop
  endfacet
  facet normal -0.866378 0.499389 0
    outer loop
      vertex 19.0683 -77.6505 0.4
      vertex 19.0121 -77.748 5.72205e-07
      vertex 19.0121 -77.748 0.4
    endloop
  endfacet
  facet normal -0.917097 0.398665 0
    outer loop
      vertex 18.9645 -77.8575 5.72205e-07
      vertex 19.0121 -77.748 0.4
      vertex 19.0121 -77.748 5.72205e-07
    endloop
  endfacet
  facet normal -0.917097 0.398665 0
    outer loop
      vertex 19.0121 -77.748 0.4
      vertex 18.9645 -77.8575 5.72205e-07
      vertex 18.9645 -77.8575 0.4
    endloop
  endfacet
  facet normal -0.952379 0.304918 0
    outer loop
      vertex 18.9256 -77.979 5.72205e-07
      vertex 18.9645 -77.8575 0.4
      vertex 18.9645 -77.8575 5.72205e-07
    endloop
  endfacet
  facet normal -0.952379 0.304918 0
    outer loop
      vertex 18.9645 -77.8575 0.4
      vertex 18.9256 -77.979 5.72205e-07
      vertex 18.9256 -77.979 0.4
    endloop
  endfacet
  facet normal -0.975162 0.221495 0
    outer loop
      vertex 18.8953 -78.1124 5.72205e-07
      vertex 18.9256 -77.979 0.4
      vertex 18.9256 -77.979 5.72205e-07
    endloop
  endfacet
  facet normal -0.975162 0.221495 0
    outer loop
      vertex 18.9256 -77.979 0.4
      vertex 18.8953 -78.1124 5.72205e-07
      vertex 18.8953 -78.1124 0.4
    endloop
  endfacet
  facet normal -0.989145 0.146943 0
    outer loop
      vertex 18.8737 -78.2578 5.72205e-07
      vertex 18.8953 -78.1124 0.4
      vertex 18.8953 -78.1124 5.72205e-07
    endloop
  endfacet
  facet normal -0.989145 0.146943 0
    outer loop
      vertex 18.8953 -78.1124 0.4
      vertex 18.8737 -78.2578 5.72205e-07
      vertex 18.8737 -78.2578 0.4
    endloop
  endfacet
  facet normal -0.996607 0.0823119 0
    outer loop
      vertex 18.8607 -78.4152 5.72205e-07
      vertex 18.8737 -78.2578 0.4
      vertex 18.8737 -78.2578 5.72205e-07
    endloop
  endfacet
  facet normal -0.996607 0.0823119 0
    outer loop
      vertex 18.8737 -78.2578 0.4
      vertex 18.8607 -78.4152 5.72205e-07
      vertex 18.8607 -78.4152 0.4
    endloop
  endfacet
  facet normal -0.999678 0.0253755 0
    outer loop
      vertex 18.8564 -78.5846 5.72205e-07
      vertex 18.8607 -78.4152 0.4
      vertex 18.8607 -78.4152 5.72205e-07
    endloop
  endfacet
  facet normal -0.999678 0.0253755 0
    outer loop
      vertex 18.8607 -78.4152 0.4
      vertex 18.8564 -78.5846 5.72205e-07
      vertex 18.8564 -78.5846 0.4
    endloop
  endfacet
  facet normal -0.998566 -0.0535432 0
    outer loop
      vertex 18.8741 -78.9147 5.72205e-07
      vertex 18.8564 -78.5846 0.4
      vertex 18.8564 -78.5846 5.72205e-07
    endloop
  endfacet
  facet normal -0.998566 -0.0535432 0
    outer loop
      vertex 18.8564 -78.5846 0.4
      vertex 18.8741 -78.9147 5.72205e-07
      vertex 18.8741 -78.9147 0.4
    endloop
  endfacet
  facet normal -0.982351 -0.187047 0
    outer loop
      vertex 18.9273 -79.1941 5.72205e-07
      vertex 18.8741 -78.9147 0.4
      vertex 18.8741 -78.9147 5.72205e-07
    endloop
  endfacet
  facet normal -0.982351 -0.187047 0
    outer loop
      vertex 18.8741 -78.9147 0.4
      vertex 18.9273 -79.1941 5.72205e-07
      vertex 18.9273 -79.1941 0.4
    endloop
  endfacet
  facet normal -0.932502 -0.361166 0
    outer loop
      vertex 19.0158 -79.4226 5.72205e-07
      vertex 18.9273 -79.1941 0.4
      vertex 18.9273 -79.1941 5.72205e-07
    endloop
  endfacet
  facet normal -0.932502 -0.361166 0
    outer loop
      vertex 18.9273 -79.1941 0.4
      vertex 19.0158 -79.4226 5.72205e-07
      vertex 19.0158 -79.4226 0.4
    endloop
  endfacet
  facet normal -0.820228 -0.572037 0
    outer loop
      vertex 19.1398 -79.6004 5.72205e-07
      vertex 19.0158 -79.4226 0.4
      vertex 19.0158 -79.4226 5.72205e-07
    endloop
  endfacet
  facet normal -0.820228 -0.572037 0
    outer loop
      vertex 19.0158 -79.4226 0.4
      vertex 19.1398 -79.6004 5.72205e-07
      vertex 19.1398 -79.6004 0.4
    endloop
  endfacet
  facet normal -0.622899 -0.782302 0
    outer loop
      vertex 19.1398 -79.6004 5.72205e-07
      vertex 19.2993 -79.7274 0.4
      vertex 19.1398 -79.6004 0.4
    endloop
  endfacet
  facet normal -0.622899 -0.782302 -0
    outer loop
      vertex 19.2993 -79.7274 0.4
      vertex 19.1398 -79.6004 5.72205e-07
      vertex 19.2993 -79.7274 5.72205e-07
    endloop
  endfacet
  facet normal -0.364291 -0.931285 0
    outer loop
      vertex 19.2993 -79.7274 5.72205e-07
      vertex 19.4941 -79.8036 0.4
      vertex 19.2993 -79.7274 0.4
    endloop
  endfacet
  facet normal -0.364291 -0.931285 -0
    outer loop
      vertex 19.4941 -79.8036 0.4
      vertex 19.2993 -79.7274 5.72205e-07
      vertex 19.4941 -79.8036 5.72205e-07
    endloop
  endfacet
  facet normal -0.109626 -0.993973 0
    outer loop
      vertex 19.4941 -79.8036 5.72205e-07
      vertex 19.7244 -79.829 0.4
      vertex 19.4941 -79.8036 0.4
    endloop
  endfacet
  facet normal -0.109626 -0.993973 -0
    outer loop
      vertex 19.7244 -79.829 0.4
      vertex 19.4941 -79.8036 5.72205e-07
      vertex 19.7244 -79.829 5.72205e-07
    endloop
  endfacet
  facet normal 0.0533522 -0.998576 0
    outer loop
      vertex 19.7244 -79.829 5.72205e-07
      vertex 19.8367 -79.823 0.4
      vertex 19.7244 -79.829 0.4
    endloop
  endfacet
  facet normal 0.0533522 -0.998576 0
    outer loop
      vertex 19.8367 -79.823 0.4
      vertex 19.7244 -79.829 5.72205e-07
      vertex 19.8367 -79.823 5.72205e-07
    endloop
  endfacet
  facet normal 0.170823 -0.985302 0
    outer loop
      vertex 19.8367 -79.823 5.72205e-07
      vertex 19.9411 -79.8049 0.4
      vertex 19.8367 -79.823 0.4
    endloop
  endfacet
  facet normal 0.170823 -0.985302 0
    outer loop
      vertex 19.9411 -79.8049 0.4
      vertex 19.8367 -79.823 5.72205e-07
      vertex 19.9411 -79.8049 5.72205e-07
    endloop
  endfacet
  facet normal 0.297487 -0.954726 0
    outer loop
      vertex 19.9411 -79.8049 5.72205e-07
      vertex 20.0377 -79.7748 0.4
      vertex 19.9411 -79.8049 0.4
    endloop
  endfacet
  facet normal 0.297487 -0.954726 0
    outer loop
      vertex 20.0377 -79.7748 0.4
      vertex 19.9411 -79.8049 5.72205e-07
      vertex 20.0377 -79.7748 5.72205e-07
    endloop
  endfacet
  facet normal 0.430013 -0.902823 0
    outer loop
      vertex 20.0377 -79.7748 5.72205e-07
      vertex 20.1263 -79.7326 0.4
      vertex 20.0377 -79.7748 0.4
    endloop
  endfacet
  facet normal 0.430013 -0.902823 0
    outer loop
      vertex 20.1263 -79.7326 0.4
      vertex 20.0377 -79.7748 5.72205e-07
      vertex 20.1263 -79.7326 5.72205e-07
    endloop
  endfacet
  facet normal 0.556836 -0.830622 0
    outer loop
      vertex 20.1263 -79.7326 5.72205e-07
      vertex 20.207 -79.6785 0.4
      vertex 20.1263 -79.7326 0.4
    endloop
  endfacet
  facet normal 0.556836 -0.830622 0
    outer loop
      vertex 20.207 -79.6785 0.4
      vertex 20.1263 -79.7326 5.72205e-07
      vertex 20.207 -79.6785 5.72205e-07
    endloop
  endfacet
  facet normal 0.672824 -0.739802 0
    outer loop
      vertex 20.207 -79.6785 5.72205e-07
      vertex 20.2799 -79.6122 0.4
      vertex 20.207 -79.6785 0.4
    endloop
  endfacet
  facet normal 0.672824 -0.739802 0
    outer loop
      vertex 20.2799 -79.6122 0.4
      vertex 20.207 -79.6785 5.72205e-07
      vertex 20.2799 -79.6122 5.72205e-07
    endloop
  endfacet
  facet normal 0.769027 -0.639217 0
    outer loop
      vertex 20.2799 -79.6122 0.4
      vertex 20.3449 -79.534 5.72205e-07
      vertex 20.3449 -79.534 0.4
    endloop
  endfacet
  facet normal 0.769027 -0.639217 0
    outer loop
      vertex 20.3449 -79.534 5.72205e-07
      vertex 20.2799 -79.6122 0.4
      vertex 20.2799 -79.6122 5.72205e-07
    endloop
  endfacet
  facet normal 0.850285 -0.526323 0
    outer loop
      vertex 20.3449 -79.534 0.4
      vertex 20.4016 -79.4424 5.72205e-07
      vertex 20.4016 -79.4424 0.4
    endloop
  endfacet
  facet normal 0.850285 -0.526323 0
    outer loop
      vertex 20.4016 -79.4424 5.72205e-07
      vertex 20.3449 -79.534 0.4
      vertex 20.3449 -79.534 5.72205e-07
    endloop
  endfacet
  facet normal 0.911713 -0.410828 0
    outer loop
      vertex 20.4016 -79.4424 0.4
      vertex 20.4495 -79.3361 5.72205e-07
      vertex 20.4495 -79.3361 0.4
    endloop
  endfacet
  facet normal 0.911713 -0.410828 0
    outer loop
      vertex 20.4495 -79.3361 5.72205e-07
      vertex 20.4016 -79.4424 0.4
      vertex 20.4016 -79.4424 5.72205e-07
    endloop
  endfacet
  facet normal 0.951092 -0.308908 0
    outer loop
      vertex 20.4495 -79.3361 0.4
      vertex 20.4888 -79.2151 5.72205e-07
      vertex 20.4888 -79.2151 0.4
    endloop
  endfacet
  facet normal 0.951092 -0.308908 0
    outer loop
      vertex 20.4888 -79.2151 5.72205e-07
      vertex 20.4495 -79.3361 0.4
      vertex 20.4495 -79.3361 5.72205e-07
    endloop
  endfacet
  facet normal 0.975625 -0.219444 0
    outer loop
      vertex 20.4888 -79.2151 0.4
      vertex 20.5193 -79.0795 5.72205e-07
      vertex 20.5193 -79.0795 0.4
    endloop
  endfacet
  facet normal 0.975625 -0.219444 0
    outer loop
      vertex 20.5193 -79.0795 5.72205e-07
      vertex 20.4888 -79.2151 0.4
      vertex 20.4888 -79.2151 5.72205e-07
    endloop
  endfacet
  facet normal 0.989644 -0.143541 0
    outer loop
      vertex 20.5193 -79.0795 0.4
      vertex 20.5411 -78.9292 5.72205e-07
      vertex 20.5411 -78.9292 0.4
    endloop
  endfacet
  facet normal 0.989644 -0.143541 0
    outer loop
      vertex 20.5411 -78.9292 5.72205e-07
      vertex 20.5193 -79.0795 0.4
      vertex 20.5193 -79.0795 5.72205e-07
    endloop
  endfacet
  facet normal 0.996863 -0.0791449 0
    outer loop
      vertex 20.5411 -78.9292 0.4
      vertex 20.5542 -78.7642 5.72205e-07
      vertex 20.5542 -78.7642 0.4
    endloop
  endfacet
  facet normal 0.996863 -0.0791449 0
    outer loop
      vertex 20.5542 -78.7642 5.72205e-07
      vertex 20.5411 -78.9292 0.4
      vertex 20.5411 -78.9292 5.72205e-07
    endloop
  endfacet
  facet normal 0.999714 -0.0239352 0
    outer loop
      vertex 20.5542 -78.7642 0.4
      vertex 20.5585 -78.5846 5.72205e-07
      vertex 20.5585 -78.5846 0.4
    endloop
  endfacet
  facet normal 0.999714 -0.0239352 0
    outer loop
      vertex 20.5585 -78.5846 5.72205e-07
      vertex 20.5542 -78.7642 0.4
      vertex 20.5542 -78.7642 5.72205e-07
    endloop
  endfacet
  facet normal 0.998557 0.0537084 0
    outer loop
      vertex 20.5585 -78.5846 0.4
      vertex 20.5406 -78.2518 5.72205e-07
      vertex 20.5406 -78.2518 0.4
    endloop
  endfacet
  facet normal 0.998557 0.0537084 0
    outer loop
      vertex 20.5406 -78.2518 5.72205e-07
      vertex 20.5585 -78.5846 0.4
      vertex 20.5585 -78.5846 5.72205e-07
    endloop
  endfacet
  facet normal 0.982247 0.187593 0
    outer loop
      vertex 20.5406 -78.2518 0.4
      vertex 20.4868 -77.9701 5.72205e-07
      vertex 20.4868 -77.9701 0.4
    endloop
  endfacet
  facet normal 0.982247 0.187593 0
    outer loop
      vertex 20.4868 -77.9701 5.72205e-07
      vertex 20.5406 -78.2518 0.4
      vertex 20.5406 -78.2518 5.72205e-07
    endloop
  endfacet
  facet normal 0.932005 0.362446 0
    outer loop
      vertex 20.4868 -77.9701 0.4
      vertex 20.3972 -77.7397 5.72205e-07
      vertex 20.3972 -77.7397 0.4
    endloop
  endfacet
  facet normal 0.932005 0.362446 0
    outer loop
      vertex 20.3972 -77.7397 5.72205e-07
      vertex 20.4868 -77.9701 0.4
      vertex 20.4868 -77.9701 5.72205e-07
    endloop
  endfacet
  facet normal 0.819318 0.57334 0
    outer loop
      vertex 20.3972 -77.7397 0.4
      vertex 20.2718 -77.5605 5.72205e-07
      vertex 20.2718 -77.5605 0.4
    endloop
  endfacet
  facet normal 0.819318 0.57334 0
    outer loop
      vertex 20.2718 -77.5605 5.72205e-07
      vertex 20.3972 -77.7397 0.4
      vertex 20.3972 -77.7397 5.72205e-07
    endloop
  endfacet
  facet normal 0.621611 0.783326 -0
    outer loop
      vertex 20.2718 -77.5605 5.72205e-07
      vertex 20.1105 -77.4325 0.4
      vertex 20.2718 -77.5605 0.4
    endloop
  endfacet
  facet normal 0.621611 0.783326 0
    outer loop
      vertex 20.1105 -77.4325 0.4
      vertex 20.2718 -77.5605 5.72205e-07
      vertex 20.1105 -77.4325 5.72205e-07
    endloop
  endfacet
  facet normal 0.362902 0.931827 -0
    outer loop
      vertex 20.1105 -77.4325 5.72205e-07
      vertex 19.9133 -77.3557 0.4
      vertex 20.1105 -77.4325 0.4
    endloop
  endfacet
  facet normal 0.362902 0.931827 0
    outer loop
      vertex 19.9133 -77.3557 0.4
      vertex 20.1105 -77.4325 5.72205e-07
      vertex 19.9133 -77.3557 5.72205e-07
    endloop
  endfacet
  facet normal 0.109214 0.994018 -0
    outer loop
      vertex 19.9133 -77.3557 5.72205e-07
      vertex 19.6803 -77.3301 0.4
      vertex 19.9133 -77.3557 0.4
    endloop
  endfacet
  facet normal 0.109214 0.994018 0
    outer loop
      vertex 19.6803 -77.3301 0.4
      vertex 19.9133 -77.3557 5.72205e-07
      vertex 19.6803 -77.3301 5.72205e-07
    endloop
  endfacet
  facet normal -0.058722 0.998274 0
    outer loop
      vertex 19.6803 -77.3301 5.72205e-07
      vertex 19.5698 -77.3366 0.4
      vertex 19.6803 -77.3301 0.4
    endloop
  endfacet
  facet normal -0.058722 0.998274 0
    outer loop
      vertex 19.5698 -77.3366 0.4
      vertex 19.6803 -77.3301 5.72205e-07
      vertex 19.5698 -77.3366 5.72205e-07
    endloop
  endfacet
  facet normal -0.135913 -0.990721 0
    outer loop
      vertex 28.9727 -76.6894 5.72205e-07
      vertex 29.1994 -76.7205 0.4
      vertex 28.9727 -76.6894 0.4
    endloop
  endfacet
  facet normal -0.135913 -0.990721 -0
    outer loop
      vertex 29.1994 -76.7205 0.4
      vertex 28.9727 -76.6894 5.72205e-07
      vertex 29.1994 -76.7205 5.72205e-07
    endloop
  endfacet
  facet normal -0.237771 -0.971321 0
    outer loop
      vertex 29.1994 -76.7205 5.72205e-07
      vertex 29.4106 -76.7722 0.4
      vertex 29.1994 -76.7205 0.4
    endloop
  endfacet
  facet normal -0.237771 -0.971321 -0
    outer loop
      vertex 29.4106 -76.7722 0.4
      vertex 29.1994 -76.7205 5.72205e-07
      vertex 29.4106 -76.7722 5.72205e-07
    endloop
  endfacet
  facet normal -0.346971 -0.937876 0
    outer loop
      vertex 29.4106 -76.7722 5.72205e-07
      vertex 29.6063 -76.8446 0.4
      vertex 29.4106 -76.7722 0.4
    endloop
  endfacet
  facet normal -0.346971 -0.937876 -0
    outer loop
      vertex 29.6063 -76.8446 0.4
      vertex 29.4106 -76.7722 5.72205e-07
      vertex 29.6063 -76.8446 5.72205e-07
    endloop
  endfacet
  facet normal -0.459208 -0.888329 0
    outer loop
      vertex 29.6063 -76.8446 5.72205e-07
      vertex 29.7864 -76.9377 0.4
      vertex 29.6063 -76.8446 0.4
    endloop
  endfacet
  facet normal -0.459208 -0.888329 -0
    outer loop
      vertex 29.7864 -76.9377 0.4
      vertex 29.6063 -76.8446 5.72205e-07
      vertex 29.7864 -76.9377 5.72205e-07
    endloop
  endfacet
  facet normal -0.568456 -0.822713 0
    outer loop
      vertex 29.7864 -76.9377 5.72205e-07
      vertex 29.9511 -77.0515 0.4
      vertex 29.7864 -76.9377 0.4
    endloop
  endfacet
  facet normal -0.568456 -0.822713 -0
    outer loop
      vertex 29.9511 -77.0515 0.4
      vertex 29.7864 -76.9377 5.72205e-07
      vertex 29.9511 -77.0515 5.72205e-07
    endloop
  endfacet
  facet normal -0.66957 -0.742749 0
    outer loop
      vertex 29.9511 -77.0515 5.72205e-07
      vertex 30.1003 -77.186 0.4
      vertex 29.9511 -77.0515 0.4
    endloop
  endfacet
  facet normal -0.66957 -0.742749 -0
    outer loop
      vertex 30.1003 -77.186 0.4
      vertex 29.9511 -77.0515 5.72205e-07
      vertex 30.1003 -77.186 5.72205e-07
    endloop
  endfacet
  facet normal -0.758239 -0.651976 0
    outer loop
      vertex 30.2316 -77.3387 5.72205e-07
      vertex 30.1003 -77.186 0.4
      vertex 30.1003 -77.186 5.72205e-07
    endloop
  endfacet
  facet normal -0.758239 -0.651976 0
    outer loop
      vertex 30.1003 -77.186 0.4
      vertex 30.2316 -77.3387 5.72205e-07
      vertex 30.2316 -77.3387 0.4
    endloop
  endfacet
  facet normal -0.834331 -0.551263 0
    outer loop
      vertex 30.3428 -77.507 5.72205e-07
      vertex 30.2316 -77.3387 0.4
      vertex 30.2316 -77.3387 5.72205e-07
    endloop
  endfacet
  facet normal -0.834331 -0.551263 0
    outer loop
      vertex 30.2316 -77.3387 0.4
      vertex 30.3428 -77.507 5.72205e-07
      vertex 30.3428 -77.507 0.4
    endloop
  endfacet
  facet normal -0.896656 -0.442727 0
    outer loop
      vertex 30.4337 -77.6911 5.72205e-07
      vertex 30.3428 -77.507 0.4
      vertex 30.3428 -77.507 5.72205e-07
    endloop
  endfacet
  facet normal -0.896656 -0.442727 0
    outer loop
      vertex 30.3428 -77.507 0.4
      vertex 30.4337 -77.6911 5.72205e-07
      vertex 30.4337 -77.6911 0.4
    endloop
  endfacet
  facet normal -0.94272 -0.333585 0
    outer loop
      vertex 30.5044 -77.8909 5.72205e-07
      vertex 30.4337 -77.6911 0.4
      vertex 30.4337 -77.6911 5.72205e-07
    endloop
  endfacet
  facet normal -0.94272 -0.333585 0
    outer loop
      vertex 30.4337 -77.6911 0.4
      vertex 30.5044 -77.8909 5.72205e-07
      vertex 30.5044 -77.8909 0.4
    endloop
  endfacet
  facet normal -0.973624 -0.228158 0
    outer loop
      vertex 30.5549 -78.1064 5.72205e-07
      vertex 30.5044 -77.8909 0.4
      vertex 30.5044 -77.8909 5.72205e-07
    endloop
  endfacet
  facet normal -0.973624 -0.228158 0
    outer loop
      vertex 30.5044 -77.8909 0.4
      vertex 30.5549 -78.1064 5.72205e-07
      vertex 30.5549 -78.1064 0.4
    endloop
  endfacet
  facet normal -0.991529 -0.129889 0
    outer loop
      vertex 30.5852 -78.3377 5.72205e-07
      vertex 30.5549 -78.1064 0.4
      vertex 30.5549 -78.1064 5.72205e-07
    endloop
  endfacet
  facet normal -0.991529 -0.129889 0
    outer loop
      vertex 30.5549 -78.1064 0.4
      vertex 30.5852 -78.3377 5.72205e-07
      vertex 30.5852 -78.3377 0.4
    endloop
  endfacet
  facet normal -0.999164 -0.0408731 0
    outer loop
      vertex 30.5953 -78.5846 5.72205e-07
      vertex 30.5852 -78.3377 0.4
      vertex 30.5852 -78.3377 5.72205e-07
    endloop
  endfacet
  facet normal -0.999164 -0.0408731 0
    outer loop
      vertex 30.5852 -78.3377 0.4
      vertex 30.5953 -78.5846 5.72205e-07
      vertex 30.5953 -78.5846 0.4
    endloop
  endfacet
  facet normal -0.999285 0.0378129 0
    outer loop
      vertex 30.5857 -78.8383 5.72205e-07
      vertex 30.5953 -78.5846 0.4
      vertex 30.5953 -78.5846 5.72205e-07
    endloop
  endfacet
  facet normal -0.999285 0.0378129 0
    outer loop
      vertex 30.5953 -78.5846 0.4
      vertex 30.5857 -78.8383 5.72205e-07
      vertex 30.5857 -78.8383 0.4
    endloop
  endfacet
  facet normal -0.992553 0.121811 0
    outer loop
      vertex 30.5567 -79.0746 5.72205e-07
      vertex 30.5857 -78.8383 0.4
      vertex 30.5857 -78.8383 5.72205e-07
    endloop
  endfacet
  facet normal -0.992553 0.121811 0
    outer loop
      vertex 30.5857 -78.8383 0.4
      vertex 30.5567 -79.0746 5.72205e-07
      vertex 30.5567 -79.0746 0.4
    endloop
  endfacet
  facet normal -0.976584 0.215134 0
    outer loop
      vertex 30.5085 -79.2934 5.72205e-07
      vertex 30.5567 -79.0746 0.4
      vertex 30.5567 -79.0746 5.72205e-07
    endloop
  endfacet
  facet normal -0.976584 0.215134 0
    outer loop
      vertex 30.5567 -79.0746 0.4
      vertex 30.5085 -79.2934 5.72205e-07
      vertex 30.5085 -79.2934 0.4
    endloop
  endfacet
  facet normal -0.947975 0.318346 0
    outer loop
      vertex 30.4409 -79.4947 5.72205e-07
      vertex 30.5085 -79.2934 0.4
      vertex 30.5085 -79.2934 5.72205e-07
    endloop
  endfacet
  facet normal -0.947975 0.318346 0
    outer loop
      vertex 30.5085 -79.2934 0.4
      vertex 30.4409 -79.4947 5.72205e-07
      vertex 30.4409 -79.4947 0.4
    endloop
  endfacet
  facet normal -0.903958 0.427621 0
    outer loop
      vertex 30.354 -79.6784 5.72205e-07
      vertex 30.4409 -79.4947 0.4
      vertex 30.4409 -79.4947 5.72205e-07
    endloop
  endfacet
  facet normal -0.903958 0.427621 0
    outer loop
      vertex 30.4409 -79.4947 0.4
      vertex 30.354 -79.6784 5.72205e-07
      vertex 30.354 -79.6784 0.4
    endloop
  endfacet
  facet normal -0.842658 0.538449 0
    outer loop
      vertex 30.2478 -79.8446 5.72205e-07
      vertex 30.354 -79.6784 0.4
      vertex 30.354 -79.6784 5.72205e-07
    endloop
  endfacet
  facet normal -0.842658 0.538449 0
    outer loop
      vertex 30.354 -79.6784 0.4
      vertex 30.2478 -79.8446 5.72205e-07
      vertex 30.2478 -79.8446 0.4
    endloop
  endfacet
  facet normal -0.764418 0.644721 0
    outer loop
      vertex 30.1223 -79.9934 5.72205e-07
      vertex 30.2478 -79.8446 0.4
      vertex 30.2478 -79.8446 5.72205e-07
    endloop
  endfacet
  facet normal -0.764418 0.644721 0
    outer loop
      vertex 30.2478 -79.8446 0.4
      vertex 30.1223 -79.9934 5.72205e-07
      vertex 30.1223 -79.9934 0.4
    endloop
  endfacet
  facet normal -0.670616 0.741805 0
    outer loop
      vertex 30.1223 -79.9934 5.72205e-07
      vertex 29.9785 -80.1234 0.4
      vertex 30.1223 -79.9934 0.4
    endloop
  endfacet
  facet normal -0.670616 0.741805 0
    outer loop
      vertex 29.9785 -80.1234 0.4
      vertex 30.1223 -79.9934 5.72205e-07
      vertex 29.9785 -80.1234 5.72205e-07
    endloop
  endfacet
  facet normal -0.563305 0.826249 0
    outer loop
      vertex 29.9785 -80.1234 5.72205e-07
      vertex 29.8173 -80.2333 0.4
      vertex 29.9785 -80.1234 0.4
    endloop
  endfacet
  facet normal -0.563305 0.826249 0
    outer loop
      vertex 29.8173 -80.2333 0.4
      vertex 29.9785 -80.1234 5.72205e-07
      vertex 29.8173 -80.2333 5.72205e-07
    endloop
  endfacet
  facet normal -0.450212 0.892921 0
    outer loop
      vertex 29.8173 -80.2333 5.72205e-07
      vertex 29.6388 -80.3233 0.4
      vertex 29.8173 -80.2333 0.4
    endloop
  endfacet
  facet normal -0.450212 0.892921 0
    outer loop
      vertex 29.6388 -80.3233 0.4
      vertex 29.8173 -80.2333 5.72205e-07
      vertex 29.6388 -80.3233 5.72205e-07
    endloop
  endfacet
  facet normal -0.336489 0.941688 0
    outer loop
      vertex 29.6388 -80.3233 5.72205e-07
      vertex 29.4429 -80.3933 0.4
      vertex 29.6388 -80.3233 0.4
    endloop
  endfacet
  facet normal -0.336489 0.941688 0
    outer loop
      vertex 29.4429 -80.3933 0.4
      vertex 29.6388 -80.3233 5.72205e-07
      vertex 29.4429 -80.3933 5.72205e-07
    endloop
  endfacet
  facet normal -0.228225 0.973608 0
    outer loop
      vertex 29.4429 -80.3933 5.72205e-07
      vertex 29.2296 -80.4433 0.4
      vertex 29.4429 -80.3933 0.4
    endloop
  endfacet
  facet normal -0.228225 0.973608 0
    outer loop
      vertex 29.2296 -80.4433 0.4
      vertex 29.4429 -80.3933 5.72205e-07
      vertex 29.2296 -80.4433 5.72205e-07
    endloop
  endfacet
  facet normal -0.128953 0.991651 0
    outer loop
      vertex 29.2296 -80.4433 5.72205e-07
      vertex 28.9989 -80.4733 0.4
      vertex 29.2296 -80.4433 0.4
    endloop
  endfacet
  facet normal -0.128953 0.991651 0
    outer loop
      vertex 28.9989 -80.4733 0.4
      vertex 29.2296 -80.4433 5.72205e-07
      vertex 28.9989 -80.4733 5.72205e-07
    endloop
  endfacet
  facet normal -0.0402736 0.999189 0
    outer loop
      vertex 28.9989 -80.4733 5.72205e-07
      vertex 28.7508 -80.4833 0.4
      vertex 28.9989 -80.4733 0.4
    endloop
  endfacet
  facet normal -0.0402736 0.999189 0
    outer loop
      vertex 28.7508 -80.4833 0.4
      vertex 28.9989 -80.4733 5.72205e-07
      vertex 28.7508 -80.4833 5.72205e-07
    endloop
  endfacet
  facet normal 0.0423662 0.999102 -0
    outer loop
      vertex 28.7508 -80.4833 5.72205e-07
      vertex 28.5079 -80.473 0.4
      vertex 28.7508 -80.4833 0.4
    endloop
  endfacet
  facet normal 0.0423662 0.999102 0
    outer loop
      vertex 28.5079 -80.473 0.4
      vertex 28.7508 -80.4833 5.72205e-07
      vertex 28.5079 -80.473 5.72205e-07
    endloop
  endfacet
  facet normal 0.135736 0.990745 -0
    outer loop
      vertex 28.5079 -80.473 5.72205e-07
      vertex 28.2809 -80.4419 0.4
      vertex 28.5079 -80.473 0.4
    endloop
  endfacet
  facet normal 0.135736 0.990745 0
    outer loop
      vertex 28.2809 -80.4419 0.4
      vertex 28.5079 -80.473 5.72205e-07
      vertex 28.2809 -80.4419 5.72205e-07
    endloop
  endfacet
  facet normal 0.237878 0.971295 -0
    outer loop
      vertex 28.2809 -80.4419 5.72205e-07
      vertex 28.0698 -80.3902 0.4
      vertex 28.2809 -80.4419 0.4
    endloop
  endfacet
  facet normal 0.237878 0.971295 0
    outer loop
      vertex 28.0698 -80.3902 0.4
      vertex 28.2809 -80.4419 5.72205e-07
      vertex 28.0698 -80.3902 5.72205e-07
    endloop
  endfacet
  facet normal 0.347596 0.937644 -0
    outer loop
      vertex 28.0698 -80.3902 5.72205e-07
      vertex 27.8745 -80.3178 0.4
      vertex 28.0698 -80.3902 0.4
    endloop
  endfacet
  facet normal 0.347596 0.937644 0
    outer loop
      vertex 27.8745 -80.3178 0.4
      vertex 28.0698 -80.3902 5.72205e-07
      vertex 27.8745 -80.3178 5.72205e-07
    endloop
  endfacet
  facet normal 0.461025 0.887387 -0
    outer loop
      vertex 27.8745 -80.3178 5.72205e-07
      vertex 27.6953 -80.2247 0.4
      vertex 27.8745 -80.3178 0.4
    endloop
  endfacet
  facet normal 0.461025 0.887387 0
    outer loop
      vertex 27.6953 -80.2247 0.4
      vertex 27.8745 -80.3178 5.72205e-07
      vertex 27.6953 -80.2247 5.72205e-07
    endloop
  endfacet
  facet normal 0.571506 0.820598 -0
    outer loop
      vertex 27.6953 -80.2247 5.72205e-07
      vertex 27.5319 -80.1109 0.4
      vertex 27.6953 -80.2247 0.4
    endloop
  endfacet
  facet normal 0.571506 0.820598 0
    outer loop
      vertex 27.5319 -80.1109 0.4
      vertex 27.6953 -80.2247 5.72205e-07
      vertex 27.5319 -80.1109 5.72205e-07
    endloop
  endfacet
  facet normal 0.673794 0.738919 -0
    outer loop
      vertex 27.5319 -80.1109 5.72205e-07
      vertex 27.3844 -79.9764 0.4
      vertex 27.5319 -80.1109 0.4
    endloop
  endfacet
  facet normal 0.673794 0.738919 0
    outer loop
      vertex 27.3844 -79.9764 0.4
      vertex 27.5319 -80.1109 5.72205e-07
      vertex 27.3844 -79.9764 5.72205e-07
    endloop
  endfacet
  facet normal 0.762248 0.647286 0
    outer loop
      vertex 27.3844 -79.9764 0.4
      vertex 27.2549 -79.8239 5.72205e-07
      vertex 27.2549 -79.8239 0.4
    endloop
  endfacet
  facet normal 0.762248 0.647286 0
    outer loop
      vertex 27.2549 -79.8239 5.72205e-07
      vertex 27.3844 -79.9764 0.4
      vertex 27.3844 -79.9764 5.72205e-07
    endloop
  endfacet
  facet normal 0.837531 0.546389 0
    outer loop
      vertex 27.2549 -79.8239 0.4
      vertex 27.1453 -79.6559 5.72205e-07
      vertex 27.1453 -79.6559 0.4
    endloop
  endfacet
  facet normal 0.837531 0.546389 0
    outer loop
      vertex 27.1453 -79.6559 5.72205e-07
      vertex 27.2549 -79.8239 0.4
      vertex 27.2549 -79.8239 5.72205e-07
    endloop
  endfacet
  facet normal 0.898311 0.439359 0
    outer loop
      vertex 27.1453 -79.6559 0.4
      vertex 27.0556 -79.4725 5.72205e-07
      vertex 27.0556 -79.4725 0.4
    endloop
  endfacet
  facet normal 0.898311 0.439359 0
    outer loop
      vertex 27.0556 -79.4725 5.72205e-07
      vertex 27.1453 -79.6559 0.4
      vertex 27.1453 -79.6559 5.72205e-07
    endloop
  endfacet
  facet normal 0.943681 0.330858 0
    outer loop
      vertex 27.0556 -79.4725 0.4
      vertex 26.9859 -79.2737 5.72205e-07
      vertex 26.9859 -79.2737 0.4
    endloop
  endfacet
  facet normal 0.943681 0.330858 0
    outer loop
      vertex 26.9859 -79.2737 5.72205e-07
      vertex 27.0556 -79.4725 0.4
      vertex 27.0556 -79.4725 5.72205e-07
    endloop
  endfacet
  facet normal 0.973945 0.226784 0
    outer loop
      vertex 26.9859 -79.2737 0.4
      vertex 26.936 -79.0594 5.72205e-07
      vertex 26.936 -79.0594 0.4
    endloop
  endfacet
  facet normal 0.973945 0.226784 0
    outer loop
      vertex 26.936 -79.0594 5.72205e-07
      vertex 26.9859 -79.2737 0.4
      vertex 26.9859 -79.2737 5.72205e-07
    endloop
  endfacet
  facet normal 0.991689 0.128656 0
    outer loop
      vertex 26.936 -79.0594 0.4
      vertex 26.9062 -78.8297 5.72205e-07
      vertex 26.9062 -78.8297 0.4
    endloop
  endfacet
  facet normal 0.991689 0.128656 0
    outer loop
      vertex 26.9062 -78.8297 5.72205e-07
      vertex 26.936 -79.0594 0.4
      vertex 26.936 -79.0594 5.72205e-07
    endloop
  endfacet
  facet normal 0.999169 0.0407658 0
    outer loop
      vertex 26.9062 -78.8297 0.4
      vertex 26.8962 -78.5846 5.72205e-07
      vertex 26.8962 -78.5846 0.4
    endloop
  endfacet
  facet normal 0.999169 0.0407658 0
    outer loop
      vertex 26.8962 -78.5846 5.72205e-07
      vertex 26.9062 -78.8297 0.4
      vertex 26.9062 -78.8297 5.72205e-07
    endloop
  endfacet
  facet normal 0.999175 -0.0406004 0
    outer loop
      vertex 26.8962 -78.5846 0.4
      vertex 26.9062 -78.3385 5.72205e-07
      vertex 26.9062 -78.3385 0.4
    endloop
  endfacet
  facet normal 0.999175 -0.0406004 0
    outer loop
      vertex 26.9062 -78.3385 5.72205e-07
      vertex 26.8962 -78.5846 0.4
      vertex 26.8962 -78.5846 5.72205e-07
    endloop
  endfacet
  facet normal 0.991746 -0.128217 0
    outer loop
      vertex 26.9062 -78.3385 0.4
      vertex 26.936 -78.108 5.72205e-07
      vertex 26.936 -78.108 0.4
    endloop
  endfacet
  facet normal 0.991746 -0.128217 0
    outer loop
      vertex 26.936 -78.108 5.72205e-07
      vertex 26.9062 -78.3385 0.4
      vertex 26.9062 -78.3385 5.72205e-07
    endloop
  endfacet
  facet normal 0.974131 -0.225984 0
    outer loop
      vertex 26.936 -78.108 0.4
      vertex 26.9859 -77.8929 5.72205e-07
      vertex 26.9859 -77.8929 0.4
    endloop
  endfacet
  facet normal 0.974131 -0.225984 0
    outer loop
      vertex 26.9859 -77.8929 5.72205e-07
      vertex 26.936 -78.108 0.4
      vertex 26.936 -78.108 5.72205e-07
    endloop
  endfacet
  facet normal 0.944043 -0.329823 0
    outer loop
      vertex 26.9859 -77.8929 0.4
      vertex 27.0556 -77.6934 5.72205e-07
      vertex 27.0556 -77.6934 0.4
    endloop
  endfacet
  facet normal 0.944043 -0.329823 0
    outer loop
      vertex 27.0556 -77.6934 5.72205e-07
      vertex 26.9859 -77.8929 0.4
      vertex 26.9859 -77.8929 5.72205e-07
    endloop
  endfacet
  facet normal 0.89897 -0.43801 0
    outer loop
      vertex 27.0556 -77.6934 0.4
      vertex 27.1453 -77.5093 5.72205e-07
      vertex 27.1453 -77.5093 0.4
    endloop
  endfacet
  facet normal 0.89897 -0.43801 0
    outer loop
      vertex 27.1453 -77.5093 5.72205e-07
      vertex 27.0556 -77.6934 0.4
      vertex 27.0556 -77.6934 5.72205e-07
    endloop
  endfacet
  facet normal 0.838421 -0.545023 0
    outer loop
      vertex 27.1453 -77.5093 0.4
      vertex 27.2549 -77.3407 5.72205e-07
      vertex 27.2549 -77.3407 0.4
    endloop
  endfacet
  facet normal 0.838421 -0.545023 0
    outer loop
      vertex 27.2549 -77.3407 5.72205e-07
      vertex 27.1453 -77.5093 0.4
      vertex 27.1453 -77.5093 5.72205e-07
    endloop
  endfacet
  facet normal 0.763292 -0.646054 0
    outer loop
      vertex 27.2549 -77.3407 0.4
      vertex 27.3844 -77.1877 5.72205e-07
      vertex 27.3844 -77.1877 0.4
    endloop
  endfacet
  facet normal 0.763292 -0.646054 0
    outer loop
      vertex 27.3844 -77.1877 5.72205e-07
      vertex 27.2549 -77.3407 0.4
      vertex 27.2549 -77.3407 5.72205e-07
    endloop
  endfacet
  facet normal 0.676155 -0.736759 0
    outer loop
      vertex 27.3844 -77.1877 5.72205e-07
      vertex 27.5315 -77.0527 0.4
      vertex 27.3844 -77.1877 0.4
    endloop
  endfacet
  facet normal 0.676155 -0.736759 0
    outer loop
      vertex 27.5315 -77.0527 0.4
      vertex 27.3844 -77.1877 5.72205e-07
      vertex 27.5315 -77.0527 5.72205e-07
    endloop
  endfacet
  facet normal 0.575593 -0.817736 0
    outer loop
      vertex 27.5315 -77.0527 5.72205e-07
      vertex 27.6936 -76.9386 0.4
      vertex 27.5315 -77.0527 0.4
    endloop
  endfacet
  facet normal 0.575593 -0.817736 0
    outer loop
      vertex 27.6936 -76.9386 0.4
      vertex 27.5315 -77.0527 5.72205e-07
      vertex 27.6936 -76.9386 5.72205e-07
    endloop
  endfacet
  facet normal 0.466281 -0.884636 0
    outer loop
      vertex 27.6936 -76.9386 5.72205e-07
      vertex 27.8708 -76.8452 0.4
      vertex 27.6936 -76.9386 0.4
    endloop
  endfacet
  facet normal 0.466281 -0.884636 0
    outer loop
      vertex 27.8708 -76.8452 0.4
      vertex 27.6936 -76.9386 5.72205e-07
      vertex 27.8708 -76.8452 5.72205e-07
    endloop
  endfacet
  facet normal 0.353628 -0.935386 0
    outer loop
      vertex 27.8708 -76.8452 5.72205e-07
      vertex 28.0631 -76.7725 0.4
      vertex 27.8708 -76.8452 0.4
    endloop
  endfacet
  facet normal 0.353628 -0.935386 0
    outer loop
      vertex 28.0631 -76.7725 0.4
      vertex 27.8708 -76.8452 5.72205e-07
      vertex 28.0631 -76.7725 5.72205e-07
    endloop
  endfacet
  facet normal 0.242756 -0.970087 0
    outer loop
      vertex 28.0631 -76.7725 5.72205e-07
      vertex 28.2705 -76.7206 0.4
      vertex 28.0631 -76.7725 0.4
    endloop
  endfacet
  facet normal 0.242756 -0.970087 0
    outer loop
      vertex 28.2705 -76.7206 0.4
      vertex 28.0631 -76.7725 5.72205e-07
      vertex 28.2705 -76.7206 5.72205e-07
    endloop
  endfacet
  facet normal 0.13843 -0.990372 0
    outer loop
      vertex 28.2705 -76.7206 5.72205e-07
      vertex 28.493 -76.6895 0.4
      vertex 28.2705 -76.7206 0.4
    endloop
  endfacet
  facet normal 0.13843 -0.990372 0
    outer loop
      vertex 28.493 -76.6895 0.4
      vertex 28.2705 -76.7206 5.72205e-07
      vertex 28.493 -76.6895 5.72205e-07
    endloop
  endfacet
  facet normal 0.0437476 -0.999043 0
    outer loop
      vertex 28.493 -76.6895 5.72205e-07
      vertex 28.7305 -76.6791 0.4
      vertex 28.493 -76.6895 0.4
    endloop
  endfacet
  facet normal 0.0437476 -0.999043 0
    outer loop
      vertex 28.7305 -76.6791 0.4
      vertex 28.493 -76.6895 5.72205e-07
      vertex 28.7305 -76.6791 5.72205e-07
    endloop
  endfacet
  facet normal -0.0424884 -0.999097 0
    outer loop
      vertex 28.7305 -76.6791 5.72205e-07
      vertex 28.9727 -76.6894 0.4
      vertex 28.7305 -76.6791 0.4
    endloop
  endfacet
  facet normal -0.0424884 -0.999097 -0
    outer loop
      vertex 28.9727 -76.6894 0.4
      vertex 28.7305 -76.6791 5.72205e-07
      vertex 28.9727 -76.6894 5.72205e-07
    endloop
  endfacet
  facet normal -0.187288 0.982305 0
    outer loop
      vertex 28.6099 -77.3366 5.72205e-07
      vertex 28.5071 -77.3562 0.4
      vertex 28.6099 -77.3366 0.4
    endloop
  endfacet
  facet normal -0.187288 0.982305 0
    outer loop
      vertex 28.5071 -77.3562 0.4
      vertex 28.6099 -77.3366 5.72205e-07
      vertex 28.5071 -77.3562 5.72205e-07
    endloop
  endfacet
  facet normal -0.325163 0.945658 0
    outer loop
      vertex 28.5071 -77.3562 5.72205e-07
      vertex 28.412 -77.3889 0.4
      vertex 28.5071 -77.3562 0.4
    endloop
  endfacet
  facet normal -0.325163 0.945658 0
    outer loop
      vertex 28.412 -77.3889 0.4
      vertex 28.5071 -77.3562 5.72205e-07
      vertex 28.412 -77.3889 5.72205e-07
    endloop
  endfacet
  facet normal -0.463742 0.88597 0
    outer loop
      vertex 28.412 -77.3889 5.72205e-07
      vertex 28.3245 -77.4347 0.4
      vertex 28.412 -77.3889 0.4
    endloop
  endfacet
  facet normal -0.463742 0.88597 0
    outer loop
      vertex 28.3245 -77.4347 0.4
      vertex 28.412 -77.3889 5.72205e-07
      vertex 28.3245 -77.4347 5.72205e-07
    endloop
  endfacet
  facet normal -0.593681 0.8047 0
    outer loop
      vertex 28.3245 -77.4347 5.72205e-07
      vertex 28.2448 -77.4935 0.4
      vertex 28.3245 -77.4347 0.4
    endloop
  endfacet
  facet normal -0.593681 0.8047 0
    outer loop
      vertex 28.2448 -77.4935 0.4
      vertex 28.3245 -77.4347 5.72205e-07
      vertex 28.2448 -77.4935 5.72205e-07
    endloop
  endfacet
  facet normal -0.706616 0.707597 0
    outer loop
      vertex 28.2448 -77.4935 5.72205e-07
      vertex 28.1727 -77.5655 0.4
      vertex 28.2448 -77.4935 0.4
    endloop
  endfacet
  facet normal -0.706616 0.707597 0
    outer loop
      vertex 28.1727 -77.5655 0.4
      vertex 28.2448 -77.4935 5.72205e-07
      vertex 28.1727 -77.5655 5.72205e-07
    endloop
  endfacet
  facet normal -0.797065 0.603894 0
    outer loop
      vertex 28.1083 -77.6505 5.72205e-07
      vertex 28.1727 -77.5655 0.4
      vertex 28.1727 -77.5655 5.72205e-07
    endloop
  endfacet
  facet normal -0.797065 0.603894 0
    outer loop
      vertex 28.1727 -77.5655 0.4
      vertex 28.1083 -77.6505 5.72205e-07
      vertex 28.1083 -77.6505 0.4
    endloop
  endfacet
  facet normal -0.866378 0.499389 0
    outer loop
      vertex 28.0521 -77.748 5.72205e-07
      vertex 28.1083 -77.6505 0.4
      vertex 28.1083 -77.6505 5.72205e-07
    endloop
  endfacet
  facet normal -0.866378 0.499389 0
    outer loop
      vertex 28.1083 -77.6505 0.4
      vertex 28.0521 -77.748 5.72205e-07
      vertex 28.0521 -77.748 0.4
    endloop
  endfacet
  facet normal -0.917403 0.39796 0
    outer loop
      vertex 28.0046 -77.8575 5.72205e-07
      vertex 28.0521 -77.748 0.4
      vertex 28.0521 -77.748 5.72205e-07
    endloop
  endfacet
  facet normal -0.917403 0.39796 0
    outer loop
      vertex 28.0521 -77.748 0.4
      vertex 28.0046 -77.8575 5.72205e-07
      vertex 28.0046 -77.8575 0.4
    endloop
  endfacet
  facet normal -0.952151 0.305629 0
    outer loop
      vertex 27.9656 -77.979 5.72205e-07
      vertex 28.0046 -77.8575 0.4
      vertex 28.0046 -77.8575 5.72205e-07
    endloop
  endfacet
  facet normal -0.952151 0.305629 0
    outer loop
      vertex 28.0046 -77.8575 0.4
      vertex 27.9656 -77.979 5.72205e-07
      vertex 27.9656 -77.979 0.4
    endloop
  endfacet
  facet normal -0.975319 0.220799 0
    outer loop
      vertex 27.9354 -78.1124 5.72205e-07
      vertex 27.9656 -77.979 0.4
      vertex 27.9656 -77.979 5.72205e-07
    endloop
  endfacet
  facet normal -0.975319 0.220799 0
    outer loop
      vertex 27.9656 -77.979 0.4
      vertex 27.9354 -78.1124 5.72205e-07
      vertex 27.9354 -78.1124 0.4
    endloop
  endfacet
  facet normal -0.989046 0.147609 0
    outer loop
      vertex 27.9137 -78.2578 5.72205e-07
      vertex 27.9354 -78.1124 0.4
      vertex 27.9354 -78.1124 5.72205e-07
    endloop
  endfacet
  facet normal -0.989046 0.147609 0
    outer loop
      vertex 27.9354 -78.1124 0.4
      vertex 27.9137 -78.2578 5.72205e-07
      vertex 27.9137 -78.2578 0.4
    endloop
  endfacet
  facet normal -0.996658 0.0816829 0
    outer loop
      vertex 27.9008 -78.4152 5.72205e-07
      vertex 27.9137 -78.2578 0.4
      vertex 27.9137 -78.2578 5.72205e-07
    endloop
  endfacet
  facet normal -0.996658 0.0816829 0
    outer loop
      vertex 27.9137 -78.2578 0.4
      vertex 27.9008 -78.4152 5.72205e-07
      vertex 27.9008 -78.4152 0.4
    endloop
  endfacet
  facet normal -0.999663 0.0259653 0
    outer loop
      vertex 27.8964 -78.5846 5.72205e-07
      vertex 27.9008 -78.4152 0.4
      vertex 27.9008 -78.4152 5.72205e-07
    endloop
  endfacet
  facet normal -0.999663 0.0259653 0
    outer loop
      vertex 27.9008 -78.4152 0.4
      vertex 27.8964 -78.5846 5.72205e-07
      vertex 27.8964 -78.5846 0.4
    endloop
  endfacet
  facet normal -0.998549 -0.0538448 0
    outer loop
      vertex 27.9142 -78.9147 5.72205e-07
      vertex 27.8964 -78.5846 0.4
      vertex 27.8964 -78.5846 5.72205e-07
    endloop
  endfacet
  facet normal -0.998549 -0.0538448 0
    outer loop
      vertex 27.8964 -78.5846 0.4
      vertex 27.9142 -78.9147 5.72205e-07
      vertex 27.9142 -78.9147 0.4
    endloop
  endfacet
  facet normal -0.982415 -0.186708 0
    outer loop
      vertex 27.9673 -79.1941 5.72205e-07
      vertex 27.9142 -78.9147 0.4
      vertex 27.9142 -78.9147 5.72205e-07
    endloop
  endfacet
  facet normal -0.982415 -0.186708 0
    outer loop
      vertex 27.9142 -78.9147 0.4
      vertex 27.9673 -79.1941 5.72205e-07
      vertex 27.9673 -79.1941 0.4
    endloop
  endfacet
  facet normal -0.932364 -0.361521 0
    outer loop
      vertex 28.0559 -79.4226 5.72205e-07
      vertex 27.9673 -79.1941 0.4
      vertex 27.9673 -79.1941 5.72205e-07
    endloop
  endfacet
  facet normal -0.932364 -0.361521 0
    outer loop
      vertex 27.9673 -79.1941 0.4
      vertex 28.0559 -79.4226 5.72205e-07
      vertex 28.0559 -79.4226 0.4
    endloop
  endfacet
  facet normal -0.820228 -0.572037 0
    outer loop
      vertex 28.1799 -79.6004 5.72205e-07
      vertex 28.0559 -79.4226 0.4
      vertex 28.0559 -79.4226 5.72205e-07
    endloop
  endfacet
  facet normal -0.820228 -0.572037 0
    outer loop
      vertex 28.0559 -79.4226 0.4
      vertex 28.1799 -79.6004 5.72205e-07
      vertex 28.1799 -79.6004 0.4
    endloop
  endfacet
  facet normal -0.623138 -0.782112 0
    outer loop
      vertex 28.1799 -79.6004 5.72205e-07
      vertex 28.3393 -79.7274 0.4
      vertex 28.1799 -79.6004 0.4
    endloop
  endfacet
  facet normal -0.623138 -0.782112 -0
    outer loop
      vertex 28.3393 -79.7274 0.4
      vertex 28.1799 -79.6004 5.72205e-07
      vertex 28.3393 -79.7274 5.72205e-07
    endloop
  endfacet
  facet normal -0.364129 -0.931348 0
    outer loop
      vertex 28.3393 -79.7274 5.72205e-07
      vertex 28.5342 -79.8036 0.4
      vertex 28.3393 -79.7274 0.4
    endloop
  endfacet
  facet normal -0.364129 -0.931348 -0
    outer loop
      vertex 28.5342 -79.8036 0.4
      vertex 28.3393 -79.7274 5.72205e-07
      vertex 28.5342 -79.8036 5.72205e-07
    endloop
  endfacet
  facet normal -0.109673 -0.993968 0
    outer loop
      vertex 28.5342 -79.8036 5.72205e-07
      vertex 28.7644 -79.829 0.4
      vertex 28.5342 -79.8036 0.4
    endloop
  endfacet
  facet normal -0.109673 -0.993968 -0
    outer loop
      vertex 28.7644 -79.829 0.4
      vertex 28.5342 -79.8036 5.72205e-07
      vertex 28.7644 -79.829 5.72205e-07
    endloop
  endfacet
  facet normal 0.0533522 -0.998576 0
    outer loop
      vertex 28.7644 -79.829 5.72205e-07
      vertex 28.8767 -79.823 0.4
      vertex 28.7644 -79.829 0.4
    endloop
  endfacet
  facet normal 0.0533522 -0.998576 0
    outer loop
      vertex 28.8767 -79.823 0.4
      vertex 28.7644 -79.829 5.72205e-07
      vertex 28.8767 -79.823 5.72205e-07
    endloop
  endfacet
  facet normal 0.170823 -0.985302 0
    outer loop
      vertex 28.8767 -79.823 5.72205e-07
      vertex 28.9811 -79.8049 0.4
      vertex 28.8767 -79.823 0.4
    endloop
  endfacet
  facet normal 0.170823 -0.985302 0
    outer loop
      vertex 28.9811 -79.8049 0.4
      vertex 28.8767 -79.823 5.72205e-07
      vertex 28.9811 -79.8049 5.72205e-07
    endloop
  endfacet
  facet normal 0.297487 -0.954726 0
    outer loop
      vertex 28.9811 -79.8049 5.72205e-07
      vertex 29.0777 -79.7748 0.4
      vertex 28.9811 -79.8049 0.4
    endloop
  endfacet
  facet normal 0.297487 -0.954726 0
    outer loop
      vertex 29.0777 -79.7748 0.4
      vertex 28.9811 -79.8049 5.72205e-07
      vertex 29.0777 -79.7748 5.72205e-07
    endloop
  endfacet
  facet normal 0.430013 -0.902823 0
    outer loop
      vertex 29.0777 -79.7748 5.72205e-07
      vertex 29.1663 -79.7326 0.4
      vertex 29.0777 -79.7748 0.4
    endloop
  endfacet
  facet normal 0.430013 -0.902823 0
    outer loop
      vertex 29.1663 -79.7326 0.4
      vertex 29.0777 -79.7748 5.72205e-07
      vertex 29.1663 -79.7326 5.72205e-07
    endloop
  endfacet
  facet normal 0.55636 -0.830941 0
    outer loop
      vertex 29.1663 -79.7326 5.72205e-07
      vertex 29.2471 -79.6785 0.4
      vertex 29.1663 -79.7326 0.4
    endloop
  endfacet
  facet normal 0.55636 -0.830941 0
    outer loop
      vertex 29.2471 -79.6785 0.4
      vertex 29.1663 -79.7326 5.72205e-07
      vertex 29.2471 -79.6785 5.72205e-07
    endloop
  endfacet
  facet normal 0.67333 -0.739342 0
    outer loop
      vertex 29.2471 -79.6785 5.72205e-07
      vertex 29.3199 -79.6122 0.4
      vertex 29.2471 -79.6785 0.4
    endloop
  endfacet
  facet normal 0.67333 -0.739342 0
    outer loop
      vertex 29.3199 -79.6122 0.4
      vertex 29.2471 -79.6785 5.72205e-07
      vertex 29.3199 -79.6122 5.72205e-07
    endloop
  endfacet
  facet normal 0.769027 -0.639217 0
    outer loop
      vertex 29.3199 -79.6122 0.4
      vertex 29.3849 -79.534 5.72205e-07
      vertex 29.3849 -79.534 0.4
    endloop
  endfacet
  facet normal 0.769027 -0.639217 0
    outer loop
      vertex 29.3849 -79.534 5.72205e-07
      vertex 29.3199 -79.6122 0.4
      vertex 29.3199 -79.6122 5.72205e-07
    endloop
  endfacet
  facet normal 0.850285 -0.526323 0
    outer loop
      vertex 29.3849 -79.534 0.4
      vertex 29.4416 -79.4424 5.72205e-07
      vertex 29.4416 -79.4424 0.4
    endloop
  endfacet
  facet normal 0.850285 -0.526323 0
    outer loop
      vertex 29.4416 -79.4424 5.72205e-07
      vertex 29.3849 -79.534 0.4
      vertex 29.3849 -79.534 5.72205e-07
    endloop
  endfacet
  facet normal 0.911713 -0.410828 0
    outer loop
      vertex 29.4416 -79.4424 0.4
      vertex 29.4895 -79.3361 5.72205e-07
      vertex 29.4895 -79.3361 0.4
    endloop
  endfacet
  facet normal 0.911713 -0.410828 0
    outer loop
      vertex 29.4895 -79.3361 5.72205e-07
      vertex 29.4416 -79.4424 0.4
      vertex 29.4416 -79.4424 5.72205e-07
    endloop
  endfacet
  facet normal 0.951092 -0.308908 0
    outer loop
      vertex 29.4895 -79.3361 0.4
      vertex 29.5288 -79.2151 5.72205e-07
      vertex 29.5288 -79.2151 0.4
    endloop
  endfacet
  facet normal 0.951092 -0.308908 0
    outer loop
      vertex 29.5288 -79.2151 5.72205e-07
      vertex 29.4895 -79.3361 0.4
      vertex 29.4895 -79.3361 5.72205e-07
    endloop
  endfacet
  facet normal 0.975625 -0.219444 0
    outer loop
      vertex 29.5288 -79.2151 0.4
      vertex 29.5593 -79.0795 5.72205e-07
      vertex 29.5593 -79.0795 0.4
    endloop
  endfacet
  facet normal 0.975625 -0.219444 0
    outer loop
      vertex 29.5593 -79.0795 5.72205e-07
      vertex 29.5288 -79.2151 0.4
      vertex 29.5288 -79.2151 5.72205e-07
    endloop
  endfacet
  facet normal 0.989644 -0.143541 0
    outer loop
      vertex 29.5593 -79.0795 0.4
      vertex 29.5811 -78.9292 5.72205e-07
      vertex 29.5811 -78.9292 0.4
    endloop
  endfacet
  facet normal 0.989644 -0.143541 0
    outer loop
      vertex 29.5811 -78.9292 5.72205e-07
      vertex 29.5593 -79.0795 0.4
      vertex 29.5593 -79.0795 5.72205e-07
    endloop
  endfacet
  facet normal 0.996863 -0.0791449 0
    outer loop
      vertex 29.5811 -78.9292 0.4
      vertex 29.5942 -78.7642 5.72205e-07
      vertex 29.5942 -78.7642 0.4
    endloop
  endfacet
  facet normal 0.996863 -0.0791449 0
    outer loop
      vertex 29.5942 -78.7642 5.72205e-07
      vertex 29.5811 -78.9292 0.4
      vertex 29.5811 -78.9292 5.72205e-07
    endloop
  endfacet
  facet normal 0.999714 -0.0239352 0
    outer loop
      vertex 29.5942 -78.7642 0.4
      vertex 29.5985 -78.5846 5.72205e-07
      vertex 29.5985 -78.5846 0.4
    endloop
  endfacet
  facet normal 0.999714 -0.0239352 0
    outer loop
      vertex 29.5985 -78.5846 5.72205e-07
      vertex 29.5942 -78.7642 0.4
      vertex 29.5942 -78.7642 5.72205e-07
    endloop
  endfacet
  facet normal 0.998557 0.0537084 0
    outer loop
      vertex 29.5985 -78.5846 0.4
      vertex 29.5806 -78.2518 5.72205e-07
      vertex 29.5806 -78.2518 0.4
    endloop
  endfacet
  facet normal 0.998557 0.0537084 0
    outer loop
      vertex 29.5806 -78.2518 5.72205e-07
      vertex 29.5985 -78.5846 0.4
      vertex 29.5985 -78.5846 5.72205e-07
    endloop
  endfacet
  facet normal 0.982247 0.187593 0
    outer loop
      vertex 29.5806 -78.2518 0.4
      vertex 29.5268 -77.9701 5.72205e-07
      vertex 29.5268 -77.9701 0.4
    endloop
  endfacet
  facet normal 0.982247 0.187593 0
    outer loop
      vertex 29.5268 -77.9701 5.72205e-07
      vertex 29.5806 -78.2518 0.4
      vertex 29.5806 -78.2518 5.72205e-07
    endloop
  endfacet
  facet normal 0.932005 0.362446 0
    outer loop
      vertex 29.5268 -77.9701 0.4
      vertex 29.4372 -77.7397 5.72205e-07
      vertex 29.4372 -77.7397 0.4
    endloop
  endfacet
  facet normal 0.932005 0.362446 0
    outer loop
      vertex 29.4372 -77.7397 5.72205e-07
      vertex 29.5268 -77.9701 0.4
      vertex 29.5268 -77.9701 5.72205e-07
    endloop
  endfacet
  facet normal 0.819318 0.57334 0
    outer loop
      vertex 29.4372 -77.7397 0.4
      vertex 29.3118 -77.5605 5.72205e-07
      vertex 29.3118 -77.5605 0.4
    endloop
  endfacet
  facet normal 0.819318 0.57334 0
    outer loop
      vertex 29.3118 -77.5605 5.72205e-07
      vertex 29.4372 -77.7397 0.4
      vertex 29.4372 -77.7397 5.72205e-07
    endloop
  endfacet
  facet normal 0.621611 0.783326 -0
    outer loop
      vertex 29.3118 -77.5605 5.72205e-07
      vertex 29.1505 -77.4325 0.4
      vertex 29.3118 -77.5605 0.4
    endloop
  endfacet
  facet normal 0.621611 0.783326 0
    outer loop
      vertex 29.1505 -77.4325 0.4
      vertex 29.3118 -77.5605 5.72205e-07
      vertex 29.1505 -77.4325 5.72205e-07
    endloop
  endfacet
  facet normal 0.362902 0.931827 -0
    outer loop
      vertex 29.1505 -77.4325 5.72205e-07
      vertex 28.9533 -77.3557 0.4
      vertex 29.1505 -77.4325 0.4
    endloop
  endfacet
  facet normal 0.362902 0.931827 0
    outer loop
      vertex 28.9533 -77.3557 0.4
      vertex 29.1505 -77.4325 5.72205e-07
      vertex 28.9533 -77.3557 5.72205e-07
    endloop
  endfacet
  facet normal 0.109214 0.994018 -0
    outer loop
      vertex 28.9533 -77.3557 5.72205e-07
      vertex 28.7203 -77.3301 0.4
      vertex 28.9533 -77.3557 0.4
    endloop
  endfacet
  facet normal 0.109214 0.994018 0
    outer loop
      vertex 28.7203 -77.3301 0.4
      vertex 28.9533 -77.3557 5.72205e-07
      vertex 28.7203 -77.3301 5.72205e-07
    endloop
  endfacet
  facet normal -0.058775 0.998271 0
    outer loop
      vertex 28.7203 -77.3301 5.72205e-07
      vertex 28.6099 -77.3366 0.4
      vertex 28.7203 -77.3301 0.4
    endloop
  endfacet
  facet normal -0.058775 0.998271 0
    outer loop
      vertex 28.6099 -77.3366 0.4
      vertex 28.7203 -77.3301 5.72205e-07
      vertex 28.6099 -77.3366 5.72205e-07
    endloop
  endfacet
  facet normal -0.126358 -0.991985 0
    outer loop
      vertex 9.25477 -75.3114 5.72205e-07
      vertex 9.38509 -75.328 0.4
      vertex 9.25477 -75.3114 0.4
    endloop
  endfacet
  facet normal -0.126358 -0.991985 -0
    outer loop
      vertex 9.38509 -75.328 0.4
      vertex 9.25477 -75.3114 5.72205e-07
      vertex 9.38509 -75.328 5.72205e-07
    endloop
  endfacet
  facet normal -0.219803 -0.975544 0
    outer loop
      vertex 9.38509 -75.328 5.72205e-07
      vertex 9.50803 -75.3557 0.4
      vertex 9.38509 -75.328 0.4
    endloop
  endfacet
  facet normal -0.219803 -0.975544 -0
    outer loop
      vertex 9.50803 -75.3557 0.4
      vertex 9.38509 -75.328 5.72205e-07
      vertex 9.50803 -75.3557 5.72205e-07
    endloop
  endfacet
  facet normal -0.318418 -0.94795 0
    outer loop
      vertex 9.50803 -75.3557 5.72205e-07
      vertex 9.62354 -75.3945 0.4
      vertex 9.50803 -75.3557 0.4
    endloop
  endfacet
  facet normal -0.318418 -0.94795 -0
    outer loop
      vertex 9.62354 -75.3945 0.4
      vertex 9.50803 -75.3557 5.72205e-07
      vertex 9.62354 -75.3945 5.72205e-07
    endloop
  endfacet
  facet normal -0.418323 -0.908298 0
    outer loop
      vertex 9.62354 -75.3945 5.72205e-07
      vertex 9.73167 -75.4443 0.4
      vertex 9.62354 -75.3945 0.4
    endloop
  endfacet
  facet normal -0.418323 -0.908298 -0
    outer loop
      vertex 9.73167 -75.4443 0.4
      vertex 9.62354 -75.3945 5.72205e-07
      vertex 9.73167 -75.4443 5.72205e-07
    endloop
  endfacet
  facet normal -0.517454 -0.855711 0
    outer loop
      vertex 9.73167 -75.4443 5.72205e-07
      vertex 9.83238 -75.5052 0.4
      vertex 9.73167 -75.4443 0.4
    endloop
  endfacet
  facet normal -0.517454 -0.855711 -0
    outer loop
      vertex 9.83238 -75.5052 0.4
      vertex 9.73167 -75.4443 5.72205e-07
      vertex 9.83238 -75.5052 5.72205e-07
    endloop
  endfacet
  facet normal -0.610408 -0.792087 0
    outer loop
      vertex 9.83238 -75.5052 5.72205e-07
      vertex 9.92568 -75.5771 0.4
      vertex 9.83238 -75.5052 0.4
    endloop
  endfacet
  facet normal -0.610408 -0.792087 -0
    outer loop
      vertex 9.92568 -75.5771 0.4
      vertex 9.83238 -75.5052 5.72205e-07
      vertex 9.92568 -75.5771 5.72205e-07
    endloop
  endfacet
  facet normal -0.696065 -0.717978 0
    outer loop
      vertex 9.92568 -75.5771 5.72205e-07
      vertex 10.0148 -75.6635 0.4
      vertex 9.92568 -75.5771 0.4
    endloop
  endfacet
  facet normal -0.696065 -0.717978 -0
    outer loop
      vertex 10.0148 -75.6635 0.4
      vertex 9.92568 -75.5771 5.72205e-07
      vertex 10.0148 -75.6635 5.72205e-07
    endloop
  endfacet
  facet normal -0.762608 -0.646861 0
    outer loop
      vertex 10.1031 -75.7676 5.72205e-07
      vertex 10.0148 -75.6635 0.4
      vertex 10.0148 -75.6635 5.72205e-07
    endloop
  endfacet
  facet normal -0.762608 -0.646861 0
    outer loop
      vertex 10.0148 -75.6635 0.4
      vertex 10.1031 -75.7676 5.72205e-07
      vertex 10.1031 -75.7676 0.4
    endloop
  endfacet
  facet normal -0.812243 -0.58332 0
    outer loop
      vertex 10.1905 -75.8893 5.72205e-07
      vertex 10.1031 -75.7676 0.4
      vertex 10.1031 -75.7676 5.72205e-07
    endloop
  endfacet
  facet normal -0.812243 -0.58332 0
    outer loop
      vertex 10.1031 -75.7676 0.4
      vertex 10.1905 -75.8893 5.72205e-07
      vertex 10.1905 -75.8893 0.4
    endloop
  endfacet
  facet normal -0.850317 -0.526271 0
    outer loop
      vertex 10.2769 -76.0289 5.72205e-07
      vertex 10.1905 -75.8893 0.4
      vertex 10.1905 -75.8893 5.72205e-07
    endloop
  endfacet
  facet normal -0.850317 -0.526271 0
    outer loop
      vertex 10.1905 -75.8893 0.4
      vertex 10.2769 -76.0289 5.72205e-07
      vertex 10.2769 -76.0289 0.4
    endloop
  endfacet
  facet normal -0.878237 -0.478226 0
    outer loop
      vertex 10.3625 -76.1861 5.72205e-07
      vertex 10.2769 -76.0289 0.4
      vertex 10.2769 -76.0289 5.72205e-07
    endloop
  endfacet
  facet normal -0.878237 -0.478226 0
    outer loop
      vertex 10.2769 -76.0289 0.4
      vertex 10.3625 -76.1861 5.72205e-07
      vertex 10.3625 -76.1861 0.4
    endloop
  endfacet
  facet normal -0.900016 -0.435857 0
    outer loop
      vertex 10.4472 -76.361 5.72205e-07
      vertex 10.3625 -76.1861 0.4
      vertex 10.3625 -76.1861 5.72205e-07
    endloop
  endfacet
  facet normal -0.900016 -0.435857 0
    outer loop
      vertex 10.3625 -76.1861 0.4
      vertex 10.4472 -76.361 5.72205e-07
      vertex 10.4472 -76.361 0.4
    endloop
  endfacet
  facet normal -0.917138 -0.398569 0
    outer loop
      vertex 10.5309 -76.5536 5.72205e-07
      vertex 10.4472 -76.361 0.4
      vertex 10.4472 -76.361 5.72205e-07
    endloop
  endfacet
  facet normal -0.917138 -0.398569 0
    outer loop
      vertex 10.4472 -76.361 0.4
      vertex 10.5309 -76.5536 5.72205e-07
      vertex 10.5309 -76.5536 0.4
    endloop
  endfacet
  facet normal -0.936091 -0.351758 0
    outer loop
      vertex 11.9821 -80.4155 5.72205e-07
      vertex 10.5309 -76.5536 0.4
      vertex 10.5309 -76.5536 5.72205e-07
    endloop
  endfacet
  facet normal -0.936091 -0.351758 0
    outer loop
      vertex 10.5309 -76.5536 0.4
      vertex 11.9821 -80.4155 5.72205e-07
      vertex 11.9821 -80.4155 0.4
    endloop
  endfacet
  facet normal 0 1 -0
    outer loop
      vertex 11.9821 -80.4155 5.72205e-07
      vertex 10.9853 -80.4155 0.4
      vertex 11.9821 -80.4155 0.4
    endloop
  endfacet
  facet normal 0 1 0
    outer loop
      vertex 10.9853 -80.4155 0.4
      vertex 11.9821 -80.4155 5.72205e-07
      vertex 10.9853 -80.4155 5.72205e-07
    endloop
  endfacet
  facet normal 0.954313 0.298808 0
    outer loop
      vertex 10.9853 -80.4155 0.4
      vertex 10.4428 -78.6829 5.72205e-07
      vertex 10.4428 -78.6829 0.4
    endloop
  endfacet
  facet normal 0.954313 0.298808 0
    outer loop
      vertex 10.4428 -78.6829 5.72205e-07
      vertex 10.9853 -80.4155 0.4
      vertex 10.9853 -80.4155 5.72205e-07
    endloop
  endfacet
  facet normal 0.963808 0.266596 0
    outer loop
      vertex 10.4428 -78.6829 0.4
      vertex 10.2224 -77.8861 5.72205e-07
      vertex 10.2224 -77.8861 0.4
    endloop
  endfacet
  facet normal 0.963808 0.266596 0
    outer loop
      vertex 10.2224 -77.8861 5.72205e-07
      vertex 10.4428 -78.6829 0.4
      vertex 10.4428 -78.6829 5.72205e-07
    endloop
  endfacet
  facet normal 0.967047 0.254597 0
    outer loop
      vertex 10.2224 -77.8861 0.4
      vertex 10.1376 -77.564 5.72205e-07
      vertex 10.1376 -77.564 0.4
    endloop
  endfacet
  facet normal 0.967047 0.254597 0
    outer loop
      vertex 10.1376 -77.564 5.72205e-07
      vertex 10.2224 -77.8861 0.4
      vertex 10.2224 -77.8861 5.72205e-07
    endloop
  endfacet
  facet normal -0.964381 0.264516 0
    outer loop
      vertex 10.08 -77.774 5.72205e-07
      vertex 10.1376 -77.564 0.4
      vertex 10.1376 -77.564 5.72205e-07
    endloop
  endfacet
  facet normal -0.964381 0.264516 0
    outer loop
      vertex 10.1376 -77.564 0.4
      vertex 10.08 -77.774 5.72205e-07
      vertex 10.08 -77.774 0.4
    endloop
  endfacet
  facet normal -0.962307 0.271967 0
    outer loop
      vertex 10.0252 -77.9679 5.72205e-07
      vertex 10.08 -77.774 0.4
      vertex 10.08 -77.774 5.72205e-07
    endloop
  endfacet
  facet normal -0.962307 0.271967 0
    outer loop
      vertex 10.08 -77.774 0.4
      vertex 10.0252 -77.9679 5.72205e-07
      vertex 10.0252 -77.9679 0.4
    endloop
  endfacet
  facet normal -0.960099 0.27966 0
    outer loop
      vertex 9.97341 -78.1457 5.72205e-07
      vertex 10.0252 -77.9679 0.4
      vertex 10.0252 -77.9679 5.72205e-07
    endloop
  endfacet
  facet normal -0.960099 0.27966 0
    outer loop
      vertex 10.0252 -77.9679 0.4
      vertex 9.97341 -78.1457 5.72205e-07
      vertex 9.97341 -78.1457 0.4
    endloop
  endfacet
  facet normal -0.957189 0.289464 0
    outer loop
      vertex 9.92448 -78.3075 5.72205e-07
      vertex 9.97341 -78.1457 0.4
      vertex 9.97341 -78.1457 5.72205e-07
    endloop
  endfacet
  facet normal -0.957189 0.289464 0
    outer loop
      vertex 9.97341 -78.1457 0.4
      vertex 9.92448 -78.3075 5.72205e-07
      vertex 9.92448 -78.3075 0.4
    endloop
  endfacet
  facet normal -0.953565 0.301188 0
    outer loop
      vertex 9.87846 -78.4532 5.72205e-07
      vertex 9.92448 -78.3075 0.4
      vertex 9.92448 -78.3075 5.72205e-07
    endloop
  endfacet
  facet normal -0.953565 0.301188 0
    outer loop
      vertex 9.92448 -78.3075 0.4
      vertex 9.87846 -78.4532 5.72205e-07
      vertex 9.87846 -78.4532 0.4
    endloop
  endfacet
  facet normal -0.948932 0.315481 0
    outer loop
      vertex 9.83534 -78.5829 5.72205e-07
      vertex 9.87846 -78.4532 0.4
      vertex 9.87846 -78.4532 5.72205e-07
    endloop
  endfacet
  facet normal -0.948932 0.315481 0
    outer loop
      vertex 9.87846 -78.4532 0.4
      vertex 9.83534 -78.5829 5.72205e-07
      vertex 9.83534 -78.5829 0.4
    endloop
  endfacet
  facet normal -0.942688 0.333675 0
    outer loop
      vertex 9.79513 -78.6965 5.72205e-07
      vertex 9.83534 -78.5829 0.4
      vertex 9.83534 -78.5829 5.72205e-07
    endloop
  endfacet
  facet normal -0.942688 0.333675 0
    outer loop
      vertex 9.83534 -78.5829 0.4
      vertex 9.79513 -78.6965 5.72205e-07
      vertex 9.79513 -78.6965 0.4
    endloop
  endfacet
  facet normal -0.948119 0.317915 0
    outer loop
      vertex 9.21873 -80.4155 5.72205e-07
      vertex 9.79513 -78.6965 0.4
      vertex 9.79513 -78.6965 5.72205e-07
    endloop
  endfacet
  facet normal -0.948119 0.317915 0
    outer loop
      vertex 9.79513 -78.6965 0.4
      vertex 9.21873 -80.4155 5.72205e-07
      vertex 9.21873 -80.4155 0.4
    endloop
  endfacet
  facet normal 0 1 -0
    outer loop
      vertex 9.21873 -80.4155 5.72205e-07
      vertex 8.21172 -80.4155 0.4
      vertex 9.21873 -80.4155 0.4
    endloop
  endfacet
  facet normal 0 1 0
    outer loop
      vertex 8.21172 -80.4155 0.4
      vertex 9.21873 -80.4155 5.72205e-07
      vertex 8.21172 -80.4155 5.72205e-07
    endloop
  endfacet
  facet normal 0.928592 -0.371102 0
    outer loop
      vertex 8.21172 -80.4155 0.4
      vertex 9.66293 -76.7842 5.72205e-07
      vertex 9.66293 -76.7842 0.4
    endloop
  endfacet
  facet normal 0.928592 -0.371102 0
    outer loop
      vertex 9.66293 -76.7842 5.72205e-07
      vertex 8.21172 -80.4155 0.4
      vertex 8.21172 -80.4155 5.72205e-07
    endloop
  endfacet
  facet normal 0.934082 0.357059 0
    outer loop
      vertex 9.66293 -76.7842 0.4
      vertex 9.62566 -76.6867 5.72205e-07
      vertex 9.62566 -76.6867 0.4
    endloop
  endfacet
  facet normal 0.934082 0.357059 0
    outer loop
      vertex 9.62566 -76.6867 5.72205e-07
      vertex 9.66293 -76.7842 0.4
      vertex 9.66293 -76.7842 5.72205e-07
    endloop
  endfacet
  facet normal 0.926383 0.376583 0
    outer loop
      vertex 9.62566 -76.6867 0.4
      vertex 9.58944 -76.5976 5.72205e-07
      vertex 9.58944 -76.5976 0.4
    endloop
  endfacet
  facet normal 0.926383 0.376583 0
    outer loop
      vertex 9.58944 -76.5976 5.72205e-07
      vertex 9.62566 -76.6867 0.4
      vertex 9.62566 -76.6867 5.72205e-07
    endloop
  endfacet
  facet normal 0.916418 0.400222 0
    outer loop
      vertex 9.58944 -76.5976 0.4
      vertex 9.55424 -76.517 5.72205e-07
      vertex 9.55424 -76.517 0.4
    endloop
  endfacet
  facet normal 0.916418 0.400222 0
    outer loop
      vertex 9.55424 -76.517 5.72205e-07
      vertex 9.58944 -76.5976 0.4
      vertex 9.58944 -76.5976 5.72205e-07
    endloop
  endfacet
  facet normal 0.903751 0.428059 0
    outer loop
      vertex 9.55424 -76.517 0.4
      vertex 9.52009 -76.4449 5.72205e-07
      vertex 9.52009 -76.4449 0.4
    endloop
  endfacet
  facet normal 0.903751 0.428059 0
    outer loop
      vertex 9.52009 -76.4449 5.72205e-07
      vertex 9.55424 -76.517 0.4
      vertex 9.55424 -76.517 5.72205e-07
    endloop
  endfacet
  facet normal 0.887592 0.46063 0
    outer loop
      vertex 9.52009 -76.4449 0.4
      vertex 9.48698 -76.3811 5.72205e-07
      vertex 9.48698 -76.3811 0.4
    endloop
  endfacet
  facet normal 0.887592 0.46063 0
    outer loop
      vertex 9.48698 -76.3811 5.72205e-07
      vertex 9.52009 -76.4449 0.4
      vertex 9.52009 -76.4449 5.72205e-07
    endloop
  endfacet
  facet normal 0.865126 0.501554 0
    outer loop
      vertex 9.48698 -76.3811 0.4
      vertex 9.45492 -76.3258 5.72205e-07
      vertex 9.45492 -76.3258 0.4
    endloop
  endfacet
  facet normal 0.865126 0.501554 0
    outer loop
      vertex 9.45492 -76.3258 5.72205e-07
      vertex 9.48698 -76.3811 0.4
      vertex 9.48698 -76.3811 5.72205e-07
    endloop
  endfacet
  facet normal 0.833363 0.552726 0
    outer loop
      vertex 9.45492 -76.3258 0.4
      vertex 9.42388 -76.279 5.72205e-07
      vertex 9.42388 -76.279 0.4
    endloop
  endfacet
  facet normal 0.833363 0.552726 0
    outer loop
      vertex 9.42388 -76.279 5.72205e-07
      vertex 9.45492 -76.3258 0.4
      vertex 9.45492 -76.3258 5.72205e-07
    endloop
  endfacet
  facet normal 0.796387 0.604787 0
    outer loop
      vertex 9.42388 -76.279 0.4
      vertex 9.39282 -76.2381 5.72205e-07
      vertex 9.39282 -76.2381 0.4
    endloop
  endfacet
  facet normal 0.796387 0.604787 0
    outer loop
      vertex 9.39282 -76.2381 5.72205e-07
      vertex 9.42388 -76.279 0.4
      vertex 9.42388 -76.279 5.72205e-07
    endloop
  endfacet
  facet normal 0.757925 0.652342 0
    outer loop
      vertex 9.39282 -76.2381 0.4
      vertex 9.36063 -76.2007 5.72205e-07
      vertex 9.36063 -76.2007 0.4
    endloop
  endfacet
  facet normal 0.757925 0.652342 0
    outer loop
      vertex 9.36063 -76.2007 5.72205e-07
      vertex 9.39282 -76.2381 0.4
      vertex 9.39282 -76.2381 5.72205e-07
    endloop
  endfacet
  facet normal 0.714738 0.699392 0
    outer loop
      vertex 9.36063 -76.2007 0.4
      vertex 9.32736 -76.1667 5.72205e-07
      vertex 9.32736 -76.1667 0.4
    endloop
  endfacet
  facet normal 0.714738 0.699392 0
    outer loop
      vertex 9.32736 -76.1667 5.72205e-07
      vertex 9.36063 -76.2007 0.4
      vertex 9.36063 -76.2007 5.72205e-07
    endloop
  endfacet
  facet normal 0.663418 0.748249 -0
    outer loop
      vertex 9.32736 -76.1667 5.72205e-07
      vertex 9.29296 -76.1362 0.4
      vertex 9.32736 -76.1667 0.4
    endloop
  endfacet
  facet normal 0.663418 0.748249 0
    outer loop
      vertex 9.29296 -76.1362 0.4
      vertex 9.32736 -76.1667 5.72205e-07
      vertex 9.29296 -76.1362 5.72205e-07
    endloop
  endfacet
  facet normal 0.606677 0.794948 -0
    outer loop
      vertex 9.29296 -76.1362 5.72205e-07
      vertex 9.25745 -76.1091 0.4
      vertex 9.29296 -76.1362 0.4
    endloop
  endfacet
  facet normal 0.606677 0.794948 0
    outer loop
      vertex 9.25745 -76.1091 0.4
      vertex 9.29296 -76.1362 5.72205e-07
      vertex 9.25745 -76.1091 5.72205e-07
    endloop
  endfacet
  facet normal 0.541918 0.840432 -0
    outer loop
      vertex 9.25745 -76.1091 5.72205e-07
      vertex 9.22085 -76.0855 0.4
      vertex 9.25745 -76.1091 0.4
    endloop
  endfacet
  facet normal 0.541918 0.840432 0
    outer loop
      vertex 9.22085 -76.0855 0.4
      vertex 9.25745 -76.1091 5.72205e-07
      vertex 9.22085 -76.0855 5.72205e-07
    endloop
  endfacet
  facet normal 0.470272 0.882521 -0
    outer loop
      vertex 9.22085 -76.0855 5.72205e-07
      vertex 9.18313 -76.0654 0.4
      vertex 9.22085 -76.0855 0.4
    endloop
  endfacet
  facet normal 0.470272 0.882521 0
    outer loop
      vertex 9.18313 -76.0654 0.4
      vertex 9.22085 -76.0855 5.72205e-07
      vertex 9.18313 -76.0654 5.72205e-07
    endloop
  endfacet
  facet normal 0.395846 0.918317 -0
    outer loop
      vertex 9.18313 -76.0654 5.72205e-07
      vertex 9.14346 -76.0483 0.4
      vertex 9.18313 -76.0654 0.4
    endloop
  endfacet
  facet normal 0.395846 0.918317 0
    outer loop
      vertex 9.14346 -76.0483 0.4
      vertex 9.18313 -76.0654 5.72205e-07
      vertex 9.14346 -76.0483 5.72205e-07
    endloop
  endfacet
  facet normal 0.322697 0.946502 -0
    outer loop
      vertex 9.14346 -76.0483 5.72205e-07
      vertex 9.10093 -76.0338 0.4
      vertex 9.14346 -76.0483 0.4
    endloop
  endfacet
  facet normal 0.322697 0.946502 0
    outer loop
      vertex 9.10093 -76.0338 0.4
      vertex 9.14346 -76.0483 5.72205e-07
      vertex 9.10093 -76.0338 5.72205e-07
    endloop
  endfacet
  facet normal 0.251814 0.967776 -0
    outer loop
      vertex 9.10093 -76.0338 5.72205e-07
      vertex 9.05558 -76.022 0.4
      vertex 9.10093 -76.0338 0.4
    endloop
  endfacet
  facet normal 0.251814 0.967776 0
    outer loop
      vertex 9.05558 -76.022 0.4
      vertex 9.10093 -76.0338 5.72205e-07
      vertex 9.05558 -76.022 5.72205e-07
    endloop
  endfacet
  facet normal 0.187524 0.98226 -0
    outer loop
      vertex 9.05558 -76.022 5.72205e-07
      vertex 9.00739 -76.0128 0.4
      vertex 9.05558 -76.022 0.4
    endloop
  endfacet
  facet normal 0.187524 0.98226 0
    outer loop
      vertex 9.00739 -76.0128 0.4
      vertex 9.05558 -76.022 5.72205e-07
      vertex 9.00739 -76.0128 5.72205e-07
    endloop
  endfacet
  facet normal 0.128243 0.991743 -0
    outer loop
      vertex 9.00739 -76.0128 5.72205e-07
      vertex 8.95635 -76.0062 0.4
      vertex 9.00739 -76.0128 0.4
    endloop
  endfacet
  facet normal 0.128243 0.991743 0
    outer loop
      vertex 8.95635 -76.0062 0.4
      vertex 9.00739 -76.0128 5.72205e-07
      vertex 8.95635 -76.0062 5.72205e-07
    endloop
  endfacet
  facet normal 0.0740627 0.997254 -0
    outer loop
      vertex 8.95635 -76.0062 5.72205e-07
      vertex 8.90249 -76.0022 0.4
      vertex 8.95635 -76.0062 0.4
    endloop
  endfacet
  facet normal 0.0740627 0.997254 0
    outer loop
      vertex 8.90249 -76.0022 0.4
      vertex 8.95635 -76.0062 5.72205e-07
      vertex 8.90249 -76.0022 5.72205e-07
    endloop
  endfacet
  facet normal 0.0229136 0.999737 -0
    outer loop
      vertex 8.90249 -76.0022 5.72205e-07
      vertex 8.84577 -76.0009 0.4
      vertex 8.90249 -76.0022 0.4
    endloop
  endfacet
  facet normal 0.0229136 0.999737 0
    outer loop
      vertex 8.84577 -76.0009 0.4
      vertex 8.90249 -76.0022 5.72205e-07
      vertex 8.84577 -76.0009 5.72205e-07
    endloop
  endfacet
  facet normal -0.0138747 0.999904 0
    outer loop
      vertex 8.84577 -76.0009 5.72205e-07
      vertex 8.80253 -76.0015 0.4
      vertex 8.84577 -76.0009 0.4
    endloop
  endfacet
  facet normal -0.0138747 0.999904 0
    outer loop
      vertex 8.80253 -76.0015 0.4
      vertex 8.84577 -76.0009 5.72205e-07
      vertex 8.80253 -76.0015 5.72205e-07
    endloop
  endfacet
  facet normal -0.0359318 0.999354 0
    outer loop
      vertex 8.80253 -76.0015 5.72205e-07
      vertex 8.75803 -76.0031 0.4
      vertex 8.80253 -76.0015 0.4
    endloop
  endfacet
  facet normal -0.0359318 0.999354 0
    outer loop
      vertex 8.75803 -76.0031 0.4
      vertex 8.80253 -76.0015 5.72205e-07
      vertex 8.75803 -76.0031 5.72205e-07
    endloop
  endfacet
  facet normal -0.0611012 0.998132 0
    outer loop
      vertex 8.75803 -76.0031 5.72205e-07
      vertex 8.71229 -76.0059 0.4
      vertex 8.75803 -76.0031 0.4
    endloop
  endfacet
  facet normal -0.0611012 0.998132 0
    outer loop
      vertex 8.71229 -76.0059 0.4
      vertex 8.75803 -76.0031 5.72205e-07
      vertex 8.71229 -76.0059 5.72205e-07
    endloop
  endfacet
  facet normal -0.0827295 0.996572 0
    outer loop
      vertex 8.71229 -76.0059 5.72205e-07
      vertex 8.66531 -76.0098 0.4
      vertex 8.71229 -76.0059 0.4
    endloop
  endfacet
  facet normal -0.0827295 0.996572 0
    outer loop
      vertex 8.66531 -76.0098 0.4
      vertex 8.71229 -76.0059 5.72205e-07
      vertex 8.66531 -76.0098 5.72205e-07
    endloop
  endfacet
  facet normal -0.103096 0.994671 0
    outer loop
      vertex 8.66531 -76.0098 5.72205e-07
      vertex 8.61707 -76.0148 0.4
      vertex 8.66531 -76.0098 0.4
    endloop
  endfacet
  facet normal -0.103096 0.994671 0
    outer loop
      vertex 8.61707 -76.0148 0.4
      vertex 8.66531 -76.0098 5.72205e-07
      vertex 8.61707 -76.0148 5.72205e-07
    endloop
  endfacet
  facet normal -0.122405 0.99248 0
    outer loop
      vertex 8.61707 -76.0148 5.72205e-07
      vertex 8.56761 -76.0209 0.4
      vertex 8.61707 -76.0148 0.4
    endloop
  endfacet
  facet normal -0.122405 0.99248 0
    outer loop
      vertex 8.56761 -76.0209 0.4
      vertex 8.61707 -76.0148 5.72205e-07
      vertex 8.56761 -76.0209 5.72205e-07
    endloop
  endfacet
  facet normal -0.14052 0.990078 0
    outer loop
      vertex 8.56761 -76.0209 5.72205e-07
      vertex 8.51688 -76.0281 0.4
      vertex 8.56761 -76.0209 0.4
    endloop
  endfacet
  facet normal -0.14052 0.990078 0
    outer loop
      vertex 8.51688 -76.0281 0.4
      vertex 8.56761 -76.0209 5.72205e-07
      vertex 8.51688 -76.0281 5.72205e-07
    endloop
  endfacet
  facet normal 1 -0 0
    outer loop
      vertex 8.51688 -76.0281 0.4
      vertex 8.51688 -75.3499 5.72205e-07
      vertex 8.51688 -75.3499 0.4
    endloop
  endfacet
  facet normal 1 0 0
    outer loop
      vertex 8.51688 -75.3499 5.72205e-07
      vertex 8.51688 -76.0281 0.4
      vertex 8.51688 -76.0281 5.72205e-07
    endloop
  endfacet
  facet normal 0.153437 -0.988158 0
    outer loop
      vertex 8.51688 -75.3499 5.72205e-07
      vertex 8.59223 -75.3382 0.4
      vertex 8.51688 -75.3499 0.4
    endloop
  endfacet
  facet normal 0.153437 -0.988158 0
    outer loop
      vertex 8.59223 -75.3382 0.4
      vertex 8.51688 -75.3499 5.72205e-07
      vertex 8.59223 -75.3382 5.72205e-07
    endloop
  endfacet
  facet normal 0.123368 -0.992361 0
    outer loop
      vertex 8.59223 -75.3382 5.72205e-07
      vertex 8.67106 -75.3284 0.4
      vertex 8.59223 -75.3382 0.4
    endloop
  endfacet
  facet normal 0.123368 -0.992361 0
    outer loop
      vertex 8.67106 -75.3284 0.4
      vertex 8.59223 -75.3382 5.72205e-07
      vertex 8.67106 -75.3284 5.72205e-07
    endloop
  endfacet
  facet normal 0.0979825 -0.995188 0
    outer loop
      vertex 8.67106 -75.3284 5.72205e-07
      vertex 8.75333 -75.3203 0.4
      vertex 8.67106 -75.3284 0.4
    endloop
  endfacet
  facet normal 0.0979825 -0.995188 0
    outer loop
      vertex 8.75333 -75.3203 0.4
      vertex 8.67106 -75.3284 5.72205e-07
      vertex 8.75333 -75.3203 5.72205e-07
    endloop
  endfacet
  facet normal 0.0732889 -0.997311 0
    outer loop
      vertex 8.75333 -75.3203 5.72205e-07
      vertex 8.83906 -75.314 0.4
      vertex 8.75333 -75.3203 0.4
    endloop
  endfacet
  facet normal 0.0732889 -0.997311 0
    outer loop
      vertex 8.83906 -75.314 0.4
      vertex 8.75333 -75.3203 5.72205e-07
      vertex 8.83906 -75.314 5.72205e-07
    endloop
  endfacet
  facet normal 0.0503844 -0.99873 0
    outer loop
      vertex 8.83906 -75.314 5.72205e-07
      vertex 8.92826 -75.3095 0.4
      vertex 8.83906 -75.314 0.4
    endloop
  endfacet
  facet normal 0.0503844 -0.99873 0
    outer loop
      vertex 8.92826 -75.3095 0.4
      vertex 8.83906 -75.314 5.72205e-07
      vertex 8.92826 -75.3095 5.72205e-07
    endloop
  endfacet
  facet normal 0.0291296 -0.999576 0
    outer loop
      vertex 8.92826 -75.3095 5.72205e-07
      vertex 9.02091 -75.3068 0.4
      vertex 8.92826 -75.3095 0.4
    endloop
  endfacet
  facet normal 0.0291296 -0.999576 0
    outer loop
      vertex 9.02091 -75.3068 0.4
      vertex 8.92826 -75.3095 5.72205e-07
      vertex 9.02091 -75.3068 5.72205e-07
    endloop
  endfacet
  facet normal 0.00936289 -0.999956 0
    outer loop
      vertex 9.02091 -75.3068 5.72205e-07
      vertex 9.11703 -75.3059 0.4
      vertex 9.02091 -75.3068 0.4
    endloop
  endfacet
  facet normal 0.00936289 -0.999956 0
    outer loop
      vertex 9.11703 -75.3059 0.4
      vertex 9.02091 -75.3068 5.72205e-07
      vertex 9.11703 -75.3059 5.72205e-07
    endloop
  endfacet
  facet normal -0.0398985 -0.999204 0
    outer loop
      vertex 9.11703 -75.3059 5.72205e-07
      vertex 9.25477 -75.3114 0.4
      vertex 9.11703 -75.3059 0.4
    endloop
  endfacet
  facet normal -0.0398985 -0.999204 -0
    outer loop
      vertex 9.25477 -75.3114 0.4
      vertex 9.11703 -75.3059 5.72205e-07
      vertex 9.25477 -75.3114 5.72205e-07
    endloop
  endfacet
endsolid OpenSCAD_Model
