solid OpenSCAD_Model
  facet normal 0.195093 -0.980785 0
    outer loop
      vertex 4.32631 53.0214 -7.4
      vertex 4.64705 53.0852 0
      vertex 4.32631 53.0214 0
    endloop
  endfacet
  facet normal 0.195093 -0.980785 0
    outer loop
      vertex 4.64705 53.0852 0
      vertex 4.32631 53.0214 -7.4
      vertex 4.64705 53.0852 -7.4
    endloop
  endfacet
  facet normal 0.98078 0.195116 0
    outer loop
      vertex 6.47861 55.8263 0
      vertex 6.41481 56.147 -7.4
      vertex 6.41481 56.147 0
    endloop
  endfacet
  facet normal 0.98078 0.195116 0
    outer loop
      vertex 6.41481 56.147 -7.4
      vertex 6.47861 55.8263 0
      vertex 6.47861 55.8263 -7.4
    endloop
  endfacet
  facet normal 0.997858 0.0654128 0
    outer loop
      vertex 6.5 55.5 0
      vertex 6.47861 55.8263 -7.4
      vertex 6.47861 55.8263 0
    endloop
  endfacet
  facet normal 0.997858 0.0654128 0
    outer loop
      vertex 6.47861 55.8263 -7.4
      vertex 6.5 55.5 0
      vertex 6.5 55.5 -7.4
    endloop
  endfacet
  facet normal -0.896872 -0.44229 0
    outer loop
      vertex 1.83494 54.25 -7.4
      vertex 1.6903 54.5433 0
      vertex 1.6903 54.5433 -7.4
    endloop
  endfacet
  facet normal -0.896872 -0.44229 0
    outer loop
      vertex 1.6903 54.5433 0
      vertex 1.83494 54.25 -7.4
      vertex 1.83494 54.25 0
    endloop
  endfacet
  facet normal -0.751898 -0.659279 0
    outer loop
      vertex 2.23223 53.7322 -7.4
      vertex 2.01662 53.9781 0
      vertex 2.01662 53.9781 -7.4
    endloop
  endfacet
  facet normal -0.751898 -0.659279 0
    outer loop
      vertex 2.01662 53.9781 0
      vertex 2.23223 53.7322 -7.4
      vertex 2.23223 53.7322 0
    endloop
  endfacet
  facet normal -0.831466 -0.555575 0
    outer loop
      vertex 2.01662 53.9781 -7.4
      vertex 1.83494 54.25 0
      vertex 1.83494 54.25 -7.4
    endloop
  endfacet
  facet normal -0.831466 -0.555575 0
    outer loop
      vertex 1.83494 54.25 0
      vertex 2.01662 53.9781 -7.4
      vertex 2.01662 53.9781 0
    endloop
  endfacet
  facet normal -0.946948 -0.321387 0
    outer loop
      vertex 1.6903 54.5433 -7.4
      vertex 1.58519 54.853 0
      vertex 1.58519 54.853 -7.4
    endloop
  endfacet
  facet normal -0.946948 -0.321387 0
    outer loop
      vertex 1.58519 54.853 0
      vertex 1.6903 54.5433 -7.4
      vertex 1.6903 54.5433 0
    endloop
  endfacet
  facet normal 0.946948 -0.321387 0
    outer loop
      vertex 6.3097 54.5433 0
      vertex 6.41481 54.853 -7.4
      vertex 6.41481 54.853 0
    endloop
  endfacet
  facet normal 0.946948 -0.321387 0
    outer loop
      vertex 6.41481 54.853 -7.4
      vertex 6.3097 54.5433 0
      vertex 6.3097 54.5433 -7.4
    endloop
  endfacet
  facet normal -0.831466 0.555575 0
    outer loop
      vertex 1.83494 56.75 -7.4
      vertex 2.01662 57.0219 1
      vertex 2.01662 57.0219 -7.4
    endloop
  endfacet
  facet normal -0.831466 0.555575 0
    outer loop
      vertex 2.01662 57.0219 1
      vertex 1.83494 56.75 -7.4
      vertex 1.83494 56.75 1
    endloop
  endfacet
  facet normal 0.831466 -0.555575 0
    outer loop
      vertex 5.98338 53.9781 0
      vertex 6.16506 54.25 -7.4
      vertex 6.16506 54.25 0
    endloop
  endfacet
  facet normal 0.831466 -0.555575 0
    outer loop
      vertex 6.16506 54.25 -7.4
      vertex 5.98338 53.9781 0
      vertex 5.98338 53.9781 -7.4
    endloop
  endfacet
  facet normal 0.98078 -0.195116 0
    outer loop
      vertex 6.41481 54.853 0
      vertex 6.47861 55.1737 -7.4
      vertex 6.47861 55.1737 0
    endloop
  endfacet
  facet normal 0.98078 -0.195116 0
    outer loop
      vertex 6.47861 55.1737 -7.4
      vertex 6.41481 54.853 0
      vertex 6.41481 54.853 -7.4
    endloop
  endfacet
  facet normal 0 0 -1
    outer loop
      vertex 5.45 55.5 -7.4
      vertex 6.5 55.5 -7.4
      vertex 6.47861 55.1737 -7.4
    endloop
  endfacet
  facet normal 0 0 -1
    outer loop
      vertex 5.43759 55.3107 -7.4
      vertex 6.47861 55.1737 -7.4
      vertex 6.41481 54.853 -7.4
    endloop
  endfacet
  facet normal 0 0 -1
    outer loop
      vertex 6.5 55.5 -7.4
      vertex 5.45 55.5 -7.4
      vertex 6.47861 55.8263 -7.4
    endloop
  endfacet
  facet normal 0 0 -1
    outer loop
      vertex 5.40059 55.1247 -7.4
      vertex 6.41481 54.853 -7.4
      vertex 6.3097 54.5433 -7.4
    endloop
  endfacet
  facet normal 0 0 -1
    outer loop
      vertex 5.43759 55.6893 -7.4
      vertex 6.47861 55.8263 -7.4
      vertex 5.45 55.5 -7.4
    endloop
  endfacet
  facet normal 0 0 -1
    outer loop
      vertex 5.33962 54.9451 -7.4
      vertex 6.3097 54.5433 -7.4
      vertex 6.16506 54.25 -7.4
    endloop
  endfacet
  facet normal -0 0 -1
    outer loop
      vertex 6.47861 55.8263 -7.4
      vertex 5.43759 55.6893 -7.4
      vertex 6.41481 56.147 -7.4
    endloop
  endfacet
  facet normal 0 0 -1
    outer loop
      vertex 5.25574 54.775 -7.4
      vertex 6.16506 54.25 -7.4
      vertex 5.98338 53.9781 -7.4
    endloop
  endfacet
  facet normal 0 0 -1
    outer loop
      vertex 5.40059 55.8753 -7.4
      vertex 6.41481 56.147 -7.4
      vertex 5.43759 55.6893 -7.4
    endloop
  endfacet
  facet normal 0 0 -1
    outer loop
      vertex 5.15036 54.6173 -7.4
      vertex 5.98338 53.9781 -7.4
      vertex 5.76777 53.7322 -7.4
    endloop
  endfacet
  facet normal -0 0 -1
    outer loop
      vertex 6.41481 56.147 -7.4
      vertex 5.40059 55.8753 -7.4
      vertex 6.3097 56.4567 -7.4
    endloop
  endfacet
  facet normal 0 0 -1
    outer loop
      vertex 5.0253 54.4747 -7.4
      vertex 5.76777 53.7322 -7.4
      vertex 5.5219 53.5166 -7.4
    endloop
  endfacet
  facet normal 0 0 -1
    outer loop
      vertex 5.33962 56.0549 -7.4
      vertex 6.3097 56.4567 -7.4
      vertex 5.40059 55.8753 -7.4
    endloop
  endfacet
  facet normal -0 0 -1
    outer loop
      vertex 6.3097 56.4567 -7.4
      vertex 5.33962 56.0549 -7.4
      vertex 6.16506 56.75 -7.4
    endloop
  endfacet
  facet normal 0 0 -1
    outer loop
      vertex 6.47861 55.1737 -7.4
      vertex 5.43759 55.3107 -7.4
      vertex 5.45 55.5 -7.4
    endloop
  endfacet
  facet normal 0 0 -1
    outer loop
      vertex 6.41481 54.853 -7.4
      vertex 5.40059 55.1247 -7.4
      vertex 5.43759 55.3107 -7.4
    endloop
  endfacet
  facet normal 0 0 -1
    outer loop
      vertex 6.3097 54.5433 -7.4
      vertex 5.33962 54.9451 -7.4
      vertex 5.40059 55.1247 -7.4
    endloop
  endfacet
  facet normal 0 0 -1
    outer loop
      vertex 6.16506 54.25 -7.4
      vertex 5.25574 54.775 -7.4
      vertex 5.33962 54.9451 -7.4
    endloop
  endfacet
  facet normal 0 0 -1
    outer loop
      vertex 4.8827 54.3496 -7.4
      vertex 5.5219 53.5166 -7.4
      vertex 5.25 53.3349 -7.4
    endloop
  endfacet
  facet normal 0 0 -1
    outer loop
      vertex 5.98338 53.9781 -7.4
      vertex 5.15036 54.6173 -7.4
      vertex 5.25574 54.775 -7.4
    endloop
  endfacet
  facet normal 0 0 -1
    outer loop
      vertex 5.76777 53.7322 -7.4
      vertex 5.0253 54.4747 -7.4
      vertex 5.15036 54.6173 -7.4
    endloop
  endfacet
  facet normal 0 0 -1
    outer loop
      vertex 4.725 54.2443 -7.4
      vertex 5.25 53.3349 -7.4
      vertex 4.95671 53.1903 -7.4
    endloop
  endfacet
  facet normal 0 0 -1
    outer loop
      vertex 5.5219 53.5166 -7.4
      vertex 4.8827 54.3496 -7.4
      vertex 5.0253 54.4747 -7.4
    endloop
  endfacet
  facet normal 0 0 -1
    outer loop
      vertex 5.25 53.3349 -7.4
      vertex 4.725 54.2443 -7.4
      vertex 4.8827 54.3496 -7.4
    endloop
  endfacet
  facet normal 0 0 -1
    outer loop
      vertex 4.55489 54.1604 -7.4
      vertex 4.95671 53.1903 -7.4
      vertex 4.64705 53.0852 -7.4
    endloop
  endfacet
  facet normal 0 0 -1
    outer loop
      vertex 4.95671 53.1903 -7.4
      vertex 4.55489 54.1604 -7.4
      vertex 4.725 54.2443 -7.4
    endloop
  endfacet
  facet normal 0 0 -1
    outer loop
      vertex 4.64705 53.0852 -7.4
      vertex 4.37529 54.0994 -7.4
      vertex 4.55489 54.1604 -7.4
    endloop
  endfacet
  facet normal 0 0 -1
    outer loop
      vertex 4.32631 53.0214 -7.4
      vertex 4.37529 54.0994 -7.4
      vertex 4.64705 53.0852 -7.4
    endloop
  endfacet
  facet normal 0 0 -1
    outer loop
      vertex 4.32631 53.0214 -7.4
      vertex 4.18926 54.0624 -7.4
      vertex 4.37529 54.0994 -7.4
    endloop
  endfacet
  facet normal 0 0 -1
    outer loop
      vertex 4 53 -7.4
      vertex 4.18926 54.0624 -7.4
      vertex 4.32631 53.0214 -7.4
    endloop
  endfacet
  facet normal 0 0 -1
    outer loop
      vertex 4 53 -7.4
      vertex 4 54.05 -7.4
      vertex 4.18926 54.0624 -7.4
    endloop
  endfacet
  facet normal 0 0 -1
    outer loop
      vertex 4 53 -7.4
      vertex 3.81074 54.0624 -7.4
      vertex 4 54.05 -7.4
    endloop
  endfacet
  facet normal 0 0 -1
    outer loop
      vertex 3.67368 53.0214 -7.4
      vertex 3.81074 54.0624 -7.4
      vertex 4 53 -7.4
    endloop
  endfacet
  facet normal 0 0 -1
    outer loop
      vertex 3.67368 53.0214 -7.4
      vertex 3.62471 54.0994 -7.4
      vertex 3.81074 54.0624 -7.4
    endloop
  endfacet
  facet normal 0 0 -1
    outer loop
      vertex 3.35295 53.0852 -7.4
      vertex 3.62471 54.0994 -7.4
      vertex 3.67368 53.0214 -7.4
    endloop
  endfacet
  facet normal -0 0 -1
    outer loop
      vertex 3.62471 54.0994 -7.4
      vertex 3.35295 53.0852 -7.4
      vertex 3.44511 54.1604 -7.4
    endloop
  endfacet
  facet normal 0 0 -1
    outer loop
      vertex 3.04329 53.1903 -7.4
      vertex 3.44511 54.1604 -7.4
      vertex 3.35295 53.0852 -7.4
    endloop
  endfacet
  facet normal -0 0 -1
    outer loop
      vertex 3.44511 54.1604 -7.4
      vertex 3.04329 53.1903 -7.4
      vertex 3.275 54.2443 -7.4
    endloop
  endfacet
  facet normal 0 0 -1
    outer loop
      vertex 2.75 53.3349 -7.4
      vertex 3.275 54.2443 -7.4
      vertex 3.04329 53.1903 -7.4
    endloop
  endfacet
  facet normal -0 0 -1
    outer loop
      vertex 3.275 54.2443 -7.4
      vertex 2.75 53.3349 -7.4
      vertex 3.1173 54.3496 -7.4
    endloop
  endfacet
  facet normal 0 0 -1
    outer loop
      vertex 2.4781 53.5166 -7.4
      vertex 3.1173 54.3496 -7.4
      vertex 2.75 53.3349 -7.4
    endloop
  endfacet
  facet normal -0 0 -1
    outer loop
      vertex 3.1173 54.3496 -7.4
      vertex 2.4781 53.5166 -7.4
      vertex 2.97469 54.4747 -7.4
    endloop
  endfacet
  facet normal 0 0 -1
    outer loop
      vertex 2.23223 53.7322 -7.4
      vertex 2.97469 54.4747 -7.4
      vertex 2.4781 53.5166 -7.4
    endloop
  endfacet
  facet normal -0 0 -1
    outer loop
      vertex 2.97469 54.4747 -7.4
      vertex 2.23223 53.7322 -7.4
      vertex 2.84964 54.6173 -7.4
    endloop
  endfacet
  facet normal 0 0 -1
    outer loop
      vertex 2.01662 53.9781 -7.4
      vertex 2.84964 54.6173 -7.4
      vertex 2.23223 53.7322 -7.4
    endloop
  endfacet
  facet normal -0 0 -1
    outer loop
      vertex 2.84964 54.6173 -7.4
      vertex 2.01662 53.9781 -7.4
      vertex 2.74426 54.775 -7.4
    endloop
  endfacet
  facet normal -0 0 -1
    outer loop
      vertex 2.74426 54.775 -7.4
      vertex 1.83494 54.25 -7.4
      vertex 2.66037 54.9451 -7.4
    endloop
  endfacet
  facet normal 0 0 -1
    outer loop
      vertex 1.83494 54.25 -7.4
      vertex 2.74426 54.775 -7.4
      vertex 2.01662 53.9781 -7.4
    endloop
  endfacet
  facet normal 0 0 -1
    outer loop
      vertex 5.25574 56.225 -7.4
      vertex 6.16506 56.75 -7.4
      vertex 5.33962 56.0549 -7.4
    endloop
  endfacet
  facet normal -0 0 -1
    outer loop
      vertex 6.16506 56.75 -7.4
      vertex 5.25574 56.225 -7.4
      vertex 5.98338 57.0219 -7.4
    endloop
  endfacet
  facet normal 0 0 -1
    outer loop
      vertex 5.15036 56.3827 -7.4
      vertex 5.98338 57.0219 -7.4
      vertex 5.25574 56.225 -7.4
    endloop
  endfacet
  facet normal -0 0 -1
    outer loop
      vertex 5.98338 57.0219 -7.4
      vertex 5.15036 56.3827 -7.4
      vertex 5.76777 57.2678 -7.4
    endloop
  endfacet
  facet normal 0 0 -1
    outer loop
      vertex 5.0253 56.5253 -7.4
      vertex 5.76777 57.2678 -7.4
      vertex 5.15036 56.3827 -7.4
    endloop
  endfacet
  facet normal -0 0 -1
    outer loop
      vertex 5.76777 57.2678 -7.4
      vertex 5.0253 56.5253 -7.4
      vertex 5.5219 57.4834 -7.4
    endloop
  endfacet
  facet normal 0 0 -1
    outer loop
      vertex 4.8827 56.6504 -7.4
      vertex 5.5219 57.4834 -7.4
      vertex 5.0253 56.5253 -7.4
    endloop
  endfacet
  facet normal -0 0 -1
    outer loop
      vertex 5.5219 57.4834 -7.4
      vertex 4.8827 56.6504 -7.4
      vertex 5.25 57.6651 -7.4
    endloop
  endfacet
  facet normal 0 0 -1
    outer loop
      vertex 4.725 56.7557 -7.4
      vertex 5.25 57.6651 -7.4
      vertex 4.8827 56.6504 -7.4
    endloop
  endfacet
  facet normal -0 0 -1
    outer loop
      vertex 5.25 57.6651 -7.4
      vertex 4.725 56.7557 -7.4
      vertex 4.95671 57.8097 -7.4
    endloop
  endfacet
  facet normal 0 0 -1
    outer loop
      vertex 4.55489 56.8396 -7.4
      vertex 4.95671 57.8097 -7.4
      vertex 4.725 56.7557 -7.4
    endloop
  endfacet
  facet normal -0 0 -1
    outer loop
      vertex 4.95671 57.8097 -7.4
      vertex 4.55489 56.8396 -7.4
      vertex 4.64705 57.9148 -7.4
    endloop
  endfacet
  facet normal 0 0 -1
    outer loop
      vertex 4.37529 56.9006 -7.4
      vertex 4.64705 57.9148 -7.4
      vertex 4.55489 56.8396 -7.4
    endloop
  endfacet
  facet normal 0 0 -1
    outer loop
      vertex 4.37529 56.9006 -7.4
      vertex 4.32631 57.9786 -7.4
      vertex 4.64705 57.9148 -7.4
    endloop
  endfacet
  facet normal 0 0 -1
    outer loop
      vertex 4.18926 56.9376 -7.4
      vertex 4.32631 57.9786 -7.4
      vertex 4.37529 56.9006 -7.4
    endloop
  endfacet
  facet normal 0 0 -1
    outer loop
      vertex 4 56.95 -7.4
      vertex 4.32631 57.9786 -7.4
      vertex 4.18926 56.9376 -7.4
    endloop
  endfacet
  facet normal 0 0 -1
    outer loop
      vertex 4 56.95 -7.4
      vertex 4 58 -7.4
      vertex 4.32631 57.9786 -7.4
    endloop
  endfacet
  facet normal 0 0 -1
    outer loop
      vertex 3.81074 56.9376 -7.4
      vertex 4 58 -7.4
      vertex 4 56.95 -7.4
    endloop
  endfacet
  facet normal 0 0 -1
    outer loop
      vertex 3.81074 56.9376 -7.4
      vertex 3.67368 57.9786 -7.4
      vertex 4 58 -7.4
    endloop
  endfacet
  facet normal 0 0 -1
    outer loop
      vertex 3.62471 56.9006 -7.4
      vertex 3.67368 57.9786 -7.4
      vertex 3.81074 56.9376 -7.4
    endloop
  endfacet
  facet normal 0 0 -1
    outer loop
      vertex 3.35295 57.9148 -7.4
      vertex 3.62471 56.9006 -7.4
      vertex 3.44511 56.8396 -7.4
    endloop
  endfacet
  facet normal 0 0 -1
    outer loop
      vertex 3.62471 56.9006 -7.4
      vertex 3.35295 57.9148 -7.4
      vertex 3.67368 57.9786 -7.4
    endloop
  endfacet
  facet normal 0 0 -1
    outer loop
      vertex 3.04329 57.8097 -7.4
      vertex 3.44511 56.8396 -7.4
      vertex 3.275 56.7557 -7.4
    endloop
  endfacet
  facet normal 0 0 -1
    outer loop
      vertex 2.75 57.6651 -7.4
      vertex 3.275 56.7557 -7.4
      vertex 3.1173 56.6504 -7.4
    endloop
  endfacet
  facet normal 0 0 -1
    outer loop
      vertex 3.44511 56.8396 -7.4
      vertex 3.04329 57.8097 -7.4
      vertex 3.35295 57.9148 -7.4
    endloop
  endfacet
  facet normal 0 0 -1
    outer loop
      vertex 2.4781 57.4834 -7.4
      vertex 3.1173 56.6504 -7.4
      vertex 2.97469 56.5253 -7.4
    endloop
  endfacet
  facet normal 0 0 -1
    outer loop
      vertex 2.23223 57.2678 -7.4
      vertex 2.97469 56.5253 -7.4
      vertex 2.84964 56.3827 -7.4
    endloop
  endfacet
  facet normal 0 0 -1
    outer loop
      vertex 3.275 56.7557 -7.4
      vertex 2.75 57.6651 -7.4
      vertex 3.04329 57.8097 -7.4
    endloop
  endfacet
  facet normal 0 0 -1
    outer loop
      vertex 2.01662 57.0219 -7.4
      vertex 2.84964 56.3827 -7.4
      vertex 2.74426 56.225 -7.4
    endloop
  endfacet
  facet normal 0 0 -1
    outer loop
      vertex 1.83494 56.75 -7.4
      vertex 2.74426 56.225 -7.4
      vertex 2.66037 56.0549 -7.4
    endloop
  endfacet
  facet normal 0 0 -1
    outer loop
      vertex 1.6903 56.4567 -7.4
      vertex 2.66037 56.0549 -7.4
      vertex 2.59941 55.8753 -7.4
    endloop
  endfacet
  facet normal 0 0 -1
    outer loop
      vertex 1.58519 56.147 -7.4
      vertex 2.59941 55.8753 -7.4
      vertex 2.5624 55.6893 -7.4
    endloop
  endfacet
  facet normal 0 0 -1
    outer loop
      vertex 3.1173 56.6504 -7.4
      vertex 2.4781 57.4834 -7.4
      vertex 2.75 57.6651 -7.4
    endloop
  endfacet
  facet normal 0 0 -1
    outer loop
      vertex 1.52139 55.8263 -7.4
      vertex 2.5624 55.6893 -7.4
      vertex 2.55 55.5 -7.4
    endloop
  endfacet
  facet normal 0 0 -1
    outer loop
      vertex 1.6903 54.5433 -7.4
      vertex 2.66037 54.9451 -7.4
      vertex 1.83494 54.25 -7.4
    endloop
  endfacet
  facet normal -0 0 -1
    outer loop
      vertex 2.66037 54.9451 -7.4
      vertex 1.6903 54.5433 -7.4
      vertex 2.59941 55.1247 -7.4
    endloop
  endfacet
  facet normal 0 0 -1
    outer loop
      vertex 2.97469 56.5253 -7.4
      vertex 2.23223 57.2678 -7.4
      vertex 2.4781 57.4834 -7.4
    endloop
  endfacet
  facet normal 0 0 -1
    outer loop
      vertex 1.58519 54.853 -7.4
      vertex 2.59941 55.1247 -7.4
      vertex 1.6903 54.5433 -7.4
    endloop
  endfacet
  facet normal 0 0 -1
    outer loop
      vertex 2.84964 56.3827 -7.4
      vertex 2.01662 57.0219 -7.4
      vertex 2.23223 57.2678 -7.4
    endloop
  endfacet
  facet normal -0 0 -1
    outer loop
      vertex 2.59941 55.1247 -7.4
      vertex 1.58519 54.853 -7.4
      vertex 2.5624 55.3107 -7.4
    endloop
  endfacet
  facet normal 0 0 -1
    outer loop
      vertex 2.74426 56.225 -7.4
      vertex 1.83494 56.75 -7.4
      vertex 2.01662 57.0219 -7.4
    endloop
  endfacet
  facet normal 0 0 -1
    outer loop
      vertex 1.52139 55.1737 -7.4
      vertex 2.5624 55.3107 -7.4
      vertex 1.58519 54.853 -7.4
    endloop
  endfacet
  facet normal 0 0 -1
    outer loop
      vertex 2.66037 56.0549 -7.4
      vertex 1.6903 56.4567 -7.4
      vertex 1.83494 56.75 -7.4
    endloop
  endfacet
  facet normal -0 0 -1
    outer loop
      vertex 2.5624 55.3107 -7.4
      vertex 1.52139 55.1737 -7.4
      vertex 2.55 55.5 -7.4
    endloop
  endfacet
  facet normal 0 0 -1
    outer loop
      vertex 2.59941 55.8753 -7.4
      vertex 1.58519 56.147 -7.4
      vertex 1.6903 56.4567 -7.4
    endloop
  endfacet
  facet normal 0 0 -1
    outer loop
      vertex 1.5 55.5 -7.4
      vertex 2.55 55.5 -7.4
      vertex 1.52139 55.1737 -7.4
    endloop
  endfacet
  facet normal 0 0 -1
    outer loop
      vertex 2.5624 55.6893 -7.4
      vertex 1.52139 55.8263 -7.4
      vertex 1.58519 56.147 -7.4
    endloop
  endfacet
  facet normal 0 0 -1
    outer loop
      vertex 2.55 55.5 -7.4
      vertex 1.5 55.5 -7.4
      vertex 1.52139 55.8263 -7.4
    endloop
  endfacet
  facet normal 0.195093 0.980785 -0
    outer loop
      vertex 4.64705 57.9148 -7.4
      vertex 4.32631 57.9786 1
      vertex 4.64705 57.9148 1
    endloop
  endfacet
  facet normal 0.195093 0.980785 0
    outer loop
      vertex 4.32631 57.9786 1
      vertex 4.64705 57.9148 -7.4
      vertex 4.32631 57.9786 -7.4
    endloop
  endfacet
  facet normal -0.442204 -0.896915 0
    outer loop
      vertex 2.75 53.3349 -7.4
      vertex 3.04329 53.1903 0
      vertex 2.75 53.3349 0
    endloop
  endfacet
  facet normal -0.442204 -0.896915 -0
    outer loop
      vertex 3.04329 53.1903 0
      vertex 2.75 53.3349 -7.4
      vertex 3.04329 53.1903 -7.4
    endloop
  endfacet
  facet normal 0.831466 0.555575 0
    outer loop
      vertex 6.16506 56.75 1
      vertex 5.98338 57.0219 -7.4
      vertex 5.98338 57.0219 1
    endloop
  endfacet
  facet normal 0.831466 0.555575 0
    outer loop
      vertex 5.98338 57.0219 -7.4
      vertex 6.16506 56.75 1
      vertex 6.16506 56.75 -7.4
    endloop
  endfacet
  facet normal -0.555617 0.831438 0
    outer loop
      vertex 2.75 57.6651 -7.4
      vertex 2.4781 57.4834 1
      vertex 2.75 57.6651 1
    endloop
  endfacet
  facet normal -0.555617 0.831438 0
    outer loop
      vertex 2.4781 57.4834 1
      vertex 2.75 57.6651 -7.4
      vertex 2.4781 57.4834 -7.4
    endloop
  endfacet
  facet normal -0.997854 0.0654726 0
    outer loop
      vertex 1.52139 55.8263 -7.4
      vertex 1.51433 55.7187 0
      vertex 1.52139 55.8263 1
    endloop
  endfacet
  facet normal -0.997858 0.0654128 -8.73625e-07
    outer loop
      vertex 1.5 55.5 -7.4
      vertex 1.51433 55.7187 0
      vertex 1.52139 55.8263 -7.4
    endloop
  endfacet
  facet normal -0.99786 0.0653833 0
    outer loop
      vertex 1.51433 55.7187 0
      vertex 1.5 55.5 -7.4
      vertex 1.5 55.5 0
    endloop
  endfacet
  facet normal -0.997854 0.0654726 0
    outer loop
      vertex 1.52139 55.8263 1
      vertex 1.51433 55.7187 0
      vertex 1.51433 55.7187 1
    endloop
  endfacet
  facet normal -0.321397 -0.946944 0
    outer loop
      vertex 3.04329 53.1903 -7.4
      vertex 3.35295 53.0852 0
      vertex 3.04329 53.1903 0
    endloop
  endfacet
  facet normal -0.321397 -0.946944 -0
    outer loop
      vertex 3.35295 53.0852 0
      vertex 3.04329 53.1903 -7.4
      vertex 3.35295 53.0852 -7.4
    endloop
  endfacet
  facet normal -0.321397 0.946944 0
    outer loop
      vertex 3.35295 57.9148 -7.4
      vertex 3.04329 57.8097 1
      vertex 3.35295 57.9148 1
    endloop
  endfacet
  facet normal -0.321397 0.946944 0
    outer loop
      vertex 3.04329 57.8097 1
      vertex 3.35295 57.9148 -7.4
      vertex 3.04329 57.8097 -7.4
    endloop
  endfacet
  facet normal -0.659307 0.751873 0
    outer loop
      vertex 2.4781 57.4834 -7.4
      vertex 2.23223 57.2678 1
      vertex 2.4781 57.4834 1
    endloop
  endfacet
  facet normal -0.659307 0.751873 0
    outer loop
      vertex 2.23223 57.2678 1
      vertex 2.4781 57.4834 -7.4
      vertex 2.23223 57.2678 -7.4
    endloop
  endfacet
  facet normal 0.659307 0.751873 -0
    outer loop
      vertex 5.76777 57.2678 -7.4
      vertex 5.5219 57.4834 1
      vertex 5.76777 57.2678 1
    endloop
  endfacet
  facet normal 0.659307 0.751873 0
    outer loop
      vertex 5.5219 57.4834 1
      vertex 5.76777 57.2678 -7.4
      vertex 5.5219 57.4834 -7.4
    endloop
  endfacet
  facet normal 0.442204 0.896915 -0
    outer loop
      vertex 5.25 57.6651 -7.4
      vertex 4.95671 57.8097 1
      vertex 5.25 57.6651 1
    endloop
  endfacet
  facet normal 0.442204 0.896915 0
    outer loop
      vertex 4.95671 57.8097 1
      vertex 5.25 57.6651 -7.4
      vertex 4.95671 57.8097 -7.4
    endloop
  endfacet
  facet normal 0.997858 -0.0654128 0
    outer loop
      vertex 6.47861 55.1737 0
      vertex 6.5 55.5 -7.4
      vertex 6.5 55.5 0
    endloop
  endfacet
  facet normal 0.997858 -0.0654128 0
    outer loop
      vertex 6.5 55.5 -7.4
      vertex 6.47861 55.1737 0
      vertex 6.47861 55.1737 -7.4
    endloop
  endfacet
  facet normal 0.0654412 0.997856 -0
    outer loop
      vertex 4.32631 57.9786 -7.4
      vertex 4 58 1
      vertex 4.32631 57.9786 1
    endloop
  endfacet
  facet normal 0.0654412 0.997856 0
    outer loop
      vertex 4 58 1
      vertex 4.32631 57.9786 -7.4
      vertex 4 58 -7.4
    endloop
  endfacet
  facet normal -0.751898 0.659279 0
    outer loop
      vertex 2.01662 57.0219 -7.4
      vertex 2.23223 57.2678 1
      vertex 2.23223 57.2678 -7.4
    endloop
  endfacet
  facet normal -0.751898 0.659279 0
    outer loop
      vertex 2.23223 57.2678 1
      vertex 2.01662 57.0219 -7.4
      vertex 2.01662 57.0219 1
    endloop
  endfacet
  facet normal -0.946948 0.321387 0
    outer loop
      vertex 1.58519 56.147 -7.4
      vertex 1.6903 56.4567 1
      vertex 1.6903 56.4567 -7.4
    endloop
  endfacet
  facet normal -0.946948 0.321387 0
    outer loop
      vertex 1.6903 56.4567 1
      vertex 1.58519 56.147 -7.4
      vertex 1.58519 56.147 1
    endloop
  endfacet
  facet normal -0.997858 -0.0654128 0
    outer loop
      vertex 1.52139 55.1737 -7.4
      vertex 1.5 55.5 0
      vertex 1.5 55.5 -7.4
    endloop
  endfacet
  facet normal -0.997858 -0.0654128 0
    outer loop
      vertex 1.5 55.5 0
      vertex 1.52139 55.1737 -7.4
      vertex 1.52139 55.1737 0
    endloop
  endfacet
  facet normal 0.555617 0.831438 -0
    outer loop
      vertex 5.5219 57.4834 -7.4
      vertex 5.25 57.6651 1
      vertex 5.5219 57.4834 1
    endloop
  endfacet
  facet normal 0.555617 0.831438 0
    outer loop
      vertex 5.25 57.6651 1
      vertex 5.5219 57.4834 -7.4
      vertex 5.25 57.6651 -7.4
    endloop
  endfacet
  facet normal 0.896872 -0.44229 0
    outer loop
      vertex 6.16506 54.25 0
      vertex 6.3097 54.5433 -7.4
      vertex 6.3097 54.5433 0
    endloop
  endfacet
  facet normal 0.896872 -0.44229 0
    outer loop
      vertex 6.3097 54.5433 -7.4
      vertex 6.16506 54.25 0
      vertex 6.16506 54.25 -7.4
    endloop
  endfacet
  facet normal -0.98078 -0.195116 0
    outer loop
      vertex 1.58519 54.853 -7.4
      vertex 1.52139 55.1737 0
      vertex 1.52139 55.1737 -7.4
    endloop
  endfacet
  facet normal -0.98078 -0.195116 0
    outer loop
      vertex 1.52139 55.1737 0
      vertex 1.58519 54.853 -7.4
      vertex 1.58519 54.853 0
    endloop
  endfacet
  facet normal -0.442204 0.896915 0
    outer loop
      vertex 3.04329 57.8097 -7.4
      vertex 2.75 57.6651 1
      vertex 3.04329 57.8097 1
    endloop
  endfacet
  facet normal -0.442204 0.896915 0
    outer loop
      vertex 2.75 57.6651 1
      vertex 3.04329 57.8097 -7.4
      vertex 2.75 57.6651 -7.4
    endloop
  endfacet
  facet normal 0.321397 -0.946944 0
    outer loop
      vertex 4.64705 53.0852 -7.4
      vertex 4.95671 53.1903 0
      vertex 4.64705 53.0852 0
    endloop
  endfacet
  facet normal 0.321397 -0.946944 0
    outer loop
      vertex 4.95671 53.1903 0
      vertex 4.64705 53.0852 -7.4
      vertex 4.95671 53.1903 -7.4
    endloop
  endfacet
  facet normal -0.0654392 0.997857 0
    outer loop
      vertex 4 58 -7.4
      vertex 3.67368 57.9786 1
      vertex 4 58 1
    endloop
  endfacet
  facet normal -0.0654392 0.997857 0
    outer loop
      vertex 3.67368 57.9786 1
      vertex 4 58 -7.4
      vertex 3.67368 57.9786 -7.4
    endloop
  endfacet
  facet normal 0.442204 -0.896915 0
    outer loop
      vertex 4.95671 53.1903 -7.4
      vertex 5.25 53.3349 0
      vertex 4.95671 53.1903 0
    endloop
  endfacet
  facet normal 0.442204 -0.896915 0
    outer loop
      vertex 5.25 53.3349 0
      vertex 4.95671 53.1903 -7.4
      vertex 5.25 53.3349 -7.4
    endloop
  endfacet
  facet normal -0.555617 -0.831438 0
    outer loop
      vertex 2.4781 53.5166 -7.4
      vertex 2.75 53.3349 0
      vertex 2.4781 53.5166 0
    endloop
  endfacet
  facet normal -0.555617 -0.831438 -0
    outer loop
      vertex 2.75 53.3349 0
      vertex 2.4781 53.5166 -7.4
      vertex 2.75 53.3349 -7.4
    endloop
  endfacet
  facet normal -0.659307 -0.751873 0
    outer loop
      vertex 2.23223 53.7322 -7.4
      vertex 2.4781 53.5166 0
      vertex 2.23223 53.7322 0
    endloop
  endfacet
  facet normal -0.659307 -0.751873 -0
    outer loop
      vertex 2.4781 53.5166 0
      vertex 2.23223 53.7322 -7.4
      vertex 2.4781 53.5166 -7.4
    endloop
  endfacet
  facet normal 0.659307 -0.751873 0
    outer loop
      vertex 5.5219 53.5166 -7.4
      vertex 5.76777 53.7322 0
      vertex 5.5219 53.5166 0
    endloop
  endfacet
  facet normal 0.659307 -0.751873 0
    outer loop
      vertex 5.76777 53.7322 0
      vertex 5.5219 53.5166 -7.4
      vertex 5.76777 53.7322 -7.4
    endloop
  endfacet
  facet normal 0.555617 -0.831438 0
    outer loop
      vertex 5.25 53.3349 -7.4
      vertex 5.5219 53.5166 0
      vertex 5.25 53.3349 0
    endloop
  endfacet
  facet normal 0.555617 -0.831438 0
    outer loop
      vertex 5.5219 53.5166 0
      vertex 5.25 53.3349 -7.4
      vertex 5.5219 53.5166 -7.4
    endloop
  endfacet
  facet normal 0.751898 -0.659279 0
    outer loop
      vertex 5.76777 53.7322 0
      vertex 5.98338 53.9781 -7.4
      vertex 5.98338 53.9781 0
    endloop
  endfacet
  facet normal 0.751898 -0.659279 0
    outer loop
      vertex 5.98338 53.9781 -7.4
      vertex 5.76777 53.7322 0
      vertex 5.76777 53.7322 -7.4
    endloop
  endfacet
  facet normal 0.321397 0.946944 -0
    outer loop
      vertex 4.95671 57.8097 -7.4
      vertex 4.64705 57.9148 1
      vertex 4.95671 57.8097 1
    endloop
  endfacet
  facet normal 0.321397 0.946944 0
    outer loop
      vertex 4.64705 57.9148 1
      vertex 4.95671 57.8097 -7.4
      vertex 4.64705 57.9148 -7.4
    endloop
  endfacet
  facet normal -0.98078 0.195116 0
    outer loop
      vertex 1.52139 55.8263 -7.4
      vertex 1.58519 56.147 1
      vertex 1.58519 56.147 -7.4
    endloop
  endfacet
  facet normal -0.98078 0.195116 0
    outer loop
      vertex 1.58519 56.147 1
      vertex 1.52139 55.8263 -7.4
      vertex 1.52139 55.8263 1
    endloop
  endfacet
  facet normal 0.896868 0.442299 -0
    outer loop
      vertex 6.28835 56.5 0
      vertex 6.16506 56.75 1
      vertex 6.28835 56.5 1
    endloop
  endfacet
  facet normal 0.896868 0.442299 0
    outer loop
      vertex 6.16506 56.75 1
      vertex 6.28835 56.5 0
      vertex 6.16506 56.75 -7.4
    endloop
  endfacet
  facet normal 0.896899 0.442235 -0
    outer loop
      vertex 6.3097 56.4567 -7.4
      vertex 6.28835 56.5 0
      vertex 6.3097 56.4567 0
    endloop
  endfacet
  facet normal 0.896872 0.44229 -3.95456e-07
    outer loop
      vertex 6.28835 56.5 0
      vertex 6.3097 56.4567 -7.4
      vertex 6.16506 56.75 -7.4
    endloop
  endfacet
  facet normal 0.0654412 -0.997856 0
    outer loop
      vertex 4 53 -7.4
      vertex 4.32631 53.0214 0
      vertex 4 53 0
    endloop
  endfacet
  facet normal 0.0654412 -0.997856 0
    outer loop
      vertex 4.32631 53.0214 0
      vertex 4 53 -7.4
      vertex 4.32631 53.0214 -7.4
    endloop
  endfacet
  facet normal 0.751898 0.659279 0
    outer loop
      vertex 5.98338 57.0219 1
      vertex 5.76777 57.2678 -7.4
      vertex 5.76777 57.2678 1
    endloop
  endfacet
  facet normal 0.751898 0.659279 0
    outer loop
      vertex 5.76777 57.2678 -7.4
      vertex 5.98338 57.0219 1
      vertex 5.98338 57.0219 -7.4
    endloop
  endfacet
  facet normal 0.946948 0.321387 0
    outer loop
      vertex 6.41481 56.147 0
      vertex 6.3097 56.4567 -7.4
      vertex 6.3097 56.4567 0
    endloop
  endfacet
  facet normal 0.946948 0.321387 0
    outer loop
      vertex 6.3097 56.4567 -7.4
      vertex 6.41481 56.147 0
      vertex 6.41481 56.147 -7.4
    endloop
  endfacet
  facet normal -0.195099 0.980784 0
    outer loop
      vertex 3.67368 57.9786 -7.4
      vertex 3.35295 57.9148 1
      vertex 3.67368 57.9786 1
    endloop
  endfacet
  facet normal -0.195099 0.980784 0
    outer loop
      vertex 3.35295 57.9148 1
      vertex 3.67368 57.9786 -7.4
      vertex 3.35295 57.9148 -7.4
    endloop
  endfacet
  facet normal -0.896872 0.44229 0
    outer loop
      vertex 1.6903 56.4567 -7.4
      vertex 1.83494 56.75 1
      vertex 1.83494 56.75 -7.4
    endloop
  endfacet
  facet normal -0.896872 0.44229 0
    outer loop
      vertex 1.83494 56.75 1
      vertex 1.6903 56.4567 -7.4
      vertex 1.6903 56.4567 1
    endloop
  endfacet
  facet normal -0.195099 -0.980784 0
    outer loop
      vertex 3.35295 53.0852 -7.4
      vertex 3.67368 53.0214 0
      vertex 3.35295 53.0852 0
    endloop
  endfacet
  facet normal -0.195099 -0.980784 -0
    outer loop
      vertex 3.67368 53.0214 0
      vertex 3.35295 53.0852 -7.4
      vertex 3.67368 53.0214 -7.4
    endloop
  endfacet
  facet normal 0 0 1
    outer loop
      vertex 41.1 0.299999 1
      vertex 5.03759 4.08926 1
      vertex 5.05 3.9 1
    endloop
  endfacet
  facet normal 0 0 1
    outer loop
      vertex 38.8604 27.4549 1
      vertex 4.725 54.2443 1
      vertex 38.7994 27.2753 1
    endloop
  endfacet
  facet normal 0 0 1
    outer loop
      vertex 38.7624 27.0893 1
      vertex 5.00059 4.27529 1
      vertex 5.03759 4.08926 1
    endloop
  endfacet
  facet normal 0 0 1
    outer loop
      vertex 38.7624 27.0893 1
      vertex 4.93962 4.45489 1
      vertex 5.00059 4.27529 1
    endloop
  endfacet
  facet normal -0 0 1
    outer loop
      vertex 4.55489 54.1604 1
      vertex 38.7994 27.2753 1
      vertex 4.725 54.2443 1
    endloop
  endfacet
  facet normal 0 0 1
    outer loop
      vertex 38.7624 27.0893 1
      vertex 4.85574 4.625 1
      vertex 4.93962 4.45489 1
    endloop
  endfacet
  facet normal 0 0 1
    outer loop
      vertex 38.7624 27.0893 1
      vertex 4.75036 4.7827 1
      vertex 4.85574 4.625 1
    endloop
  endfacet
  facet normal 0 0 1
    outer loop
      vertex 38.7994 27.2753 1
      vertex 4.55489 54.1604 1
      vertex 38.7624 27.0893 1
    endloop
  endfacet
  facet normal 0 0 1
    outer loop
      vertex 38.7624 27.0893 1
      vertex 4.6253 4.9253 1
      vertex 4.75036 4.7827 1
    endloop
  endfacet
  facet normal 0 0 1
    outer loop
      vertex 4.15489 5.23962 1
      vertex 38.7624 27.0893 1
      vertex 4.55489 54.1604 1
    endloop
  endfacet
  facet normal 0 0 1
    outer loop
      vertex 38.7624 27.0893 1
      vertex 4.4827 5.05036 1
      vertex 4.6253 4.9253 1
    endloop
  endfacet
  facet normal 0 0 1
    outer loop
      vertex 4.15489 5.23962 1
      vertex 4.55489 54.1604 1
      vertex 4.37529 54.0994 1
    endloop
  endfacet
  facet normal 0 0 1
    outer loop
      vertex 38.7624 27.0893 1
      vertex 4.325 5.15574 1
      vertex 4.4827 5.05036 1
    endloop
  endfacet
  facet normal 0 0 1
    outer loop
      vertex 3.97529 5.30059 1
      vertex 4.37529 54.0994 1
      vertex 4.18926 54.0624 1
    endloop
  endfacet
  facet normal 0 0 1
    outer loop
      vertex 38.7624 27.0893 1
      vertex 4.15489 5.23962 1
      vertex 4.325 5.15574 1
    endloop
  endfacet
  facet normal 0 0 1
    outer loop
      vertex 3.78926 5.33759 1
      vertex 4.18926 54.0624 1
      vertex 4 54.05 1
    endloop
  endfacet
  facet normal 0 0 1
    outer loop
      vertex 4.37529 54.0994 1
      vertex 3.97529 5.30059 1
      vertex 4.15489 5.23962 1
    endloop
  endfacet
  facet normal 0 0 1
    outer loop
      vertex 3.6 5.35 1
      vertex 4 54.05 1
      vertex 3.81074 54.0624 1
    endloop
  endfacet
  facet normal 0 0 1
    outer loop
      vertex 4.18926 54.0624 1
      vertex 3.78926 5.33759 1
      vertex 3.97529 5.30059 1
    endloop
  endfacet
  facet normal 0 0 1
    outer loop
      vertex 3.41074 5.33759 1
      vertex 3.81074 54.0624 1
      vertex 3.62471 54.0994 1
    endloop
  endfacet
  facet normal 0 0 1
    outer loop
      vertex 4 54.05 1
      vertex 3.6 5.35 1
      vertex 3.78926 5.33759 1
    endloop
  endfacet
  facet normal 0 0 1
    outer loop
      vertex 1.1 54.5 1
      vertex 3.62471 54.0994 1
      vertex 3.44511 54.1604 1
    endloop
  endfacet
  facet normal 0 0 1
    outer loop
      vertex 3.81074 54.0624 1
      vertex 3.41074 5.33759 1
      vertex 3.6 5.35 1
    endloop
  endfacet
  facet normal 0 0 1
    outer loop
      vertex 1.1 54.5 1
      vertex 3.44511 54.1604 1
      vertex 3.275 54.2443 1
    endloop
  endfacet
  facet normal 0 0 1
    outer loop
      vertex 3.62471 54.0994 1
      vertex 1.1 54.5 1
      vertex 3.41074 5.33759 1
    endloop
  endfacet
  facet normal 0 0 1
    outer loop
      vertex 1.1 54.5 1
      vertex 3.275 54.2443 1
      vertex 3.1173 54.3496 1
    endloop
  endfacet
  facet normal 0 0 1
    outer loop
      vertex 3.41074 5.33759 1
      vertex 1.1 54.5 1
      vertex 3.22471 5.30059 1
    endloop
  endfacet
  facet normal 0 0 1
    outer loop
      vertex 1.1 54.5 1
      vertex 3.1173 54.3496 1
      vertex 2.97469 54.4747 1
    endloop
  endfacet
  facet normal 0 0 1
    outer loop
      vertex 3.22471 5.30059 1
      vertex 1.1 54.5 1
      vertex 3.04511 5.23962 1
    endloop
  endfacet
  facet normal -0 0 1
    outer loop
      vertex 1.1 54.5 1
      vertex 2.97469 54.4747 1
      vertex 2.84964 54.6173 1
    endloop
  endfacet
  facet normal 0 0 1
    outer loop
      vertex 1.1 54.5 1
      vertex 2.84964 54.6173 1
      vertex 2.74426 54.775 1
    endloop
  endfacet
  facet normal 0 0 1
    outer loop
      vertex 3.04511 5.23962 1
      vertex 1.1 54.5 1
      vertex 2.875 5.15574 1
    endloop
  endfacet
  facet normal 0 0 1
    outer loop
      vertex 1.1 54.5 1
      vertex 2.74426 54.775 1
      vertex 2.66037 54.9451 1
    endloop
  endfacet
  facet normal -0 0 1
    outer loop
      vertex 1.16815 55.0176 1
      vertex 2.66037 54.9451 1
      vertex 2.59941 55.1247 1
    endloop
  endfacet
  facet normal 0 0 1
    outer loop
      vertex 2.875 5.15574 1
      vertex 1.1 54.5 1
      vertex 2.7173 5.05036 1
    endloop
  endfacet
  facet normal -0 0 1
    outer loop
      vertex 1.25224 55.2654 1
      vertex 2.59941 55.1247 1
      vertex 2.5624 55.3107 1
    endloop
  endfacet
  facet normal 0 0 1
    outer loop
      vertex 1.51433 55.7187 1
      vertex 2.5624 55.3107 1
      vertex 2.55 55.5 1
    endloop
  endfacet
  facet normal -0 0 1
    outer loop
      vertex 1.6903 56.4567 1
      vertex 2.66037 56.0549 1
      vertex 1.83494 56.75 1
    endloop
  endfacet
  facet normal 0 0 1
    outer loop
      vertex 2.7173 5.05036 1
      vertex 1.1 54.5 1
      vertex 2.57469 4.9253 1
    endloop
  endfacet
  facet normal 0 0 1
    outer loop
      vertex 2.57469 4.9253 1
      vertex 1.1 54.5 1
      vertex 2.44964 4.7827 1
    endloop
  endfacet
  facet normal 0 0 1
    outer loop
      vertex 2.44964 4.7827 1
      vertex 1.1 54.5 1
      vertex 2.34426 4.625 1
    endloop
  endfacet
  facet normal 0 0 1
    outer loop
      vertex 2.66037 56.0549 1
      vertex 1.6903 56.4567 1
      vertex 2.59941 55.8753 1
    endloop
  endfacet
  facet normal 0 0 1
    outer loop
      vertex 1.1 2.3 1
      vertex 2.34426 4.625 1
      vertex 1.1 54.5 1
    endloop
  endfacet
  facet normal 0 0 1
    outer loop
      vertex 2.34426 4.625 1
      vertex 1.1 2.3 1
      vertex 2.26037 4.45489 1
    endloop
  endfacet
  facet normal 0 0 1
    outer loop
      vertex 2.26037 4.45489 1
      vertex 1.1 2.3 1
      vertex 2.19941 4.27529 1
    endloop
  endfacet
  facet normal 0 0 1
    outer loop
      vertex 2.19941 4.27529 1
      vertex 1.1 2.3 1
      vertex 2.1624 4.08926 1
    endloop
  endfacet
  facet normal -0 0 1
    outer loop
      vertex 1.58519 56.147 1
      vertex 2.59941 55.8753 1
      vertex 1.6903 56.4567 1
    endloop
  endfacet
  facet normal 0 0 1
    outer loop
      vertex 2.1624 4.08926 1
      vertex 1.1 2.3 1
      vertex 2.15 3.9 1
    endloop
  endfacet
  facet normal 0 0 1
    outer loop
      vertex 2.59941 55.8753 1
      vertex 1.58519 56.147 1
      vertex 2.5624 55.6893 1
    endloop
  endfacet
  facet normal -0 0 1
    outer loop
      vertex 1.52139 55.8263 1
      vertex 2.5624 55.6893 1
      vertex 1.58519 56.147 1
    endloop
  endfacet
  facet normal 0 0 1
    outer loop
      vertex 2.5624 55.3107 1
      vertex 1.51433 55.7187 1
      vertex 1.5133 55.7175 1
    endloop
  endfacet
  facet normal -0 0 1
    outer loop
      vertex 1.51433 55.7187 1
      vertex 2.5624 55.6893 1
      vertex 1.52139 55.8263 1
    endloop
  endfacet
  facet normal 0 0 1
    outer loop
      vertex 2.5624 55.6893 1
      vertex 1.51433 55.7187 1
      vertex 2.55 55.5 1
    endloop
  endfacet
  facet normal 0 -0 1
    outer loop
      vertex 1.1171 2.03895 1
      vertex 2.15 3.9 1
      vertex 1.1 2.3 1
    endloop
  endfacet
  facet normal 0 0 1
    outer loop
      vertex 2.5624 55.3107 1
      vertex 1.5133 55.7175 1
      vertex 1.36794 55.5 1
    endloop
  endfacet
  facet normal 0 0 1
    outer loop
      vertex 2.15 3.9 1
      vertex 1.88247 0.713299 1
      vertex 2.1 0.567944 1
    endloop
  endfacet
  facet normal 0 0 1
    outer loop
      vertex 2.5624 55.3107 1
      vertex 1.36794 55.5 1
      vertex 1.25224 55.2654 1
    endloop
  endfacet
  facet normal 0 0 1
    outer loop
      vertex 2.15 3.9 1
      vertex 1.68578 0.885784 1
      vertex 1.88247 0.713299 1
    endloop
  endfacet
  facet normal 0 0 1
    outer loop
      vertex 2.59941 55.1247 1
      vertex 1.25224 55.2654 1
      vertex 1.16815 55.0176 1
    endloop
  endfacet
  facet normal 0 0 1
    outer loop
      vertex 2.15 3.9 1
      vertex 1.5133 1.08247 1
      vertex 1.68578 0.885784 1
    endloop
  endfacet
  facet normal 0 0 1
    outer loop
      vertex 2.66037 54.9451 1
      vertex 1.16815 55.0176 1
      vertex 1.1171 54.761 1
    endloop
  endfacet
  facet normal 0 0 1
    outer loop
      vertex 2.15 3.9 1
      vertex 1.36794 1.3 1
      vertex 1.5133 1.08247 1
    endloop
  endfacet
  facet normal 0 0 1
    outer loop
      vertex 2.66037 54.9451 1
      vertex 1.1171 54.761 1
      vertex 1.1 54.5 1
    endloop
  endfacet
  facet normal 0 0 1
    outer loop
      vertex 2.15 3.9 1
      vertex 1.25224 1.53463 1
      vertex 1.36794 1.3 1
    endloop
  endfacet
  facet normal 0 0 1
    outer loop
      vertex 2.15 3.9 1
      vertex 1.16815 1.78236 1
      vertex 1.25224 1.53463 1
    endloop
  endfacet
  facet normal 0 0 1
    outer loop
      vertex 2.15 3.9 1
      vertex 1.1171 2.03895 1
      vertex 1.16815 1.78236 1
    endloop
  endfacet
  facet normal 0 0 1
    outer loop
      vertex 6.28835 56.5 1
      vertex 5.43759 55.6893 1
      vertex 5.45 55.5 1
    endloop
  endfacet
  facet normal 0 0 1
    outer loop
      vertex 5.76777 57.2678 1
      vertex 5.40059 55.8753 1
      vertex 5.43759 55.6893 1
    endloop
  endfacet
  facet normal 0 0 1
    outer loop
      vertex 5.76777 57.2678 1
      vertex 5.33962 56.0549 1
      vertex 5.40059 55.8753 1
    endloop
  endfacet
  facet normal 0 0 1
    outer loop
      vertex 5.76777 57.2678 1
      vertex 5.25574 56.225 1
      vertex 5.33962 56.0549 1
    endloop
  endfacet
  facet normal 0 0 1
    outer loop
      vertex 4.8827 56.6504 1
      vertex 5.5219 57.4834 1
      vertex 5.25 57.6651 1
    endloop
  endfacet
  facet normal 0 0 1
    outer loop
      vertex 5.76777 57.2678 1
      vertex 5.15036 56.3827 1
      vertex 5.25574 56.225 1
    endloop
  endfacet
  facet normal 0 0 1
    outer loop
      vertex 5.76777 57.2678 1
      vertex 5.0253 56.5253 1
      vertex 5.15036 56.3827 1
    endloop
  endfacet
  facet normal 0 0 1
    outer loop
      vertex 4.725 56.7557 1
      vertex 5.25 57.6651 1
      vertex 4.95671 57.8097 1
    endloop
  endfacet
  facet normal 0 0 1
    outer loop
      vertex 5.5219 57.4834 1
      vertex 4.8827 56.6504 1
      vertex 5.0253 56.5253 1
    endloop
  endfacet
  facet normal 0 0 1
    outer loop
      vertex 5.25 57.6651 1
      vertex 4.725 56.7557 1
      vertex 4.8827 56.6504 1
    endloop
  endfacet
  facet normal 0 0 1
    outer loop
      vertex 4.55489 56.8396 1
      vertex 4.95671 57.8097 1
      vertex 4.64705 57.9148 1
    endloop
  endfacet
  facet normal 0 0 1
    outer loop
      vertex 4.95671 57.8097 1
      vertex 4.55489 56.8396 1
      vertex 4.725 56.7557 1
    endloop
  endfacet
  facet normal 0 0 1
    outer loop
      vertex 4.64705 57.9148 1
      vertex 4.37529 56.9006 1
      vertex 4.55489 56.8396 1
    endloop
  endfacet
  facet normal 0 0 1
    outer loop
      vertex 4.32631 57.9786 1
      vertex 4.37529 56.9006 1
      vertex 4.64705 57.9148 1
    endloop
  endfacet
  facet normal 0 0 1
    outer loop
      vertex 4.32631 57.9786 1
      vertex 4.18926 56.9376 1
      vertex 4.37529 56.9006 1
    endloop
  endfacet
  facet normal 0 0 1
    outer loop
      vertex 4 58 1
      vertex 4.18926 56.9376 1
      vertex 4.32631 57.9786 1
    endloop
  endfacet
  facet normal 0 0 1
    outer loop
      vertex 4 58 1
      vertex 4 56.95 1
      vertex 4.18926 56.9376 1
    endloop
  endfacet
  facet normal 0 0 1
    outer loop
      vertex 4 58 1
      vertex 3.81074 56.9376 1
      vertex 4 56.95 1
    endloop
  endfacet
  facet normal -0 0 1
    outer loop
      vertex 3.67368 57.9786 1
      vertex 3.81074 56.9376 1
      vertex 4 58 1
    endloop
  endfacet
  facet normal 0 0 1
    outer loop
      vertex 3.67368 57.9786 1
      vertex 3.62471 56.9006 1
      vertex 3.81074 56.9376 1
    endloop
  endfacet
  facet normal -0 0 1
    outer loop
      vertex 3.35295 57.9148 1
      vertex 3.62471 56.9006 1
      vertex 3.67368 57.9786 1
    endloop
  endfacet
  facet normal 0 0 1
    outer loop
      vertex 3.62471 56.9006 1
      vertex 3.35295 57.9148 1
      vertex 3.44511 56.8396 1
    endloop
  endfacet
  facet normal -0 0 1
    outer loop
      vertex 3.04329 57.8097 1
      vertex 3.44511 56.8396 1
      vertex 3.35295 57.9148 1
    endloop
  endfacet
  facet normal 0 0 1
    outer loop
      vertex 3.44511 56.8396 1
      vertex 3.04329 57.8097 1
      vertex 3.275 56.7557 1
    endloop
  endfacet
  facet normal -0 0 1
    outer loop
      vertex 2.75 57.6651 1
      vertex 3.275 56.7557 1
      vertex 3.04329 57.8097 1
    endloop
  endfacet
  facet normal 0 0 1
    outer loop
      vertex 3.275 56.7557 1
      vertex 2.75 57.6651 1
      vertex 3.1173 56.6504 1
    endloop
  endfacet
  facet normal -0 0 1
    outer loop
      vertex 2.4781 57.4834 1
      vertex 3.1173 56.6504 1
      vertex 2.75 57.6651 1
    endloop
  endfacet
  facet normal 0 0 1
    outer loop
      vertex 3.1173 56.6504 1
      vertex 2.4781 57.4834 1
      vertex 2.97469 56.5253 1
    endloop
  endfacet
  facet normal -0 0 1
    outer loop
      vertex 2.23223 57.2678 1
      vertex 2.97469 56.5253 1
      vertex 2.4781 57.4834 1
    endloop
  endfacet
  facet normal 0 0 1
    outer loop
      vertex 2.97469 56.5253 1
      vertex 2.23223 57.2678 1
      vertex 2.84964 56.3827 1
    endloop
  endfacet
  facet normal -0 0 1
    outer loop
      vertex 2.01662 57.0219 1
      vertex 2.84964 56.3827 1
      vertex 2.23223 57.2678 1
    endloop
  endfacet
  facet normal 0 0 1
    outer loop
      vertex 2.84964 56.3827 1
      vertex 2.01662 57.0219 1
      vertex 2.74426 56.225 1
    endloop
  endfacet
  facet normal 0 0 1
    outer loop
      vertex 2.74426 56.225 1
      vertex 1.83494 56.75 1
      vertex 2.66037 56.0549 1
    endloop
  endfacet
  facet normal -0 0 1
    outer loop
      vertex 1.83494 56.75 1
      vertex 2.74426 56.225 1
      vertex 2.01662 57.0219 1
    endloop
  endfacet
  facet normal 0 0 1
    outer loop
      vertex 43.0319 55.0176 1
      vertex 41.5396 54.9451 1
      vertex 43.0829 54.761 1
    endloop
  endfacet
  facet normal 0 0 1
    outer loop
      vertex 43.1 54.5 1
      vertex 41.6376 27.0893 1
      vertex 41.65 26.9 1
    endloop
  endfacet
  facet normal 0 0 1
    outer loop
      vertex 43.0829 54.761 1
      vertex 41.5396 54.9451 1
      vertex 43.1 54.5 1
    endloop
  endfacet
  facet normal 0 0 1
    outer loop
      vertex 43.1 54.5 1
      vertex 41.6006 27.2753 1
      vertex 41.6376 27.0893 1
    endloop
  endfacet
  facet normal -0 0 1
    outer loop
      vertex 41.4557 54.775 1
      vertex 43.1 54.5 1
      vertex 41.5396 54.9451 1
    endloop
  endfacet
  facet normal 0 0 1
    outer loop
      vertex 43.1 54.5 1
      vertex 41.5396 27.4549 1
      vertex 41.6006 27.2753 1
    endloop
  endfacet
  facet normal -0 0 1
    outer loop
      vertex 41.3504 54.6173 1
      vertex 43.1 54.5 1
      vertex 41.4557 54.775 1
    endloop
  endfacet
  facet normal 0 0 1
    outer loop
      vertex 43.1 54.5 1
      vertex 41.4557 27.625 1
      vertex 41.5396 27.4549 1
    endloop
  endfacet
  facet normal 0 0 1
    outer loop
      vertex 41.2253 54.4747 1
      vertex 43.1 54.5 1
      vertex 41.3504 54.6173 1
    endloop
  endfacet
  facet normal 0 0 1
    outer loop
      vertex 43.1 54.5 1
      vertex 41.3504 27.7827 1
      vertex 41.4557 27.625 1
    endloop
  endfacet
  facet normal 0 0 1
    outer loop
      vertex 41.0827 54.3496 1
      vertex 43.1 54.5 1
      vertex 41.2253 54.4747 1
    endloop
  endfacet
  facet normal 0 0 1
    outer loop
      vertex 43.1 54.5 1
      vertex 41.2253 27.9253 1
      vertex 41.3504 27.7827 1
    endloop
  endfacet
  facet normal 0 0 1
    outer loop
      vertex 40.925 54.2443 1
      vertex 43.1 54.5 1
      vertex 41.0827 54.3496 1
    endloop
  endfacet
  facet normal 0 0 1
    outer loop
      vertex 43.1 54.5 1
      vertex 41.0827 28.0504 1
      vertex 41.2253 27.9253 1
    endloop
  endfacet
  facet normal 0 0 1
    outer loop
      vertex 40.7549 54.1604 1
      vertex 43.1 54.5 1
      vertex 40.925 54.2443 1
    endloop
  endfacet
  facet normal 0 0 1
    outer loop
      vertex 43.1 54.5 1
      vertex 40.925 28.1557 1
      vertex 41.0827 28.0504 1
    endloop
  endfacet
  facet normal 0 0 1
    outer loop
      vertex 40.5753 54.0994 1
      vertex 43.1 54.5 1
      vertex 40.7549 54.1604 1
    endloop
  endfacet
  facet normal 0 0 1
    outer loop
      vertex 43.1 54.5 1
      vertex 40.7549 28.2396 1
      vertex 40.925 28.1557 1
    endloop
  endfacet
  facet normal 0 0 1
    outer loop
      vertex 40.5753 28.3006 1
      vertex 43.1 54.5 1
      vertex 40.5753 54.0994 1
    endloop
  endfacet
  facet normal 0 0 1
    outer loop
      vertex 43.1 54.5 1
      vertex 40.5753 28.3006 1
      vertex 40.7549 28.2396 1
    endloop
  endfacet
  facet normal -0 0 1
    outer loop
      vertex 40.3893 54.0624 1
      vertex 40.5753 28.3006 1
      vertex 40.5753 54.0994 1
    endloop
  endfacet
  facet normal 0 0 1
    outer loop
      vertex 40.3893 54.0624 1
      vertex 40.3893 28.3376 1
      vertex 40.5753 28.3006 1
    endloop
  endfacet
  facet normal -0 0 1
    outer loop
      vertex 40.2 54.05 1
      vertex 40.3893 28.3376 1
      vertex 40.3893 54.0624 1
    endloop
  endfacet
  facet normal 0 0 1
    outer loop
      vertex 40.2 54.05 1
      vertex 40.2 28.35 1
      vertex 40.3893 28.3376 1
    endloop
  endfacet
  facet normal 0 0 1
    outer loop
      vertex 40.0107 54.0624 1
      vertex 40.2 28.35 1
      vertex 40.2 54.05 1
    endloop
  endfacet
  facet normal 0 0 1
    outer loop
      vertex 40.0107 54.0624 1
      vertex 40.0107 28.3376 1
      vertex 40.2 28.35 1
    endloop
  endfacet
  facet normal 0 0 1
    outer loop
      vertex 39.8247 54.0994 1
      vertex 40.0107 28.3376 1
      vertex 40.0107 54.0624 1
    endloop
  endfacet
  facet normal 0 0 1
    outer loop
      vertex 39.8247 54.0994 1
      vertex 39.8247 28.3006 1
      vertex 40.0107 28.3376 1
    endloop
  endfacet
  facet normal 0 0 1
    outer loop
      vertex 39.6451 54.1604 1
      vertex 39.8247 28.3006 1
      vertex 39.8247 54.0994 1
    endloop
  endfacet
  facet normal 0 0 1
    outer loop
      vertex 39.6451 54.1604 1
      vertex 39.6451 28.2396 1
      vertex 39.8247 28.3006 1
    endloop
  endfacet
  facet normal 0 0 1
    outer loop
      vertex 39.475 54.2443 1
      vertex 39.6451 28.2396 1
      vertex 39.6451 54.1604 1
    endloop
  endfacet
  facet normal 0 0 1
    outer loop
      vertex 39.475 54.2443 1
      vertex 39.475 28.1557 1
      vertex 39.6451 28.2396 1
    endloop
  endfacet
  facet normal 0 0 1
    outer loop
      vertex 39.3173 54.3496 1
      vertex 39.475 28.1557 1
      vertex 39.475 54.2443 1
    endloop
  endfacet
  facet normal 0 0 1
    outer loop
      vertex 39.3173 54.3496 1
      vertex 39.3173 28.0504 1
      vertex 39.475 28.1557 1
    endloop
  endfacet
  facet normal 0 0 1
    outer loop
      vertex 39.1747 54.4747 1
      vertex 39.3173 28.0504 1
      vertex 39.3173 54.3496 1
    endloop
  endfacet
  facet normal 0 0 1
    outer loop
      vertex 39.1747 54.4747 1
      vertex 39.1747 27.9253 1
      vertex 39.3173 28.0504 1
    endloop
  endfacet
  facet normal 0 0 1
    outer loop
      vertex 39.0496 54.6173 1
      vertex 39.1747 27.9253 1
      vertex 39.1747 54.4747 1
    endloop
  endfacet
  facet normal 0 0 1
    outer loop
      vertex 39.0496 54.6173 1
      vertex 39.0496 27.7827 1
      vertex 39.1747 27.9253 1
    endloop
  endfacet
  facet normal 0 0 1
    outer loop
      vertex 5.15036 54.6173 1
      vertex 39.0496 54.6173 1
      vertex 38.9443 54.775 1
    endloop
  endfacet
  facet normal 0 0 1
    outer loop
      vertex 39.0496 54.6173 1
      vertex 5.15036 54.6173 1
      vertex 39.0496 27.7827 1
    endloop
  endfacet
  facet normal 0 0 1
    outer loop
      vertex 37.9116 56.5 1
      vertex 38.9443 54.775 1
      vertex 38.8604 54.9451 1
    endloop
  endfacet
  facet normal -0 0 1
    outer loop
      vertex 5.0253 54.4747 1
      vertex 39.0496 27.7827 1
      vertex 5.15036 54.6173 1
    endloop
  endfacet
  facet normal 0 0 1
    outer loop
      vertex 37.9116 56.5 1
      vertex 38.8604 54.9451 1
      vertex 38.7994 55.1247 1
    endloop
  endfacet
  facet normal 0 0 1
    outer loop
      vertex 39.0496 27.7827 1
      vertex 5.0253 54.4747 1
      vertex 38.9443 27.625 1
    endloop
  endfacet
  facet normal 0 0 1
    outer loop
      vertex 37.9116 56.5 1
      vertex 38.7994 55.1247 1
      vertex 38.7624 55.3107 1
    endloop
  endfacet
  facet normal -0 0 1
    outer loop
      vertex 4.8827 54.3496 1
      vertex 38.9443 27.625 1
      vertex 5.0253 54.4747 1
    endloop
  endfacet
  facet normal 0 0 1
    outer loop
      vertex 37.9116 56.5 1
      vertex 38.7624 55.3107 1
      vertex 38.75 55.5 1
    endloop
  endfacet
  facet normal 0 0 1
    outer loop
      vertex 38.9443 27.625 1
      vertex 4.8827 54.3496 1
      vertex 38.8604 27.4549 1
    endloop
  endfacet
  facet normal 0 0 1
    outer loop
      vertex 42.6857 55.7187 1
      vertex 41.6376 55.6893 1
      vertex 41.65 55.5 1
    endloop
  endfacet
  facet normal 0 0 1
    outer loop
      vertex 41.9678 57.2678 1
      vertex 41.6006 55.8753 1
      vertex 41.6376 55.6893 1
    endloop
  endfacet
  facet normal 0 0 1
    outer loop
      vertex 41.9678 57.2678 1
      vertex 41.5396 56.0549 1
      vertex 41.6006 55.8753 1
    endloop
  endfacet
  facet normal 0 0 1
    outer loop
      vertex 41.9678 57.2678 1
      vertex 41.4557 56.225 1
      vertex 41.5396 56.0549 1
    endloop
  endfacet
  facet normal 0 0 1
    outer loop
      vertex 41.0827 56.6504 1
      vertex 41.7219 57.4834 1
      vertex 41.45 57.6651 1
    endloop
  endfacet
  facet normal 0 0 1
    outer loop
      vertex 41.9678 57.2678 1
      vertex 41.3504 56.3827 1
      vertex 41.4557 56.225 1
    endloop
  endfacet
  facet normal 0 0 1
    outer loop
      vertex 41.9678 57.2678 1
      vertex 41.2253 56.5253 1
      vertex 41.3504 56.3827 1
    endloop
  endfacet
  facet normal 0 0 1
    outer loop
      vertex 40.925 56.7557 1
      vertex 41.45 57.6651 1
      vertex 41.1567 57.8097 1
    endloop
  endfacet
  facet normal 0 0 1
    outer loop
      vertex 41.7219 57.4834 1
      vertex 41.0827 56.6504 1
      vertex 41.2253 56.5253 1
    endloop
  endfacet
  facet normal 0 0 1
    outer loop
      vertex 41.45 57.6651 1
      vertex 40.925 56.7557 1
      vertex 41.0827 56.6504 1
    endloop
  endfacet
  facet normal 0 0 1
    outer loop
      vertex 40.7549 56.8396 1
      vertex 41.1567 57.8097 1
      vertex 40.847 57.9148 1
    endloop
  endfacet
  facet normal 0 0 1
    outer loop
      vertex 41.1567 57.8097 1
      vertex 40.7549 56.8396 1
      vertex 40.925 56.7557 1
    endloop
  endfacet
  facet normal 0 0 1
    outer loop
      vertex 40.847 57.9148 1
      vertex 40.5753 56.9006 1
      vertex 40.7549 56.8396 1
    endloop
  endfacet
  facet normal 0 0 1
    outer loop
      vertex 40.5263 57.9786 1
      vertex 40.5753 56.9006 1
      vertex 40.847 57.9148 1
    endloop
  endfacet
  facet normal 0 0 1
    outer loop
      vertex 40.5263 57.9786 1
      vertex 40.3893 56.9376 1
      vertex 40.5753 56.9006 1
    endloop
  endfacet
  facet normal 0 0 1
    outer loop
      vertex 40.2 58 1
      vertex 40.3893 56.9376 1
      vertex 40.5263 57.9786 1
    endloop
  endfacet
  facet normal 0 0 1
    outer loop
      vertex 40.2 58 1
      vertex 40.2 56.95 1
      vertex 40.3893 56.9376 1
    endloop
  endfacet
  facet normal 0 0 1
    outer loop
      vertex 40.2 58 1
      vertex 40.0107 56.9376 1
      vertex 40.2 56.95 1
    endloop
  endfacet
  facet normal -0 0 1
    outer loop
      vertex 39.8737 57.9786 1
      vertex 40.0107 56.9376 1
      vertex 40.2 58 1
    endloop
  endfacet
  facet normal 0 0 1
    outer loop
      vertex 39.8737 57.9786 1
      vertex 39.8247 56.9006 1
      vertex 40.0107 56.9376 1
    endloop
  endfacet
  facet normal -0 0 1
    outer loop
      vertex 39.553 57.9148 1
      vertex 39.8247 56.9006 1
      vertex 39.8737 57.9786 1
    endloop
  endfacet
  facet normal 0 0 1
    outer loop
      vertex 39.8247 56.9006 1
      vertex 39.553 57.9148 1
      vertex 39.6451 56.8396 1
    endloop
  endfacet
  facet normal -0 0 1
    outer loop
      vertex 39.2433 57.8097 1
      vertex 39.6451 56.8396 1
      vertex 39.553 57.9148 1
    endloop
  endfacet
  facet normal 0 0 1
    outer loop
      vertex 39.6451 56.8396 1
      vertex 39.2433 57.8097 1
      vertex 39.475 56.7557 1
    endloop
  endfacet
  facet normal -0 0 1
    outer loop
      vertex 38.95 57.6651 1
      vertex 39.475 56.7557 1
      vertex 39.2433 57.8097 1
    endloop
  endfacet
  facet normal 0 0 1
    outer loop
      vertex 39.475 56.7557 1
      vertex 38.95 57.6651 1
      vertex 39.3173 56.6504 1
    endloop
  endfacet
  facet normal -0 0 1
    outer loop
      vertex 38.6781 57.4834 1
      vertex 39.3173 56.6504 1
      vertex 38.95 57.6651 1
    endloop
  endfacet
  facet normal 0 0 1
    outer loop
      vertex 39.3173 56.6504 1
      vertex 38.6781 57.4834 1
      vertex 39.1747 56.5253 1
    endloop
  endfacet
  facet normal -0 0 1
    outer loop
      vertex 38.4322 57.2678 1
      vertex 39.1747 56.5253 1
      vertex 38.6781 57.4834 1
    endloop
  endfacet
  facet normal 0 0 1
    outer loop
      vertex 39.1747 56.5253 1
      vertex 38.4322 57.2678 1
      vertex 39.0496 56.3827 1
    endloop
  endfacet
  facet normal -0 0 1
    outer loop
      vertex 38.2166 57.0219 1
      vertex 39.0496 56.3827 1
      vertex 38.4322 57.2678 1
    endloop
  endfacet
  facet normal 0 0 1
    outer loop
      vertex 39.0496 56.3827 1
      vertex 38.2166 57.0219 1
      vertex 38.9443 56.225 1
    endloop
  endfacet
  facet normal 0 0 1
    outer loop
      vertex 38.9443 56.225 1
      vertex 37.9116 56.5 1
      vertex 38.8604 56.0549 1
    endloop
  endfacet
  facet normal -0 0 1
    outer loop
      vertex 37.9116 56.5 1
      vertex 38.9443 56.225 1
      vertex 38.0349 56.75 1
    endloop
  endfacet
  facet normal -0 0 1
    outer loop
      vertex 38.0349 56.75 1
      vertex 38.9443 56.225 1
      vertex 38.2166 57.0219 1
    endloop
  endfacet
  facet normal 0 0 1
    outer loop
      vertex 42.9478 55.2654 1
      vertex 41.6006 55.1247 1
      vertex 43.0319 55.0176 1
    endloop
  endfacet
  facet normal 0 0 1
    outer loop
      vertex 43.1 54.5 1
      vertex 41.65 26.9 1
      vertex 43.1 2.3 1
    endloop
  endfacet
  facet normal 0 0 1
    outer loop
      vertex 41.6006 55.1247 1
      vertex 42.9478 55.2654 1
      vertex 41.6376 55.3107 1
    endloop
  endfacet
  facet normal -0 0 1
    outer loop
      vertex 41.6376 26.7107 1
      vertex 43.1 2.3 1
      vertex 41.65 26.9 1
    endloop
  endfacet
  facet normal 0 0 1
    outer loop
      vertex 42.8321 55.5 1
      vertex 41.6376 55.3107 1
      vertex 42.9478 55.2654 1
    endloop
  endfacet
  facet normal -0 0 1
    outer loop
      vertex 41.6006 26.5247 1
      vertex 43.1 2.3 1
      vertex 41.6376 26.7107 1
    endloop
  endfacet
  facet normal 0 0 1
    outer loop
      vertex 42.6867 55.7175 1
      vertex 41.6376 55.3107 1
      vertex 42.8321 55.5 1
    endloop
  endfacet
  facet normal -0 0 1
    outer loop
      vertex 41.5396 26.3451 1
      vertex 43.1 2.3 1
      vertex 41.6006 26.5247 1
    endloop
  endfacet
  facet normal 0 0 1
    outer loop
      vertex 42.6857 55.7187 1
      vertex 41.6376 55.3107 1
      vertex 42.6867 55.7175 1
    endloop
  endfacet
  facet normal -0 0 1
    outer loop
      vertex 41.4557 26.175 1
      vertex 43.1 2.3 1
      vertex 41.5396 26.3451 1
    endloop
  endfacet
  facet normal 0 0 1
    outer loop
      vertex 41.6376 55.3107 1
      vertex 42.6857 55.7187 1
      vertex 41.65 55.5 1
    endloop
  endfacet
  facet normal 0 0 1
    outer loop
      vertex 41.6376 55.6893 1
      vertex 42.6857 55.7187 1
      vertex 42.6786 55.8263 1
    endloop
  endfacet
  facet normal 0 0 1
    outer loop
      vertex 41.6376 55.6893 1
      vertex 42.6786 55.8263 1
      vertex 42.6148 56.147 1
    endloop
  endfacet
  facet normal -0 0 1
    outer loop
      vertex 41.3504 26.0173 1
      vertex 43.1 2.3 1
      vertex 41.4557 26.175 1
    endloop
  endfacet
  facet normal 0 0 1
    outer loop
      vertex 41.6376 55.6893 1
      vertex 42.6148 56.147 1
      vertex 42.5097 56.4567 1
    endloop
  endfacet
  facet normal 0 0 1
    outer loop
      vertex 41.6376 55.6893 1
      vertex 42.5097 56.4567 1
      vertex 42.3651 56.75 1
    endloop
  endfacet
  facet normal -0 0 1
    outer loop
      vertex 41.2253 25.8747 1
      vertex 43.1 2.3 1
      vertex 41.3504 26.0173 1
    endloop
  endfacet
  facet normal 0 0 1
    outer loop
      vertex 41.6376 55.6893 1
      vertex 42.3651 56.75 1
      vertex 42.1834 57.0219 1
    endloop
  endfacet
  facet normal -0 0 1
    outer loop
      vertex 41.0827 25.7496 1
      vertex 43.1 2.3 1
      vertex 41.2253 25.8747 1
    endloop
  endfacet
  facet normal 0 0 1
    outer loop
      vertex 41.6376 55.6893 1
      vertex 42.1834 57.0219 1
      vertex 41.9678 57.2678 1
    endloop
  endfacet
  facet normal -0 0 1
    outer loop
      vertex 40.925 25.6443 1
      vertex 43.1 2.3 1
      vertex 41.0827 25.7496 1
    endloop
  endfacet
  facet normal 0 0 1
    outer loop
      vertex 41.2253 56.5253 1
      vertex 41.9678 57.2678 1
      vertex 41.7219 57.4834 1
    endloop
  endfacet
  facet normal 0 0 1
    outer loop
      vertex 41.5396 54.9451 1
      vertex 43.0319 55.0176 1
      vertex 41.6006 55.1247 1
    endloop
  endfacet
  facet normal -0 0 1
    outer loop
      vertex 40.7549 25.5604 1
      vertex 43.1 2.3 1
      vertex 40.925 25.6443 1
    endloop
  endfacet
  facet normal -0 0 1
    outer loop
      vertex 40.5753 25.4994 1
      vertex 43.1 2.3 1
      vertex 40.7549 25.5604 1
    endloop
  endfacet
  facet normal -0 0 1
    outer loop
      vertex 40.3893 25.4624 1
      vertex 43.1 2.3 1
      vertex 40.5753 25.4994 1
    endloop
  endfacet
  facet normal -0 0 1
    outer loop
      vertex 40.2 25.45 1
      vertex 43.1 2.3 1
      vertex 40.3893 25.4624 1
    endloop
  endfacet
  facet normal 0 0 1
    outer loop
      vertex 40.0107 25.4624 1
      vertex 43.1 2.3 1
      vertex 40.2 25.45 1
    endloop
  endfacet
  facet normal 0 0 1
    outer loop
      vertex 39.8247 25.4994 1
      vertex 43.1 2.3 1
      vertex 40.0107 25.4624 1
    endloop
  endfacet
  facet normal 0 0 1
    outer loop
      vertex 39.6451 25.5604 1
      vertex 43.1 2.3 1
      vertex 39.8247 25.4994 1
    endloop
  endfacet
  facet normal 0 0 1
    outer loop
      vertex 39.475 25.6443 1
      vertex 43.1 2.3 1
      vertex 39.6451 25.5604 1
    endloop
  endfacet
  facet normal 0 -0 1
    outer loop
      vertex 41.1 0.299999 1
      vertex 43.1 2.3 1
      vertex 39.475 25.6443 1
    endloop
  endfacet
  facet normal 0 0 1
    outer loop
      vertex 43.0829 2.03895 1
      vertex 41.1 0.299999 1
      vertex 43.0319 1.78236 1
    endloop
  endfacet
  facet normal 0 0 1
    outer loop
      vertex 43.0319 1.78236 1
      vertex 41.1 0.299999 1
      vertex 42.9478 1.53463 1
    endloop
  endfacet
  facet normal 0 0 1
    outer loop
      vertex 42.8321 1.3 1
      vertex 41.1 0.299999 1
      vertex 42.6867 1.08247 1
    endloop
  endfacet
  facet normal 0 0 1
    outer loop
      vertex 42.5142 0.885784 1
      vertex 41.1 0.299999 1
      vertex 42.3175 0.713299 1
    endloop
  endfacet
  facet normal 0 0 1
    outer loop
      vertex 42.3175 0.713299 1
      vertex 41.1 0.299999 1
      vertex 42.1 0.567944 1
    endloop
  endfacet
  facet normal 0 0 1
    outer loop
      vertex 41.8654 0.452236 1
      vertex 41.1 0.299999 1
      vertex 41.6176 0.368145 1
    endloop
  endfacet
  facet normal 0 0 1
    outer loop
      vertex 41.6176 0.368145 1
      vertex 41.1 0.299999 1
      vertex 41.361 0.317104 1
    endloop
  endfacet
  facet normal 0 0 1
    outer loop
      vertex 42.1 0.567944 1
      vertex 41.1 0.299999 1
      vertex 41.8654 0.452236 1
    endloop
  endfacet
  facet normal 0 0 1
    outer loop
      vertex 42.6867 1.08247 1
      vertex 41.1 0.299999 1
      vertex 42.5142 0.885784 1
    endloop
  endfacet
  facet normal 0 0 1
    outer loop
      vertex 42.9478 1.53463 1
      vertex 41.1 0.299999 1
      vertex 42.8321 1.3 1
    endloop
  endfacet
  facet normal 0 0 1
    outer loop
      vertex 43.1 2.3 1
      vertex 41.1 0.299999 1
      vertex 43.0829 2.03895 1
    endloop
  endfacet
  facet normal 0 0 1
    outer loop
      vertex 39.3173 25.7496 1
      vertex 41.1 0.299999 1
      vertex 39.475 25.6443 1
    endloop
  endfacet
  facet normal 0 0 1
    outer loop
      vertex 39.1747 25.8747 1
      vertex 41.1 0.299999 1
      vertex 39.3173 25.7496 1
    endloop
  endfacet
  facet normal 0 0 1
    outer loop
      vertex 5.03759 4.08926 1
      vertex 39.1747 25.8747 1
      vertex 39.0496 26.0173 1
    endloop
  endfacet
  facet normal 0 0 1
    outer loop
      vertex 5.03759 4.08926 1
      vertex 39.0496 26.0173 1
      vertex 38.9443 26.175 1
    endloop
  endfacet
  facet normal 0 0 1
    outer loop
      vertex 5.03759 4.08926 1
      vertex 38.9443 26.175 1
      vertex 38.8604 26.3451 1
    endloop
  endfacet
  facet normal 0 0 1
    outer loop
      vertex 5.03759 4.08926 1
      vertex 38.8604 26.3451 1
      vertex 38.7994 26.5247 1
    endloop
  endfacet
  facet normal 0 0 1
    outer loop
      vertex 5.03759 4.08926 1
      vertex 38.7994 26.5247 1
      vertex 38.7624 26.7107 1
    endloop
  endfacet
  facet normal 0 0 1
    outer loop
      vertex 38.8604 56.0549 1
      vertex 37.9116 56.5 1
      vertex 38.7994 55.8753 1
    endloop
  endfacet
  facet normal 0 0 1
    outer loop
      vertex 38.7994 55.8753 1
      vertex 37.9116 56.5 1
      vertex 38.7624 55.6893 1
    endloop
  endfacet
  facet normal 0 0 1
    outer loop
      vertex 38.7624 55.6893 1
      vertex 37.9116 56.5 1
      vertex 38.75 55.5 1
    endloop
  endfacet
  facet normal 0 0 1
    outer loop
      vertex 38.9443 54.775 1
      vertex 37.9116 56.5 1
      vertex 5.25574 54.775 1
    endloop
  endfacet
  facet normal 0 0 1
    outer loop
      vertex 5.25574 54.775 1
      vertex 37.9116 56.5 1
      vertex 6.28835 56.5 1
    endloop
  endfacet
  facet normal 0 0 1
    outer loop
      vertex 38.9443 54.775 1
      vertex 5.25574 54.775 1
      vertex 5.15036 54.6173 1
    endloop
  endfacet
  facet normal -0 0 1
    outer loop
      vertex 4.725 54.2443 1
      vertex 38.8604 27.4549 1
      vertex 4.8827 54.3496 1
    endloop
  endfacet
  facet normal 0 0 1
    outer loop
      vertex 5.43759 55.6893 1
      vertex 6.16506 56.75 1
      vertex 5.98338 57.0219 1
    endloop
  endfacet
  facet normal 0 0 1
    outer loop
      vertex 5.43759 55.6893 1
      vertex 5.98338 57.0219 1
      vertex 5.76777 57.2678 1
    endloop
  endfacet
  facet normal 0 0 1
    outer loop
      vertex 5.43759 55.6893 1
      vertex 6.28835 56.5 1
      vertex 6.16506 56.75 1
    endloop
  endfacet
  facet normal 0 0 1
    outer loop
      vertex 5.0253 56.5253 1
      vertex 5.76777 57.2678 1
      vertex 5.5219 57.4834 1
    endloop
  endfacet
  facet normal 0 0 1
    outer loop
      vertex 6.28835 56.5 1
      vertex 5.45 55.5 1
      vertex 5.43759 55.3107 1
    endloop
  endfacet
  facet normal 0 0 1
    outer loop
      vertex 5.40059 55.1247 1
      vertex 6.28835 56.5 1
      vertex 5.43759 55.3107 1
    endloop
  endfacet
  facet normal 0 0 1
    outer loop
      vertex 5.33962 54.9451 1
      vertex 6.28835 56.5 1
      vertex 5.40059 55.1247 1
    endloop
  endfacet
  facet normal 0 0 1
    outer loop
      vertex 5.25574 54.775 1
      vertex 6.28835 56.5 1
      vertex 5.33962 54.9451 1
    endloop
  endfacet
  facet normal 0 0 1
    outer loop
      vertex 5.03759 4.08926 1
      vertex 38.75 26.9 1
      vertex 38.7624 27.0893 1
    endloop
  endfacet
  facet normal 0 0 1
    outer loop
      vertex 5.03759 4.08926 1
      vertex 38.7624 26.7107 1
      vertex 38.75 26.9 1
    endloop
  endfacet
  facet normal -0 0 1
    outer loop
      vertex 5.03759 4.08926 1
      vertex 41.1 0.299999 1
      vertex 39.1747 25.8747 1
    endloop
  endfacet
  facet normal -0 0 1
    outer loop
      vertex 5.03759 3.71074 1
      vertex 41.1 0.299999 1
      vertex 5.05 3.9 1
    endloop
  endfacet
  facet normal -0 0 1
    outer loop
      vertex 5.00059 3.52471 1
      vertex 41.1 0.299999 1
      vertex 5.03759 3.71074 1
    endloop
  endfacet
  facet normal -0 0 1
    outer loop
      vertex 4.93962 3.34511 1
      vertex 41.1 0.299999 1
      vertex 5.00059 3.52471 1
    endloop
  endfacet
  facet normal -0 0 1
    outer loop
      vertex 4.85574 3.175 1
      vertex 41.1 0.299999 1
      vertex 4.93962 3.34511 1
    endloop
  endfacet
  facet normal -0 0 1
    outer loop
      vertex 4.75036 3.0173 1
      vertex 41.1 0.299999 1
      vertex 4.85574 3.175 1
    endloop
  endfacet
  facet normal 0 0 1
    outer loop
      vertex 3.1 0.299999 1
      vertex 4.75036 3.0173 1
      vertex 4.6253 2.87469 1
    endloop
  endfacet
  facet normal 0 0 1
    outer loop
      vertex 3.1 0.299999 1
      vertex 4.6253 2.87469 1
      vertex 4.4827 2.74964 1
    endloop
  endfacet
  facet normal 0 0 1
    outer loop
      vertex 3.1 0.299999 1
      vertex 4.4827 2.74964 1
      vertex 4.325 2.64426 1
    endloop
  endfacet
  facet normal 0 0 1
    outer loop
      vertex 3.1 0.299999 1
      vertex 4.325 2.64426 1
      vertex 4.15489 2.56037 1
    endloop
  endfacet
  facet normal 0 0 1
    outer loop
      vertex 3.1 0.299999 1
      vertex 4.15489 2.56037 1
      vertex 3.97529 2.49941 1
    endloop
  endfacet
  facet normal 0 0 1
    outer loop
      vertex 3.1 0.299999 1
      vertex 3.97529 2.49941 1
      vertex 3.78926 2.4624 1
    endloop
  endfacet
  facet normal 0 0 1
    outer loop
      vertex 3.1 0.299999 1
      vertex 3.78926 2.4624 1
      vertex 3.6 2.45 1
    endloop
  endfacet
  facet normal 0 0 1
    outer loop
      vertex 4.75036 3.0173 1
      vertex 3.1 0.299999 1
      vertex 41.1 0.299999 1
    endloop
  endfacet
  facet normal 0 0 1
    outer loop
      vertex 3.41074 2.4624 1
      vertex 3.1 0.299999 1
      vertex 3.6 2.45 1
    endloop
  endfacet
  facet normal 0 0 1
    outer loop
      vertex 3.22471 2.49941 1
      vertex 3.1 0.299999 1
      vertex 3.41074 2.4624 1
    endloop
  endfacet
  facet normal 0 0 1
    outer loop
      vertex 2.33463 0.452236 1
      vertex 3.22471 2.49941 1
      vertex 3.04511 2.56037 1
    endloop
  endfacet
  facet normal 0 0 1
    outer loop
      vertex 2.1 0.567944 1
      vertex 3.04511 2.56037 1
      vertex 2.875 2.64426 1
    endloop
  endfacet
  facet normal 0 0 1
    outer loop
      vertex 3.22471 2.49941 1
      vertex 2.83895 0.317104 1
      vertex 3.1 0.299999 1
    endloop
  endfacet
  facet normal 0 0 1
    outer loop
      vertex 2.1 0.567944 1
      vertex 2.875 2.64426 1
      vertex 2.7173 2.74964 1
    endloop
  endfacet
  facet normal 0 0 1
    outer loop
      vertex 3.22471 2.49941 1
      vertex 2.58236 0.368145 1
      vertex 2.83895 0.317104 1
    endloop
  endfacet
  facet normal 0 0 1
    outer loop
      vertex 2.1 0.567944 1
      vertex 2.7173 2.74964 1
      vertex 2.57469 2.87469 1
    endloop
  endfacet
  facet normal 0 0 1
    outer loop
      vertex 2.1 0.567944 1
      vertex 2.57469 2.87469 1
      vertex 2.44964 3.0173 1
    endloop
  endfacet
  facet normal 0 0 1
    outer loop
      vertex 2.1 0.567944 1
      vertex 2.44964 3.0173 1
      vertex 2.34426 3.175 1
    endloop
  endfacet
  facet normal 0 0 1
    outer loop
      vertex 3.22471 2.49941 1
      vertex 2.33463 0.452236 1
      vertex 2.58236 0.368145 1
    endloop
  endfacet
  facet normal 0 0 1
    outer loop
      vertex 2.1 0.567944 1
      vertex 2.34426 3.175 1
      vertex 2.26037 3.34511 1
    endloop
  endfacet
  facet normal 0 0 1
    outer loop
      vertex 2.1 0.567944 1
      vertex 2.26037 3.34511 1
      vertex 2.19941 3.52471 1
    endloop
  endfacet
  facet normal 0 0 1
    outer loop
      vertex 2.1 0.567944 1
      vertex 2.19941 3.52471 1
      vertex 2.1624 3.71074 1
    endloop
  endfacet
  facet normal 0 0 1
    outer loop
      vertex 2.1 0.567944 1
      vertex 2.1624 3.71074 1
      vertex 2.15 3.9 1
    endloop
  endfacet
  facet normal 0 0 1
    outer loop
      vertex 3.04511 2.56037 1
      vertex 2.1 0.567944 1
      vertex 2.33463 0.452236 1
    endloop
  endfacet
  facet normal -0.0654392 -0.997857 0
    outer loop
      vertex 3.67368 53.0214 -7.4
      vertex 4 53 0
      vertex 3.67368 53.0214 0
    endloop
  endfacet
  facet normal -0.0654392 -0.997857 -0
    outer loop
      vertex 4 53 0
      vertex 3.67368 53.0214 -7.4
      vertex 4 53 -7.4
    endloop
  endfacet
  facet normal -0.0654432 -0.997856 0
    outer loop
      vertex 39.8737 53.0214 -7.4
      vertex 40.2 53 0
      vertex 39.8737 53.0214 0
    endloop
  endfacet
  facet normal -0.0654432 -0.997856 -0
    outer loop
      vertex 40.2 53 0
      vertex 39.8737 53.0214 -7.4
      vertex 40.2 53 -7.4
    endloop
  endfacet
  facet normal 0.195116 -0.98078 0
    outer loop
      vertex 40.5263 53.0214 -7.4
      vertex 40.847 53.0852 0
      vertex 40.5263 53.0214 0
    endloop
  endfacet
  facet normal 0.195116 -0.98078 0
    outer loop
      vertex 40.847 53.0852 0
      vertex 40.5263 53.0214 -7.4
      vertex 40.847 53.0852 -7.4
    endloop
  endfacet
  facet normal 0.98078 0.195116 0
    outer loop
      vertex 42.6786 55.8263 1
      vertex 42.6148 56.147 -7.4
      vertex 42.6148 56.147 1
    endloop
  endfacet
  facet normal 0.98078 0.195116 0
    outer loop
      vertex 42.6148 56.147 -7.4
      vertex 42.6786 55.8263 1
      vertex 42.6786 55.8263 -7.4
    endloop
  endfacet
  facet normal 0.99783 0.0658419 -0
    outer loop
      vertex 42.6857 55.7187 0
      vertex 42.6786 55.8263 1
      vertex 42.6857 55.7187 1
    endloop
  endfacet
  facet normal 0.99783 0.0658419 0
    outer loop
      vertex 42.6786 55.8263 1
      vertex 42.6857 55.7187 0
      vertex 42.6786 55.8263 -7.4
    endloop
  endfacet
  facet normal 0.997869 0.065247 -0
    outer loop
      vertex 42.7 55.5 -7.4
      vertex 42.6857 55.7187 0
      vertex 42.7 55.5 0
    endloop
  endfacet
  facet normal 0.997856 0.0654432 -5.82278e-06
    outer loop
      vertex 42.6857 55.7187 0
      vertex 42.7 55.5 -7.4
      vertex 42.6786 55.8263 -7.4
    endloop
  endfacet
  facet normal -0.98078 0.195116 0
    outer loop
      vertex 37.7214 55.8263 -7.4
      vertex 37.7852 56.147 0
      vertex 37.7852 56.147 -7.4
    endloop
  endfacet
  facet normal -0.98078 0.195116 0
    outer loop
      vertex 37.7852 56.147 0
      vertex 37.7214 55.8263 -7.4
      vertex 37.7214 55.8263 0
    endloop
  endfacet
  facet normal -0.751913 0.659262 0
    outer loop
      vertex 38.2166 57.0219 -7.4
      vertex 38.4322 57.2678 1
      vertex 38.4322 57.2678 -7.4
    endloop
  endfacet
  facet normal -0.751913 0.659262 0
    outer loop
      vertex 38.4322 57.2678 1
      vertex 38.2166 57.0219 -7.4
      vertex 38.2166 57.0219 1
    endloop
  endfacet
  facet normal -0.555617 0.831438 0
    outer loop
      vertex 38.95 57.6651 -7.4
      vertex 38.6781 57.4834 1
      vertex 38.95 57.6651 1
    endloop
  endfacet
  facet normal -0.555617 0.831438 0
    outer loop
      vertex 38.6781 57.4834 1
      vertex 38.95 57.6651 -7.4
      vertex 38.6781 57.4834 -7.4
    endloop
  endfacet
  facet normal -0.442191 -0.896921 0
    outer loop
      vertex 38.95 53.3349 -7.4
      vertex 39.2433 53.1903 0
      vertex 38.95 53.3349 0
    endloop
  endfacet
  facet normal -0.442191 -0.896921 -0
    outer loop
      vertex 39.2433 53.1903 0
      vertex 38.95 53.3349 -7.4
      vertex 39.2433 53.1903 -7.4
    endloop
  endfacet
  facet normal -0.659262 0.751913 0
    outer loop
      vertex 38.6781 57.4834 -7.4
      vertex 38.4322 57.2678 1
      vertex 38.6781 57.4834 1
    endloop
  endfacet
  facet normal -0.659262 0.751913 0
    outer loop
      vertex 38.4322 57.2678 1
      vertex 38.6781 57.4834 -7.4
      vertex 38.4322 57.2678 -7.4
    endloop
  endfacet
  facet normal 0.946957 -0.32136 0
    outer loop
      vertex 42.5097 54.5433 0
      vertex 42.6148 54.853 -7.4
      vertex 42.6148 54.853 0
    endloop
  endfacet
  facet normal 0.946957 -0.32136 0
    outer loop
      vertex 42.6148 54.853 -7.4
      vertex 42.5097 54.5433 0
      vertex 42.5097 54.5433 -7.4
    endloop
  endfacet
  facet normal 0.0654432 -0.997856 0
    outer loop
      vertex 40.2 53 -7.4
      vertex 40.5263 53.0214 0
      vertex 40.2 53 0
    endloop
  endfacet
  facet normal 0.0654432 -0.997856 0
    outer loop
      vertex 40.5263 53.0214 0
      vertex 40.2 53 -7.4
      vertex 40.5263 53.0214 -7.4
    endloop
  endfacet
  facet normal -0.831438 0.555617 0
    outer loop
      vertex 38.0349 56.75 -7.4
      vertex 38.2166 57.0219 1
      vertex 38.2166 57.0219 -7.4
    endloop
  endfacet
  facet normal -0.831438 0.555617 0
    outer loop
      vertex 38.2166 57.0219 1
      vertex 38.0349 56.75 -7.4
      vertex 38.0349 56.75 1
    endloop
  endfacet
  facet normal -0.997856 -0.0654432 0
    outer loop
      vertex 37.7214 55.1737 -7.4
      vertex 37.7 55.5 0
      vertex 37.7 55.5 -7.4
    endloop
  endfacet
  facet normal -0.997856 -0.0654432 0
    outer loop
      vertex 37.7 55.5 0
      vertex 37.7214 55.1737 -7.4
      vertex 37.7214 55.1737 0
    endloop
  endfacet
  facet normal 0.555617 -0.831438 0
    outer loop
      vertex 41.45 53.3349 -7.4
      vertex 41.7219 53.5166 0
      vertex 41.45 53.3349 0
    endloop
  endfacet
  facet normal 0.555617 -0.831438 0
    outer loop
      vertex 41.7219 53.5166 0
      vertex 41.45 53.3349 -7.4
      vertex 41.7219 53.5166 -7.4
    endloop
  endfacet
  facet normal -0.0654432 0.997856 0
    outer loop
      vertex 40.2 58 -7.4
      vertex 39.8737 57.9786 1
      vertex 40.2 58 1
    endloop
  endfacet
  facet normal -0.0654432 0.997856 0
    outer loop
      vertex 39.8737 57.9786 1
      vertex 40.2 58 -7.4
      vertex 39.8737 57.9786 -7.4
    endloop
  endfacet
  facet normal -0.751913 -0.659262 0
    outer loop
      vertex 38.4322 53.7322 -7.4
      vertex 38.2166 53.9781 0
      vertex 38.2166 53.9781 -7.4
    endloop
  endfacet
  facet normal -0.751913 -0.659262 0
    outer loop
      vertex 38.2166 53.9781 0
      vertex 38.4322 53.7322 -7.4
      vertex 38.4322 53.7322 0
    endloop
  endfacet
  facet normal -0.831438 -0.555617 0
    outer loop
      vertex 38.2166 53.9781 -7.4
      vertex 38.0349 54.25 0
      vertex 38.0349 54.25 -7.4
    endloop
  endfacet
  facet normal -0.831438 -0.555617 0
    outer loop
      vertex 38.0349 54.25 0
      vertex 38.2166 53.9781 -7.4
      vertex 38.2166 53.9781 0
    endloop
  endfacet
  facet normal -0.896853 0.442328 0
    outer loop
      vertex 38.0349 56.75 -7.4
      vertex 37.9116 56.5 0
      vertex 38.0349 56.75 1
    endloop
  endfacet
  facet normal -0.896921 0.442191 -5.74001e-06
    outer loop
      vertex 37.8903 56.4567 -7.4
      vertex 37.9116 56.5 0
      vertex 38.0349 56.75 -7.4
    endloop
  endfacet
  facet normal -0.89731 0.441402 0
    outer loop
      vertex 37.9116 56.5 0
      vertex 37.8903 56.4567 -7.4
      vertex 37.8903 56.4567 0
    endloop
  endfacet
  facet normal -0.896853 0.442328 0
    outer loop
      vertex 38.0349 56.75 1
      vertex 37.9116 56.5 0
      vertex 37.9116 56.5 1
    endloop
  endfacet
  facet normal -0.98078 -0.195116 0
    outer loop
      vertex 37.7852 54.853 -7.4
      vertex 37.7214 55.1737 0
      vertex 37.7214 55.1737 -7.4
    endloop
  endfacet
  facet normal -0.98078 -0.195116 0
    outer loop
      vertex 37.7214 55.1737 0
      vertex 37.7852 54.853 -7.4
      vertex 37.7852 54.853 0
    endloop
  endfacet
  facet normal 0.195116 0.98078 -0
    outer loop
      vertex 40.847 57.9148 -7.4
      vertex 40.5263 57.9786 1
      vertex 40.847 57.9148 1
    endloop
  endfacet
  facet normal 0.195116 0.98078 0
    outer loop
      vertex 40.5263 57.9786 1
      vertex 40.847 57.9148 -7.4
      vertex 40.5263 57.9786 -7.4
    endloop
  endfacet
  facet normal 0.831438 0.555617 0
    outer loop
      vertex 42.3651 56.75 1
      vertex 42.1834 57.0219 -7.4
      vertex 42.1834 57.0219 1
    endloop
  endfacet
  facet normal 0.831438 0.555617 0
    outer loop
      vertex 42.1834 57.0219 -7.4
      vertex 42.3651 56.75 1
      vertex 42.3651 56.75 -7.4
    endloop
  endfacet
  facet normal -0.195116 0.98078 0
    outer loop
      vertex 39.8737 57.9786 -7.4
      vertex 39.553 57.9148 1
      vertex 39.8737 57.9786 1
    endloop
  endfacet
  facet normal -0.195116 0.98078 0
    outer loop
      vertex 39.553 57.9148 1
      vertex 39.8737 57.9786 -7.4
      vertex 39.553 57.9148 -7.4
    endloop
  endfacet
  facet normal 0.659262 0.751913 -0
    outer loop
      vertex 41.9678 57.2678 -7.4
      vertex 41.7219 57.4834 1
      vertex 41.9678 57.2678 1
    endloop
  endfacet
  facet normal 0.659262 0.751913 0
    outer loop
      vertex 41.7219 57.4834 1
      vertex 41.9678 57.2678 -7.4
      vertex 41.7219 57.4834 -7.4
    endloop
  endfacet
  facet normal 0.442191 0.896921 -0
    outer loop
      vertex 41.45 57.6651 -7.4
      vertex 41.1567 57.8097 1
      vertex 41.45 57.6651 1
    endloop
  endfacet
  facet normal 0.442191 0.896921 0
    outer loop
      vertex 41.1567 57.8097 1
      vertex 41.45 57.6651 -7.4
      vertex 41.1567 57.8097 -7.4
    endloop
  endfacet
  facet normal -0.195116 -0.98078 0
    outer loop
      vertex 39.553 53.0852 -7.4
      vertex 39.8737 53.0214 0
      vertex 39.553 53.0852 0
    endloop
  endfacet
  facet normal -0.195116 -0.98078 -0
    outer loop
      vertex 39.8737 53.0214 0
      vertex 39.553 53.0852 -7.4
      vertex 39.8737 53.0214 -7.4
    endloop
  endfacet
  facet normal 0.0654432 0.997856 -0
    outer loop
      vertex 40.5263 57.9786 -7.4
      vertex 40.2 58 1
      vertex 40.5263 57.9786 1
    endloop
  endfacet
  facet normal 0.0654432 0.997856 0
    outer loop
      vertex 40.2 58 1
      vertex 40.5263 57.9786 -7.4
      vertex 40.2 58 -7.4
    endloop
  endfacet
  facet normal 0.997856 -0.0654432 0
    outer loop
      vertex 42.6786 55.1737 0
      vertex 42.7 55.5 -7.4
      vertex 42.7 55.5 0
    endloop
  endfacet
  facet normal 0.997856 -0.0654432 0
    outer loop
      vertex 42.7 55.5 -7.4
      vertex 42.6786 55.1737 0
      vertex 42.6786 55.1737 -7.4
    endloop
  endfacet
  facet normal -0.32136 0.946957 0
    outer loop
      vertex 39.553 57.9148 -7.4
      vertex 39.2433 57.8097 1
      vertex 39.553 57.9148 1
    endloop
  endfacet
  facet normal -0.32136 0.946957 0
    outer loop
      vertex 39.2433 57.8097 1
      vertex 39.553 57.9148 -7.4
      vertex 39.2433 57.8097 -7.4
    endloop
  endfacet
  facet normal 0.555617 0.831438 -0
    outer loop
      vertex 41.7219 57.4834 -7.4
      vertex 41.45 57.6651 1
      vertex 41.7219 57.4834 1
    endloop
  endfacet
  facet normal 0.555617 0.831438 0
    outer loop
      vertex 41.45 57.6651 1
      vertex 41.7219 57.4834 -7.4
      vertex 41.45 57.6651 -7.4
    endloop
  endfacet
  facet normal -0.946957 -0.32136 0
    outer loop
      vertex 37.8903 54.5433 -7.4
      vertex 37.7852 54.853 0
      vertex 37.7852 54.853 -7.4
    endloop
  endfacet
  facet normal -0.946957 -0.32136 0
    outer loop
      vertex 37.7852 54.853 0
      vertex 37.8903 54.5433 -7.4
      vertex 37.8903 54.5433 0
    endloop
  endfacet
  facet normal 0.831438 -0.555617 0
    outer loop
      vertex 42.1834 53.9781 0
      vertex 42.3651 54.25 -7.4
      vertex 42.3651 54.25 0
    endloop
  endfacet
  facet normal 0.831438 -0.555617 0
    outer loop
      vertex 42.3651 54.25 -7.4
      vertex 42.1834 53.9781 0
      vertex 42.1834 53.9781 -7.4
    endloop
  endfacet
  facet normal 0.98078 -0.195116 0
    outer loop
      vertex 42.6148 54.853 0
      vertex 42.6786 55.1737 -7.4
      vertex 42.6786 55.1737 0
    endloop
  endfacet
  facet normal 0.98078 -0.195116 0
    outer loop
      vertex 42.6786 55.1737 -7.4
      vertex 42.6148 54.853 0
      vertex 42.6148 54.853 -7.4
    endloop
  endfacet
  facet normal -0.442191 0.896921 0
    outer loop
      vertex 39.2433 57.8097 -7.4
      vertex 38.95 57.6651 1
      vertex 39.2433 57.8097 1
    endloop
  endfacet
  facet normal -0.442191 0.896921 0
    outer loop
      vertex 38.95 57.6651 1
      vertex 39.2433 57.8097 -7.4
      vertex 38.95 57.6651 -7.4
    endloop
  endfacet
  facet normal 0.896921 -0.442191 0
    outer loop
      vertex 42.3651 54.25 0
      vertex 42.5097 54.5433 -7.4
      vertex 42.5097 54.5433 0
    endloop
  endfacet
  facet normal 0.896921 -0.442191 0
    outer loop
      vertex 42.5097 54.5433 -7.4
      vertex 42.3651 54.25 0
      vertex 42.3651 54.25 -7.4
    endloop
  endfacet
  facet normal -0.555617 -0.831438 0
    outer loop
      vertex 38.6781 53.5166 -7.4
      vertex 38.95 53.3349 0
      vertex 38.6781 53.5166 0
    endloop
  endfacet
  facet normal -0.555617 -0.831438 -0
    outer loop
      vertex 38.95 53.3349 0
      vertex 38.6781 53.5166 -7.4
      vertex 38.95 53.3349 -7.4
    endloop
  endfacet
  facet normal 0.442191 -0.896921 0
    outer loop
      vertex 41.1567 53.1903 -7.4
      vertex 41.45 53.3349 0
      vertex 41.1567 53.1903 0
    endloop
  endfacet
  facet normal 0.442191 -0.896921 0
    outer loop
      vertex 41.45 53.3349 0
      vertex 41.1567 53.1903 -7.4
      vertex 41.45 53.3349 -7.4
    endloop
  endfacet
  facet normal -0.997856 0.0654432 0
    outer loop
      vertex 37.7 55.5 -7.4
      vertex 37.7214 55.8263 0
      vertex 37.7214 55.8263 -7.4
    endloop
  endfacet
  facet normal -0.997856 0.0654432 0
    outer loop
      vertex 37.7214 55.8263 0
      vertex 37.7 55.5 -7.4
      vertex 37.7 55.5 0
    endloop
  endfacet
  facet normal -0.896921 -0.442191 0
    outer loop
      vertex 38.0349 54.25 -7.4
      vertex 37.8903 54.5433 0
      vertex 37.8903 54.5433 -7.4
    endloop
  endfacet
  facet normal -0.896921 -0.442191 0
    outer loop
      vertex 37.8903 54.5433 0
      vertex 38.0349 54.25 -7.4
      vertex 38.0349 54.25 0
    endloop
  endfacet
  facet normal 0 0 -1
    outer loop
      vertex 41.65 55.5 -7.4
      vertex 42.7 55.5 -7.4
      vertex 42.6786 55.1737 -7.4
    endloop
  endfacet
  facet normal 0 0 -1
    outer loop
      vertex 41.6376 55.3107 -7.4
      vertex 42.6786 55.1737 -7.4
      vertex 42.6148 54.853 -7.4
    endloop
  endfacet
  facet normal 0 0 -1
    outer loop
      vertex 42.7 55.5 -7.4
      vertex 41.65 55.5 -7.4
      vertex 42.6786 55.8263 -7.4
    endloop
  endfacet
  facet normal 0 0 -1
    outer loop
      vertex 41.6006 55.1247 -7.4
      vertex 42.6148 54.853 -7.4
      vertex 42.5097 54.5433 -7.4
    endloop
  endfacet
  facet normal 0 0 -1
    outer loop
      vertex 41.6376 55.6893 -7.4
      vertex 42.6786 55.8263 -7.4
      vertex 41.65 55.5 -7.4
    endloop
  endfacet
  facet normal 0 0 -1
    outer loop
      vertex 41.5396 54.9451 -7.4
      vertex 42.5097 54.5433 -7.4
      vertex 42.3651 54.25 -7.4
    endloop
  endfacet
  facet normal -0 0 -1
    outer loop
      vertex 42.6786 55.8263 -7.4
      vertex 41.6376 55.6893 -7.4
      vertex 42.6148 56.147 -7.4
    endloop
  endfacet
  facet normal 0 0 -1
    outer loop
      vertex 41.4557 54.775 -7.4
      vertex 42.3651 54.25 -7.4
      vertex 42.1834 53.9781 -7.4
    endloop
  endfacet
  facet normal 0 0 -1
    outer loop
      vertex 41.6006 55.8753 -7.4
      vertex 42.6148 56.147 -7.4
      vertex 41.6376 55.6893 -7.4
    endloop
  endfacet
  facet normal 0 0 -1
    outer loop
      vertex 41.3504 54.6173 -7.4
      vertex 42.1834 53.9781 -7.4
      vertex 41.9678 53.7322 -7.4
    endloop
  endfacet
  facet normal -0 0 -1
    outer loop
      vertex 42.6148 56.147 -7.4
      vertex 41.6006 55.8753 -7.4
      vertex 42.5097 56.4567 -7.4
    endloop
  endfacet
  facet normal 0 0 -1
    outer loop
      vertex 41.2253 54.4747 -7.4
      vertex 41.9678 53.7322 -7.4
      vertex 41.7219 53.5166 -7.4
    endloop
  endfacet
  facet normal 0 0 -1
    outer loop
      vertex 41.5396 56.0549 -7.4
      vertex 42.5097 56.4567 -7.4
      vertex 41.6006 55.8753 -7.4
    endloop
  endfacet
  facet normal -0 0 -1
    outer loop
      vertex 42.5097 56.4567 -7.4
      vertex 41.5396 56.0549 -7.4
      vertex 42.3651 56.75 -7.4
    endloop
  endfacet
  facet normal 0 0 -1
    outer loop
      vertex 42.6786 55.1737 -7.4
      vertex 41.6376 55.3107 -7.4
      vertex 41.65 55.5 -7.4
    endloop
  endfacet
  facet normal 0 0 -1
    outer loop
      vertex 42.6148 54.853 -7.4
      vertex 41.6006 55.1247 -7.4
      vertex 41.6376 55.3107 -7.4
    endloop
  endfacet
  facet normal 0 0 -1
    outer loop
      vertex 42.5097 54.5433 -7.4
      vertex 41.5396 54.9451 -7.4
      vertex 41.6006 55.1247 -7.4
    endloop
  endfacet
  facet normal 0 0 -1
    outer loop
      vertex 42.3651 54.25 -7.4
      vertex 41.4557 54.775 -7.4
      vertex 41.5396 54.9451 -7.4
    endloop
  endfacet
  facet normal 0 0 -1
    outer loop
      vertex 41.0827 54.3496 -7.4
      vertex 41.7219 53.5166 -7.4
      vertex 41.45 53.3349 -7.4
    endloop
  endfacet
  facet normal 0 0 -1
    outer loop
      vertex 42.1834 53.9781 -7.4
      vertex 41.3504 54.6173 -7.4
      vertex 41.4557 54.775 -7.4
    endloop
  endfacet
  facet normal 0 0 -1
    outer loop
      vertex 41.9678 53.7322 -7.4
      vertex 41.2253 54.4747 -7.4
      vertex 41.3504 54.6173 -7.4
    endloop
  endfacet
  facet normal 0 0 -1
    outer loop
      vertex 40.925 54.2443 -7.4
      vertex 41.45 53.3349 -7.4
      vertex 41.1567 53.1903 -7.4
    endloop
  endfacet
  facet normal 0 0 -1
    outer loop
      vertex 41.7219 53.5166 -7.4
      vertex 41.0827 54.3496 -7.4
      vertex 41.2253 54.4747 -7.4
    endloop
  endfacet
  facet normal 0 0 -1
    outer loop
      vertex 41.45 53.3349 -7.4
      vertex 40.925 54.2443 -7.4
      vertex 41.0827 54.3496 -7.4
    endloop
  endfacet
  facet normal 0 0 -1
    outer loop
      vertex 40.7549 54.1604 -7.4
      vertex 41.1567 53.1903 -7.4
      vertex 40.847 53.0852 -7.4
    endloop
  endfacet
  facet normal 0 0 -1
    outer loop
      vertex 41.1567 53.1903 -7.4
      vertex 40.7549 54.1604 -7.4
      vertex 40.925 54.2443 -7.4
    endloop
  endfacet
  facet normal 0 0 -1
    outer loop
      vertex 40.847 53.0852 -7.4
      vertex 40.5753 54.0994 -7.4
      vertex 40.7549 54.1604 -7.4
    endloop
  endfacet
  facet normal 0 0 -1
    outer loop
      vertex 40.5263 53.0214 -7.4
      vertex 40.5753 54.0994 -7.4
      vertex 40.847 53.0852 -7.4
    endloop
  endfacet
  facet normal 0 0 -1
    outer loop
      vertex 40.5263 53.0214 -7.4
      vertex 40.3893 54.0624 -7.4
      vertex 40.5753 54.0994 -7.4
    endloop
  endfacet
  facet normal 0 0 -1
    outer loop
      vertex 40.2 53 -7.4
      vertex 40.3893 54.0624 -7.4
      vertex 40.5263 53.0214 -7.4
    endloop
  endfacet
  facet normal 0 0 -1
    outer loop
      vertex 40.2 53 -7.4
      vertex 40.2 54.05 -7.4
      vertex 40.3893 54.0624 -7.4
    endloop
  endfacet
  facet normal 0 0 -1
    outer loop
      vertex 40.2 53 -7.4
      vertex 40.0107 54.0624 -7.4
      vertex 40.2 54.05 -7.4
    endloop
  endfacet
  facet normal 0 0 -1
    outer loop
      vertex 39.8737 53.0214 -7.4
      vertex 40.0107 54.0624 -7.4
      vertex 40.2 53 -7.4
    endloop
  endfacet
  facet normal 0 0 -1
    outer loop
      vertex 39.8737 53.0214 -7.4
      vertex 39.8247 54.0994 -7.4
      vertex 40.0107 54.0624 -7.4
    endloop
  endfacet
  facet normal 0 0 -1
    outer loop
      vertex 39.553 53.0852 -7.4
      vertex 39.8247 54.0994 -7.4
      vertex 39.8737 53.0214 -7.4
    endloop
  endfacet
  facet normal -0 0 -1
    outer loop
      vertex 39.8247 54.0994 -7.4
      vertex 39.553 53.0852 -7.4
      vertex 39.6451 54.1604 -7.4
    endloop
  endfacet
  facet normal 0 0 -1
    outer loop
      vertex 39.2433 53.1903 -7.4
      vertex 39.6451 54.1604 -7.4
      vertex 39.553 53.0852 -7.4
    endloop
  endfacet
  facet normal -0 0 -1
    outer loop
      vertex 39.6451 54.1604 -7.4
      vertex 39.2433 53.1903 -7.4
      vertex 39.475 54.2443 -7.4
    endloop
  endfacet
  facet normal 0 0 -1
    outer loop
      vertex 38.95 53.3349 -7.4
      vertex 39.475 54.2443 -7.4
      vertex 39.2433 53.1903 -7.4
    endloop
  endfacet
  facet normal -0 0 -1
    outer loop
      vertex 39.475 54.2443 -7.4
      vertex 38.95 53.3349 -7.4
      vertex 39.3173 54.3496 -7.4
    endloop
  endfacet
  facet normal 0 0 -1
    outer loop
      vertex 38.6781 53.5166 -7.4
      vertex 39.3173 54.3496 -7.4
      vertex 38.95 53.3349 -7.4
    endloop
  endfacet
  facet normal -0 0 -1
    outer loop
      vertex 39.3173 54.3496 -7.4
      vertex 38.6781 53.5166 -7.4
      vertex 39.1747 54.4747 -7.4
    endloop
  endfacet
  facet normal 0 0 -1
    outer loop
      vertex 38.4322 53.7322 -7.4
      vertex 39.1747 54.4747 -7.4
      vertex 38.6781 53.5166 -7.4
    endloop
  endfacet
  facet normal -0 0 -1
    outer loop
      vertex 39.1747 54.4747 -7.4
      vertex 38.4322 53.7322 -7.4
      vertex 39.0496 54.6173 -7.4
    endloop
  endfacet
  facet normal 0 0 -1
    outer loop
      vertex 38.2166 53.9781 -7.4
      vertex 39.0496 54.6173 -7.4
      vertex 38.4322 53.7322 -7.4
    endloop
  endfacet
  facet normal -0 0 -1
    outer loop
      vertex 39.0496 54.6173 -7.4
      vertex 38.2166 53.9781 -7.4
      vertex 38.9443 54.775 -7.4
    endloop
  endfacet
  facet normal -0 0 -1
    outer loop
      vertex 38.9443 54.775 -7.4
      vertex 38.0349 54.25 -7.4
      vertex 38.8604 54.9451 -7.4
    endloop
  endfacet
  facet normal 0 0 -1
    outer loop
      vertex 38.0349 54.25 -7.4
      vertex 38.9443 54.775 -7.4
      vertex 38.2166 53.9781 -7.4
    endloop
  endfacet
  facet normal 0 0 -1
    outer loop
      vertex 41.4557 56.225 -7.4
      vertex 42.3651 56.75 -7.4
      vertex 41.5396 56.0549 -7.4
    endloop
  endfacet
  facet normal -0 0 -1
    outer loop
      vertex 42.3651 56.75 -7.4
      vertex 41.4557 56.225 -7.4
      vertex 42.1834 57.0219 -7.4
    endloop
  endfacet
  facet normal 0 0 -1
    outer loop
      vertex 41.3504 56.3827 -7.4
      vertex 42.1834 57.0219 -7.4
      vertex 41.4557 56.225 -7.4
    endloop
  endfacet
  facet normal -0 0 -1
    outer loop
      vertex 42.1834 57.0219 -7.4
      vertex 41.3504 56.3827 -7.4
      vertex 41.9678 57.2678 -7.4
    endloop
  endfacet
  facet normal 0 0 -1
    outer loop
      vertex 41.2253 56.5253 -7.4
      vertex 41.9678 57.2678 -7.4
      vertex 41.3504 56.3827 -7.4
    endloop
  endfacet
  facet normal -0 0 -1
    outer loop
      vertex 41.9678 57.2678 -7.4
      vertex 41.2253 56.5253 -7.4
      vertex 41.7219 57.4834 -7.4
    endloop
  endfacet
  facet normal 0 0 -1
    outer loop
      vertex 41.0827 56.6504 -7.4
      vertex 41.7219 57.4834 -7.4
      vertex 41.2253 56.5253 -7.4
    endloop
  endfacet
  facet normal -0 0 -1
    outer loop
      vertex 41.7219 57.4834 -7.4
      vertex 41.0827 56.6504 -7.4
      vertex 41.45 57.6651 -7.4
    endloop
  endfacet
  facet normal 0 0 -1
    outer loop
      vertex 40.925 56.7557 -7.4
      vertex 41.45 57.6651 -7.4
      vertex 41.0827 56.6504 -7.4
    endloop
  endfacet
  facet normal -0 0 -1
    outer loop
      vertex 41.45 57.6651 -7.4
      vertex 40.925 56.7557 -7.4
      vertex 41.1567 57.8097 -7.4
    endloop
  endfacet
  facet normal 0 0 -1
    outer loop
      vertex 40.7549 56.8396 -7.4
      vertex 41.1567 57.8097 -7.4
      vertex 40.925 56.7557 -7.4
    endloop
  endfacet
  facet normal -0 0 -1
    outer loop
      vertex 41.1567 57.8097 -7.4
      vertex 40.7549 56.8396 -7.4
      vertex 40.847 57.9148 -7.4
    endloop
  endfacet
  facet normal 0 0 -1
    outer loop
      vertex 40.5753 56.9006 -7.4
      vertex 40.847 57.9148 -7.4
      vertex 40.7549 56.8396 -7.4
    endloop
  endfacet
  facet normal 0 0 -1
    outer loop
      vertex 40.5753 56.9006 -7.4
      vertex 40.5263 57.9786 -7.4
      vertex 40.847 57.9148 -7.4
    endloop
  endfacet
  facet normal 0 0 -1
    outer loop
      vertex 40.3893 56.9376 -7.4
      vertex 40.5263 57.9786 -7.4
      vertex 40.5753 56.9006 -7.4
    endloop
  endfacet
  facet normal 0 0 -1
    outer loop
      vertex 40.2 56.95 -7.4
      vertex 40.5263 57.9786 -7.4
      vertex 40.3893 56.9376 -7.4
    endloop
  endfacet
  facet normal 0 0 -1
    outer loop
      vertex 40.2 56.95 -7.4
      vertex 40.2 58 -7.4
      vertex 40.5263 57.9786 -7.4
    endloop
  endfacet
  facet normal 0 0 -1
    outer loop
      vertex 40.0107 56.9376 -7.4
      vertex 40.2 58 -7.4
      vertex 40.2 56.95 -7.4
    endloop
  endfacet
  facet normal 0 0 -1
    outer loop
      vertex 40.0107 56.9376 -7.4
      vertex 39.8737 57.9786 -7.4
      vertex 40.2 58 -7.4
    endloop
  endfacet
  facet normal 0 0 -1
    outer loop
      vertex 39.8247 56.9006 -7.4
      vertex 39.8737 57.9786 -7.4
      vertex 40.0107 56.9376 -7.4
    endloop
  endfacet
  facet normal 0 0 -1
    outer loop
      vertex 39.553 57.9148 -7.4
      vertex 39.8247 56.9006 -7.4
      vertex 39.6451 56.8396 -7.4
    endloop
  endfacet
  facet normal 0 0 -1
    outer loop
      vertex 39.8247 56.9006 -7.4
      vertex 39.553 57.9148 -7.4
      vertex 39.8737 57.9786 -7.4
    endloop
  endfacet
  facet normal 0 0 -1
    outer loop
      vertex 39.2433 57.8097 -7.4
      vertex 39.6451 56.8396 -7.4
      vertex 39.475 56.7557 -7.4
    endloop
  endfacet
  facet normal 0 0 -1
    outer loop
      vertex 38.95 57.6651 -7.4
      vertex 39.475 56.7557 -7.4
      vertex 39.3173 56.6504 -7.4
    endloop
  endfacet
  facet normal 0 0 -1
    outer loop
      vertex 39.6451 56.8396 -7.4
      vertex 39.2433 57.8097 -7.4
      vertex 39.553 57.9148 -7.4
    endloop
  endfacet
  facet normal 0 0 -1
    outer loop
      vertex 38.6781 57.4834 -7.4
      vertex 39.3173 56.6504 -7.4
      vertex 39.1747 56.5253 -7.4
    endloop
  endfacet
  facet normal 0 0 -1
    outer loop
      vertex 38.4322 57.2678 -7.4
      vertex 39.1747 56.5253 -7.4
      vertex 39.0496 56.3827 -7.4
    endloop
  endfacet
  facet normal 0 0 -1
    outer loop
      vertex 39.475 56.7557 -7.4
      vertex 38.95 57.6651 -7.4
      vertex 39.2433 57.8097 -7.4
    endloop
  endfacet
  facet normal 0 0 -1
    outer loop
      vertex 38.2166 57.0219 -7.4
      vertex 39.0496 56.3827 -7.4
      vertex 38.9443 56.225 -7.4
    endloop
  endfacet
  facet normal 0 0 -1
    outer loop
      vertex 38.0349 56.75 -7.4
      vertex 38.9443 56.225 -7.4
      vertex 38.8604 56.0549 -7.4
    endloop
  endfacet
  facet normal 0 0 -1
    outer loop
      vertex 37.8903 56.4567 -7.4
      vertex 38.8604 56.0549 -7.4
      vertex 38.7994 55.8753 -7.4
    endloop
  endfacet
  facet normal 0 0 -1
    outer loop
      vertex 37.7852 56.147 -7.4
      vertex 38.7994 55.8753 -7.4
      vertex 38.7624 55.6893 -7.4
    endloop
  endfacet
  facet normal 0 0 -1
    outer loop
      vertex 39.3173 56.6504 -7.4
      vertex 38.6781 57.4834 -7.4
      vertex 38.95 57.6651 -7.4
    endloop
  endfacet
  facet normal 0 0 -1
    outer loop
      vertex 37.7214 55.8263 -7.4
      vertex 38.7624 55.6893 -7.4
      vertex 38.75 55.5 -7.4
    endloop
  endfacet
  facet normal 0 0 -1
    outer loop
      vertex 37.8903 54.5433 -7.4
      vertex 38.8604 54.9451 -7.4
      vertex 38.0349 54.25 -7.4
    endloop
  endfacet
  facet normal -0 0 -1
    outer loop
      vertex 38.8604 54.9451 -7.4
      vertex 37.8903 54.5433 -7.4
      vertex 38.7994 55.1247 -7.4
    endloop
  endfacet
  facet normal 0 0 -1
    outer loop
      vertex 39.1747 56.5253 -7.4
      vertex 38.4322 57.2678 -7.4
      vertex 38.6781 57.4834 -7.4
    endloop
  endfacet
  facet normal 0 0 -1
    outer loop
      vertex 37.7852 54.853 -7.4
      vertex 38.7994 55.1247 -7.4
      vertex 37.8903 54.5433 -7.4
    endloop
  endfacet
  facet normal 0 0 -1
    outer loop
      vertex 39.0496 56.3827 -7.4
      vertex 38.2166 57.0219 -7.4
      vertex 38.4322 57.2678 -7.4
    endloop
  endfacet
  facet normal -0 0 -1
    outer loop
      vertex 38.7994 55.1247 -7.4
      vertex 37.7852 54.853 -7.4
      vertex 38.7624 55.3107 -7.4
    endloop
  endfacet
  facet normal 0 0 -1
    outer loop
      vertex 38.9443 56.225 -7.4
      vertex 38.0349 56.75 -7.4
      vertex 38.2166 57.0219 -7.4
    endloop
  endfacet
  facet normal 0 0 -1
    outer loop
      vertex 37.7214 55.1737 -7.4
      vertex 38.7624 55.3107 -7.4
      vertex 37.7852 54.853 -7.4
    endloop
  endfacet
  facet normal 0 0 -1
    outer loop
      vertex 38.8604 56.0549 -7.4
      vertex 37.8903 56.4567 -7.4
      vertex 38.0349 56.75 -7.4
    endloop
  endfacet
  facet normal -0 0 -1
    outer loop
      vertex 38.7624 55.3107 -7.4
      vertex 37.7214 55.1737 -7.4
      vertex 38.75 55.5 -7.4
    endloop
  endfacet
  facet normal 0 0 -1
    outer loop
      vertex 38.7994 55.8753 -7.4
      vertex 37.7852 56.147 -7.4
      vertex 37.8903 56.4567 -7.4
    endloop
  endfacet
  facet normal 0 0 -1
    outer loop
      vertex 37.7 55.5 -7.4
      vertex 38.75 55.5 -7.4
      vertex 37.7214 55.1737 -7.4
    endloop
  endfacet
  facet normal 0 0 -1
    outer loop
      vertex 38.7624 55.6893 -7.4
      vertex 37.7214 55.8263 -7.4
      vertex 37.7852 56.147 -7.4
    endloop
  endfacet
  facet normal 0 0 -1
    outer loop
      vertex 38.75 55.5 -7.4
      vertex 37.7 55.5 -7.4
      vertex 37.7214 55.8263 -7.4
    endloop
  endfacet
  facet normal -0.659262 -0.751913 0
    outer loop
      vertex 38.4322 53.7322 -7.4
      vertex 38.6781 53.5166 0
      vertex 38.4322 53.7322 0
    endloop
  endfacet
  facet normal -0.659262 -0.751913 -0
    outer loop
      vertex 38.6781 53.5166 0
      vertex 38.4322 53.7322 -7.4
      vertex 38.6781 53.5166 -7.4
    endloop
  endfacet
  facet normal 0.659262 -0.751913 0
    outer loop
      vertex 41.7219 53.5166 -7.4
      vertex 41.9678 53.7322 0
      vertex 41.7219 53.5166 0
    endloop
  endfacet
  facet normal 0.659262 -0.751913 0
    outer loop
      vertex 41.9678 53.7322 0
      vertex 41.7219 53.5166 -7.4
      vertex 41.9678 53.7322 -7.4
    endloop
  endfacet
  facet normal 0.751913 -0.659262 0
    outer loop
      vertex 41.9678 53.7322 0
      vertex 42.1834 53.9781 -7.4
      vertex 42.1834 53.9781 0
    endloop
  endfacet
  facet normal 0.751913 -0.659262 0
    outer loop
      vertex 42.1834 53.9781 -7.4
      vertex 41.9678 53.7322 0
      vertex 41.9678 53.7322 -7.4
    endloop
  endfacet
  facet normal 0.32136 0.946957 -0
    outer loop
      vertex 41.1567 57.8097 -7.4
      vertex 40.847 57.9148 1
      vertex 41.1567 57.8097 1
    endloop
  endfacet
  facet normal 0.32136 0.946957 0
    outer loop
      vertex 40.847 57.9148 1
      vertex 41.1567 57.8097 -7.4
      vertex 40.847 57.9148 -7.4
    endloop
  endfacet
  facet normal 0.896921 0.442191 0
    outer loop
      vertex 42.5097 56.4567 1
      vertex 42.3651 56.75 -7.4
      vertex 42.3651 56.75 1
    endloop
  endfacet
  facet normal 0.896921 0.442191 0
    outer loop
      vertex 42.3651 56.75 -7.4
      vertex 42.5097 56.4567 1
      vertex 42.5097 56.4567 -7.4
    endloop
  endfacet
  facet normal 0.751913 0.659262 0
    outer loop
      vertex 42.1834 57.0219 1
      vertex 41.9678 57.2678 -7.4
      vertex 41.9678 57.2678 1
    endloop
  endfacet
  facet normal 0.751913 0.659262 0
    outer loop
      vertex 41.9678 57.2678 -7.4
      vertex 42.1834 57.0219 1
      vertex 42.1834 57.0219 -7.4
    endloop
  endfacet
  facet normal 0.946957 0.32136 0
    outer loop
      vertex 42.6148 56.147 1
      vertex 42.5097 56.4567 -7.4
      vertex 42.5097 56.4567 1
    endloop
  endfacet
  facet normal 0.946957 0.32136 0
    outer loop
      vertex 42.5097 56.4567 -7.4
      vertex 42.6148 56.147 1
      vertex 42.6148 56.147 -7.4
    endloop
  endfacet
  facet normal 0.32136 -0.946957 0
    outer loop
      vertex 40.847 53.0852 -7.4
      vertex 41.1567 53.1903 0
      vertex 40.847 53.0852 0
    endloop
  endfacet
  facet normal 0.32136 -0.946957 0
    outer loop
      vertex 41.1567 53.1903 0
      vertex 40.847 53.0852 -7.4
      vertex 41.1567 53.1903 -7.4
    endloop
  endfacet
  facet normal -0.32136 -0.946957 0
    outer loop
      vertex 39.2433 53.1903 -7.4
      vertex 39.553 53.0852 0
      vertex 39.2433 53.1903 0
    endloop
  endfacet
  facet normal -0.32136 -0.946957 -0
    outer loop
      vertex 39.553 53.0852 0
      vertex 39.2433 53.1903 -7.4
      vertex 39.553 53.0852 -7.4
    endloop
  endfacet
  facet normal -0.946957 0.32136 0
    outer loop
      vertex 37.7852 56.147 -7.4
      vertex 37.8903 56.4567 0
      vertex 37.8903 56.4567 -7.4
    endloop
  endfacet
  facet normal -0.946957 0.32136 0
    outer loop
      vertex 37.8903 56.4567 0
      vertex 37.7852 56.147 -7.4
      vertex 37.7852 56.147 0
    endloop
  endfacet
  facet normal 0.751858 -0.659325 0
    outer loop
      vertex 5.36777 2.13223 0
      vertex 5.58338 2.3781 -7.4
      vertex 5.58338 2.3781 0
    endloop
  endfacet
  facet normal 0.751858 -0.659325 0
    outer loop
      vertex 5.58338 2.3781 -7.4
      vertex 5.36777 2.13223 0
      vertex 5.36777 2.13223 -7.4
    endloop
  endfacet
  facet normal 0.980785 0.195093 0
    outer loop
      vertex 6.07861 4.22631 0
      vertex 6.01481 4.54705 -7.4
      vertex 6.01481 4.54705 0
    endloop
  endfacet
  facet normal 0.980785 0.195093 0
    outer loop
      vertex 6.01481 4.54705 -7.4
      vertex 6.07861 4.22631 0
      vertex 6.07861 4.22631 -7.4
    endloop
  endfacet
  facet normal 0.997858 0.0654108 0
    outer loop
      vertex 6.1 3.9 0
      vertex 6.07861 4.22631 -7.4
      vertex 6.07861 4.22631 0
    endloop
  endfacet
  facet normal 0.997858 0.0654108 0
    outer loop
      vertex 6.07861 4.22631 -7.4
      vertex 6.1 3.9 0
      vertex 6.1 3.9 -7.4
    endloop
  endfacet
  facet normal -0.997859 -0.0654088 0
    outer loop
      vertex 1.12139 3.57368 -7.4
      vertex 1.1 3.9 0
      vertex 1.1 3.9 -7.4
    endloop
  endfacet
  facet normal -0.997859 -0.0654088 0
    outer loop
      vertex 1.1 3.9 0
      vertex 1.12139 3.57368 -7.4
      vertex 1.12139 3.57368 0
    endloop
  endfacet
  facet normal 0.555575 0.831466 -0
    outer loop
      vertex 5.1219 5.88338 -7.4
      vertex 4.85 6.06506 0
      vertex 5.1219 5.88338 0
    endloop
  endfacet
  facet normal 0.555575 0.831466 0
    outer loop
      vertex 4.85 6.06506 0
      vertex 5.1219 5.88338 -7.4
      vertex 4.85 6.06506 -7.4
    endloop
  endfacet
  facet normal -0.896866 0.442302 0
    outer loop
      vertex 1.2903 4.85671 -7.4
      vertex 1.43494 5.15 0
      vertex 1.43494 5.15 -7.4
    endloop
  endfacet
  facet normal -0.896866 0.442302 0
    outer loop
      vertex 1.43494 5.15 0
      vertex 1.2903 4.85671 -7.4
      vertex 1.2903 4.85671 0
    endloop
  endfacet
  facet normal -0.195069 -0.980789 0
    outer loop
      vertex 2.95295 1.48518 -7.4
      vertex 3.27368 1.42139 0
      vertex 2.95295 1.48518 0
    endloop
  endfacet
  facet normal -0.195069 -0.980789 -0
    outer loop
      vertex 3.27368 1.42139 0
      vertex 2.95295 1.48518 -7.4
      vertex 3.27368 1.42139 -7.4
    endloop
  endfacet
  facet normal -0.946935 -0.321425 0
    outer loop
      vertex 1.2903 2.94329 -7.4
      vertex 1.18519 3.25295 0
      vertex 1.18519 3.25295 -7.4
    endloop
  endfacet
  facet normal -0.946935 -0.321425 0
    outer loop
      vertex 1.18519 3.25295 0
      vertex 1.2903 2.94329 -7.4
      vertex 1.2903 2.94329 0
    endloop
  endfacet
  facet normal -0.980784 -0.195099 0
    outer loop
      vertex 1.18519 3.25295 -7.4
      vertex 1.12139 3.57368 0
      vertex 1.12139 3.57368 -7.4
    endloop
  endfacet
  facet normal -0.980784 -0.195099 0
    outer loop
      vertex 1.12139 3.57368 0
      vertex 1.18519 3.25295 -7.4
      vertex 1.18519 3.25295 0
    endloop
  endfacet
  facet normal 0.659325 0.751858 -0
    outer loop
      vertex 5.36777 5.66777 -7.4
      vertex 5.1219 5.88338 0
      vertex 5.36777 5.66777 0
    endloop
  endfacet
  facet normal 0.659325 0.751858 0
    outer loop
      vertex 5.1219 5.88338 0
      vertex 5.36777 5.66777 -7.4
      vertex 5.1219 5.88338 -7.4
    endloop
  endfacet
  facet normal 0.321452 -0.946926 0
    outer loop
      vertex 4.24705 1.48518 -7.4
      vertex 4.55671 1.5903 0
      vertex 4.24705 1.48518 0
    endloop
  endfacet
  facet normal 0.321452 -0.946926 0
    outer loop
      vertex 4.55671 1.5903 0
      vertex 4.24705 1.48518 -7.4
      vertex 4.55671 1.5903 -7.4
    endloop
  endfacet
  facet normal -0.0654088 0.997859 0
    outer loop
      vertex 3.6 6.4 -7.4
      vertex 3.27368 6.37861 0
      vertex 3.6 6.4 0
    endloop
  endfacet
  facet normal -0.0654088 0.997859 0
    outer loop
      vertex 3.27368 6.37861 0
      vertex 3.6 6.4 -7.4
      vertex 3.27368 6.37861 -7.4
    endloop
  endfacet
  facet normal -0.321452 -0.946926 0
    outer loop
      vertex 2.64329 1.5903 -7.4
      vertex 2.95295 1.48518 0
      vertex 2.64329 1.5903 0
    endloop
  endfacet
  facet normal -0.321452 -0.946926 -0
    outer loop
      vertex 2.95295 1.48518 0
      vertex 2.64329 1.5903 -7.4
      vertex 2.95295 1.48518 -7.4
    endloop
  endfacet
  facet normal -0.442302 -0.896866 0
    outer loop
      vertex 2.35 1.73494 -7.4
      vertex 2.64329 1.5903 0
      vertex 2.35 1.73494 0
    endloop
  endfacet
  facet normal -0.442302 -0.896866 -0
    outer loop
      vertex 2.64329 1.5903 0
      vertex 2.35 1.73494 -7.4
      vertex 2.64329 1.5903 -7.4
    endloop
  endfacet
  facet normal 0.321425 0.946935 -0
    outer loop
      vertex 4.55671 6.2097 -7.4
      vertex 4.24705 6.31481 0
      vertex 4.55671 6.2097 0
    endloop
  endfacet
  facet normal 0.321425 0.946935 0
    outer loop
      vertex 4.24705 6.31481 0
      vertex 4.55671 6.2097 -7.4
      vertex 4.24705 6.31481 -7.4
    endloop
  endfacet
  facet normal 0.896866 -0.442302 0
    outer loop
      vertex 5.76506 2.65 0
      vertex 5.9097 2.94329 -7.4
      vertex 5.9097 2.94329 0
    endloop
  endfacet
  facet normal 0.896866 -0.442302 0
    outer loop
      vertex 5.9097 2.94329 -7.4
      vertex 5.76506 2.65 0
      vertex 5.76506 2.65 -7.4
    endloop
  endfacet
  facet normal -0.997858 0.0654108 0
    outer loop
      vertex 1.1 3.9 -7.4
      vertex 1.12139 4.22631 0
      vertex 1.12139 4.22631 -7.4
    endloop
  endfacet
  facet normal -0.997858 0.0654108 0
    outer loop
      vertex 1.12139 4.22631 0
      vertex 1.1 3.9 -7.4
      vertex 1.1 3.9 0
    endloop
  endfacet
  facet normal -0.659325 0.751858 0
    outer loop
      vertex 2.0781 5.88338 -7.4
      vertex 1.83223 5.66777 0
      vertex 2.0781 5.88338 0
    endloop
  endfacet
  facet normal -0.659325 0.751858 0
    outer loop
      vertex 1.83223 5.66777 0
      vertex 2.0781 5.88338 -7.4
      vertex 1.83223 5.66777 -7.4
    endloop
  endfacet
  facet normal -0.896866 -0.442302 0
    outer loop
      vertex 1.43494 2.65 -7.4
      vertex 1.2903 2.94329 0
      vertex 1.2903 2.94329 -7.4
    endloop
  endfacet
  facet normal -0.896866 -0.442302 0
    outer loop
      vertex 1.2903 2.94329 0
      vertex 1.43494 2.65 -7.4
      vertex 1.43494 2.65 0
    endloop
  endfacet
  facet normal -0.321425 0.946935 0
    outer loop
      vertex 2.95295 6.31481 -7.4
      vertex 2.64329 6.2097 0
      vertex 2.95295 6.31481 0
    endloop
  endfacet
  facet normal -0.321425 0.946935 0
    outer loop
      vertex 2.64329 6.2097 0
      vertex 2.95295 6.31481 -7.4
      vertex 2.64329 6.2097 -7.4
    endloop
  endfacet
  facet normal 0.997859 -0.0654088 0
    outer loop
      vertex 6.07861 3.57368 0
      vertex 6.1 3.9 -7.4
      vertex 6.1 3.9 0
    endloop
  endfacet
  facet normal 0.997859 -0.0654088 0
    outer loop
      vertex 6.1 3.9 -7.4
      vertex 6.07861 3.57368 0
      vertex 6.07861 3.57368 -7.4
    endloop
  endfacet
  facet normal 0.896866 0.442302 0
    outer loop
      vertex 5.9097 4.85671 0
      vertex 5.76506 5.15 -7.4
      vertex 5.76506 5.15 0
    endloop
  endfacet
  facet normal 0.896866 0.442302 0
    outer loop
      vertex 5.76506 5.15 -7.4
      vertex 5.9097 4.85671 0
      vertex 5.9097 4.85671 -7.4
    endloop
  endfacet
  facet normal 0.195069 -0.980789 0
    outer loop
      vertex 3.92632 1.42139 -7.4
      vertex 4.24705 1.48518 0
      vertex 3.92632 1.42139 0
    endloop
  endfacet
  facet normal 0.195069 -0.980789 0
    outer loop
      vertex 4.24705 1.48518 0
      vertex 3.92632 1.42139 -7.4
      vertex 4.24705 1.48518 -7.4
    endloop
  endfacet
  facet normal 0.831466 0.555575 0
    outer loop
      vertex 5.76506 5.15 0
      vertex 5.58338 5.4219 -7.4
      vertex 5.58338 5.4219 0
    endloop
  endfacet
  facet normal 0.831466 0.555575 0
    outer loop
      vertex 5.58338 5.4219 -7.4
      vertex 5.76506 5.15 0
      vertex 5.76506 5.15 -7.4
    endloop
  endfacet
  facet normal -0.751858 0.659325 0
    outer loop
      vertex 1.61662 5.4219 -7.4
      vertex 1.83223 5.66777 0
      vertex 1.83223 5.66777 -7.4
    endloop
  endfacet
  facet normal -0.751858 0.659325 0
    outer loop
      vertex 1.83223 5.66777 0
      vertex 1.61662 5.4219 -7.4
      vertex 1.61662 5.4219 0
    endloop
  endfacet
  facet normal 0.555575 -0.831466 0
    outer loop
      vertex 4.85 1.73494 -7.4
      vertex 5.1219 1.91662 0
      vertex 4.85 1.73494 0
    endloop
  endfacet
  facet normal 0.555575 -0.831466 0
    outer loop
      vertex 5.1219 1.91662 0
      vertex 4.85 1.73494 -7.4
      vertex 5.1219 1.91662 -7.4
    endloop
  endfacet
  facet normal 0.980784 -0.195099 0
    outer loop
      vertex 6.01481 3.25295 0
      vertex 6.07861 3.57368 -7.4
      vertex 6.07861 3.57368 0
    endloop
  endfacet
  facet normal 0.980784 -0.195099 0
    outer loop
      vertex 6.07861 3.57368 -7.4
      vertex 6.01481 3.25295 0
      vertex 6.01481 3.25295 -7.4
    endloop
  endfacet
  facet normal 0.831466 -0.555575 0
    outer loop
      vertex 5.58338 2.3781 0
      vertex 5.76506 2.65 -7.4
      vertex 5.76506 2.65 0
    endloop
  endfacet
  facet normal 0.831466 -0.555575 0
    outer loop
      vertex 5.76506 2.65 -7.4
      vertex 5.58338 2.3781 0
      vertex 5.58338 2.3781 -7.4
    endloop
  endfacet
  facet normal -0.442302 0.896866 0
    outer loop
      vertex 2.64329 6.2097 -7.4
      vertex 2.35 6.06506 0
      vertex 2.64329 6.2097 0
    endloop
  endfacet
  facet normal -0.442302 0.896866 0
    outer loop
      vertex 2.35 6.06506 0
      vertex 2.64329 6.2097 -7.4
      vertex 2.35 6.06506 -7.4
    endloop
  endfacet
  facet normal 0.946935 -0.321425 0
    outer loop
      vertex 5.9097 2.94329 0
      vertex 6.01481 3.25295 -7.4
      vertex 6.01481 3.25295 0
    endloop
  endfacet
  facet normal 0.946935 -0.321425 0
    outer loop
      vertex 6.01481 3.25295 -7.4
      vertex 5.9097 2.94329 0
      vertex 5.9097 2.94329 -7.4
    endloop
  endfacet
  facet normal 0.442302 -0.896866 0
    outer loop
      vertex 4.55671 1.5903 -7.4
      vertex 4.85 1.73494 0
      vertex 4.55671 1.5903 0
    endloop
  endfacet
  facet normal 0.442302 -0.896866 0
    outer loop
      vertex 4.85 1.73494 0
      vertex 4.55671 1.5903 -7.4
      vertex 4.85 1.73494 -7.4
    endloop
  endfacet
  facet normal -0.946935 0.321425 0
    outer loop
      vertex 1.18519 4.54705 -7.4
      vertex 1.2903 4.85671 0
      vertex 1.2903 4.85671 -7.4
    endloop
  endfacet
  facet normal -0.946935 0.321425 0
    outer loop
      vertex 1.2903 4.85671 0
      vertex 1.18519 4.54705 -7.4
      vertex 1.18519 4.54705 0
    endloop
  endfacet
  facet normal 0.0654088 -0.997859 0
    outer loop
      vertex 3.6 1.4 -7.4
      vertex 3.92632 1.42139 0
      vertex 3.6 1.4 0
    endloop
  endfacet
  facet normal 0.0654088 -0.997859 0
    outer loop
      vertex 3.92632 1.42139 0
      vertex 3.6 1.4 -7.4
      vertex 3.92632 1.42139 -7.4
    endloop
  endfacet
  facet normal -0.980785 0.195093 0
    outer loop
      vertex 1.12139 4.22631 -7.4
      vertex 1.18519 4.54705 0
      vertex 1.18519 4.54705 -7.4
    endloop
  endfacet
  facet normal -0.980785 0.195093 0
    outer loop
      vertex 1.18519 4.54705 0
      vertex 1.12139 4.22631 -7.4
      vertex 1.12139 4.22631 0
    endloop
  endfacet
  facet normal 0.442302 0.896866 -0
    outer loop
      vertex 4.85 6.06506 -7.4
      vertex 4.55671 6.2097 0
      vertex 4.85 6.06506 0
    endloop
  endfacet
  facet normal 0.442302 0.896866 0
    outer loop
      vertex 4.55671 6.2097 0
      vertex 4.85 6.06506 -7.4
      vertex 4.55671 6.2097 -7.4
    endloop
  endfacet
  facet normal 0 0 -1
    outer loop
      vertex 5.05 3.9 -7.4
      vertex 6.1 3.9 -7.4
      vertex 6.07861 3.57368 -7.4
    endloop
  endfacet
  facet normal 0 0 -1
    outer loop
      vertex 5.03759 3.71074 -7.4
      vertex 6.07861 3.57368 -7.4
      vertex 6.01481 3.25295 -7.4
    endloop
  endfacet
  facet normal 0 0 -1
    outer loop
      vertex 6.1 3.9 -7.4
      vertex 5.05 3.9 -7.4
      vertex 6.07861 4.22631 -7.4
    endloop
  endfacet
  facet normal 0 0 -1
    outer loop
      vertex 5.00059 3.52471 -7.4
      vertex 6.01481 3.25295 -7.4
      vertex 5.9097 2.94329 -7.4
    endloop
  endfacet
  facet normal 0 0 -1
    outer loop
      vertex 5.03759 4.08926 -7.4
      vertex 6.07861 4.22631 -7.4
      vertex 5.05 3.9 -7.4
    endloop
  endfacet
  facet normal 0 0 -1
    outer loop
      vertex 4.93962 3.34511 -7.4
      vertex 5.9097 2.94329 -7.4
      vertex 5.76506 2.65 -7.4
    endloop
  endfacet
  facet normal -0 0 -1
    outer loop
      vertex 6.07861 4.22631 -7.4
      vertex 5.03759 4.08926 -7.4
      vertex 6.01481 4.54705 -7.4
    endloop
  endfacet
  facet normal 0 0 -1
    outer loop
      vertex 4.85574 3.175 -7.4
      vertex 5.76506 2.65 -7.4
      vertex 5.58338 2.3781 -7.4
    endloop
  endfacet
  facet normal 0 0 -1
    outer loop
      vertex 5.00059 4.27529 -7.4
      vertex 6.01481 4.54705 -7.4
      vertex 5.03759 4.08926 -7.4
    endloop
  endfacet
  facet normal 0 0 -1
    outer loop
      vertex 4.75036 3.0173 -7.4
      vertex 5.58338 2.3781 -7.4
      vertex 5.36777 2.13223 -7.4
    endloop
  endfacet
  facet normal -0 0 -1
    outer loop
      vertex 6.01481 4.54705 -7.4
      vertex 5.00059 4.27529 -7.4
      vertex 5.9097 4.85671 -7.4
    endloop
  endfacet
  facet normal 0 0 -1
    outer loop
      vertex 4.6253 2.87469 -7.4
      vertex 5.36777 2.13223 -7.4
      vertex 5.1219 1.91662 -7.4
    endloop
  endfacet
  facet normal 0 0 -1
    outer loop
      vertex 4.93962 4.45489 -7.4
      vertex 5.9097 4.85671 -7.4
      vertex 5.00059 4.27529 -7.4
    endloop
  endfacet
  facet normal -0 0 -1
    outer loop
      vertex 5.9097 4.85671 -7.4
      vertex 4.93962 4.45489 -7.4
      vertex 5.76506 5.15 -7.4
    endloop
  endfacet
  facet normal 0 0 -1
    outer loop
      vertex 6.07861 3.57368 -7.4
      vertex 5.03759 3.71074 -7.4
      vertex 5.05 3.9 -7.4
    endloop
  endfacet
  facet normal 0 0 -1
    outer loop
      vertex 6.01481 3.25295 -7.4
      vertex 5.00059 3.52471 -7.4
      vertex 5.03759 3.71074 -7.4
    endloop
  endfacet
  facet normal 0 0 -1
    outer loop
      vertex 5.9097 2.94329 -7.4
      vertex 4.93962 3.34511 -7.4
      vertex 5.00059 3.52471 -7.4
    endloop
  endfacet
  facet normal 0 0 -1
    outer loop
      vertex 5.76506 2.65 -7.4
      vertex 4.85574 3.175 -7.4
      vertex 4.93962 3.34511 -7.4
    endloop
  endfacet
  facet normal 0 0 -1
    outer loop
      vertex 4.4827 2.74964 -7.4
      vertex 5.1219 1.91662 -7.4
      vertex 4.85 1.73494 -7.4
    endloop
  endfacet
  facet normal 0 0 -1
    outer loop
      vertex 5.58338 2.3781 -7.4
      vertex 4.75036 3.0173 -7.4
      vertex 4.85574 3.175 -7.4
    endloop
  endfacet
  facet normal 0 0 -1
    outer loop
      vertex 5.36777 2.13223 -7.4
      vertex 4.6253 2.87469 -7.4
      vertex 4.75036 3.0173 -7.4
    endloop
  endfacet
  facet normal 0 0 -1
    outer loop
      vertex 4.325 2.64426 -7.4
      vertex 4.85 1.73494 -7.4
      vertex 4.55671 1.5903 -7.4
    endloop
  endfacet
  facet normal 0 0 -1
    outer loop
      vertex 5.1219 1.91662 -7.4
      vertex 4.4827 2.74964 -7.4
      vertex 4.6253 2.87469 -7.4
    endloop
  endfacet
  facet normal 0 0 -1
    outer loop
      vertex 4.85 1.73494 -7.4
      vertex 4.325 2.64426 -7.4
      vertex 4.4827 2.74964 -7.4
    endloop
  endfacet
  facet normal 0 0 -1
    outer loop
      vertex 4.15489 2.56037 -7.4
      vertex 4.55671 1.5903 -7.4
      vertex 4.24705 1.48518 -7.4
    endloop
  endfacet
  facet normal 0 0 -1
    outer loop
      vertex 4.55671 1.5903 -7.4
      vertex 4.15489 2.56037 -7.4
      vertex 4.325 2.64426 -7.4
    endloop
  endfacet
  facet normal 0 0 -1
    outer loop
      vertex 4.24705 1.48518 -7.4
      vertex 3.97529 2.49941 -7.4
      vertex 4.15489 2.56037 -7.4
    endloop
  endfacet
  facet normal 0 0 -1
    outer loop
      vertex 3.92632 1.42139 -7.4
      vertex 3.97529 2.49941 -7.4
      vertex 4.24705 1.48518 -7.4
    endloop
  endfacet
  facet normal 0 0 -1
    outer loop
      vertex 3.92632 1.42139 -7.4
      vertex 3.78926 2.4624 -7.4
      vertex 3.97529 2.49941 -7.4
    endloop
  endfacet
  facet normal 0 0 -1
    outer loop
      vertex 3.6 1.4 -7.4
      vertex 3.78926 2.4624 -7.4
      vertex 3.92632 1.42139 -7.4
    endloop
  endfacet
  facet normal 0 0 -1
    outer loop
      vertex 3.6 1.4 -7.4
      vertex 3.6 2.45 -7.4
      vertex 3.78926 2.4624 -7.4
    endloop
  endfacet
  facet normal 0 0 -1
    outer loop
      vertex 3.6 1.4 -7.4
      vertex 3.41074 2.4624 -7.4
      vertex 3.6 2.45 -7.4
    endloop
  endfacet
  facet normal 0 0 -1
    outer loop
      vertex 3.27368 1.42139 -7.4
      vertex 3.41074 2.4624 -7.4
      vertex 3.6 1.4 -7.4
    endloop
  endfacet
  facet normal 0 0 -1
    outer loop
      vertex 3.27368 1.42139 -7.4
      vertex 3.22471 2.49941 -7.4
      vertex 3.41074 2.4624 -7.4
    endloop
  endfacet
  facet normal 0 0 -1
    outer loop
      vertex 2.95295 1.48518 -7.4
      vertex 3.22471 2.49941 -7.4
      vertex 3.27368 1.42139 -7.4
    endloop
  endfacet
  facet normal -0 0 -1
    outer loop
      vertex 3.22471 2.49941 -7.4
      vertex 2.95295 1.48518 -7.4
      vertex 3.04511 2.56037 -7.4
    endloop
  endfacet
  facet normal 0 0 -1
    outer loop
      vertex 2.64329 1.5903 -7.4
      vertex 3.04511 2.56037 -7.4
      vertex 2.95295 1.48518 -7.4
    endloop
  endfacet
  facet normal -0 0 -1
    outer loop
      vertex 3.04511 2.56037 -7.4
      vertex 2.64329 1.5903 -7.4
      vertex 2.875 2.64426 -7.4
    endloop
  endfacet
  facet normal 0 0 -1
    outer loop
      vertex 2.35 1.73494 -7.4
      vertex 2.875 2.64426 -7.4
      vertex 2.64329 1.5903 -7.4
    endloop
  endfacet
  facet normal -0 0 -1
    outer loop
      vertex 2.875 2.64426 -7.4
      vertex 2.35 1.73494 -7.4
      vertex 2.7173 2.74964 -7.4
    endloop
  endfacet
  facet normal 0 0 -1
    outer loop
      vertex 2.0781 1.91662 -7.4
      vertex 2.7173 2.74964 -7.4
      vertex 2.35 1.73494 -7.4
    endloop
  endfacet
  facet normal -0 0 -1
    outer loop
      vertex 2.7173 2.74964 -7.4
      vertex 2.0781 1.91662 -7.4
      vertex 2.57469 2.87469 -7.4
    endloop
  endfacet
  facet normal 0 0 -1
    outer loop
      vertex 1.83223 2.13223 -7.4
      vertex 2.57469 2.87469 -7.4
      vertex 2.0781 1.91662 -7.4
    endloop
  endfacet
  facet normal -0 0 -1
    outer loop
      vertex 2.57469 2.87469 -7.4
      vertex 1.83223 2.13223 -7.4
      vertex 2.44964 3.0173 -7.4
    endloop
  endfacet
  facet normal 0 0 -1
    outer loop
      vertex 1.61662 2.3781 -7.4
      vertex 2.44964 3.0173 -7.4
      vertex 1.83223 2.13223 -7.4
    endloop
  endfacet
  facet normal -0 0 -1
    outer loop
      vertex 2.44964 3.0173 -7.4
      vertex 1.61662 2.3781 -7.4
      vertex 2.34426 3.175 -7.4
    endloop
  endfacet
  facet normal -0 0 -1
    outer loop
      vertex 2.34426 3.175 -7.4
      vertex 1.43494 2.65 -7.4
      vertex 2.26037 3.34511 -7.4
    endloop
  endfacet
  facet normal 0 0 -1
    outer loop
      vertex 1.43494 2.65 -7.4
      vertex 2.34426 3.175 -7.4
      vertex 1.61662 2.3781 -7.4
    endloop
  endfacet
  facet normal 0 0 -1
    outer loop
      vertex 4.85574 4.625 -7.4
      vertex 5.76506 5.15 -7.4
      vertex 4.93962 4.45489 -7.4
    endloop
  endfacet
  facet normal -0 0 -1
    outer loop
      vertex 5.76506 5.15 -7.4
      vertex 4.85574 4.625 -7.4
      vertex 5.58338 5.4219 -7.4
    endloop
  endfacet
  facet normal 0 0 -1
    outer loop
      vertex 4.75036 4.7827 -7.4
      vertex 5.58338 5.4219 -7.4
      vertex 4.85574 4.625 -7.4
    endloop
  endfacet
  facet normal -0 0 -1
    outer loop
      vertex 5.58338 5.4219 -7.4
      vertex 4.75036 4.7827 -7.4
      vertex 5.36777 5.66777 -7.4
    endloop
  endfacet
  facet normal 0 0 -1
    outer loop
      vertex 4.6253 4.9253 -7.4
      vertex 5.36777 5.66777 -7.4
      vertex 4.75036 4.7827 -7.4
    endloop
  endfacet
  facet normal -0 0 -1
    outer loop
      vertex 5.36777 5.66777 -7.4
      vertex 4.6253 4.9253 -7.4
      vertex 5.1219 5.88338 -7.4
    endloop
  endfacet
  facet normal 0 0 -1
    outer loop
      vertex 4.4827 5.05036 -7.4
      vertex 5.1219 5.88338 -7.4
      vertex 4.6253 4.9253 -7.4
    endloop
  endfacet
  facet normal -0 0 -1
    outer loop
      vertex 5.1219 5.88338 -7.4
      vertex 4.4827 5.05036 -7.4
      vertex 4.85 6.06506 -7.4
    endloop
  endfacet
  facet normal 0 0 -1
    outer loop
      vertex 4.325 5.15574 -7.4
      vertex 4.85 6.06506 -7.4
      vertex 4.4827 5.05036 -7.4
    endloop
  endfacet
  facet normal -0 0 -1
    outer loop
      vertex 4.85 6.06506 -7.4
      vertex 4.325 5.15574 -7.4
      vertex 4.55671 6.2097 -7.4
    endloop
  endfacet
  facet normal 0 0 -1
    outer loop
      vertex 4.15489 5.23962 -7.4
      vertex 4.55671 6.2097 -7.4
      vertex 4.325 5.15574 -7.4
    endloop
  endfacet
  facet normal -0 0 -1
    outer loop
      vertex 4.55671 6.2097 -7.4
      vertex 4.15489 5.23962 -7.4
      vertex 4.24705 6.31481 -7.4
    endloop
  endfacet
  facet normal 0 0 -1
    outer loop
      vertex 3.97529 5.30059 -7.4
      vertex 4.24705 6.31481 -7.4
      vertex 4.15489 5.23962 -7.4
    endloop
  endfacet
  facet normal 0 0 -1
    outer loop
      vertex 3.97529 5.30059 -7.4
      vertex 3.92632 6.37861 -7.4
      vertex 4.24705 6.31481 -7.4
    endloop
  endfacet
  facet normal 0 0 -1
    outer loop
      vertex 3.78926 5.33759 -7.4
      vertex 3.92632 6.37861 -7.4
      vertex 3.97529 5.30059 -7.4
    endloop
  endfacet
  facet normal 0 0 -1
    outer loop
      vertex 3.6 5.35 -7.4
      vertex 3.92632 6.37861 -7.4
      vertex 3.78926 5.33759 -7.4
    endloop
  endfacet
  facet normal 0 0 -1
    outer loop
      vertex 3.6 5.35 -7.4
      vertex 3.6 6.4 -7.4
      vertex 3.92632 6.37861 -7.4
    endloop
  endfacet
  facet normal 0 0 -1
    outer loop
      vertex 3.41074 5.33759 -7.4
      vertex 3.6 6.4 -7.4
      vertex 3.6 5.35 -7.4
    endloop
  endfacet
  facet normal 0 0 -1
    outer loop
      vertex 3.41074 5.33759 -7.4
      vertex 3.27368 6.37861 -7.4
      vertex 3.6 6.4 -7.4
    endloop
  endfacet
  facet normal 0 0 -1
    outer loop
      vertex 3.22471 5.30059 -7.4
      vertex 3.27368 6.37861 -7.4
      vertex 3.41074 5.33759 -7.4
    endloop
  endfacet
  facet normal 0 0 -1
    outer loop
      vertex 2.95295 6.31481 -7.4
      vertex 3.22471 5.30059 -7.4
      vertex 3.04511 5.23962 -7.4
    endloop
  endfacet
  facet normal 0 0 -1
    outer loop
      vertex 3.22471 5.30059 -7.4
      vertex 2.95295 6.31481 -7.4
      vertex 3.27368 6.37861 -7.4
    endloop
  endfacet
  facet normal 0 0 -1
    outer loop
      vertex 2.64329 6.2097 -7.4
      vertex 3.04511 5.23962 -7.4
      vertex 2.875 5.15574 -7.4
    endloop
  endfacet
  facet normal 0 0 -1
    outer loop
      vertex 2.35 6.06506 -7.4
      vertex 2.875 5.15574 -7.4
      vertex 2.7173 5.05036 -7.4
    endloop
  endfacet
  facet normal 0 0 -1
    outer loop
      vertex 3.04511 5.23962 -7.4
      vertex 2.64329 6.2097 -7.4
      vertex 2.95295 6.31481 -7.4
    endloop
  endfacet
  facet normal 0 0 -1
    outer loop
      vertex 2.0781 5.88338 -7.4
      vertex 2.7173 5.05036 -7.4
      vertex 2.57469 4.9253 -7.4
    endloop
  endfacet
  facet normal 0 0 -1
    outer loop
      vertex 1.83223 5.66777 -7.4
      vertex 2.57469 4.9253 -7.4
      vertex 2.44964 4.7827 -7.4
    endloop
  endfacet
  facet normal 0 0 -1
    outer loop
      vertex 2.875 5.15574 -7.4
      vertex 2.35 6.06506 -7.4
      vertex 2.64329 6.2097 -7.4
    endloop
  endfacet
  facet normal 0 0 -1
    outer loop
      vertex 1.61662 5.4219 -7.4
      vertex 2.44964 4.7827 -7.4
      vertex 2.34426 4.625 -7.4
    endloop
  endfacet
  facet normal 0 0 -1
    outer loop
      vertex 1.43494 5.15 -7.4
      vertex 2.34426 4.625 -7.4
      vertex 2.26037 4.45489 -7.4
    endloop
  endfacet
  facet normal 0 0 -1
    outer loop
      vertex 1.2903 4.85671 -7.4
      vertex 2.26037 4.45489 -7.4
      vertex 2.19941 4.27529 -7.4
    endloop
  endfacet
  facet normal 0 0 -1
    outer loop
      vertex 1.18519 4.54705 -7.4
      vertex 2.19941 4.27529 -7.4
      vertex 2.1624 4.08926 -7.4
    endloop
  endfacet
  facet normal 0 0 -1
    outer loop
      vertex 2.7173 5.05036 -7.4
      vertex 2.0781 5.88338 -7.4
      vertex 2.35 6.06506 -7.4
    endloop
  endfacet
  facet normal 0 0 -1
    outer loop
      vertex 1.12139 4.22631 -7.4
      vertex 2.1624 4.08926 -7.4
      vertex 2.15 3.9 -7.4
    endloop
  endfacet
  facet normal 0 0 -1
    outer loop
      vertex 1.2903 2.94329 -7.4
      vertex 2.26037 3.34511 -7.4
      vertex 1.43494 2.65 -7.4
    endloop
  endfacet
  facet normal -0 0 -1
    outer loop
      vertex 2.26037 3.34511 -7.4
      vertex 1.2903 2.94329 -7.4
      vertex 2.19941 3.52471 -7.4
    endloop
  endfacet
  facet normal 0 0 -1
    outer loop
      vertex 2.57469 4.9253 -7.4
      vertex 1.83223 5.66777 -7.4
      vertex 2.0781 5.88338 -7.4
    endloop
  endfacet
  facet normal 0 0 -1
    outer loop
      vertex 1.18519 3.25295 -7.4
      vertex 2.19941 3.52471 -7.4
      vertex 1.2903 2.94329 -7.4
    endloop
  endfacet
  facet normal 0 0 -1
    outer loop
      vertex 2.44964 4.7827 -7.4
      vertex 1.61662 5.4219 -7.4
      vertex 1.83223 5.66777 -7.4
    endloop
  endfacet
  facet normal -0 0 -1
    outer loop
      vertex 2.19941 3.52471 -7.4
      vertex 1.18519 3.25295 -7.4
      vertex 2.1624 3.71074 -7.4
    endloop
  endfacet
  facet normal 0 0 -1
    outer loop
      vertex 2.34426 4.625 -7.4
      vertex 1.43494 5.15 -7.4
      vertex 1.61662 5.4219 -7.4
    endloop
  endfacet
  facet normal 0 0 -1
    outer loop
      vertex 1.12139 3.57368 -7.4
      vertex 2.1624 3.71074 -7.4
      vertex 1.18519 3.25295 -7.4
    endloop
  endfacet
  facet normal 0 0 -1
    outer loop
      vertex 2.26037 4.45489 -7.4
      vertex 1.2903 4.85671 -7.4
      vertex 1.43494 5.15 -7.4
    endloop
  endfacet
  facet normal -0 0 -1
    outer loop
      vertex 2.1624 3.71074 -7.4
      vertex 1.12139 3.57368 -7.4
      vertex 2.15 3.9 -7.4
    endloop
  endfacet
  facet normal 0 0 -1
    outer loop
      vertex 2.19941 4.27529 -7.4
      vertex 1.18519 4.54705 -7.4
      vertex 1.2903 4.85671 -7.4
    endloop
  endfacet
  facet normal 0 0 -1
    outer loop
      vertex 1.1 3.9 -7.4
      vertex 2.15 3.9 -7.4
      vertex 1.12139 3.57368 -7.4
    endloop
  endfacet
  facet normal 0 0 -1
    outer loop
      vertex 2.1624 4.08926 -7.4
      vertex 1.12139 4.22631 -7.4
      vertex 1.18519 4.54705 -7.4
    endloop
  endfacet
  facet normal 0 0 -1
    outer loop
      vertex 2.15 3.9 -7.4
      vertex 1.1 3.9 -7.4
      vertex 1.12139 4.22631 -7.4
    endloop
  endfacet
  facet normal 0.751858 0.659325 0
    outer loop
      vertex 5.58338 5.4219 0
      vertex 5.36777 5.66777 -7.4
      vertex 5.36777 5.66777 0
    endloop
  endfacet
  facet normal 0.751858 0.659325 0
    outer loop
      vertex 5.36777 5.66777 -7.4
      vertex 5.58338 5.4219 0
      vertex 5.58338 5.4219 -7.4
    endloop
  endfacet
  facet normal 0.946935 0.321425 0
    outer loop
      vertex 6.01481 4.54705 0
      vertex 5.9097 4.85671 -7.4
      vertex 5.9097 4.85671 0
    endloop
  endfacet
  facet normal 0.946935 0.321425 0
    outer loop
      vertex 5.9097 4.85671 -7.4
      vertex 6.01481 4.54705 0
      vertex 6.01481 4.54705 -7.4
    endloop
  endfacet
  facet normal -0.555575 -0.831466 0
    outer loop
      vertex 2.0781 1.91662 -7.4
      vertex 2.35 1.73494 0
      vertex 2.0781 1.91662 0
    endloop
  endfacet
  facet normal -0.555575 -0.831466 -0
    outer loop
      vertex 2.35 1.73494 0
      vertex 2.0781 1.91662 -7.4
      vertex 2.35 1.73494 -7.4
    endloop
  endfacet
  facet normal -0.195099 0.980784 0
    outer loop
      vertex 3.27368 6.37861 -7.4
      vertex 2.95295 6.31481 0
      vertex 3.27368 6.37861 0
    endloop
  endfacet
  facet normal -0.195099 0.980784 0
    outer loop
      vertex 2.95295 6.31481 0
      vertex 3.27368 6.37861 -7.4
      vertex 2.95295 6.31481 -7.4
    endloop
  endfacet
  facet normal 0.195099 0.980784 -0
    outer loop
      vertex 4.24705 6.31481 -7.4
      vertex 3.92632 6.37861 0
      vertex 4.24705 6.31481 0
    endloop
  endfacet
  facet normal 0.195099 0.980784 0
    outer loop
      vertex 3.92632 6.37861 0
      vertex 4.24705 6.31481 -7.4
      vertex 3.92632 6.37861 -7.4
    endloop
  endfacet
  facet normal -0.555575 0.831466 0
    outer loop
      vertex 2.35 6.06506 -7.4
      vertex 2.0781 5.88338 0
      vertex 2.35 6.06506 0
    endloop
  endfacet
  facet normal -0.555575 0.831466 0
    outer loop
      vertex 2.0781 5.88338 0
      vertex 2.35 6.06506 -7.4
      vertex 2.0781 5.88338 -7.4
    endloop
  endfacet
  facet normal -0.751858 -0.659325 0
    outer loop
      vertex 1.83223 2.13223 -7.4
      vertex 1.61662 2.3781 0
      vertex 1.61662 2.3781 -7.4
    endloop
  endfacet
  facet normal -0.751858 -0.659325 0
    outer loop
      vertex 1.61662 2.3781 0
      vertex 1.83223 2.13223 -7.4
      vertex 1.83223 2.13223 0
    endloop
  endfacet
  facet normal 0.0654088 0.997859 -0
    outer loop
      vertex 3.92632 6.37861 -7.4
      vertex 3.6 6.4 0
      vertex 3.92632 6.37861 0
    endloop
  endfacet
  facet normal 0.0654088 0.997859 0
    outer loop
      vertex 3.6 6.4 0
      vertex 3.92632 6.37861 -7.4
      vertex 3.6 6.4 -7.4
    endloop
  endfacet
  facet normal 0.659325 -0.751858 0
    outer loop
      vertex 5.1219 1.91662 -7.4
      vertex 5.36777 2.13223 0
      vertex 5.1219 1.91662 0
    endloop
  endfacet
  facet normal 0.659325 -0.751858 0
    outer loop
      vertex 5.36777 2.13223 0
      vertex 5.1219 1.91662 -7.4
      vertex 5.36777 2.13223 -7.4
    endloop
  endfacet
  facet normal -0.831466 0.555575 0
    outer loop
      vertex 1.43494 5.15 -7.4
      vertex 1.61662 5.4219 0
      vertex 1.61662 5.4219 -7.4
    endloop
  endfacet
  facet normal -0.831466 0.555575 0
    outer loop
      vertex 1.61662 5.4219 0
      vertex 1.43494 5.15 -7.4
      vertex 1.43494 5.15 0
    endloop
  endfacet
  facet normal -0.0654088 -0.997859 0
    outer loop
      vertex 3.27368 1.42139 -7.4
      vertex 3.6 1.4 0
      vertex 3.27368 1.42139 0
    endloop
  endfacet
  facet normal -0.0654088 -0.997859 -0
    outer loop
      vertex 3.6 1.4 0
      vertex 3.27368 1.42139 -7.4
      vertex 3.6 1.4 -7.4
    endloop
  endfacet
  facet normal -0.659325 -0.751858 0
    outer loop
      vertex 1.83223 2.13223 -7.4
      vertex 2.0781 1.91662 0
      vertex 1.83223 2.13223 0
    endloop
  endfacet
  facet normal -0.659325 -0.751858 -0
    outer loop
      vertex 2.0781 1.91662 0
      vertex 1.83223 2.13223 -7.4
      vertex 2.0781 1.91662 -7.4
    endloop
  endfacet
  facet normal -0.831466 -0.555575 0
    outer loop
      vertex 1.61662 2.3781 -7.4
      vertex 1.43494 2.65 0
      vertex 1.43494 2.65 -7.4
    endloop
  endfacet
  facet normal -0.831466 -0.555575 0
    outer loop
      vertex 1.43494 2.65 0
      vertex 1.61662 2.3781 -7.4
      vertex 1.61662 2.3781 0
    endloop
  endfacet
  facet normal -0.896921 -0.442191 0
    outer loop
      vertex 38.0349 25.65 -7.4
      vertex 37.8903 25.9433 0
      vertex 37.8903 25.9433 -7.4
    endloop
  endfacet
  facet normal -0.896921 -0.442191 0
    outer loop
      vertex 37.8903 25.9433 0
      vertex 38.0349 25.65 -7.4
      vertex 38.0349 25.65 0
    endloop
  endfacet
  facet normal 0.32136 -0.946957 0
    outer loop
      vertex 40.847 24.4852 -7.4
      vertex 41.1567 24.5903 0
      vertex 40.847 24.4852 0
    endloop
  endfacet
  facet normal 0.32136 -0.946957 0
    outer loop
      vertex 41.1567 24.5903 0
      vertex 40.847 24.4852 -7.4
      vertex 41.1567 24.5903 -7.4
    endloop
  endfacet
  facet normal 0.98078 0.195116 0
    outer loop
      vertex 42.6786 27.2263 0
      vertex 42.6148 27.547 -7.4
      vertex 42.6148 27.547 0
    endloop
  endfacet
  facet normal 0.98078 0.195116 0
    outer loop
      vertex 42.6148 27.547 -7.4
      vertex 42.6786 27.2263 0
      vertex 42.6786 27.2263 -7.4
    endloop
  endfacet
  facet normal 0.997856 0.0654432 0
    outer loop
      vertex 42.7 26.9 0
      vertex 42.6786 27.2263 -7.4
      vertex 42.6786 27.2263 0
    endloop
  endfacet
  facet normal 0.997856 0.0654432 0
    outer loop
      vertex 42.6786 27.2263 -7.4
      vertex 42.7 26.9 0
      vertex 42.7 26.9 -7.4
    endloop
  endfacet
  facet normal 0.946957 0.32136 0
    outer loop
      vertex 42.6148 27.547 0
      vertex 42.5097 27.8567 -7.4
      vertex 42.5097 27.8567 0
    endloop
  endfacet
  facet normal 0.946957 0.32136 0
    outer loop
      vertex 42.5097 27.8567 -7.4
      vertex 42.6148 27.547 0
      vertex 42.6148 27.547 -7.4
    endloop
  endfacet
  facet normal 0.831438 0.555617 0
    outer loop
      vertex 42.3651 28.15 0
      vertex 42.1834 28.4219 -7.4
      vertex 42.1834 28.4219 0
    endloop
  endfacet
  facet normal 0.831438 0.555617 0
    outer loop
      vertex 42.1834 28.4219 -7.4
      vertex 42.3651 28.15 0
      vertex 42.3651 28.15 -7.4
    endloop
  endfacet
  facet normal -0.32136 0.946957 0
    outer loop
      vertex 39.553 29.3148 -7.4
      vertex 39.2433 29.2097 0
      vertex 39.553 29.3148 0
    endloop
  endfacet
  facet normal -0.32136 0.946957 0
    outer loop
      vertex 39.2433 29.2097 0
      vertex 39.553 29.3148 -7.4
      vertex 39.2433 29.2097 -7.4
    endloop
  endfacet
  facet normal 0.32136 0.946957 -0
    outer loop
      vertex 41.1567 29.2097 -7.4
      vertex 40.847 29.3148 0
      vertex 41.1567 29.2097 0
    endloop
  endfacet
  facet normal 0.32136 0.946957 0
    outer loop
      vertex 40.847 29.3148 0
      vertex 41.1567 29.2097 -7.4
      vertex 40.847 29.3148 -7.4
    endloop
  endfacet
  facet normal -0.997856 0.0654432 0
    outer loop
      vertex 37.7 26.9 -7.4
      vertex 37.7214 27.2263 0
      vertex 37.7214 27.2263 -7.4
    endloop
  endfacet
  facet normal -0.997856 0.0654432 0
    outer loop
      vertex 37.7214 27.2263 0
      vertex 37.7 26.9 -7.4
      vertex 37.7 26.9 0
    endloop
  endfacet
  facet normal -0.997856 -0.0654432 0
    outer loop
      vertex 37.7214 26.5737 -7.4
      vertex 37.7 26.9 0
      vertex 37.7 26.9 -7.4
    endloop
  endfacet
  facet normal -0.997856 -0.0654432 0
    outer loop
      vertex 37.7 26.9 0
      vertex 37.7214 26.5737 -7.4
      vertex 37.7214 26.5737 0
    endloop
  endfacet
  facet normal 0.896921 0.442191 0
    outer loop
      vertex 42.5097 27.8567 0
      vertex 42.3651 28.15 -7.4
      vertex 42.3651 28.15 0
    endloop
  endfacet
  facet normal 0.896921 0.442191 0
    outer loop
      vertex 42.3651 28.15 -7.4
      vertex 42.5097 27.8567 0
      vertex 42.5097 27.8567 -7.4
    endloop
  endfacet
  facet normal -0.946957 -0.32136 0
    outer loop
      vertex 37.8903 25.9433 -7.4
      vertex 37.7852 26.253 0
      vertex 37.7852 26.253 -7.4
    endloop
  endfacet
  facet normal -0.946957 -0.32136 0
    outer loop
      vertex 37.7852 26.253 0
      vertex 37.8903 25.9433 -7.4
      vertex 37.8903 25.9433 0
    endloop
  endfacet
  facet normal 0.997856 -0.0654432 0
    outer loop
      vertex 42.6786 26.5737 0
      vertex 42.7 26.9 -7.4
      vertex 42.7 26.9 0
    endloop
  endfacet
  facet normal 0.997856 -0.0654432 0
    outer loop
      vertex 42.7 26.9 -7.4
      vertex 42.6786 26.5737 0
      vertex 42.6786 26.5737 -7.4
    endloop
  endfacet
  facet normal -0.442191 -0.896921 0
    outer loop
      vertex 38.95 24.7349 -7.4
      vertex 39.2433 24.5903 0
      vertex 38.95 24.7349 0
    endloop
  endfacet
  facet normal -0.442191 -0.896921 -0
    outer loop
      vertex 39.2433 24.5903 0
      vertex 38.95 24.7349 -7.4
      vertex 39.2433 24.5903 -7.4
    endloop
  endfacet
  facet normal 0 0 -1
    outer loop
      vertex 41.65 26.9 -7.4
      vertex 42.7 26.9 -7.4
      vertex 42.6786 26.5737 -7.4
    endloop
  endfacet
  facet normal 0 0 -1
    outer loop
      vertex 41.6376 26.7107 -7.4
      vertex 42.6786 26.5737 -7.4
      vertex 42.6148 26.253 -7.4
    endloop
  endfacet
  facet normal 0 0 -1
    outer loop
      vertex 42.7 26.9 -7.4
      vertex 41.65 26.9 -7.4
      vertex 42.6786 27.2263 -7.4
    endloop
  endfacet
  facet normal 0 0 -1
    outer loop
      vertex 41.6006 26.5247 -7.4
      vertex 42.6148 26.253 -7.4
      vertex 42.5097 25.9433 -7.4
    endloop
  endfacet
  facet normal 0 0 -1
    outer loop
      vertex 41.6376 27.0893 -7.4
      vertex 42.6786 27.2263 -7.4
      vertex 41.65 26.9 -7.4
    endloop
  endfacet
  facet normal 0 0 -1
    outer loop
      vertex 41.5396 26.3451 -7.4
      vertex 42.5097 25.9433 -7.4
      vertex 42.3651 25.65 -7.4
    endloop
  endfacet
  facet normal -0 0 -1
    outer loop
      vertex 42.6786 27.2263 -7.4
      vertex 41.6376 27.0893 -7.4
      vertex 42.6148 27.547 -7.4
    endloop
  endfacet
  facet normal 0 0 -1
    outer loop
      vertex 41.4557 26.175 -7.4
      vertex 42.3651 25.65 -7.4
      vertex 42.1834 25.3781 -7.4
    endloop
  endfacet
  facet normal 0 0 -1
    outer loop
      vertex 41.6006 27.2753 -7.4
      vertex 42.6148 27.547 -7.4
      vertex 41.6376 27.0893 -7.4
    endloop
  endfacet
  facet normal 0 0 -1
    outer loop
      vertex 41.3504 26.0173 -7.4
      vertex 42.1834 25.3781 -7.4
      vertex 41.9678 25.1322 -7.4
    endloop
  endfacet
  facet normal -0 0 -1
    outer loop
      vertex 42.6148 27.547 -7.4
      vertex 41.6006 27.2753 -7.4
      vertex 42.5097 27.8567 -7.4
    endloop
  endfacet
  facet normal 0 0 -1
    outer loop
      vertex 41.2253 25.8747 -7.4
      vertex 41.9678 25.1322 -7.4
      vertex 41.7219 24.9166 -7.4
    endloop
  endfacet
  facet normal 0 0 -1
    outer loop
      vertex 41.5396 27.4549 -7.4
      vertex 42.5097 27.8567 -7.4
      vertex 41.6006 27.2753 -7.4
    endloop
  endfacet
  facet normal -0 0 -1
    outer loop
      vertex 42.5097 27.8567 -7.4
      vertex 41.5396 27.4549 -7.4
      vertex 42.3651 28.15 -7.4
    endloop
  endfacet
  facet normal 0 0 -1
    outer loop
      vertex 42.6786 26.5737 -7.4
      vertex 41.6376 26.7107 -7.4
      vertex 41.65 26.9 -7.4
    endloop
  endfacet
  facet normal 0 0 -1
    outer loop
      vertex 42.6148 26.253 -7.4
      vertex 41.6006 26.5247 -7.4
      vertex 41.6376 26.7107 -7.4
    endloop
  endfacet
  facet normal 0 0 -1
    outer loop
      vertex 42.5097 25.9433 -7.4
      vertex 41.5396 26.3451 -7.4
      vertex 41.6006 26.5247 -7.4
    endloop
  endfacet
  facet normal 0 0 -1
    outer loop
      vertex 42.3651 25.65 -7.4
      vertex 41.4557 26.175 -7.4
      vertex 41.5396 26.3451 -7.4
    endloop
  endfacet
  facet normal 0 0 -1
    outer loop
      vertex 41.0827 25.7496 -7.4
      vertex 41.7219 24.9166 -7.4
      vertex 41.45 24.7349 -7.4
    endloop
  endfacet
  facet normal 0 0 -1
    outer loop
      vertex 42.1834 25.3781 -7.4
      vertex 41.3504 26.0173 -7.4
      vertex 41.4557 26.175 -7.4
    endloop
  endfacet
  facet normal 0 0 -1
    outer loop
      vertex 41.9678 25.1322 -7.4
      vertex 41.2253 25.8747 -7.4
      vertex 41.3504 26.0173 -7.4
    endloop
  endfacet
  facet normal 0 0 -1
    outer loop
      vertex 40.925 25.6443 -7.4
      vertex 41.45 24.7349 -7.4
      vertex 41.1567 24.5903 -7.4
    endloop
  endfacet
  facet normal 0 0 -1
    outer loop
      vertex 41.7219 24.9166 -7.4
      vertex 41.0827 25.7496 -7.4
      vertex 41.2253 25.8747 -7.4
    endloop
  endfacet
  facet normal 0 0 -1
    outer loop
      vertex 41.45 24.7349 -7.4
      vertex 40.925 25.6443 -7.4
      vertex 41.0827 25.7496 -7.4
    endloop
  endfacet
  facet normal 0 0 -1
    outer loop
      vertex 40.7549 25.5604 -7.4
      vertex 41.1567 24.5903 -7.4
      vertex 40.847 24.4852 -7.4
    endloop
  endfacet
  facet normal 0 0 -1
    outer loop
      vertex 41.1567 24.5903 -7.4
      vertex 40.7549 25.5604 -7.4
      vertex 40.925 25.6443 -7.4
    endloop
  endfacet
  facet normal 0 0 -1
    outer loop
      vertex 40.847 24.4852 -7.4
      vertex 40.5753 25.4994 -7.4
      vertex 40.7549 25.5604 -7.4
    endloop
  endfacet
  facet normal 0 0 -1
    outer loop
      vertex 40.5263 24.4214 -7.4
      vertex 40.5753 25.4994 -7.4
      vertex 40.847 24.4852 -7.4
    endloop
  endfacet
  facet normal 0 0 -1
    outer loop
      vertex 40.5263 24.4214 -7.4
      vertex 40.3893 25.4624 -7.4
      vertex 40.5753 25.4994 -7.4
    endloop
  endfacet
  facet normal 0 0 -1
    outer loop
      vertex 40.2 24.4 -7.4
      vertex 40.3893 25.4624 -7.4
      vertex 40.5263 24.4214 -7.4
    endloop
  endfacet
  facet normal 0 0 -1
    outer loop
      vertex 40.2 24.4 -7.4
      vertex 40.2 25.45 -7.4
      vertex 40.3893 25.4624 -7.4
    endloop
  endfacet
  facet normal 0 0 -1
    outer loop
      vertex 40.2 24.4 -7.4
      vertex 40.0107 25.4624 -7.4
      vertex 40.2 25.45 -7.4
    endloop
  endfacet
  facet normal 0 0 -1
    outer loop
      vertex 39.8737 24.4214 -7.4
      vertex 40.0107 25.4624 -7.4
      vertex 40.2 24.4 -7.4
    endloop
  endfacet
  facet normal 0 0 -1
    outer loop
      vertex 39.8737 24.4214 -7.4
      vertex 39.8247 25.4994 -7.4
      vertex 40.0107 25.4624 -7.4
    endloop
  endfacet
  facet normal 0 0 -1
    outer loop
      vertex 39.553 24.4852 -7.4
      vertex 39.8247 25.4994 -7.4
      vertex 39.8737 24.4214 -7.4
    endloop
  endfacet
  facet normal -0 0 -1
    outer loop
      vertex 39.8247 25.4994 -7.4
      vertex 39.553 24.4852 -7.4
      vertex 39.6451 25.5604 -7.4
    endloop
  endfacet
  facet normal 0 0 -1
    outer loop
      vertex 39.2433 24.5903 -7.4
      vertex 39.6451 25.5604 -7.4
      vertex 39.553 24.4852 -7.4
    endloop
  endfacet
  facet normal -0 0 -1
    outer loop
      vertex 39.6451 25.5604 -7.4
      vertex 39.2433 24.5903 -7.4
      vertex 39.475 25.6443 -7.4
    endloop
  endfacet
  facet normal 0 0 -1
    outer loop
      vertex 38.95 24.7349 -7.4
      vertex 39.475 25.6443 -7.4
      vertex 39.2433 24.5903 -7.4
    endloop
  endfacet
  facet normal -0 0 -1
    outer loop
      vertex 39.475 25.6443 -7.4
      vertex 38.95 24.7349 -7.4
      vertex 39.3173 25.7496 -7.4
    endloop
  endfacet
  facet normal 0 0 -1
    outer loop
      vertex 38.6781 24.9166 -7.4
      vertex 39.3173 25.7496 -7.4
      vertex 38.95 24.7349 -7.4
    endloop
  endfacet
  facet normal -0 0 -1
    outer loop
      vertex 39.3173 25.7496 -7.4
      vertex 38.6781 24.9166 -7.4
      vertex 39.1747 25.8747 -7.4
    endloop
  endfacet
  facet normal 0 0 -1
    outer loop
      vertex 38.4322 25.1322 -7.4
      vertex 39.1747 25.8747 -7.4
      vertex 38.6781 24.9166 -7.4
    endloop
  endfacet
  facet normal -0 0 -1
    outer loop
      vertex 39.1747 25.8747 -7.4
      vertex 38.4322 25.1322 -7.4
      vertex 39.0496 26.0173 -7.4
    endloop
  endfacet
  facet normal 0 0 -1
    outer loop
      vertex 38.2166 25.3781 -7.4
      vertex 39.0496 26.0173 -7.4
      vertex 38.4322 25.1322 -7.4
    endloop
  endfacet
  facet normal -0 0 -1
    outer loop
      vertex 39.0496 26.0173 -7.4
      vertex 38.2166 25.3781 -7.4
      vertex 38.9443 26.175 -7.4
    endloop
  endfacet
  facet normal -0 0 -1
    outer loop
      vertex 38.9443 26.175 -7.4
      vertex 38.0349 25.65 -7.4
      vertex 38.8604 26.3451 -7.4
    endloop
  endfacet
  facet normal 0 0 -1
    outer loop
      vertex 38.0349 25.65 -7.4
      vertex 38.9443 26.175 -7.4
      vertex 38.2166 25.3781 -7.4
    endloop
  endfacet
  facet normal 0 0 -1
    outer loop
      vertex 41.4557 27.625 -7.4
      vertex 42.3651 28.15 -7.4
      vertex 41.5396 27.4549 -7.4
    endloop
  endfacet
  facet normal -0 0 -1
    outer loop
      vertex 42.3651 28.15 -7.4
      vertex 41.4557 27.625 -7.4
      vertex 42.1834 28.4219 -7.4
    endloop
  endfacet
  facet normal 0 0 -1
    outer loop
      vertex 41.3504 27.7827 -7.4
      vertex 42.1834 28.4219 -7.4
      vertex 41.4557 27.625 -7.4
    endloop
  endfacet
  facet normal -0 0 -1
    outer loop
      vertex 42.1834 28.4219 -7.4
      vertex 41.3504 27.7827 -7.4
      vertex 41.9678 28.6678 -7.4
    endloop
  endfacet
  facet normal 0 0 -1
    outer loop
      vertex 41.2253 27.9253 -7.4
      vertex 41.9678 28.6678 -7.4
      vertex 41.3504 27.7827 -7.4
    endloop
  endfacet
  facet normal -0 0 -1
    outer loop
      vertex 41.9678 28.6678 -7.4
      vertex 41.2253 27.9253 -7.4
      vertex 41.7219 28.8834 -7.4
    endloop
  endfacet
  facet normal 0 0 -1
    outer loop
      vertex 41.0827 28.0504 -7.4
      vertex 41.7219 28.8834 -7.4
      vertex 41.2253 27.9253 -7.4
    endloop
  endfacet
  facet normal -0 0 -1
    outer loop
      vertex 41.7219 28.8834 -7.4
      vertex 41.0827 28.0504 -7.4
      vertex 41.45 29.0651 -7.4
    endloop
  endfacet
  facet normal 0 0 -1
    outer loop
      vertex 40.925 28.1557 -7.4
      vertex 41.45 29.0651 -7.4
      vertex 41.0827 28.0504 -7.4
    endloop
  endfacet
  facet normal -0 0 -1
    outer loop
      vertex 41.45 29.0651 -7.4
      vertex 40.925 28.1557 -7.4
      vertex 41.1567 29.2097 -7.4
    endloop
  endfacet
  facet normal 0 0 -1
    outer loop
      vertex 40.7549 28.2396 -7.4
      vertex 41.1567 29.2097 -7.4
      vertex 40.925 28.1557 -7.4
    endloop
  endfacet
  facet normal -0 0 -1
    outer loop
      vertex 41.1567 29.2097 -7.4
      vertex 40.7549 28.2396 -7.4
      vertex 40.847 29.3148 -7.4
    endloop
  endfacet
  facet normal 0 0 -1
    outer loop
      vertex 40.5753 28.3006 -7.4
      vertex 40.847 29.3148 -7.4
      vertex 40.7549 28.2396 -7.4
    endloop
  endfacet
  facet normal 0 0 -1
    outer loop
      vertex 40.5753 28.3006 -7.4
      vertex 40.5263 29.3786 -7.4
      vertex 40.847 29.3148 -7.4
    endloop
  endfacet
  facet normal 0 0 -1
    outer loop
      vertex 40.3893 28.3376 -7.4
      vertex 40.5263 29.3786 -7.4
      vertex 40.5753 28.3006 -7.4
    endloop
  endfacet
  facet normal 0 0 -1
    outer loop
      vertex 40.2 28.35 -7.4
      vertex 40.5263 29.3786 -7.4
      vertex 40.3893 28.3376 -7.4
    endloop
  endfacet
  facet normal 0 0 -1
    outer loop
      vertex 40.2 28.35 -7.4
      vertex 40.2 29.4 -7.4
      vertex 40.5263 29.3786 -7.4
    endloop
  endfacet
  facet normal 0 0 -1
    outer loop
      vertex 40.0107 28.3376 -7.4
      vertex 40.2 29.4 -7.4
      vertex 40.2 28.35 -7.4
    endloop
  endfacet
  facet normal 0 0 -1
    outer loop
      vertex 40.0107 28.3376 -7.4
      vertex 39.8737 29.3786 -7.4
      vertex 40.2 29.4 -7.4
    endloop
  endfacet
  facet normal 0 0 -1
    outer loop
      vertex 39.8247 28.3006 -7.4
      vertex 39.8737 29.3786 -7.4
      vertex 40.0107 28.3376 -7.4
    endloop
  endfacet
  facet normal 0 0 -1
    outer loop
      vertex 39.553 29.3148 -7.4
      vertex 39.8247 28.3006 -7.4
      vertex 39.6451 28.2396 -7.4
    endloop
  endfacet
  facet normal 0 0 -1
    outer loop
      vertex 39.8247 28.3006 -7.4
      vertex 39.553 29.3148 -7.4
      vertex 39.8737 29.3786 -7.4
    endloop
  endfacet
  facet normal 0 0 -1
    outer loop
      vertex 39.2433 29.2097 -7.4
      vertex 39.6451 28.2396 -7.4
      vertex 39.475 28.1557 -7.4
    endloop
  endfacet
  facet normal 0 0 -1
    outer loop
      vertex 38.95 29.0651 -7.4
      vertex 39.475 28.1557 -7.4
      vertex 39.3173 28.0504 -7.4
    endloop
  endfacet
  facet normal 0 0 -1
    outer loop
      vertex 39.6451 28.2396 -7.4
      vertex 39.2433 29.2097 -7.4
      vertex 39.553 29.3148 -7.4
    endloop
  endfacet
  facet normal 0 0 -1
    outer loop
      vertex 38.6781 28.8834 -7.4
      vertex 39.3173 28.0504 -7.4
      vertex 39.1747 27.9253 -7.4
    endloop
  endfacet
  facet normal 0 0 -1
    outer loop
      vertex 38.4322 28.6678 -7.4
      vertex 39.1747 27.9253 -7.4
      vertex 39.0496 27.7827 -7.4
    endloop
  endfacet
  facet normal 0 0 -1
    outer loop
      vertex 39.475 28.1557 -7.4
      vertex 38.95 29.0651 -7.4
      vertex 39.2433 29.2097 -7.4
    endloop
  endfacet
  facet normal 0 0 -1
    outer loop
      vertex 38.2166 28.4219 -7.4
      vertex 39.0496 27.7827 -7.4
      vertex 38.9443 27.625 -7.4
    endloop
  endfacet
  facet normal 0 0 -1
    outer loop
      vertex 38.0349 28.15 -7.4
      vertex 38.9443 27.625 -7.4
      vertex 38.8604 27.4549 -7.4
    endloop
  endfacet
  facet normal 0 0 -1
    outer loop
      vertex 37.8903 27.8567 -7.4
      vertex 38.8604 27.4549 -7.4
      vertex 38.7994 27.2753 -7.4
    endloop
  endfacet
  facet normal 0 0 -1
    outer loop
      vertex 37.7852 27.547 -7.4
      vertex 38.7994 27.2753 -7.4
      vertex 38.7624 27.0893 -7.4
    endloop
  endfacet
  facet normal 0 0 -1
    outer loop
      vertex 39.3173 28.0504 -7.4
      vertex 38.6781 28.8834 -7.4
      vertex 38.95 29.0651 -7.4
    endloop
  endfacet
  facet normal 0 0 -1
    outer loop
      vertex 37.7214 27.2263 -7.4
      vertex 38.7624 27.0893 -7.4
      vertex 38.75 26.9 -7.4
    endloop
  endfacet
  facet normal 0 0 -1
    outer loop
      vertex 37.8903 25.9433 -7.4
      vertex 38.8604 26.3451 -7.4
      vertex 38.0349 25.65 -7.4
    endloop
  endfacet
  facet normal -0 0 -1
    outer loop
      vertex 38.8604 26.3451 -7.4
      vertex 37.8903 25.9433 -7.4
      vertex 38.7994 26.5247 -7.4
    endloop
  endfacet
  facet normal 0 0 -1
    outer loop
      vertex 39.1747 27.9253 -7.4
      vertex 38.4322 28.6678 -7.4
      vertex 38.6781 28.8834 -7.4
    endloop
  endfacet
  facet normal 0 0 -1
    outer loop
      vertex 37.7852 26.253 -7.4
      vertex 38.7994 26.5247 -7.4
      vertex 37.8903 25.9433 -7.4
    endloop
  endfacet
  facet normal 0 0 -1
    outer loop
      vertex 39.0496 27.7827 -7.4
      vertex 38.2166 28.4219 -7.4
      vertex 38.4322 28.6678 -7.4
    endloop
  endfacet
  facet normal -0 0 -1
    outer loop
      vertex 38.7994 26.5247 -7.4
      vertex 37.7852 26.253 -7.4
      vertex 38.7624 26.7107 -7.4
    endloop
  endfacet
  facet normal 0 0 -1
    outer loop
      vertex 38.9443 27.625 -7.4
      vertex 38.0349 28.15 -7.4
      vertex 38.2166 28.4219 -7.4
    endloop
  endfacet
  facet normal 0 0 -1
    outer loop
      vertex 37.7214 26.5737 -7.4
      vertex 38.7624 26.7107 -7.4
      vertex 37.7852 26.253 -7.4
    endloop
  endfacet
  facet normal 0 0 -1
    outer loop
      vertex 38.8604 27.4549 -7.4
      vertex 37.8903 27.8567 -7.4
      vertex 38.0349 28.15 -7.4
    endloop
  endfacet
  facet normal -0 0 -1
    outer loop
      vertex 38.7624 26.7107 -7.4
      vertex 37.7214 26.5737 -7.4
      vertex 38.75 26.9 -7.4
    endloop
  endfacet
  facet normal 0 0 -1
    outer loop
      vertex 38.7994 27.2753 -7.4
      vertex 37.7852 27.547 -7.4
      vertex 37.8903 27.8567 -7.4
    endloop
  endfacet
  facet normal 0 0 -1
    outer loop
      vertex 37.7 26.9 -7.4
      vertex 38.75 26.9 -7.4
      vertex 37.7214 26.5737 -7.4
    endloop
  endfacet
  facet normal 0 0 -1
    outer loop
      vertex 38.7624 27.0893 -7.4
      vertex 37.7214 27.2263 -7.4
      vertex 37.7852 27.547 -7.4
    endloop
  endfacet
  facet normal 0 0 -1
    outer loop
      vertex 38.75 26.9 -7.4
      vertex 37.7 26.9 -7.4
      vertex 37.7214 27.2263 -7.4
    endloop
  endfacet
  facet normal 0.751913 -0.659262 0
    outer loop
      vertex 41.9678 25.1322 0
      vertex 42.1834 25.3781 -7.4
      vertex 42.1834 25.3781 0
    endloop
  endfacet
  facet normal 0.751913 -0.659262 0
    outer loop
      vertex 42.1834 25.3781 -7.4
      vertex 41.9678 25.1322 0
      vertex 41.9678 25.1322 -7.4
    endloop
  endfacet
  facet normal -0.555617 -0.831438 0
    outer loop
      vertex 38.6781 24.9166 -7.4
      vertex 38.95 24.7349 0
      vertex 38.6781 24.9166 0
    endloop
  endfacet
  facet normal -0.555617 -0.831438 -0
    outer loop
      vertex 38.95 24.7349 0
      vertex 38.6781 24.9166 -7.4
      vertex 38.95 24.7349 -7.4
    endloop
  endfacet
  facet normal -0.751913 0.659262 0
    outer loop
      vertex 38.2166 28.4219 -7.4
      vertex 38.4322 28.6678 0
      vertex 38.4322 28.6678 -7.4
    endloop
  endfacet
  facet normal -0.751913 0.659262 0
    outer loop
      vertex 38.4322 28.6678 0
      vertex 38.2166 28.4219 -7.4
      vertex 38.2166 28.4219 0
    endloop
  endfacet
  facet normal -0.0654432 -0.997856 0
    outer loop
      vertex 39.8737 24.4214 -7.4
      vertex 40.2 24.4 0
      vertex 39.8737 24.4214 0
    endloop
  endfacet
  facet normal -0.0654432 -0.997856 -0
    outer loop
      vertex 40.2 24.4 0
      vertex 39.8737 24.4214 -7.4
      vertex 40.2 24.4 -7.4
    endloop
  endfacet
  facet normal 0.946957 -0.32136 0
    outer loop
      vertex 42.5097 25.9433 0
      vertex 42.6148 26.253 -7.4
      vertex 42.6148 26.253 0
    endloop
  endfacet
  facet normal 0.946957 -0.32136 0
    outer loop
      vertex 42.6148 26.253 -7.4
      vertex 42.5097 25.9433 0
      vertex 42.5097 25.9433 -7.4
    endloop
  endfacet
  facet normal 0.555617 0.831438 -0
    outer loop
      vertex 41.7219 28.8834 -7.4
      vertex 41.45 29.0651 0
      vertex 41.7219 28.8834 0
    endloop
  endfacet
  facet normal 0.555617 0.831438 0
    outer loop
      vertex 41.45 29.0651 0
      vertex 41.7219 28.8834 -7.4
      vertex 41.45 29.0651 -7.4
    endloop
  endfacet
  facet normal 0.555617 -0.831438 0
    outer loop
      vertex 41.45 24.7349 -7.4
      vertex 41.7219 24.9166 0
      vertex 41.45 24.7349 0
    endloop
  endfacet
  facet normal 0.555617 -0.831438 0
    outer loop
      vertex 41.7219 24.9166 0
      vertex 41.45 24.7349 -7.4
      vertex 41.7219 24.9166 -7.4
    endloop
  endfacet
  facet normal -0.555617 0.831438 0
    outer loop
      vertex 38.95 29.0651 -7.4
      vertex 38.6781 28.8834 0
      vertex 38.95 29.0651 0
    endloop
  endfacet
  facet normal -0.555617 0.831438 0
    outer loop
      vertex 38.6781 28.8834 0
      vertex 38.95 29.0651 -7.4
      vertex 38.6781 28.8834 -7.4
    endloop
  endfacet
  facet normal 0.442191 -0.896921 0
    outer loop
      vertex 41.1567 24.5903 -7.4
      vertex 41.45 24.7349 0
      vertex 41.1567 24.5903 0
    endloop
  endfacet
  facet normal 0.442191 -0.896921 0
    outer loop
      vertex 41.45 24.7349 0
      vertex 41.1567 24.5903 -7.4
      vertex 41.45 24.7349 -7.4
    endloop
  endfacet
  facet normal -0.442191 0.896921 0
    outer loop
      vertex 39.2433 29.2097 -7.4
      vertex 38.95 29.0651 0
      vertex 39.2433 29.2097 0
    endloop
  endfacet
  facet normal -0.442191 0.896921 0
    outer loop
      vertex 38.95 29.0651 0
      vertex 39.2433 29.2097 -7.4
      vertex 38.95 29.0651 -7.4
    endloop
  endfacet
  facet normal 0.195116 -0.98078 0
    outer loop
      vertex 40.5263 24.4214 -7.4
      vertex 40.847 24.4852 0
      vertex 40.5263 24.4214 0
    endloop
  endfacet
  facet normal 0.195116 -0.98078 0
    outer loop
      vertex 40.847 24.4852 0
      vertex 40.5263 24.4214 -7.4
      vertex 40.847 24.4852 -7.4
    endloop
  endfacet
  facet normal 0.659262 0.751913 -0
    outer loop
      vertex 41.9678 28.6678 -7.4
      vertex 41.7219 28.8834 0
      vertex 41.9678 28.6678 0
    endloop
  endfacet
  facet normal 0.659262 0.751913 0
    outer loop
      vertex 41.7219 28.8834 0
      vertex 41.9678 28.6678 -7.4
      vertex 41.7219 28.8834 -7.4
    endloop
  endfacet
  facet normal -0.659262 0.751913 0
    outer loop
      vertex 38.6781 28.8834 -7.4
      vertex 38.4322 28.6678 0
      vertex 38.6781 28.8834 0
    endloop
  endfacet
  facet normal -0.659262 0.751913 0
    outer loop
      vertex 38.4322 28.6678 0
      vertex 38.6781 28.8834 -7.4
      vertex 38.4322 28.6678 -7.4
    endloop
  endfacet
  facet normal -0.751913 -0.659262 0
    outer loop
      vertex 38.4322 25.1322 -7.4
      vertex 38.2166 25.3781 0
      vertex 38.2166 25.3781 -7.4
    endloop
  endfacet
  facet normal -0.751913 -0.659262 0
    outer loop
      vertex 38.2166 25.3781 0
      vertex 38.4322 25.1322 -7.4
      vertex 38.4322 25.1322 0
    endloop
  endfacet
  facet normal 0.442191 0.896921 -0
    outer loop
      vertex 41.45 29.0651 -7.4
      vertex 41.1567 29.2097 0
      vertex 41.45 29.0651 0
    endloop
  endfacet
  facet normal 0.442191 0.896921 0
    outer loop
      vertex 41.1567 29.2097 0
      vertex 41.45 29.0651 -7.4
      vertex 41.1567 29.2097 -7.4
    endloop
  endfacet
  facet normal -0.0654432 0.997856 0
    outer loop
      vertex 40.2 29.4 -7.4
      vertex 39.8737 29.3786 0
      vertex 40.2 29.4 0
    endloop
  endfacet
  facet normal -0.0654432 0.997856 0
    outer loop
      vertex 39.8737 29.3786 0
      vertex 40.2 29.4 -7.4
      vertex 39.8737 29.3786 -7.4
    endloop
  endfacet
  facet normal 0.751913 0.659262 0
    outer loop
      vertex 42.1834 28.4219 0
      vertex 41.9678 28.6678 -7.4
      vertex 41.9678 28.6678 0
    endloop
  endfacet
  facet normal 0.751913 0.659262 0
    outer loop
      vertex 41.9678 28.6678 -7.4
      vertex 42.1834 28.4219 0
      vertex 42.1834 28.4219 -7.4
    endloop
  endfacet
  facet normal -0.831438 0.555617 0
    outer loop
      vertex 38.0349 28.15 -7.4
      vertex 38.2166 28.4219 0
      vertex 38.2166 28.4219 -7.4
    endloop
  endfacet
  facet normal -0.831438 0.555617 0
    outer loop
      vertex 38.2166 28.4219 0
      vertex 38.0349 28.15 -7.4
      vertex 38.0349 28.15 0
    endloop
  endfacet
  facet normal -0.195116 0.98078 0
    outer loop
      vertex 39.8737 29.3786 -7.4
      vertex 39.553 29.3148 0
      vertex 39.8737 29.3786 0
    endloop
  endfacet
  facet normal -0.195116 0.98078 0
    outer loop
      vertex 39.553 29.3148 0
      vertex 39.8737 29.3786 -7.4
      vertex 39.553 29.3148 -7.4
    endloop
  endfacet
  facet normal 0.831438 -0.555617 0
    outer loop
      vertex 42.1834 25.3781 0
      vertex 42.3651 25.65 -7.4
      vertex 42.3651 25.65 0
    endloop
  endfacet
  facet normal 0.831438 -0.555617 0
    outer loop
      vertex 42.3651 25.65 -7.4
      vertex 42.1834 25.3781 0
      vertex 42.1834 25.3781 -7.4
    endloop
  endfacet
  facet normal 0.0654432 0.997856 -0
    outer loop
      vertex 40.5263 29.3786 -7.4
      vertex 40.2 29.4 0
      vertex 40.5263 29.3786 0
    endloop
  endfacet
  facet normal 0.0654432 0.997856 0
    outer loop
      vertex 40.2 29.4 0
      vertex 40.5263 29.3786 -7.4
      vertex 40.2 29.4 -7.4
    endloop
  endfacet
  facet normal -0.195116 -0.98078 0
    outer loop
      vertex 39.553 24.4852 -7.4
      vertex 39.8737 24.4214 0
      vertex 39.553 24.4852 0
    endloop
  endfacet
  facet normal -0.195116 -0.98078 -0
    outer loop
      vertex 39.8737 24.4214 0
      vertex 39.553 24.4852 -7.4
      vertex 39.8737 24.4214 -7.4
    endloop
  endfacet
  facet normal -0.946957 0.32136 0
    outer loop
      vertex 37.7852 27.547 -7.4
      vertex 37.8903 27.8567 0
      vertex 37.8903 27.8567 -7.4
    endloop
  endfacet
  facet normal -0.946957 0.32136 0
    outer loop
      vertex 37.8903 27.8567 0
      vertex 37.7852 27.547 -7.4
      vertex 37.7852 27.547 0
    endloop
  endfacet
  facet normal 0.0654432 -0.997856 0
    outer loop
      vertex 40.2 24.4 -7.4
      vertex 40.5263 24.4214 0
      vertex 40.2 24.4 0
    endloop
  endfacet
  facet normal 0.0654432 -0.997856 0
    outer loop
      vertex 40.5263 24.4214 0
      vertex 40.2 24.4 -7.4
      vertex 40.5263 24.4214 -7.4
    endloop
  endfacet
  facet normal -0.831438 -0.555617 0
    outer loop
      vertex 38.2166 25.3781 -7.4
      vertex 38.0349 25.65 0
      vertex 38.0349 25.65 -7.4
    endloop
  endfacet
  facet normal -0.831438 -0.555617 0
    outer loop
      vertex 38.0349 25.65 0
      vertex 38.2166 25.3781 -7.4
      vertex 38.2166 25.3781 0
    endloop
  endfacet
  facet normal -0.98078 -0.195116 0
    outer loop
      vertex 37.7852 26.253 -7.4
      vertex 37.7214 26.5737 0
      vertex 37.7214 26.5737 -7.4
    endloop
  endfacet
  facet normal -0.98078 -0.195116 0
    outer loop
      vertex 37.7214 26.5737 0
      vertex 37.7852 26.253 -7.4
      vertex 37.7852 26.253 0
    endloop
  endfacet
  facet normal 0.896921 -0.442191 0
    outer loop
      vertex 42.3651 25.65 0
      vertex 42.5097 25.9433 -7.4
      vertex 42.5097 25.9433 0
    endloop
  endfacet
  facet normal 0.896921 -0.442191 0
    outer loop
      vertex 42.5097 25.9433 -7.4
      vertex 42.3651 25.65 0
      vertex 42.3651 25.65 -7.4
    endloop
  endfacet
  facet normal -0.659262 -0.751913 0
    outer loop
      vertex 38.4322 25.1322 -7.4
      vertex 38.6781 24.9166 0
      vertex 38.4322 25.1322 0
    endloop
  endfacet
  facet normal -0.659262 -0.751913 -0
    outer loop
      vertex 38.6781 24.9166 0
      vertex 38.4322 25.1322 -7.4
      vertex 38.6781 24.9166 -7.4
    endloop
  endfacet
  facet normal 0.98078 -0.195116 0
    outer loop
      vertex 42.6148 26.253 0
      vertex 42.6786 26.5737 -7.4
      vertex 42.6786 26.5737 0
    endloop
  endfacet
  facet normal 0.98078 -0.195116 0
    outer loop
      vertex 42.6786 26.5737 -7.4
      vertex 42.6148 26.253 0
      vertex 42.6148 26.253 -7.4
    endloop
  endfacet
  facet normal -0.98078 0.195116 0
    outer loop
      vertex 37.7214 27.2263 -7.4
      vertex 37.7852 27.547 0
      vertex 37.7852 27.547 -7.4
    endloop
  endfacet
  facet normal -0.98078 0.195116 0
    outer loop
      vertex 37.7852 27.547 0
      vertex 37.7214 27.2263 -7.4
      vertex 37.7214 27.2263 0
    endloop
  endfacet
  facet normal -0.896921 0.442191 0
    outer loop
      vertex 37.8903 27.8567 -7.4
      vertex 38.0349 28.15 0
      vertex 38.0349 28.15 -7.4
    endloop
  endfacet
  facet normal -0.896921 0.442191 0
    outer loop
      vertex 38.0349 28.15 0
      vertex 37.8903 27.8567 -7.4
      vertex 37.8903 27.8567 0
    endloop
  endfacet
  facet normal 0.659262 -0.751913 0
    outer loop
      vertex 41.7219 24.9166 -7.4
      vertex 41.9678 25.1322 0
      vertex 41.7219 24.9166 0
    endloop
  endfacet
  facet normal 0.659262 -0.751913 0
    outer loop
      vertex 41.9678 25.1322 0
      vertex 41.7219 24.9166 -7.4
      vertex 41.9678 25.1322 -7.4
    endloop
  endfacet
  facet normal -0.32136 -0.946957 0
    outer loop
      vertex 39.2433 24.5903 -7.4
      vertex 39.553 24.4852 0
      vertex 39.2433 24.5903 0
    endloop
  endfacet
  facet normal -0.32136 -0.946957 -0
    outer loop
      vertex 39.553 24.4852 0
      vertex 39.2433 24.5903 -7.4
      vertex 39.553 24.4852 -7.4
    endloop
  endfacet
  facet normal 0.195116 0.98078 -0
    outer loop
      vertex 40.847 29.3148 -7.4
      vertex 40.5263 29.3786 0
      vertex 40.847 29.3148 0
    endloop
  endfacet
  facet normal 0.195116 0.98078 0
    outer loop
      vertex 40.5263 29.3786 0
      vertex 40.847 29.3148 -7.4
      vertex 40.5263 29.3786 -7.4
    endloop
  endfacet
  facet normal 0.0653961 -0.997859 0
    outer loop
      vertex 41.1 0.299999 0
      vertex 41.361 0.317104 1
      vertex 41.1 0.299999 1
    endloop
  endfacet
  facet normal 0.0653961 -0.997859 0
    outer loop
      vertex 41.361 0.317104 1
      vertex 41.1 0.299999 0
      vertex 41.361 0.317104 0
    endloop
  endfacet
  facet normal 0.997861 -0.0653646 0
    outer loop
      vertex 43.0829 2.03895 1
      vertex 43.1 2.3 0
      vertex 43.1 2.3 1
    endloop
  endfacet
  facet normal 0.997861 -0.0653646 0
    outer loop
      vertex 43.1 2.3 0
      vertex 43.0829 2.03895 1
      vertex 43.0829 2.03895 0
    endloop
  endfacet
  facet normal -1 0 0
    outer loop
      vertex 1.1 3.9 0
      vertex 1.1 54.5 1
      vertex 1.1 54.5 0
    endloop
  endfacet
  facet normal -1 0 0
    outer loop
      vertex 1.1 2.3 1
      vertex 1.1 3.9 0
      vertex 1.1 2.3 0
    endloop
  endfacet
  facet normal -1 0 0
    outer loop
      vertex 1.1 3.9 0
      vertex 1.1 2.3 1
      vertex 1.1 54.5 1
    endloop
  endfacet
  facet normal -0.997861 0.0653771 0
    outer loop
      vertex 1.1 54.5 0
      vertex 1.1171 54.761 1
      vertex 1.1171 54.761 0
    endloop
  endfacet
  facet normal -0.997861 0.0653771 0
    outer loop
      vertex 1.1171 54.761 1
      vertex 1.1 54.5 0
      vertex 1.1 54.5 1
    endloop
  endfacet
  facet normal 0.997861 0.0653771 0
    outer loop
      vertex 43.1 54.5 1
      vertex 43.0829 54.761 0
      vertex 43.0829 54.761 1
    endloop
  endfacet
  facet normal 0.997861 0.0653771 0
    outer loop
      vertex 43.0829 54.761 0
      vertex 43.1 54.5 1
      vertex 43.1 54.5 0
    endloop
  endfacet
  facet normal 0 -1 0
    outer loop
      vertex 3.1 0.299999 0
      vertex 41.1 0.299999 1
      vertex 3.1 0.299999 1
    endloop
  endfacet
  facet normal 0 -1 -0
    outer loop
      vertex 41.1 0.299999 1
      vertex 3.1 0.299999 0
      vertex 41.1 0.299999 0
    endloop
  endfacet
  facet normal -0.997861 -0.0653646 0
    outer loop
      vertex 1.1171 2.03895 0
      vertex 1.1 2.3 1
      vertex 1.1 2.3 0
    endloop
  endfacet
  facet normal -0.997861 -0.0653646 0
    outer loop
      vertex 1.1 2.3 1
      vertex 1.1171 2.03895 0
      vertex 1.1171 2.03895 1
    endloop
  endfacet
  facet normal 0 1 -0
    outer loop
      vertex 37.9116 56.5 0
      vertex 6.28835 56.5 1
      vertex 37.9116 56.5 1
    endloop
  endfacet
  facet normal 0 1 0
    outer loop
      vertex 6.28835 56.5 1
      vertex 37.9116 56.5 0
      vertex 6.28835 56.5 0
    endloop
  endfacet
  facet normal -0.75881 0.651312 0
    outer loop
      vertex 1.5133 55.7175 0
      vertex 1.51433 55.7187 1
      vertex 1.51433 55.7187 0
    endloop
  endfacet
  facet normal -0.75881 0.651312 0
    outer loop
      vertex 1.51433 55.7187 1
      vertex 1.5133 55.7175 0
      vertex 1.5133 55.7175 1
    endloop
  endfacet
  facet normal -0.83145 -0.5556 0
    outer loop
      vertex 1.5133 1.08247 0
      vertex 1.36794 1.3 1
      vertex 1.36794 1.3 0
    endloop
  endfacet
  facet normal -0.83145 -0.5556 0
    outer loop
      vertex 1.36794 1.3 1
      vertex 1.5133 1.08247 0
      vertex 1.5133 1.08247 1
    endloop
  endfacet
  facet normal -0.555586 -0.831459 0
    outer loop
      vertex 1.88247 0.713299 0
      vertex 2.1 0.567944 1
      vertex 1.88247 0.713299 1
    endloop
  endfacet
  facet normal -0.555586 -0.831459 -0
    outer loop
      vertex 2.1 0.567944 1
      vertex 1.88247 0.713299 0
      vertex 2.1 0.567944 0
    endloop
  endfacet
  facet normal -0.751857 -0.659326 0
    outer loop
      vertex 1.68578 0.885784 0
      vertex 1.5133 1.08247 1
      vertex 1.5133 1.08247 0
    endloop
  endfacet
  facet normal -0.751857 -0.659326 0
    outer loop
      vertex 1.5133 1.08247 1
      vertex 1.68578 0.885784 0
      vertex 1.68578 0.885784 1
    endloop
  endfacet
  facet normal 0.659311 -0.751871 0
    outer loop
      vertex 42.3175 0.713299 0
      vertex 42.5142 0.885784 1
      vertex 42.3175 0.713299 1
    endloop
  endfacet
  facet normal 0.659311 -0.751871 0
    outer loop
      vertex 42.5142 0.885784 1
      vertex 42.3175 0.713299 0
      vertex 42.5142 0.885784 0
    endloop
  endfacet
  facet normal 1 -0 0
    outer loop
      vertex 43.1 2.3 1
      vertex 43.1 54.5 0
      vertex 43.1 54.5 1
    endloop
  endfacet
  facet normal 1 0 0
    outer loop
      vertex 43.1 54.5 0
      vertex 43.1 2.3 1
      vertex 43.1 2.3 0
    endloop
  endfacet
  facet normal 0.94695 0.321382 0
    outer loop
      vertex 43.0319 55.0176 1
      vertex 42.9478 55.2654 0
      vertex 42.9478 55.2654 1
    endloop
  endfacet
  facet normal 0.94695 0.321382 0
    outer loop
      vertex 42.9478 55.2654 0
      vertex 43.0319 55.0176 1
      vertex 43.0319 55.0176 0
    endloop
  endfacet
  facet normal 0.768221 0.640184 0
    outer loop
      vertex 42.6867 55.7175 1
      vertex 42.6857 55.7187 0
      vertex 42.6857 55.7187 1
    endloop
  endfacet
  facet normal 0.768221 0.640184 0
    outer loop
      vertex 42.6857 55.7187 0
      vertex 42.6867 55.7175 1
      vertex 42.6867 55.7175 0
    endloop
  endfacet
  facet normal -0.321433 -0.946932 0
    outer loop
      vertex 2.33463 0.452236 0
      vertex 2.58236 0.368145 1
      vertex 2.33463 0.452236 1
    endloop
  endfacet
  facet normal -0.321433 -0.946932 -0
    outer loop
      vertex 2.58236 0.368145 1
      vertex 2.33463 0.452236 0
      vertex 2.58236 0.368145 0
    endloop
  endfacet
  facet normal -0.946961 0.321348 0
    outer loop
      vertex 1.16815 55.0176 0
      vertex 1.25224 55.2654 1
      vertex 1.25224 55.2654 0
    endloop
  endfacet
  facet normal -0.946961 0.321348 0
    outer loop
      vertex 1.25224 55.2654 1
      vertex 1.16815 55.0176 0
      vertex 1.16815 55.0176 1
    endloop
  endfacet
  facet normal -0.195098 -0.980784 0
    outer loop
      vertex 2.58236 0.368145 0
      vertex 2.83895 0.317104 1
      vertex 2.58236 0.368145 1
    endloop
  endfacet
  facet normal -0.195098 -0.980784 -0
    outer loop
      vertex 2.83895 0.317104 1
      vertex 2.58236 0.368145 0
      vertex 2.83895 0.317104 0
    endloop
  endfacet
  facet normal 0.980815 0.19494 0
    outer loop
      vertex 43.0829 54.761 1
      vertex 43.0319 55.0176 0
      vertex 43.0319 55.0176 1
    endloop
  endfacet
  facet normal 0.980815 0.19494 0
    outer loop
      vertex 43.0319 55.0176 0
      vertex 43.0829 54.761 1
      vertex 43.0829 54.761 0
    endloop
  endfacet
  facet normal -0.980779 0.195124 0
    outer loop
      vertex 1.1171 54.761 0
      vertex 1.16815 55.0176 1
      vertex 1.16815 55.0176 0
    endloop
  endfacet
  facet normal -0.980779 0.195124 0
    outer loop
      vertex 1.16815 55.0176 1
      vertex 1.1171 54.761 0
      vertex 1.1171 54.761 1
    endloop
  endfacet
  facet normal -0.65933 -0.751854 0
    outer loop
      vertex 1.68578 0.885784 0
      vertex 1.88247 0.713299 1
      vertex 1.68578 0.885784 1
    endloop
  endfacet
  facet normal -0.65933 -0.751854 -0
    outer loop
      vertex 1.88247 0.713299 1
      vertex 1.68578 0.885784 0
      vertex 1.88247 0.713299 0
    endloop
  endfacet
  facet normal -0.442293 -0.896871 0
    outer loop
      vertex 2.1 0.567944 0
      vertex 2.33463 0.452236 1
      vertex 2.1 0.567944 1
    endloop
  endfacet
  facet normal -0.442293 -0.896871 -0
    outer loop
      vertex 2.33463 0.452236 1
      vertex 2.1 0.567944 0
      vertex 2.33463 0.452236 0
    endloop
  endfacet
  facet normal 0.980814 -0.194947 0
    outer loop
      vertex 43.0319 1.78236 1
      vertex 43.0829 2.03895 0
      vertex 43.0829 2.03895 1
    endloop
  endfacet
  facet normal 0.980814 -0.194947 0
    outer loop
      vertex 43.0829 2.03895 0
      vertex 43.0319 1.78236 1
      vertex 43.0319 1.78236 0
    endloop
  endfacet
  facet normal -0.0653836 -0.99786 0
    outer loop
      vertex 2.83895 0.317104 0
      vertex 3.1 0.299999 1
      vertex 2.83895 0.317104 1
    endloop
  endfacet
  facet normal -0.0653836 -0.99786 -0
    outer loop
      vertex 3.1 0.299999 1
      vertex 2.83895 0.317104 0
      vertex 3.1 0.299999 0
    endloop
  endfacet
  facet normal -0.896883 -0.442268 0
    outer loop
      vertex 1.36794 1.3 0
      vertex 1.25224 1.53463 1
      vertex 1.25224 1.53463 0
    endloop
  endfacet
  facet normal -0.896883 -0.442268 0
    outer loop
      vertex 1.25224 1.53463 1
      vertex 1.36794 1.3 0
      vertex 1.36794 1.3 1
    endloop
  endfacet
  facet normal -0.980777 -0.195131 0
    outer loop
      vertex 1.16815 1.78236 0
      vertex 1.1171 2.03895 1
      vertex 1.1171 2.03895 0
    endloop
  endfacet
  facet normal -0.980777 -0.195131 0
    outer loop
      vertex 1.1171 2.03895 1
      vertex 1.16815 1.78236 0
      vertex 1.16815 1.78236 1
    endloop
  endfacet
  facet normal 0.321351 -0.94696 0
    outer loop
      vertex 41.6176 0.368145 0
      vertex 41.8654 0.452236 1
      vertex 41.6176 0.368145 1
    endloop
  endfacet
  facet normal 0.321351 -0.94696 0
    outer loop
      vertex 41.8654 0.452236 1
      vertex 41.6176 0.368145 0
      vertex 41.8654 0.452236 0
    endloop
  endfacet
  facet normal 0.442338 -0.896848 0
    outer loop
      vertex 41.8654 0.452236 0
      vertex 42.1 0.567944 1
      vertex 41.8654 0.452236 1
    endloop
  endfacet
  facet normal 0.442338 -0.896848 0
    outer loop
      vertex 42.1 0.567944 1
      vertex 41.8654 0.452236 0
      vertex 42.1 0.567944 0
    endloop
  endfacet
  facet normal 0.751819 -0.65937 0
    outer loop
      vertex 42.5142 0.885784 1
      vertex 42.6867 1.08247 0
      vertex 42.6867 1.08247 1
    endloop
  endfacet
  facet normal 0.751819 -0.65937 0
    outer loop
      vertex 42.6867 1.08247 0
      vertex 42.5142 0.885784 1
      vertex 42.5142 0.885784 0
    endloop
  endfacet
  facet normal 0.89686 0.442314 0
    outer loop
      vertex 42.9478 55.2654 1
      vertex 42.8321 55.5 0
      vertex 42.8321 55.5 1
    endloop
  endfacet
  facet normal 0.89686 0.442314 0
    outer loop
      vertex 42.8321 55.5 0
      vertex 42.9478 55.2654 1
      vertex 42.9478 55.2654 0
    endloop
  endfacet
  facet normal -0.89686 0.442314 0
    outer loop
      vertex 1.25224 55.2654 0
      vertex 1.36794 55.5 1
      vertex 1.36794 55.5 0
    endloop
  endfacet
  facet normal -0.89686 0.442314 0
    outer loop
      vertex 1.36794 55.5 1
      vertex 1.25224 55.2654 0
      vertex 1.25224 55.2654 1
    endloop
  endfacet
  facet normal -0.946934 -0.321429 0
    outer loop
      vertex 1.25224 1.53463 0
      vertex 1.16815 1.78236 1
      vertex 1.16815 1.78236 0
    endloop
  endfacet
  facet normal -0.946934 -0.321429 0
    outer loop
      vertex 1.16815 1.78236 1
      vertex 1.25224 1.53463 0
      vertex 1.25224 1.53463 1
    endloop
  endfacet
  facet normal 0.555639 -0.831423 0
    outer loop
      vertex 42.1 0.567944 0
      vertex 42.3175 0.713299 1
      vertex 42.1 0.567944 1
    endloop
  endfacet
  facet normal 0.555639 -0.831423 0
    outer loop
      vertex 42.3175 0.713299 1
      vertex 42.1 0.567944 0
      vertex 42.3175 0.713299 0
    endloop
  endfacet
  facet normal 0.831379 -0.555705 0
    outer loop
      vertex 42.6867 1.08247 1
      vertex 42.8321 1.3 0
      vertex 42.8321 1.3 1
    endloop
  endfacet
  facet normal 0.831379 -0.555705 0
    outer loop
      vertex 42.8321 1.3 0
      vertex 42.6867 1.08247 1
      vertex 42.6867 1.08247 0
    endloop
  endfacet
  facet normal 0.195091 -0.980785 0
    outer loop
      vertex 41.361 0.317104 0
      vertex 41.6176 0.368145 1
      vertex 41.361 0.317104 1
    endloop
  endfacet
  facet normal 0.195091 -0.980785 0
    outer loop
      vertex 41.6176 0.368145 1
      vertex 41.361 0.317104 0
      vertex 41.6176 0.368145 0
    endloop
  endfacet
  facet normal -0.831415 0.555653 0
    outer loop
      vertex 1.36794 55.5 0
      vertex 1.5133 55.7175 1
      vertex 1.5133 55.7175 0
    endloop
  endfacet
  facet normal -0.831415 0.555653 0
    outer loop
      vertex 1.5133 55.7175 1
      vertex 1.36794 55.5 0
      vertex 1.36794 55.5 1
    endloop
  endfacet
  facet normal 0.831344 0.555758 0
    outer loop
      vertex 42.8321 55.5 1
      vertex 42.6867 55.7175 0
      vertex 42.6867 55.7175 1
    endloop
  endfacet
  facet normal 0.831344 0.555758 0
    outer loop
      vertex 42.6867 55.7175 0
      vertex 42.8321 55.5 1
      vertex 42.8321 55.5 0
    endloop
  endfacet
  facet normal 0.896883 -0.442268 0
    outer loop
      vertex 42.8321 1.3 1
      vertex 42.9478 1.53463 0
      vertex 42.9478 1.53463 1
    endloop
  endfacet
  facet normal 0.896883 -0.442268 0
    outer loop
      vertex 42.9478 1.53463 0
      vertex 42.8321 1.3 1
      vertex 42.8321 1.3 0
    endloop
  endfacet
  facet normal 0 0 -1
    outer loop
      vertex 42.6148 27.547 0
      vertex 43.1 54.5 0
      vertex 42.6786 27.2263 0
    endloop
  endfacet
  facet normal 0 0 -1
    outer loop
      vertex 43.1 54.5 0
      vertex 42.6786 55.1737 0
      vertex 42.7 55.5 0
    endloop
  endfacet
  facet normal 0 0 -1
    outer loop
      vertex 42.5097 27.8567 0
      vertex 43.1 54.5 0
      vertex 42.6148 27.547 0
    endloop
  endfacet
  facet normal 0 0 -1
    outer loop
      vertex 43.1 54.5 0
      vertex 42.6148 54.853 0
      vertex 42.6786 55.1737 0
    endloop
  endfacet
  facet normal 0 0 -1
    outer loop
      vertex 42.3651 28.15 0
      vertex 43.1 54.5 0
      vertex 42.5097 27.8567 0
    endloop
  endfacet
  facet normal 0 0 -1
    outer loop
      vertex 43.1 54.5 0
      vertex 42.5097 54.5433 0
      vertex 42.6148 54.853 0
    endloop
  endfacet
  facet normal 0 0 -1
    outer loop
      vertex 42.1834 28.4219 0
      vertex 43.1 54.5 0
      vertex 42.3651 28.15 0
    endloop
  endfacet
  facet normal -0 0 -1
    outer loop
      vertex 43.1 54.5 0
      vertex 42.3651 54.25 0
      vertex 42.5097 54.5433 0
    endloop
  endfacet
  facet normal 0 0 -1
    outer loop
      vertex 41.9678 28.6678 0
      vertex 43.1 54.5 0
      vertex 42.1834 28.4219 0
    endloop
  endfacet
  facet normal 0 0 -1
    outer loop
      vertex 43.1 54.5 0
      vertex 42.1834 53.9781 0
      vertex 42.3651 54.25 0
    endloop
  endfacet
  facet normal 0 0 -1
    outer loop
      vertex 41.7219 28.8834 0
      vertex 43.1 54.5 0
      vertex 41.9678 28.6678 0
    endloop
  endfacet
  facet normal 0 0 -1
    outer loop
      vertex 43.1 54.5 0
      vertex 41.9678 53.7322 0
      vertex 42.1834 53.9781 0
    endloop
  endfacet
  facet normal 0 0 -1
    outer loop
      vertex 41.7219 53.5166 0
      vertex 43.1 54.5 0
      vertex 41.7219 28.8834 0
    endloop
  endfacet
  facet normal 0 0 -1
    outer loop
      vertex 43.1 54.5 0
      vertex 41.7219 53.5166 0
      vertex 41.9678 53.7322 0
    endloop
  endfacet
  facet normal 0 0 -1
    outer loop
      vertex 41.45 29.0651 0
      vertex 41.7219 53.5166 0
      vertex 41.7219 28.8834 0
    endloop
  endfacet
  facet normal 0 0 -1
    outer loop
      vertex 41.45 29.0651 0
      vertex 41.45 53.3349 0
      vertex 41.7219 53.5166 0
    endloop
  endfacet
  facet normal 0 0 -1
    outer loop
      vertex 41.1567 29.2097 0
      vertex 41.45 53.3349 0
      vertex 41.45 29.0651 0
    endloop
  endfacet
  facet normal 0 0 -1
    outer loop
      vertex 41.1567 29.2097 0
      vertex 41.1567 53.1903 0
      vertex 41.45 53.3349 0
    endloop
  endfacet
  facet normal 0 0 -1
    outer loop
      vertex 40.847 29.3148 0
      vertex 41.1567 53.1903 0
      vertex 41.1567 29.2097 0
    endloop
  endfacet
  facet normal 0 0 -1
    outer loop
      vertex 40.847 29.3148 0
      vertex 40.847 53.0852 0
      vertex 41.1567 53.1903 0
    endloop
  endfacet
  facet normal 0 0 -1
    outer loop
      vertex 40.5263 29.3786 0
      vertex 40.847 53.0852 0
      vertex 40.847 29.3148 0
    endloop
  endfacet
  facet normal 0 0 -1
    outer loop
      vertex 40.5263 29.3786 0
      vertex 40.5263 53.0214 0
      vertex 40.847 53.0852 0
    endloop
  endfacet
  facet normal 0 0 -1
    outer loop
      vertex 40.2 29.4 0
      vertex 40.5263 53.0214 0
      vertex 40.5263 29.3786 0
    endloop
  endfacet
  facet normal 0 0 -1
    outer loop
      vertex 40.2 29.4 0
      vertex 40.2 53 0
      vertex 40.5263 53.0214 0
    endloop
  endfacet
  facet normal 0 0 -1
    outer loop
      vertex 39.8737 29.3786 0
      vertex 40.2 53 0
      vertex 40.2 29.4 0
    endloop
  endfacet
  facet normal 0 0 -1
    outer loop
      vertex 39.8737 29.3786 0
      vertex 39.8737 53.0214 0
      vertex 40.2 53 0
    endloop
  endfacet
  facet normal 0 0 -1
    outer loop
      vertex 39.553 29.3148 0
      vertex 39.8737 53.0214 0
      vertex 39.8737 29.3786 0
    endloop
  endfacet
  facet normal 0 0 -1
    outer loop
      vertex 39.553 29.3148 0
      vertex 39.553 53.0852 0
      vertex 39.8737 53.0214 0
    endloop
  endfacet
  facet normal 0 0 -1
    outer loop
      vertex 39.2433 29.2097 0
      vertex 39.553 53.0852 0
      vertex 39.553 29.3148 0
    endloop
  endfacet
  facet normal 0 0 -1
    outer loop
      vertex 39.2433 29.2097 0
      vertex 39.2433 53.1903 0
      vertex 39.553 53.0852 0
    endloop
  endfacet
  facet normal 0 0 -1
    outer loop
      vertex 38.95 29.0651 0
      vertex 39.2433 53.1903 0
      vertex 39.2433 29.2097 0
    endloop
  endfacet
  facet normal 0 0 -1
    outer loop
      vertex 38.95 29.0651 0
      vertex 38.95 53.3349 0
      vertex 39.2433 53.1903 0
    endloop
  endfacet
  facet normal 0 0 -1
    outer loop
      vertex 38.6781 28.8834 0
      vertex 38.95 53.3349 0
      vertex 38.95 29.0651 0
    endloop
  endfacet
  facet normal 0 0 -1
    outer loop
      vertex 38.6781 28.8834 0
      vertex 38.6781 53.5166 0
      vertex 38.95 53.3349 0
    endloop
  endfacet
  facet normal 0 0 -1
    outer loop
      vertex 38.4322 28.6678 0
      vertex 38.6781 53.5166 0
      vertex 38.6781 28.8834 0
    endloop
  endfacet
  facet normal 0 0 -1
    outer loop
      vertex 38.4322 28.6678 0
      vertex 38.4322 53.7322 0
      vertex 38.6781 53.5166 0
    endloop
  endfacet
  facet normal 0 0 -1
    outer loop
      vertex 38.2166 28.4219 0
      vertex 38.4322 53.7322 0
      vertex 38.4322 28.6678 0
    endloop
  endfacet
  facet normal 0 0 -1
    outer loop
      vertex 38.2166 28.4219 0
      vertex 38.2166 53.9781 0
      vertex 38.4322 53.7322 0
    endloop
  endfacet
  facet normal 0 0 -1
    outer loop
      vertex 5.76777 53.7322 0
      vertex 38.2166 28.4219 0
      vertex 38.0349 28.15 0
    endloop
  endfacet
  facet normal 0 0 -1
    outer loop
      vertex 38.2166 28.4219 0
      vertex 5.98338 53.9781 0
      vertex 38.2166 53.9781 0
    endloop
  endfacet
  facet normal 0 0 -1
    outer loop
      vertex 5.5219 53.5166 0
      vertex 38.0349 28.15 0
      vertex 37.8903 27.8567 0
    endloop
  endfacet
  facet normal 0 0 -1
    outer loop
      vertex 38.2166 53.9781 0
      vertex 5.98338 53.9781 0
      vertex 38.0349 54.25 0
    endloop
  endfacet
  facet normal 0 0 -1
    outer loop
      vertex 5.25 53.3349 0
      vertex 37.8903 27.8567 0
      vertex 37.7852 27.547 0
    endloop
  endfacet
  facet normal 0 -0 -1
    outer loop
      vertex 6.16506 54.25 0
      vertex 38.0349 54.25 0
      vertex 5.98338 53.9781 0
    endloop
  endfacet
  facet normal 0 0 -1
    outer loop
      vertex 4.95671 53.1903 0
      vertex 37.7852 27.547 0
      vertex 37.7214 27.2263 0
    endloop
  endfacet
  facet normal 0 0 -1
    outer loop
      vertex 38.0349 54.25 0
      vertex 6.16506 54.25 0
      vertex 37.8903 54.5433 0
    endloop
  endfacet
  facet normal 0 0 -1
    outer loop
      vertex 4.55671 6.2097 0
      vertex 37.7214 27.2263 0
      vertex 37.7 26.9 0
    endloop
  endfacet
  facet normal 0 -0 -1
    outer loop
      vertex 6.3097 54.5433 0
      vertex 37.8903 54.5433 0
      vertex 6.16506 54.25 0
    endloop
  endfacet
  facet normal 0 0 -1
    outer loop
      vertex 41.1 0.299999 0
      vertex 43.1 2.3 0
      vertex 43.0829 2.03895 0
    endloop
  endfacet
  facet normal 0 0 -1
    outer loop
      vertex 43.1 2.3 0
      vertex 42.7 26.9 0
      vertex 43.1 54.5 0
    endloop
  endfacet
  facet normal 0 0 -1
    outer loop
      vertex 41.1 0.299999 0
      vertex 43.0829 2.03895 0
      vertex 43.0319 1.78236 0
    endloop
  endfacet
  facet normal 0 0 -1
    outer loop
      vertex 42.6786 27.2263 0
      vertex 43.1 54.5 0
      vertex 42.7 26.9 0
    endloop
  endfacet
  facet normal 0 0 -1
    outer loop
      vertex 41.1 0.299999 0
      vertex 43.0319 1.78236 0
      vertex 42.9478 1.53463 0
    endloop
  endfacet
  facet normal 0 0 -1
    outer loop
      vertex 43.1 54.5 0
      vertex 42.7 55.5 0
      vertex 43.0829 54.761 0
    endloop
  endfacet
  facet normal 0 0 -1
    outer loop
      vertex 41.1 0.299999 0
      vertex 42.9478 1.53463 0
      vertex 42.8321 1.3 0
    endloop
  endfacet
  facet normal 0 0 -1
    outer loop
      vertex 43.0829 54.761 0
      vertex 42.7 55.5 0
      vertex 43.0319 55.0176 0
    endloop
  endfacet
  facet normal 0 0 -1
    outer loop
      vertex 43.0319 55.0176 0
      vertex 42.7 55.5 0
      vertex 42.9478 55.2654 0
    endloop
  endfacet
  facet normal 0 0 -1
    outer loop
      vertex 41.1 0.299999 0
      vertex 42.8321 1.3 0
      vertex 42.6867 1.08247 0
    endloop
  endfacet
  facet normal 0 0 -1
    outer loop
      vertex 43.1 2.3 0
      vertex 42.6786 26.5737 0
      vertex 42.7 26.9 0
    endloop
  endfacet
  facet normal 0 0 -1
    outer loop
      vertex 43.1 2.3 0
      vertex 42.6148 26.253 0
      vertex 42.6786 26.5737 0
    endloop
  endfacet
  facet normal 0 0 -1
    outer loop
      vertex 41.1 0.299999 0
      vertex 42.6867 1.08247 0
      vertex 42.5142 0.885784 0
    endloop
  endfacet
  facet normal 0 0 -1
    outer loop
      vertex 43.1 2.3 0
      vertex 42.5097 25.9433 0
      vertex 42.6148 26.253 0
    endloop
  endfacet
  facet normal 0 0 -1
    outer loop
      vertex 43.1 2.3 0
      vertex 42.3651 25.65 0
      vertex 42.5097 25.9433 0
    endloop
  endfacet
  facet normal 0 0 -1
    outer loop
      vertex 41.1 0.299999 0
      vertex 42.5142 0.885784 0
      vertex 42.3175 0.713299 0
    endloop
  endfacet
  facet normal 0 0 -1
    outer loop
      vertex 43.1 2.3 0
      vertex 42.1834 25.3781 0
      vertex 42.3651 25.65 0
    endloop
  endfacet
  facet normal 0 0 -1
    outer loop
      vertex 41.1 0.299999 0
      vertex 42.3175 0.713299 0
      vertex 42.1 0.567944 0
    endloop
  endfacet
  facet normal 0 0 -1
    outer loop
      vertex 43.1 2.3 0
      vertex 41.9678 25.1322 0
      vertex 42.1834 25.3781 0
    endloop
  endfacet
  facet normal 0 0 -1
    outer loop
      vertex 41.1 0.299999 0
      vertex 42.1 0.567944 0
      vertex 41.8654 0.452236 0
    endloop
  endfacet
  facet normal 0 0 -1
    outer loop
      vertex 43.1 2.3 0
      vertex 41.7219 24.9166 0
      vertex 41.9678 25.1322 0
    endloop
  endfacet
  facet normal 0 0 -1
    outer loop
      vertex 41.1 0.299999 0
      vertex 41.8654 0.452236 0
      vertex 41.6176 0.368145 0
    endloop
  endfacet
  facet normal 0 0 -1
    outer loop
      vertex 43.1 2.3 0
      vertex 41.45 24.7349 0
      vertex 41.7219 24.9166 0
    endloop
  endfacet
  facet normal 0 0 -1
    outer loop
      vertex 41.1 0.299999 0
      vertex 41.6176 0.368145 0
      vertex 41.361 0.317104 0
    endloop
  endfacet
  facet normal 0 0 -1
    outer loop
      vertex 43.1 2.3 0
      vertex 41.1567 24.5903 0
      vertex 41.45 24.7349 0
    endloop
  endfacet
  facet normal 0 0 -1
    outer loop
      vertex 38.95 24.7349 0
      vertex 43.1 2.3 0
      vertex 41.1 0.299999 0
    endloop
  endfacet
  facet normal 0 0 -1
    outer loop
      vertex 43.1 2.3 0
      vertex 40.847 24.4852 0
      vertex 41.1567 24.5903 0
    endloop
  endfacet
  facet normal 0 0 -1
    outer loop
      vertex 43.1 2.3 0
      vertex 40.5263 24.4214 0
      vertex 40.847 24.4852 0
    endloop
  endfacet
  facet normal 0 0 -1
    outer loop
      vertex 43.1 2.3 0
      vertex 40.2 24.4 0
      vertex 40.5263 24.4214 0
    endloop
  endfacet
  facet normal 0 0 -1
    outer loop
      vertex 43.1 2.3 0
      vertex 39.8737 24.4214 0
      vertex 40.2 24.4 0
    endloop
  endfacet
  facet normal 0 0 -1
    outer loop
      vertex 43.1 2.3 0
      vertex 39.553 24.4852 0
      vertex 39.8737 24.4214 0
    endloop
  endfacet
  facet normal 0 0 -1
    outer loop
      vertex 43.1 2.3 0
      vertex 39.2433 24.5903 0
      vertex 39.553 24.4852 0
    endloop
  endfacet
  facet normal 0 0 -1
    outer loop
      vertex 43.1 2.3 0
      vertex 38.95 24.7349 0
      vertex 39.2433 24.5903 0
    endloop
  endfacet
  facet normal 0 0 -1
    outer loop
      vertex 41.1 0.299999 0
      vertex 38.6781 24.9166 0
      vertex 38.95 24.7349 0
    endloop
  endfacet
  facet normal 0 0 -1
    outer loop
      vertex 41.1 0.299999 0
      vertex 38.4322 25.1322 0
      vertex 38.6781 24.9166 0
    endloop
  endfacet
  facet normal 0 0 -1
    outer loop
      vertex 5.9097 4.85671 0
      vertex 38.4322 25.1322 0
      vertex 41.1 0.299999 0
    endloop
  endfacet
  facet normal -0 0 -1
    outer loop
      vertex 38.4322 25.1322 0
      vertex 5.9097 4.85671 0
      vertex 38.2166 25.3781 0
    endloop
  endfacet
  facet normal 0 0 -1
    outer loop
      vertex 5.76506 5.15 0
      vertex 38.2166 25.3781 0
      vertex 5.9097 4.85671 0
    endloop
  endfacet
  facet normal -0 0 -1
    outer loop
      vertex 38.2166 25.3781 0
      vertex 5.76506 5.15 0
      vertex 38.0349 25.65 0
    endloop
  endfacet
  facet normal 0 0 -1
    outer loop
      vertex 5.58338 5.4219 0
      vertex 38.0349 25.65 0
      vertex 5.76506 5.15 0
    endloop
  endfacet
  facet normal 0 0 -1
    outer loop
      vertex 37.8903 54.5433 0
      vertex 6.3097 54.5433 0
      vertex 37.7852 54.853 0
    endloop
  endfacet
  facet normal 0 0 -1
    outer loop
      vertex 4.85 6.06506 0
      vertex 37.7 26.9 0
      vertex 37.7214 26.5737 0
    endloop
  endfacet
  facet normal -0 0 -1
    outer loop
      vertex 38.0349 25.65 0
      vertex 5.58338 5.4219 0
      vertex 37.8903 25.9433 0
    endloop
  endfacet
  facet normal -0 0 -1
    outer loop
      vertex 37.7 55.5 0
      vertex 6.47861 55.1737 0
      vertex 6.5 55.5 0
    endloop
  endfacet
  facet normal 0 0 -1
    outer loop
      vertex 37.7214 55.1737 0
      vertex 6.47861 55.1737 0
      vertex 37.7 55.5 0
    endloop
  endfacet
  facet normal 0 -0 -1
    outer loop
      vertex 6.47861 55.1737 0
      vertex 37.7214 55.1737 0
      vertex 6.41481 54.853 0
    endloop
  endfacet
  facet normal 0 0 -1
    outer loop
      vertex 37.7852 54.853 0
      vertex 6.41481 54.853 0
      vertex 37.7214 55.1737 0
    endloop
  endfacet
  facet normal 0 0 -1
    outer loop
      vertex 6.07861 4.22631 0
      vertex 41.1 0.299999 0
      vertex 6.1 3.9 0
    endloop
  endfacet
  facet normal 0 0 -1
    outer loop
      vertex 41.1 0.299999 0
      vertex 6.07861 3.57368 0
      vertex 6.1 3.9 0
    endloop
  endfacet
  facet normal 0 0 -1
    outer loop
      vertex 41.1 0.299999 0
      vertex 6.01481 3.25295 0
      vertex 6.07861 3.57368 0
    endloop
  endfacet
  facet normal 0 0 -1
    outer loop
      vertex 41.1 0.299999 0
      vertex 5.9097 2.94329 0
      vertex 6.01481 3.25295 0
    endloop
  endfacet
  facet normal 0 0 -1
    outer loop
      vertex 41.1 0.299999 0
      vertex 5.76506 2.65 0
      vertex 5.9097 2.94329 0
    endloop
  endfacet
  facet normal 0 0 -1
    outer loop
      vertex 41.1 0.299999 0
      vertex 5.58338 2.3781 0
      vertex 5.76506 2.65 0
    endloop
  endfacet
  facet normal 0 0 -1
    outer loop
      vertex 41.1 0.299999 0
      vertex 5.36777 2.13223 0
      vertex 5.58338 2.3781 0
    endloop
  endfacet
  facet normal 0 0 -1
    outer loop
      vertex 41.1 0.299999 0
      vertex 5.1219 1.91662 0
      vertex 5.36777 2.13223 0
    endloop
  endfacet
  facet normal 0 0 -1
    outer loop
      vertex 3.1 0.299999 0
      vertex 5.1219 1.91662 0
      vertex 41.1 0.299999 0
    endloop
  endfacet
  facet normal 0 0 -1
    outer loop
      vertex 5.1219 1.91662 0
      vertex 3.1 0.299999 0
      vertex 4.85 1.73494 0
    endloop
  endfacet
  facet normal 0 0 -1
    outer loop
      vertex 4.85 1.73494 0
      vertex 3.1 0.299999 0
      vertex 4.55671 1.5903 0
    endloop
  endfacet
  facet normal 0 0 -1
    outer loop
      vertex 4.55671 1.5903 0
      vertex 3.1 0.299999 0
      vertex 4.24705 1.48518 0
    endloop
  endfacet
  facet normal 0 0 -1
    outer loop
      vertex 4.24705 1.48518 0
      vertex 3.1 0.299999 0
      vertex 3.92632 1.42139 0
    endloop
  endfacet
  facet normal 0 0 -1
    outer loop
      vertex 3.92632 1.42139 0
      vertex 3.1 0.299999 0
      vertex 3.6 1.4 0
    endloop
  endfacet
  facet normal 0 0 -1
    outer loop
      vertex 3.1 0.299999 0
      vertex 3.27368 1.42139 0
      vertex 3.6 1.4 0
    endloop
  endfacet
  facet normal 0 0 -1
    outer loop
      vertex 2.83895 0.317104 0
      vertex 3.27368 1.42139 0
      vertex 3.1 0.299999 0
    endloop
  endfacet
  facet normal -0 0 -1
    outer loop
      vertex 3.27368 1.42139 0
      vertex 2.83895 0.317104 0
      vertex 2.95295 1.48518 0
    endloop
  endfacet
  facet normal 0 0 -1
    outer loop
      vertex 2.58236 0.368145 0
      vertex 2.95295 1.48518 0
      vertex 2.83895 0.317104 0
    endloop
  endfacet
  facet normal 0 0 -1
    outer loop
      vertex 2.33463 0.452236 0
      vertex 2.95295 1.48518 0
      vertex 2.58236 0.368145 0
    endloop
  endfacet
  facet normal -0 0 -1
    outer loop
      vertex 2.95295 1.48518 0
      vertex 2.33463 0.452236 0
      vertex 2.64329 1.5903 0
    endloop
  endfacet
  facet normal 0 0 -1
    outer loop
      vertex 2.1 0.567944 0
      vertex 2.64329 1.5903 0
      vertex 2.33463 0.452236 0
    endloop
  endfacet
  facet normal 0 0 -1
    outer loop
      vertex 1.88247 0.713299 0
      vertex 2.64329 1.5903 0
      vertex 2.1 0.567944 0
    endloop
  endfacet
  facet normal -0 0 -1
    outer loop
      vertex 2.64329 1.5903 0
      vertex 1.88247 0.713299 0
      vertex 2.35 1.73494 0
    endloop
  endfacet
  facet normal 0 0 -1
    outer loop
      vertex 1.68578 0.885784 0
      vertex 2.35 1.73494 0
      vertex 1.88247 0.713299 0
    endloop
  endfacet
  facet normal 0 0 -1
    outer loop
      vertex 1.5133 1.08247 0
      vertex 2.35 1.73494 0
      vertex 1.68578 0.885784 0
    endloop
  endfacet
  facet normal -0 0 -1
    outer loop
      vertex 2.35 1.73494 0
      vertex 1.5133 1.08247 0
      vertex 2.0781 1.91662 0
    endloop
  endfacet
  facet normal 0 0 -1
    outer loop
      vertex 1.36794 1.3 0
      vertex 2.0781 1.91662 0
      vertex 1.5133 1.08247 0
    endloop
  endfacet
  facet normal 0 0 -1
    outer loop
      vertex 1.25224 1.53463 0
      vertex 2.0781 1.91662 0
      vertex 1.36794 1.3 0
    endloop
  endfacet
  facet normal -0 0 -1
    outer loop
      vertex 2.0781 1.91662 0
      vertex 1.25224 1.53463 0
      vertex 1.83223 2.13223 0
    endloop
  endfacet
  facet normal 0 0 -1
    outer loop
      vertex 1.16815 1.78236 0
      vertex 1.83223 2.13223 0
      vertex 1.25224 1.53463 0
    endloop
  endfacet
  facet normal 0 0 -1
    outer loop
      vertex 1.1171 2.03895 0
      vertex 1.83223 2.13223 0
      vertex 1.16815 1.78236 0
    endloop
  endfacet
  facet normal -0 0 -1
    outer loop
      vertex 1.83223 2.13223 0
      vertex 1.1171 2.03895 0
      vertex 1.61662 2.3781 0
    endloop
  endfacet
  facet normal 0 0 -1
    outer loop
      vertex 1.1 2.3 0
      vertex 1.61662 2.3781 0
      vertex 1.1171 2.03895 0
    endloop
  endfacet
  facet normal -0 0 -1
    outer loop
      vertex 1.61662 2.3781 0
      vertex 1.1 2.3 0
      vertex 1.43494 2.65 0
    endloop
  endfacet
  facet normal -0 0 -1
    outer loop
      vertex 1.2903 2.94329 0
      vertex 1.1 2.3 0
      vertex 1.18519 3.25295 0
    endloop
  endfacet
  facet normal -0 0 -1
    outer loop
      vertex 1.43494 2.65 0
      vertex 1.1 2.3 0
      vertex 1.2903 2.94329 0
    endloop
  endfacet
  facet normal -0 0 -1
    outer loop
      vertex 1.18519 3.25295 0
      vertex 1.1 2.3 0
      vertex 1.12139 3.57368 0
    endloop
  endfacet
  facet normal -0 0 -1
    outer loop
      vertex 1.12139 3.57368 0
      vertex 1.1 2.3 0
      vertex 1.1 3.9 0
    endloop
  endfacet
  facet normal 0 0 -1
    outer loop
      vertex 42.9478 55.2654 0
      vertex 42.7 55.5 0
      vertex 42.8321 55.5 0
    endloop
  endfacet
  facet normal 0 0 -1
    outer loop
      vertex 42.7 55.5 0
      vertex 42.6867 55.7175 0
      vertex 42.8321 55.5 0
    endloop
  endfacet
  facet normal -0 -0 -1
    outer loop
      vertex 42.6867 55.7175 0
      vertex 42.7 55.5 0
      vertex 42.6857 55.7187 0
    endloop
  endfacet
  facet normal 0 0 -1
    outer loop
      vertex 6.5 55.5 0
      vertex 37.7214 55.8263 0
      vertex 37.7 55.5 0
    endloop
  endfacet
  facet normal 0 0 -1
    outer loop
      vertex 6.47861 55.8263 0
      vertex 37.7214 55.8263 0
      vertex 6.5 55.5 0
    endloop
  endfacet
  facet normal 0 0 -1
    outer loop
      vertex 37.7214 55.8263 0
      vertex 6.47861 55.8263 0
      vertex 37.7852 56.147 0
    endloop
  endfacet
  facet normal 0 0 -1
    outer loop
      vertex 6.41481 56.147 0
      vertex 37.7852 56.147 0
      vertex 6.47861 55.8263 0
    endloop
  endfacet
  facet normal 0 0 -1
    outer loop
      vertex 37.7852 56.147 0
      vertex 6.41481 56.147 0
      vertex 37.8903 56.4567 0
    endloop
  endfacet
  facet normal 0 0 -1
    outer loop
      vertex 6.3097 56.4567 0
      vertex 37.8903 56.4567 0
      vertex 6.41481 56.147 0
    endloop
  endfacet
  facet normal 0 0 -1
    outer loop
      vertex 37.8903 56.4567 0
      vertex 6.3097 56.4567 0
      vertex 37.9116 56.5 0
    endloop
  endfacet
  facet normal -0 0 -1
    outer loop
      vertex 37.9116 56.5 0
      vertex 6.3097 56.4567 0
      vertex 6.28835 56.5 0
    endloop
  endfacet
  facet normal 0 0 -1
    outer loop
      vertex 6.01481 4.54705 0
      vertex 41.1 0.299999 0
      vertex 6.07861 4.22631 0
    endloop
  endfacet
  facet normal 0 0 -1
    outer loop
      vertex 5.9097 4.85671 0
      vertex 41.1 0.299999 0
      vertex 6.01481 4.54705 0
    endloop
  endfacet
  facet normal 0 0 -1
    outer loop
      vertex 5.36777 5.66777 0
      vertex 37.8903 25.9433 0
      vertex 5.58338 5.4219 0
    endloop
  endfacet
  facet normal -0 0 -1
    outer loop
      vertex 37.8903 25.9433 0
      vertex 5.36777 5.66777 0
      vertex 37.7852 26.253 0
    endloop
  endfacet
  facet normal 0 -0 -1
    outer loop
      vertex 6.41481 54.853 0
      vertex 37.7852 54.853 0
      vertex 6.3097 54.5433 0
    endloop
  endfacet
  facet normal 0 0 -1
    outer loop
      vertex 5.1219 5.88338 0
      vertex 37.7852 26.253 0
      vertex 5.36777 5.66777 0
    endloop
  endfacet
  facet normal 0 0 -1
    outer loop
      vertex 38.2166 28.4219 0
      vertex 5.76777 53.7322 0
      vertex 5.98338 53.9781 0
    endloop
  endfacet
  facet normal -0 0 -1
    outer loop
      vertex 37.7852 26.253 0
      vertex 5.1219 5.88338 0
      vertex 37.7214 26.5737 0
    endloop
  endfacet
  facet normal 0 0 -1
    outer loop
      vertex 38.0349 28.15 0
      vertex 5.5219 53.5166 0
      vertex 5.76777 53.7322 0
    endloop
  endfacet
  facet normal 0 0 -1
    outer loop
      vertex 4.85 6.06506 0
      vertex 37.7214 26.5737 0
      vertex 5.1219 5.88338 0
    endloop
  endfacet
  facet normal 0 0 -1
    outer loop
      vertex 37.8903 27.8567 0
      vertex 5.25 53.3349 0
      vertex 5.5219 53.5166 0
    endloop
  endfacet
  facet normal 0 0 -1
    outer loop
      vertex 37.7 26.9 0
      vertex 4.85 6.06506 0
      vertex 4.55671 6.2097 0
    endloop
  endfacet
  facet normal 0 0 -1
    outer loop
      vertex 37.7852 27.547 0
      vertex 4.95671 53.1903 0
      vertex 5.25 53.3349 0
    endloop
  endfacet
  facet normal -0 0 -1
    outer loop
      vertex 37.7214 27.2263 0
      vertex 4.55671 6.2097 0
      vertex 4.95671 53.1903 0
    endloop
  endfacet
  facet normal 0 0 -1
    outer loop
      vertex 4.95671 53.1903 0
      vertex 4.55671 6.2097 0
      vertex 4.64705 53.0852 0
    endloop
  endfacet
  facet normal 0 0 -1
    outer loop
      vertex 4.24705 6.31481 0
      vertex 4.64705 53.0852 0
      vertex 4.55671 6.2097 0
    endloop
  endfacet
  facet normal 0 0 -1
    outer loop
      vertex 4.64705 53.0852 0
      vertex 4.24705 6.31481 0
      vertex 4.32631 53.0214 0
    endloop
  endfacet
  facet normal 0 0 -1
    outer loop
      vertex 3.92632 6.37861 0
      vertex 4.32631 53.0214 0
      vertex 4.24705 6.31481 0
    endloop
  endfacet
  facet normal 0 0 -1
    outer loop
      vertex 4.32631 53.0214 0
      vertex 3.92632 6.37861 0
      vertex 4 53 0
    endloop
  endfacet
  facet normal 0 0 -1
    outer loop
      vertex 3.6 6.4 0
      vertex 4 53 0
      vertex 3.92632 6.37861 0
    endloop
  endfacet
  facet normal -0 0 -1
    outer loop
      vertex 4 53 0
      vertex 3.6 6.4 0
      vertex 3.67368 53.0214 0
    endloop
  endfacet
  facet normal 0 0 -1
    outer loop
      vertex 3.27368 6.37861 0
      vertex 3.67368 53.0214 0
      vertex 3.6 6.4 0
    endloop
  endfacet
  facet normal -0 0 -1
    outer loop
      vertex 3.67368 53.0214 0
      vertex 3.27368 6.37861 0
      vertex 3.35295 53.0852 0
    endloop
  endfacet
  facet normal 0 0 -1
    outer loop
      vertex 2.95295 6.31481 0
      vertex 3.35295 53.0852 0
      vertex 3.27368 6.37861 0
    endloop
  endfacet
  facet normal -0 0 -1
    outer loop
      vertex 3.35295 53.0852 0
      vertex 2.95295 6.31481 0
      vertex 3.04329 53.1903 0
    endloop
  endfacet
  facet normal 0 0 -1
    outer loop
      vertex 2.64329 6.2097 0
      vertex 3.04329 53.1903 0
      vertex 2.95295 6.31481 0
    endloop
  endfacet
  facet normal -0 0 -1
    outer loop
      vertex 3.04329 53.1903 0
      vertex 2.64329 6.2097 0
      vertex 2.75 53.3349 0
    endloop
  endfacet
  facet normal 0 0 -1
    outer loop
      vertex 2.35 6.06506 0
      vertex 2.75 53.3349 0
      vertex 2.64329 6.2097 0
    endloop
  endfacet
  facet normal -0 0 -1
    outer loop
      vertex 2.75 53.3349 0
      vertex 2.35 6.06506 0
      vertex 2.4781 53.5166 0
    endloop
  endfacet
  facet normal 0 0 -1
    outer loop
      vertex 2.0781 5.88338 0
      vertex 2.4781 53.5166 0
      vertex 2.35 6.06506 0
    endloop
  endfacet
  facet normal 0 0 -1
    outer loop
      vertex 1.1 54.5 0
      vertex 2.4781 53.5166 0
      vertex 2.0781 5.88338 0
    endloop
  endfacet
  facet normal 0 0 -1
    outer loop
      vertex 2.4781 53.5166 0
      vertex 1.1 54.5 0
      vertex 2.23223 53.7322 0
    endloop
  endfacet
  facet normal 0 0 -1
    outer loop
      vertex 2.23223 53.7322 0
      vertex 1.1 54.5 0
      vertex 2.01662 53.9781 0
    endloop
  endfacet
  facet normal 0 0 -1
    outer loop
      vertex 1.1 54.5 0
      vertex 2.0781 5.88338 0
      vertex 1.83223 5.66777 0
    endloop
  endfacet
  facet normal 0 0 -1
    outer loop
      vertex 2.01662 53.9781 0
      vertex 1.1 54.5 0
      vertex 1.83494 54.25 0
    endloop
  endfacet
  facet normal 0 0 -1
    outer loop
      vertex 1.1 54.5 0
      vertex 1.83223 5.66777 0
      vertex 1.61662 5.4219 0
    endloop
  endfacet
  facet normal 0 0 -1
    outer loop
      vertex 1.83494 54.25 0
      vertex 1.1 54.5 0
      vertex 1.6903 54.5433 0
    endloop
  endfacet
  facet normal -0 0 -1
    outer loop
      vertex 1.6903 54.5433 0
      vertex 1.1 54.5 0
      vertex 1.58519 54.853 0
    endloop
  endfacet
  facet normal 0 -0 -1
    outer loop
      vertex 1.1171 54.761 0
      vertex 1.58519 54.853 0
      vertex 1.1 54.5 0
    endloop
  endfacet
  facet normal 0 0 -1
    outer loop
      vertex 1.1 54.5 0
      vertex 1.61662 5.4219 0
      vertex 1.43494 5.15 0
    endloop
  endfacet
  facet normal 0 0 -1
    outer loop
      vertex 1.5 55.5 0
      vertex 1.5133 55.7175 0
      vertex 1.51433 55.7187 0
    endloop
  endfacet
  facet normal 0 0 -1
    outer loop
      vertex 1.5 55.5 0
      vertex 1.36794 55.5 0
      vertex 1.5133 55.7175 0
    endloop
  endfacet
  facet normal 0 -0 -1
    outer loop
      vertex 1.16815 55.0176 0
      vertex 1.58519 54.853 0
      vertex 1.1171 54.761 0
    endloop
  endfacet
  facet normal 0 0 -1
    outer loop
      vertex 1.1 54.5 0
      vertex 1.43494 5.15 0
      vertex 1.2903 4.85671 0
    endloop
  endfacet
  facet normal 0 0 -1
    outer loop
      vertex 1.58519 54.853 0
      vertex 1.16815 55.0176 0
      vertex 1.52139 55.1737 0
    endloop
  endfacet
  facet normal 0 0 -1
    outer loop
      vertex 1.1 54.5 0
      vertex 1.2903 4.85671 0
      vertex 1.18519 4.54705 0
    endloop
  endfacet
  facet normal 0 0 -1
    outer loop
      vertex 1.52139 55.1737 0
      vertex 1.36794 55.5 0
      vertex 1.5 55.5 0
    endloop
  endfacet
  facet normal 0 0 -1
    outer loop
      vertex 1.1 54.5 0
      vertex 1.18519 4.54705 0
      vertex 1.12139 4.22631 0
    endloop
  endfacet
  facet normal 0 -0 -1
    outer loop
      vertex 1.36794 55.5 0
      vertex 1.52139 55.1737 0
      vertex 1.25224 55.2654 0
    endloop
  endfacet
  facet normal 0 0 -1
    outer loop
      vertex 1.1 54.5 0
      vertex 1.12139 4.22631 0
      vertex 1.1 3.9 0
    endloop
  endfacet
  facet normal 0 -0 -1
    outer loop
      vertex 1.25224 55.2654 0
      vertex 1.52139 55.1737 0
      vertex 1.16815 55.0176 0
    endloop
  endfacet
  facet normal 0.946922 -0.321463 0
    outer loop
      vertex 42.9478 1.53463 1
      vertex 43.0319 1.78236 0
      vertex 43.0319 1.78236 1
    endloop
  endfacet
  facet normal 0.946922 -0.321463 0
    outer loop
      vertex 43.0319 1.78236 0
      vertex 42.9478 1.53463 1
      vertex 42.9478 1.53463 0
    endloop
  endfacet
  facet normal -0.980783 -0.195102 0
    outer loop
      vertex 5.43759 55.6893 -7.4
      vertex 5.40059 55.8753 1
      vertex 5.40059 55.8753 -7.4
    endloop
  endfacet
  facet normal -0.980783 -0.195102 0
    outer loop
      vertex 5.40059 55.8753 1
      vertex 5.43759 55.6893 -7.4
      vertex 5.43759 55.6893 1
    endloop
  endfacet
  facet normal -0.997858 -0.0654169 0
    outer loop
      vertex 5.45 55.5 -7.4
      vertex 5.43759 55.6893 1
      vertex 5.43759 55.6893 -7.4
    endloop
  endfacet
  facet normal -0.997858 -0.0654169 0
    outer loop
      vertex 5.43759 55.6893 1
      vertex 5.45 55.5 -7.4
      vertex 5.45 55.5 1
    endloop
  endfacet
  facet normal -0.442335 -0.89685 0
    outer loop
      vertex 4.55489 56.8396 -7.4
      vertex 4.725 56.7557 1
      vertex 4.55489 56.8396 1
    endloop
  endfacet
  facet normal -0.442335 -0.89685 -0
    outer loop
      vertex 4.725 56.7557 1
      vertex 4.55489 56.8396 -7.4
      vertex 4.725 56.7557 -7.4
    endloop
  endfacet
  facet normal -0.659474 -0.751727 0
    outer loop
      vertex 4.8827 56.6504 -7.4
      vertex 5.0253 56.5253 1
      vertex 4.8827 56.6504 1
    endloop
  endfacet
  facet normal -0.659474 -0.751727 -0
    outer loop
      vertex 5.0253 56.5253 1
      vertex 4.8827 56.6504 -7.4
      vertex 5.0253 56.5253 -7.4
    endloop
  endfacet
  facet normal -0.659474 0.751727 0
    outer loop
      vertex 5.0253 54.4747 -7.4
      vertex 4.8827 54.3496 1
      vertex 5.0253 54.4747 1
    endloop
  endfacet
  facet normal -0.659474 0.751727 0
    outer loop
      vertex 4.8827 54.3496 1
      vertex 5.0253 54.4747 -7.4
      vertex 4.8827 54.3496 -7.4
    endloop
  endfacet
  facet normal -0.0653782 0.997861 0
    outer loop
      vertex 4.18926 54.0624 -7.4
      vertex 4 54.05 1
      vertex 4.18926 54.0624 1
    endloop
  endfacet
  facet normal -0.0653782 0.997861 0
    outer loop
      vertex 4 54.05 1
      vertex 4.18926 54.0624 -7.4
      vertex 4 54.05 -7.4
    endloop
  endfacet
  facet normal -0.946924 0.321458 0
    outer loop
      vertex 5.33962 54.9451 -7.4
      vertex 5.40059 55.1247 1
      vertex 5.40059 55.1247 -7.4
    endloop
  endfacet
  facet normal -0.946924 0.321458 0
    outer loop
      vertex 5.40059 55.1247 1
      vertex 5.33962 54.9451 -7.4
      vertex 5.33962 54.9451 1
    endloop
  endfacet
  facet normal -0.997858 0.0654169 0
    outer loop
      vertex 5.43759 55.3107 -7.4
      vertex 5.45 55.5 1
      vertex 5.45 55.5 -7.4
    endloop
  endfacet
  facet normal -0.997858 0.0654169 0
    outer loop
      vertex 5.45 55.5 1
      vertex 5.43759 55.3107 -7.4
      vertex 5.43759 55.3107 1
    endloop
  endfacet
  facet normal 0.442335 0.89685 -0
    outer loop
      vertex 3.44511 54.1604 -7.4
      vertex 3.275 54.2443 1
      vertex 3.44511 54.1604 1
    endloop
  endfacet
  facet normal 0.442335 0.89685 0
    outer loop
      vertex 3.275 54.2443 1
      vertex 3.44511 54.1604 -7.4
      vertex 3.275 54.2443 -7.4
    endloop
  endfacet
  facet normal 0.195072 0.980789 -0
    outer loop
      vertex 3.81074 54.0624 -7.4
      vertex 3.62471 54.0994 1
      vertex 3.81074 54.0624 1
    endloop
  endfacet
  facet normal 0.195072 0.980789 0
    outer loop
      vertex 3.62471 54.0994 1
      vertex 3.81074 54.0624 -7.4
      vertex 3.62471 54.0994 -7.4
    endloop
  endfacet
  facet normal 0.0653782 -0.997861 0
    outer loop
      vertex 3.81074 56.9376 -7.4
      vertex 4 56.95 1
      vertex 3.81074 56.9376 1
    endloop
  endfacet
  facet normal 0.0653782 -0.997861 0
    outer loop
      vertex 4 56.95 1
      vertex 3.81074 56.9376 -7.4
      vertex 4 56.95 -7.4
    endloop
  endfacet
  facet normal -0.83145 0.5556 0
    outer loop
      vertex 5.15036 54.6173 -7.4
      vertex 5.25574 54.775 1
      vertex 5.25574 54.775 -7.4
    endloop
  endfacet
  facet normal -0.83145 0.5556 0
    outer loop
      vertex 5.25574 54.775 1
      vertex 5.15036 54.6173 -7.4
      vertex 5.15036 54.6173 1
    endloop
  endfacet
  facet normal -0.896881 0.442272 0
    outer loop
      vertex 5.25574 54.775 -7.4
      vertex 5.33962 54.9451 1
      vertex 5.33962 54.9451 -7.4
    endloop
  endfacet
  facet normal -0.896881 0.442272 0
    outer loop
      vertex 5.33962 54.9451 1
      vertex 5.25574 54.775 -7.4
      vertex 5.25574 54.775 1
    endloop
  endfacet
  facet normal 0.83145 -0.5556 0
    outer loop
      vertex 2.74426 56.225 1
      vertex 2.84964 56.3827 -7.4
      vertex 2.84964 56.3827 1
    endloop
  endfacet
  facet normal 0.83145 -0.5556 0
    outer loop
      vertex 2.84964 56.3827 -7.4
      vertex 2.74426 56.225 1
      vertex 2.74426 56.225 -7.4
    endloop
  endfacet
  facet normal 0.89686 0.442314 0
    outer loop
      vertex 2.74426 54.775 1
      vertex 2.66037 54.9451 -7.4
      vertex 2.66037 54.9451 1
    endloop
  endfacet
  facet normal 0.89686 0.442314 0
    outer loop
      vertex 2.66037 54.9451 -7.4
      vertex 2.74426 54.775 1
      vertex 2.74426 54.775 -7.4
    endloop
  endfacet
  facet normal -0.442335 0.89685 0
    outer loop
      vertex 4.725 54.2443 -7.4
      vertex 4.55489 54.1604 1
      vertex 4.725 54.2443 1
    endloop
  endfacet
  facet normal -0.442335 0.89685 0
    outer loop
      vertex 4.55489 54.1604 1
      vertex 4.725 54.2443 -7.4
      vertex 4.55489 54.1604 -7.4
    endloop
  endfacet
  facet normal 0.997861 -0.0653644 0
    outer loop
      vertex 2.55 55.5 1
      vertex 2.5624 55.6893 -7.4
      vertex 2.5624 55.6893 1
    endloop
  endfacet
  facet normal 0.997861 -0.0653644 0
    outer loop
      vertex 2.5624 55.6893 -7.4
      vertex 2.55 55.5 1
      vertex 2.55 55.5 -7.4
    endloop
  endfacet
  facet normal -0.896881 -0.442272 0
    outer loop
      vertex 5.33962 56.0549 -7.4
      vertex 5.25574 56.225 1
      vertex 5.25574 56.225 -7.4
    endloop
  endfacet
  facet normal -0.896881 -0.442272 0
    outer loop
      vertex 5.25574 56.225 1
      vertex 5.33962 56.0549 -7.4
      vertex 5.33962 56.0549 1
    endloop
  endfacet
  facet normal -0.3216 0.946876 0
    outer loop
      vertex 4.55489 54.1604 -7.4
      vertex 4.37529 54.0994 1
      vertex 4.55489 54.1604 1
    endloop
  endfacet
  facet normal -0.3216 0.946876 0
    outer loop
      vertex 4.37529 54.0994 1
      vertex 4.55489 54.1604 -7.4
      vertex 4.37529 54.0994 -7.4
    endloop
  endfacet
  facet normal 0.751858 0.659325 0
    outer loop
      vertex 2.97469 54.4747 1
      vertex 2.84964 54.6173 -7.4
      vertex 2.84964 54.6173 1
    endloop
  endfacet
  facet normal 0.751858 0.659325 0
    outer loop
      vertex 2.84964 54.6173 -7.4
      vertex 2.97469 54.4747 1
      vertex 2.97469 54.4747 -7.4
    endloop
  endfacet
  facet normal -0.555309 0.831644 0
    outer loop
      vertex 4.8827 54.3496 -7.4
      vertex 4.725 54.2443 1
      vertex 4.8827 54.3496 1
    endloop
  endfacet
  facet normal -0.555309 0.831644 0
    outer loop
      vertex 4.725 54.2443 1
      vertex 4.8827 54.3496 -7.4
      vertex 4.725 54.2443 -7.4
    endloop
  endfacet
  facet normal 0.751858 -0.659325 0
    outer loop
      vertex 2.84964 56.3827 1
      vertex 2.97469 56.5253 -7.4
      vertex 2.97469 56.5253 1
    endloop
  endfacet
  facet normal 0.751858 -0.659325 0
    outer loop
      vertex 2.97469 56.5253 -7.4
      vertex 2.84964 56.3827 1
      vertex 2.84964 56.3827 -7.4
    endloop
  endfacet
  facet normal -0.751832 0.659355 0
    outer loop
      vertex 5.0253 54.4747 -7.4
      vertex 5.15036 54.6173 1
      vertex 5.15036 54.6173 -7.4
    endloop
  endfacet
  facet normal -0.751832 0.659355 0
    outer loop
      vertex 5.15036 54.6173 1
      vertex 5.0253 54.4747 -7.4
      vertex 5.0253 54.4747 1
    endloop
  endfacet
  facet normal -0.83145 -0.5556 0
    outer loop
      vertex 5.25574 56.225 -7.4
      vertex 5.15036 56.3827 1
      vertex 5.15036 56.3827 -7.4
    endloop
  endfacet
  facet normal -0.83145 -0.5556 0
    outer loop
      vertex 5.15036 56.3827 1
      vertex 5.25574 56.225 -7.4
      vertex 5.25574 56.225 1
    endloop
  endfacet
  facet normal -0.195072 -0.980789 0
    outer loop
      vertex 4.18926 56.9376 -7.4
      vertex 4.37529 56.9006 1
      vertex 4.18926 56.9376 1
    endloop
  endfacet
  facet normal -0.195072 -0.980789 -0
    outer loop
      vertex 4.37529 56.9006 1
      vertex 4.18926 56.9376 -7.4
      vertex 4.37529 56.9006 -7.4
    endloop
  endfacet
  facet normal 0.94694 0.321411 0
    outer loop
      vertex 2.66037 54.9451 1
      vertex 2.59941 55.1247 -7.4
      vertex 2.59941 55.1247 1
    endloop
  endfacet
  facet normal 0.94694 0.321411 0
    outer loop
      vertex 2.59941 55.1247 -7.4
      vertex 2.66037 54.9451 1
      vertex 2.66037 54.9451 -7.4
    endloop
  endfacet
  facet normal 0.980773 -0.195153 0
    outer loop
      vertex 2.5624 55.6893 1
      vertex 2.59941 55.8753 -7.4
      vertex 2.59941 55.8753 1
    endloop
  endfacet
  facet normal 0.980773 -0.195153 0
    outer loop
      vertex 2.59941 55.8753 -7.4
      vertex 2.5624 55.6893 1
      vertex 2.5624 55.6893 -7.4
    endloop
  endfacet
  facet normal -0.555309 -0.831644 0
    outer loop
      vertex 4.725 56.7557 -7.4
      vertex 4.8827 56.6504 1
      vertex 4.725 56.7557 1
    endloop
  endfacet
  facet normal -0.555309 -0.831644 -0
    outer loop
      vertex 4.8827 56.6504 1
      vertex 4.725 56.7557 -7.4
      vertex 4.8827 56.6504 -7.4
    endloop
  endfacet
  facet normal 0.195072 -0.980789 0
    outer loop
      vertex 3.62471 56.9006 -7.4
      vertex 3.81074 56.9376 1
      vertex 3.62471 56.9006 1
    endloop
  endfacet
  facet normal 0.195072 -0.980789 0
    outer loop
      vertex 3.81074 56.9376 1
      vertex 3.62471 56.9006 -7.4
      vertex 3.81074 56.9376 -7.4
    endloop
  endfacet
  facet normal -0.980783 0.195102 0
    outer loop
      vertex 5.40059 55.1247 -7.4
      vertex 5.43759 55.3107 1
      vertex 5.43759 55.3107 -7.4
    endloop
  endfacet
  facet normal -0.980783 0.195102 0
    outer loop
      vertex 5.43759 55.3107 1
      vertex 5.40059 55.1247 -7.4
      vertex 5.40059 55.1247 1
    endloop
  endfacet
  facet normal 0.659448 -0.75175 0
    outer loop
      vertex 2.97469 56.5253 -7.4
      vertex 3.1173 56.6504 1
      vertex 2.97469 56.5253 1
    endloop
  endfacet
  facet normal 0.659448 -0.75175 0
    outer loop
      vertex 3.1173 56.6504 1
      vertex 2.97469 56.5253 -7.4
      vertex 3.1173 56.6504 -7.4
    endloop
  endfacet
  facet normal -0.0653782 -0.997861 0
    outer loop
      vertex 4 56.95 -7.4
      vertex 4.18926 56.9376 1
      vertex 4 56.95 1
    endloop
  endfacet
  facet normal -0.0653782 -0.997861 -0
    outer loop
      vertex 4.18926 56.9376 1
      vertex 4 56.95 -7.4
      vertex 4.18926 56.9376 -7.4
    endloop
  endfacet
  facet normal 0.3216 0.946876 -0
    outer loop
      vertex 3.62471 54.0994 -7.4
      vertex 3.44511 54.1604 1
      vertex 3.62471 54.0994 1
    endloop
  endfacet
  facet normal 0.3216 0.946876 0
    outer loop
      vertex 3.44511 54.1604 1
      vertex 3.62471 54.0994 -7.4
      vertex 3.44511 54.1604 -7.4
    endloop
  endfacet
  facet normal 0.94694 -0.321411 0
    outer loop
      vertex 2.59941 55.8753 1
      vertex 2.66037 56.0549 -7.4
      vertex 2.66037 56.0549 1
    endloop
  endfacet
  facet normal 0.94694 -0.321411 0
    outer loop
      vertex 2.66037 56.0549 -7.4
      vertex 2.59941 55.8753 1
      vertex 2.59941 55.8753 -7.4
    endloop
  endfacet
  facet normal -0.195072 0.980789 0
    outer loop
      vertex 4.37529 54.0994 -7.4
      vertex 4.18926 54.0624 1
      vertex 4.37529 54.0994 1
    endloop
  endfacet
  facet normal -0.195072 0.980789 0
    outer loop
      vertex 4.18926 54.0624 1
      vertex 4.37529 54.0994 -7.4
      vertex 4.18926 54.0624 -7.4
    endloop
  endfacet
  facet normal -0.3216 -0.946876 0
    outer loop
      vertex 4.37529 56.9006 -7.4
      vertex 4.55489 56.8396 1
      vertex 4.37529 56.9006 1
    endloop
  endfacet
  facet normal -0.3216 -0.946876 -0
    outer loop
      vertex 4.55489 56.8396 1
      vertex 4.37529 56.9006 -7.4
      vertex 4.55489 56.8396 -7.4
    endloop
  endfacet
  facet normal 0.0653782 0.997861 -0
    outer loop
      vertex 4 54.05 -7.4
      vertex 3.81074 54.0624 1
      vertex 4 54.05 1
    endloop
  endfacet
  facet normal 0.0653782 0.997861 0
    outer loop
      vertex 3.81074 54.0624 1
      vertex 4 54.05 -7.4
      vertex 3.81074 54.0624 -7.4
    endloop
  endfacet
  facet normal -0.751832 -0.659355 0
    outer loop
      vertex 5.15036 56.3827 -7.4
      vertex 5.0253 56.5253 1
      vertex 5.0253 56.5253 -7.4
    endloop
  endfacet
  facet normal -0.751832 -0.659355 0
    outer loop
      vertex 5.0253 56.5253 1
      vertex 5.15036 56.3827 -7.4
      vertex 5.15036 56.3827 1
    endloop
  endfacet
  facet normal -0.946924 -0.321458 0
    outer loop
      vertex 5.40059 55.8753 -7.4
      vertex 5.33962 56.0549 1
      vertex 5.33962 56.0549 -7.4
    endloop
  endfacet
  facet normal -0.946924 -0.321458 0
    outer loop
      vertex 5.33962 56.0549 1
      vertex 5.40059 55.8753 -7.4
      vertex 5.40059 55.8753 1
    endloop
  endfacet
  facet normal 0.3216 -0.946876 0
    outer loop
      vertex 3.44511 56.8396 -7.4
      vertex 3.62471 56.9006 1
      vertex 3.44511 56.8396 1
    endloop
  endfacet
  facet normal 0.3216 -0.946876 0
    outer loop
      vertex 3.62471 56.9006 1
      vertex 3.44511 56.8396 -7.4
      vertex 3.62471 56.9006 -7.4
    endloop
  endfacet
  facet normal 0.442335 -0.89685 0
    outer loop
      vertex 3.275 56.7557 -7.4
      vertex 3.44511 56.8396 1
      vertex 3.275 56.7557 1
    endloop
  endfacet
  facet normal 0.442335 -0.89685 0
    outer loop
      vertex 3.44511 56.8396 1
      vertex 3.275 56.7557 -7.4
      vertex 3.44511 56.8396 -7.4
    endloop
  endfacet
  facet normal 0.997861 0.0653644 0
    outer loop
      vertex 2.5624 55.3107 1
      vertex 2.55 55.5 -7.4
      vertex 2.55 55.5 1
    endloop
  endfacet
  facet normal 0.997861 0.0653644 0
    outer loop
      vertex 2.55 55.5 -7.4
      vertex 2.5624 55.3107 1
      vertex 2.5624 55.3107 -7.4
    endloop
  endfacet
  facet normal 0.83145 0.5556 0
    outer loop
      vertex 2.84964 54.6173 1
      vertex 2.74426 54.775 -7.4
      vertex 2.74426 54.775 1
    endloop
  endfacet
  facet normal 0.83145 0.5556 0
    outer loop
      vertex 2.74426 54.775 -7.4
      vertex 2.84964 54.6173 1
      vertex 2.84964 54.6173 -7.4
    endloop
  endfacet
  facet normal 0.555309 -0.831644 0
    outer loop
      vertex 3.1173 56.6504 -7.4
      vertex 3.275 56.7557 1
      vertex 3.1173 56.6504 1
    endloop
  endfacet
  facet normal 0.555309 -0.831644 0
    outer loop
      vertex 3.275 56.7557 1
      vertex 3.1173 56.6504 -7.4
      vertex 3.275 56.7557 -7.4
    endloop
  endfacet
  facet normal 0.980773 0.195153 0
    outer loop
      vertex 2.59941 55.1247 1
      vertex 2.5624 55.3107 -7.4
      vertex 2.5624 55.3107 1
    endloop
  endfacet
  facet normal 0.980773 0.195153 0
    outer loop
      vertex 2.5624 55.3107 -7.4
      vertex 2.59941 55.1247 1
      vertex 2.59941 55.1247 -7.4
    endloop
  endfacet
  facet normal 0.555309 0.831644 -0
    outer loop
      vertex 3.275 54.2443 -7.4
      vertex 3.1173 54.3496 1
      vertex 3.275 54.2443 1
    endloop
  endfacet
  facet normal 0.555309 0.831644 0
    outer loop
      vertex 3.1173 54.3496 1
      vertex 3.275 54.2443 -7.4
      vertex 3.1173 54.3496 -7.4
    endloop
  endfacet
  facet normal 0.89686 -0.442314 0
    outer loop
      vertex 2.66037 56.0549 1
      vertex 2.74426 56.225 -7.4
      vertex 2.74426 56.225 1
    endloop
  endfacet
  facet normal 0.89686 -0.442314 0
    outer loop
      vertex 2.74426 56.225 -7.4
      vertex 2.66037 56.0549 1
      vertex 2.66037 56.0549 -7.4
    endloop
  endfacet
  facet normal 0.659448 0.75175 -0
    outer loop
      vertex 3.1173 54.3496 -7.4
      vertex 2.97469 54.4747 1
      vertex 3.1173 54.3496 1
    endloop
  endfacet
  facet normal 0.659448 0.75175 0
    outer loop
      vertex 2.97469 54.4747 1
      vertex 3.1173 54.3496 -7.4
      vertex 2.97469 54.4747 -7.4
    endloop
  endfacet
  facet normal 0.896839 -0.442356 0
    outer loop
      vertex 38.8604 56.0549 1
      vertex 38.9443 56.225 -7.4
      vertex 38.9443 56.225 1
    endloop
  endfacet
  facet normal 0.896839 -0.442356 0
    outer loop
      vertex 38.9443 56.225 -7.4
      vertex 38.8604 56.0549 1
      vertex 38.8604 56.0549 -7.4
    endloop
  endfacet
  facet normal 0.442356 -0.896839 0
    outer loop
      vertex 39.475 56.7557 -7.4
      vertex 39.6451 56.8396 1
      vertex 39.475 56.7557 1
    endloop
  endfacet
  facet normal 0.442356 -0.896839 0
    outer loop
      vertex 39.6451 56.8396 1
      vertex 39.475 56.7557 -7.4
      vertex 39.6451 56.8396 -7.4
    endloop
  endfacet
  facet normal -0.980783 -0.195102 0
    outer loop
      vertex 41.6376 55.6893 -7.4
      vertex 41.6006 55.8753 1
      vertex 41.6006 55.8753 -7.4
    endloop
  endfacet
  facet normal -0.980783 -0.195102 0
    outer loop
      vertex 41.6006 55.8753 1
      vertex 41.6376 55.6893 -7.4
      vertex 41.6376 55.6893 1
    endloop
  endfacet
  facet normal -0.997861 -0.0653644 0
    outer loop
      vertex 41.65 55.5 -7.4
      vertex 41.6376 55.6893 1
      vertex 41.6376 55.6893 -7.4
    endloop
  endfacet
  facet normal -0.997861 -0.0653644 0
    outer loop
      vertex 41.6376 55.6893 1
      vertex 41.65 55.5 -7.4
      vertex 41.65 55.5 1
    endloop
  endfacet
  facet normal -0.946876 -0.3216 0
    outer loop
      vertex 41.6006 55.8753 -7.4
      vertex 41.5396 56.0549 1
      vertex 41.5396 56.0549 -7.4
    endloop
  endfacet
  facet normal -0.946876 -0.3216 0
    outer loop
      vertex 41.5396 56.0549 1
      vertex 41.6006 55.8753 -7.4
      vertex 41.6006 55.8753 1
    endloop
  endfacet
  facet normal 0.997861 -0.0653644 0
    outer loop
      vertex 38.75 55.5 1
      vertex 38.7624 55.6893 -7.4
      vertex 38.7624 55.6893 1
    endloop
  endfacet
  facet normal 0.997861 -0.0653644 0
    outer loop
      vertex 38.7624 55.6893 -7.4
      vertex 38.75 55.5 1
      vertex 38.75 55.5 -7.4
    endloop
  endfacet
  facet normal 0.3216 -0.946876 0
    outer loop
      vertex 39.6451 56.8396 -7.4
      vertex 39.8247 56.9006 1
      vertex 39.6451 56.8396 1
    endloop
  endfacet
  facet normal 0.3216 -0.946876 0
    outer loop
      vertex 39.8247 56.9006 1
      vertex 39.6451 56.8396 -7.4
      vertex 39.8247 56.9006 -7.4
    endloop
  endfacet
  facet normal -0.3216 -0.946876 0
    outer loop
      vertex 40.5753 56.9006 -7.4
      vertex 40.7549 56.8396 1
      vertex 40.5753 56.9006 1
    endloop
  endfacet
  facet normal -0.3216 -0.946876 -0
    outer loop
      vertex 40.7549 56.8396 1
      vertex 40.5753 56.9006 -7.4
      vertex 40.7549 56.8396 -7.4
    endloop
  endfacet
  facet normal 0.555309 0.831644 -0
    outer loop
      vertex 39.475 54.2443 -7.4
      vertex 39.3173 54.3496 1
      vertex 39.475 54.2443 1
    endloop
  endfacet
  facet normal 0.555309 0.831644 0
    outer loop
      vertex 39.3173 54.3496 1
      vertex 39.475 54.2443 -7.4
      vertex 39.3173 54.3496 -7.4
    endloop
  endfacet
  facet normal -0.3216 0.946876 0
    outer loop
      vertex 40.7549 54.1604 -7.4
      vertex 40.5753 54.0994 1
      vertex 40.7549 54.1604 1
    endloop
  endfacet
  facet normal -0.3216 0.946876 0
    outer loop
      vertex 40.5753 54.0994 1
      vertex 40.7549 54.1604 -7.4
      vertex 40.5753 54.0994 -7.4
    endloop
  endfacet
  facet normal -0.896839 -0.442356 0
    outer loop
      vertex 41.5396 56.0549 -7.4
      vertex 41.4557 56.225 1
      vertex 41.4557 56.225 -7.4
    endloop
  endfacet
  facet normal -0.896839 -0.442356 0
    outer loop
      vertex 41.4557 56.225 1
      vertex 41.5396 56.0549 -7.4
      vertex 41.5396 56.0549 1
    endloop
  endfacet
  facet normal 0.195102 -0.980783 0
    outer loop
      vertex 39.8247 56.9006 -7.4
      vertex 40.0107 56.9376 1
      vertex 39.8247 56.9006 1
    endloop
  endfacet
  facet normal 0.195102 -0.980783 0
    outer loop
      vertex 40.0107 56.9376 1
      vertex 39.8247 56.9006 -7.4
      vertex 40.0107 56.9376 -7.4
    endloop
  endfacet
  facet normal 0.442356 0.896839 -0
    outer loop
      vertex 39.6451 54.1604 -7.4
      vertex 39.475 54.2443 1
      vertex 39.6451 54.1604 1
    endloop
  endfacet
  facet normal 0.442356 0.896839 0
    outer loop
      vertex 39.475 54.2443 1
      vertex 39.6451 54.1604 -7.4
      vertex 39.475 54.2443 -7.4
    endloop
  endfacet
  facet normal 0.831644 0.555309 0
    outer loop
      vertex 39.0496 54.6173 1
      vertex 38.9443 54.775 -7.4
      vertex 38.9443 54.775 1
    endloop
  endfacet
  facet normal 0.831644 0.555309 0
    outer loop
      vertex 38.9443 54.775 -7.4
      vertex 39.0496 54.6173 1
      vertex 39.0496 54.6173 -7.4
    endloop
  endfacet
  facet normal 0.195102 0.980783 -0
    outer loop
      vertex 40.0107 54.0624 -7.4
      vertex 39.8247 54.0994 1
      vertex 40.0107 54.0624 1
    endloop
  endfacet
  facet normal 0.195102 0.980783 0
    outer loop
      vertex 39.8247 54.0994 1
      vertex 40.0107 54.0624 -7.4
      vertex 39.8247 54.0994 -7.4
    endloop
  endfacet
  facet normal 0.751727 -0.659474 0
    outer loop
      vertex 39.0496 56.3827 1
      vertex 39.1747 56.5253 -7.4
      vertex 39.1747 56.5253 1
    endloop
  endfacet
  facet normal 0.751727 -0.659474 0
    outer loop
      vertex 39.1747 56.5253 -7.4
      vertex 39.0496 56.3827 1
      vertex 39.0496 56.3827 -7.4
    endloop
  endfacet
  facet normal 0.946876 0.3216 0
    outer loop
      vertex 38.8604 54.9451 1
      vertex 38.7994 55.1247 -7.4
      vertex 38.7994 55.1247 1
    endloop
  endfacet
  facet normal 0.946876 0.3216 0
    outer loop
      vertex 38.7994 55.1247 -7.4
      vertex 38.8604 54.9451 1
      vertex 38.8604 54.9451 -7.4
    endloop
  endfacet
  facet normal -0.442356 0.896839 0
    outer loop
      vertex 40.925 54.2443 -7.4
      vertex 40.7549 54.1604 1
      vertex 40.925 54.2443 1
    endloop
  endfacet
  facet normal -0.442356 0.896839 0
    outer loop
      vertex 40.7549 54.1604 1
      vertex 40.925 54.2443 -7.4
      vertex 40.7549 54.1604 -7.4
    endloop
  endfacet
  facet normal 0.3216 0.946876 -0
    outer loop
      vertex 39.8247 54.0994 -7.4
      vertex 39.6451 54.1604 1
      vertex 39.8247 54.0994 1
    endloop
  endfacet
  facet normal 0.3216 0.946876 0
    outer loop
      vertex 39.6451 54.1604 1
      vertex 39.8247 54.0994 -7.4
      vertex 39.6451 54.1604 -7.4
    endloop
  endfacet
  facet normal -0.195102 0.980783 0
    outer loop
      vertex 40.5753 54.0994 -7.4
      vertex 40.3893 54.0624 1
      vertex 40.5753 54.0994 1
    endloop
  endfacet
  facet normal -0.195102 0.980783 0
    outer loop
      vertex 40.3893 54.0624 1
      vertex 40.5753 54.0994 -7.4
      vertex 40.3893 54.0624 -7.4
    endloop
  endfacet
  facet normal 0.751727 0.659474 0
    outer loop
      vertex 39.1747 54.4747 1
      vertex 39.0496 54.6173 -7.4
      vertex 39.0496 54.6173 1
    endloop
  endfacet
  facet normal 0.751727 0.659474 0
    outer loop
      vertex 39.0496 54.6173 -7.4
      vertex 39.1747 54.4747 1
      vertex 39.1747 54.4747 -7.4
    endloop
  endfacet
  facet normal -0.659474 0.751727 0
    outer loop
      vertex 41.2253 54.4747 -7.4
      vertex 41.0827 54.3496 1
      vertex 41.2253 54.4747 1
    endloop
  endfacet
  facet normal -0.659474 0.751727 0
    outer loop
      vertex 41.0827 54.3496 1
      vertex 41.2253 54.4747 -7.4
      vertex 41.0827 54.3496 -7.4
    endloop
  endfacet
  facet normal -0.555309 -0.831644 0
    outer loop
      vertex 40.925 56.7557 -7.4
      vertex 41.0827 56.6504 1
      vertex 40.925 56.7557 1
    endloop
  endfacet
  facet normal -0.555309 -0.831644 -0
    outer loop
      vertex 41.0827 56.6504 1
      vertex 40.925 56.7557 -7.4
      vertex 41.0827 56.6504 -7.4
    endloop
  endfacet
  facet normal -0.980783 0.195102 0
    outer loop
      vertex 41.6006 55.1247 -7.4
      vertex 41.6376 55.3107 1
      vertex 41.6376 55.3107 -7.4
    endloop
  endfacet
  facet normal -0.980783 0.195102 0
    outer loop
      vertex 41.6376 55.3107 1
      vertex 41.6006 55.1247 -7.4
      vertex 41.6006 55.1247 1
    endloop
  endfacet
  facet normal -0.997861 0.0653644 0
    outer loop
      vertex 41.6376 55.3107 -7.4
      vertex 41.65 55.5 1
      vertex 41.65 55.5 -7.4
    endloop
  endfacet
  facet normal -0.997861 0.0653644 0
    outer loop
      vertex 41.65 55.5 1
      vertex 41.6376 55.3107 -7.4
      vertex 41.6376 55.3107 1
    endloop
  endfacet
  facet normal -0.831644 -0.555309 0
    outer loop
      vertex 41.4557 56.225 -7.4
      vertex 41.3504 56.3827 1
      vertex 41.3504 56.3827 -7.4
    endloop
  endfacet
  facet normal -0.831644 -0.555309 0
    outer loop
      vertex 41.3504 56.3827 1
      vertex 41.4557 56.225 -7.4
      vertex 41.4557 56.225 1
    endloop
  endfacet
  facet normal -0.659474 -0.751727 0
    outer loop
      vertex 41.0827 56.6504 -7.4
      vertex 41.2253 56.5253 1
      vertex 41.0827 56.6504 1
    endloop
  endfacet
  facet normal -0.659474 -0.751727 -0
    outer loop
      vertex 41.2253 56.5253 1
      vertex 41.0827 56.6504 -7.4
      vertex 41.2253 56.5253 -7.4
    endloop
  endfacet
  facet normal 0.555309 -0.831644 0
    outer loop
      vertex 39.3173 56.6504 -7.4
      vertex 39.475 56.7557 1
      vertex 39.3173 56.6504 1
    endloop
  endfacet
  facet normal 0.555309 -0.831644 0
    outer loop
      vertex 39.475 56.7557 1
      vertex 39.3173 56.6504 -7.4
      vertex 39.475 56.7557 -7.4
    endloop
  endfacet
  facet normal -0.442356 -0.896839 0
    outer loop
      vertex 40.7549 56.8396 -7.4
      vertex 40.925 56.7557 1
      vertex 40.7549 56.8396 1
    endloop
  endfacet
  facet normal -0.442356 -0.896839 -0
    outer loop
      vertex 40.925 56.7557 1
      vertex 40.7549 56.8396 -7.4
      vertex 40.925 56.7557 -7.4
    endloop
  endfacet
  facet normal -0.751727 -0.659474 0
    outer loop
      vertex 41.3504 56.3827 -7.4
      vertex 41.2253 56.5253 1
      vertex 41.2253 56.5253 -7.4
    endloop
  endfacet
  facet normal -0.751727 -0.659474 0
    outer loop
      vertex 41.2253 56.5253 1
      vertex 41.3504 56.3827 -7.4
      vertex 41.3504 56.3827 1
    endloop
  endfacet
  facet normal -0.555309 0.831644 0
    outer loop
      vertex 41.0827 54.3496 -7.4
      vertex 40.925 54.2443 1
      vertex 41.0827 54.3496 1
    endloop
  endfacet
  facet normal -0.555309 0.831644 0
    outer loop
      vertex 40.925 54.2443 1
      vertex 41.0827 54.3496 -7.4
      vertex 40.925 54.2443 -7.4
    endloop
  endfacet
  facet normal -0.831644 0.555309 0
    outer loop
      vertex 41.3504 54.6173 -7.4
      vertex 41.4557 54.775 1
      vertex 41.4557 54.775 -7.4
    endloop
  endfacet
  facet normal -0.831644 0.555309 0
    outer loop
      vertex 41.4557 54.775 1
      vertex 41.3504 54.6173 -7.4
      vertex 41.3504 54.6173 1
    endloop
  endfacet
  facet normal 0.831644 -0.555309 0
    outer loop
      vertex 38.9443 56.225 1
      vertex 39.0496 56.3827 -7.4
      vertex 39.0496 56.3827 1
    endloop
  endfacet
  facet normal 0.831644 -0.555309 0
    outer loop
      vertex 39.0496 56.3827 -7.4
      vertex 38.9443 56.225 1
      vertex 38.9443 56.225 -7.4
    endloop
  endfacet
  facet normal 0.997861 0.0653644 0
    outer loop
      vertex 38.7624 55.3107 1
      vertex 38.75 55.5 -7.4
      vertex 38.75 55.5 1
    endloop
  endfacet
  facet normal 0.997861 0.0653644 0
    outer loop
      vertex 38.75 55.5 -7.4
      vertex 38.7624 55.3107 1
      vertex 38.7624 55.3107 -7.4
    endloop
  endfacet
  facet normal -0.751727 0.659474 0
    outer loop
      vertex 41.2253 54.4747 -7.4
      vertex 41.3504 54.6173 1
      vertex 41.3504 54.6173 -7.4
    endloop
  endfacet
  facet normal -0.751727 0.659474 0
    outer loop
      vertex 41.3504 54.6173 1
      vertex 41.2253 54.4747 -7.4
      vertex 41.2253 54.4747 1
    endloop
  endfacet
  facet normal -0.0653644 -0.997861 0
    outer loop
      vertex 40.2 56.95 -7.4
      vertex 40.3893 56.9376 1
      vertex 40.2 56.95 1
    endloop
  endfacet
  facet normal -0.0653644 -0.997861 -0
    outer loop
      vertex 40.3893 56.9376 1
      vertex 40.2 56.95 -7.4
      vertex 40.3893 56.9376 -7.4
    endloop
  endfacet
  facet normal -0.0653644 0.997861 0
    outer loop
      vertex 40.3893 54.0624 -7.4
      vertex 40.2 54.05 1
      vertex 40.3893 54.0624 1
    endloop
  endfacet
  facet normal -0.0653644 0.997861 0
    outer loop
      vertex 40.2 54.05 1
      vertex 40.3893 54.0624 -7.4
      vertex 40.2 54.05 -7.4
    endloop
  endfacet
  facet normal 0.980783 0.195102 0
    outer loop
      vertex 38.7994 55.1247 1
      vertex 38.7624 55.3107 -7.4
      vertex 38.7624 55.3107 1
    endloop
  endfacet
  facet normal 0.980783 0.195102 0
    outer loop
      vertex 38.7624 55.3107 -7.4
      vertex 38.7994 55.1247 1
      vertex 38.7994 55.1247 -7.4
    endloop
  endfacet
  facet normal 0.0653644 -0.997861 0
    outer loop
      vertex 40.0107 56.9376 -7.4
      vertex 40.2 56.95 1
      vertex 40.0107 56.9376 1
    endloop
  endfacet
  facet normal 0.0653644 -0.997861 0
    outer loop
      vertex 40.2 56.95 1
      vertex 40.0107 56.9376 -7.4
      vertex 40.2 56.95 -7.4
    endloop
  endfacet
  facet normal 0.659474 -0.751727 0
    outer loop
      vertex 39.1747 56.5253 -7.4
      vertex 39.3173 56.6504 1
      vertex 39.1747 56.5253 1
    endloop
  endfacet
  facet normal 0.659474 -0.751727 0
    outer loop
      vertex 39.3173 56.6504 1
      vertex 39.1747 56.5253 -7.4
      vertex 39.3173 56.6504 -7.4
    endloop
  endfacet
  facet normal -0.946876 0.3216 0
    outer loop
      vertex 41.5396 54.9451 -7.4
      vertex 41.6006 55.1247 1
      vertex 41.6006 55.1247 -7.4
    endloop
  endfacet
  facet normal -0.946876 0.3216 0
    outer loop
      vertex 41.6006 55.1247 1
      vertex 41.5396 54.9451 -7.4
      vertex 41.5396 54.9451 1
    endloop
  endfacet
  facet normal 0.980783 -0.195102 0
    outer loop
      vertex 38.7624 55.6893 1
      vertex 38.7994 55.8753 -7.4
      vertex 38.7994 55.8753 1
    endloop
  endfacet
  facet normal 0.980783 -0.195102 0
    outer loop
      vertex 38.7994 55.8753 -7.4
      vertex 38.7624 55.6893 1
      vertex 38.7624 55.6893 -7.4
    endloop
  endfacet
  facet normal 0.0653644 0.997861 -0
    outer loop
      vertex 40.2 54.05 -7.4
      vertex 40.0107 54.0624 1
      vertex 40.2 54.05 1
    endloop
  endfacet
  facet normal 0.0653644 0.997861 0
    outer loop
      vertex 40.0107 54.0624 1
      vertex 40.2 54.05 -7.4
      vertex 40.0107 54.0624 -7.4
    endloop
  endfacet
  facet normal -0.195102 -0.980783 0
    outer loop
      vertex 40.3893 56.9376 -7.4
      vertex 40.5753 56.9006 1
      vertex 40.3893 56.9376 1
    endloop
  endfacet
  facet normal -0.195102 -0.980783 -0
    outer loop
      vertex 40.5753 56.9006 1
      vertex 40.3893 56.9376 -7.4
      vertex 40.5753 56.9006 -7.4
    endloop
  endfacet
  facet normal 0.946876 -0.3216 0
    outer loop
      vertex 38.7994 55.8753 1
      vertex 38.8604 56.0549 -7.4
      vertex 38.8604 56.0549 1
    endloop
  endfacet
  facet normal 0.946876 -0.3216 0
    outer loop
      vertex 38.8604 56.0549 -7.4
      vertex 38.7994 55.8753 1
      vertex 38.7994 55.8753 -7.4
    endloop
  endfacet
  facet normal 0.659474 0.751727 -0
    outer loop
      vertex 39.3173 54.3496 -7.4
      vertex 39.1747 54.4747 1
      vertex 39.3173 54.3496 1
    endloop
  endfacet
  facet normal 0.659474 0.751727 0
    outer loop
      vertex 39.1747 54.4747 1
      vertex 39.3173 54.3496 -7.4
      vertex 39.1747 54.4747 -7.4
    endloop
  endfacet
  facet normal 0.896839 0.442356 0
    outer loop
      vertex 38.9443 54.775 1
      vertex 38.8604 54.9451 -7.4
      vertex 38.8604 54.9451 1
    endloop
  endfacet
  facet normal 0.896839 0.442356 0
    outer loop
      vertex 38.8604 54.9451 -7.4
      vertex 38.9443 54.775 1
      vertex 38.9443 54.775 -7.4
    endloop
  endfacet
  facet normal -0.896839 0.442356 0
    outer loop
      vertex 41.4557 54.775 -7.4
      vertex 41.5396 54.9451 1
      vertex 41.5396 54.9451 -7.4
    endloop
  endfacet
  facet normal -0.896839 0.442356 0
    outer loop
      vertex 41.5396 54.9451 1
      vertex 41.4557 54.775 -7.4
      vertex 41.4557 54.775 1
    endloop
  endfacet
  facet normal -0.980789 -0.195072 0
    outer loop
      vertex 5.03759 4.08926 -7.4
      vertex 5.00059 4.27529 1
      vertex 5.00059 4.27529 -7.4
    endloop
  endfacet
  facet normal -0.980789 -0.195072 0
    outer loop
      vertex 5.00059 4.27529 1
      vertex 5.03759 4.08926 -7.4
      vertex 5.03759 4.08926 1
    endloop
  endfacet
  facet normal -0.997857 -0.0654307 0
    outer loop
      vertex 5.05 3.9 -7.4
      vertex 5.03759 4.08926 1
      vertex 5.03759 4.08926 -7.4
    endloop
  endfacet
  facet normal -0.997857 -0.0654307 0
    outer loop
      vertex 5.03759 4.08926 1
      vertex 5.05 3.9 -7.4
      vertex 5.05 3.9 1
    endloop
  endfacet
  facet normal 0.0654307 -0.997857 0
    outer loop
      vertex 3.41074 5.33759 -7.4
      vertex 3.6 5.35 1
      vertex 3.41074 5.33759 1
    endloop
  endfacet
  facet normal 0.0654307 -0.997857 0
    outer loop
      vertex 3.6 5.35 1
      vertex 3.41074 5.33759 -7.4
      vertex 3.6 5.35 -7.4
    endloop
  endfacet
  facet normal -0.659355 -0.751832 0
    outer loop
      vertex 4.4827 5.05036 -7.4
      vertex 4.6253 4.9253 1
      vertex 4.4827 5.05036 1
    endloop
  endfacet
  facet normal -0.659355 -0.751832 -0
    outer loop
      vertex 4.6253 4.9253 1
      vertex 4.4827 5.05036 -7.4
      vertex 4.6253 4.9253 -7.4
    endloop
  endfacet
  facet normal -0.896891 -0.442251 0
    outer loop
      vertex 4.93962 4.45489 -7.4
      vertex 4.85574 4.625 1
      vertex 4.85574 4.625 -7.4
    endloop
  endfacet
  facet normal -0.896891 -0.442251 0
    outer loop
      vertex 4.85574 4.625 1
      vertex 4.93962 4.45489 -7.4
      vertex 4.93962 4.45489 1
    endloop
  endfacet
  facet normal -0.0654307 -0.997857 0
    outer loop
      vertex 3.6 5.35 -7.4
      vertex 3.78926 5.33759 1
      vertex 3.6 5.35 1
    endloop
  endfacet
  facet normal -0.0654307 -0.997857 -0
    outer loop
      vertex 3.78926 5.33759 1
      vertex 3.6 5.35 -7.4
      vertex 3.78926 5.33759 -7.4
    endloop
  endfacet
  facet normal -0.195122 0.980779 0
    outer loop
      vertex 3.97529 2.49941 -7.4
      vertex 3.78926 2.4624 1
      vertex 3.97529 2.49941 1
    endloop
  endfacet
  facet normal -0.195122 0.980779 0
    outer loop
      vertex 3.78926 2.4624 1
      vertex 3.97529 2.49941 -7.4
      vertex 3.78926 2.4624 -7.4
    endloop
  endfacet
  facet normal -0.5556 0.83145 0
    outer loop
      vertex 4.4827 2.74964 -7.4
      vertex 4.325 2.64426 1
      vertex 4.4827 2.74964 1
    endloop
  endfacet
  facet normal -0.5556 0.83145 0
    outer loop
      vertex 4.325 2.64426 1
      vertex 4.4827 2.74964 -7.4
      vertex 4.325 2.64426 -7.4
    endloop
  endfacet
  facet normal -0.442293 0.896871 0
    outer loop
      vertex 4.325 2.64426 -7.4
      vertex 4.15489 2.56037 1
      vertex 4.325 2.64426 1
    endloop
  endfacet
  facet normal -0.442293 0.896871 0
    outer loop
      vertex 4.15489 2.56037 1
      vertex 4.325 2.64426 -7.4
      vertex 4.15489 2.56037 -7.4
    endloop
  endfacet
  facet normal -0.997857 0.0654307 0
    outer loop
      vertex 5.03759 3.71074 -7.4
      vertex 5.05 3.9 1
      vertex 5.05 3.9 -7.4
    endloop
  endfacet
  facet normal -0.997857 0.0654307 0
    outer loop
      vertex 5.05 3.9 1
      vertex 5.03759 3.71074 -7.4
      vertex 5.03759 3.71074 1
    endloop
  endfacet
  facet normal -0.83145 -0.5556 0
    outer loop
      vertex 4.85574 4.625 -7.4
      vertex 4.75036 4.7827 1
      vertex 4.75036 4.7827 -7.4
    endloop
  endfacet
  facet normal -0.83145 -0.5556 0
    outer loop
      vertex 4.75036 4.7827 1
      vertex 4.85574 4.625 -7.4
      vertex 4.85574 4.625 1
    endloop
  endfacet
  facet normal 0.94694 0.321411 0
    outer loop
      vertex 2.26037 3.34511 1
      vertex 2.19941 3.52471 -7.4
      vertex 2.19941 3.52471 1
    endloop
  endfacet
  facet normal 0.94694 0.321411 0
    outer loop
      vertex 2.19941 3.52471 -7.4
      vertex 2.26037 3.34511 1
      vertex 2.26037 3.34511 -7.4
    endloop
  endfacet
  facet normal -0.0653782 0.997861 0
    outer loop
      vertex 3.78926 2.4624 -7.4
      vertex 3.6 2.45 1
      vertex 3.78926 2.4624 1
    endloop
  endfacet
  facet normal -0.0653782 0.997861 0
    outer loop
      vertex 3.6 2.45 1
      vertex 3.78926 2.4624 -7.4
      vertex 3.6 2.45 -7.4
    endloop
  endfacet
  facet normal -0.751854 0.659329 0
    outer loop
      vertex 4.6253 2.87469 -7.4
      vertex 4.75036 3.0173 1
      vertex 4.75036 3.0173 -7.4
    endloop
  endfacet
  facet normal -0.751854 0.659329 0
    outer loop
      vertex 4.75036 3.0173 1
      vertex 4.6253 2.87469 -7.4
      vertex 4.6253 2.87469 1
    endloop
  endfacet
  facet normal 0.896871 0.442293 0
    outer loop
      vertex 2.34426 3.175 1
      vertex 2.26037 3.34511 -7.4
      vertex 2.26037 3.34511 1
    endloop
  endfacet
  facet normal 0.896871 0.442293 0
    outer loop
      vertex 2.26037 3.34511 -7.4
      vertex 2.34426 3.175 1
      vertex 2.34426 3.175 -7.4
    endloop
  endfacet
  facet normal 0.659299 0.751881 -0
    outer loop
      vertex 2.7173 2.74964 -7.4
      vertex 2.57469 2.87469 1
      vertex 2.7173 2.74964 1
    endloop
  endfacet
  facet normal 0.659299 0.751881 0
    outer loop
      vertex 2.57469 2.87469 1
      vertex 2.7173 2.74964 -7.4
      vertex 2.57469 2.87469 -7.4
    endloop
  endfacet
  facet normal 0.896871 -0.442293 0
    outer loop
      vertex 2.26037 4.45489 1
      vertex 2.34426 4.625 -7.4
      vertex 2.34426 4.625 1
    endloop
  endfacet
  facet normal 0.896871 -0.442293 0
    outer loop
      vertex 2.34426 4.625 -7.4
      vertex 2.26037 4.45489 1
      vertex 2.26037 4.45489 -7.4
    endloop
  endfacet
  facet normal 0.659329 -0.751854 0
    outer loop
      vertex 2.57469 4.9253 -7.4
      vertex 2.7173 5.05036 1
      vertex 2.57469 4.9253 1
    endloop
  endfacet
  facet normal 0.659329 -0.751854 0
    outer loop
      vertex 2.7173 5.05036 1
      vertex 2.57469 4.9253 -7.4
      vertex 2.7173 5.05036 -7.4
    endloop
  endfacet
  facet normal -0.659325 0.751858 0
    outer loop
      vertex 4.6253 2.87469 -7.4
      vertex 4.4827 2.74964 1
      vertex 4.6253 2.87469 1
    endloop
  endfacet
  facet normal -0.659325 0.751858 0
    outer loop
      vertex 4.4827 2.74964 1
      vertex 4.6253 2.87469 -7.4
      vertex 4.4827 2.74964 -7.4
    endloop
  endfacet
  facet normal 0.751858 -0.659325 0
    outer loop
      vertex 2.44964 4.7827 1
      vertex 2.57469 4.9253 -7.4
      vertex 2.57469 4.9253 1
    endloop
  endfacet
  facet normal 0.751858 -0.659325 0
    outer loop
      vertex 2.57469 4.9253 -7.4
      vertex 2.44964 4.7827 1
      vertex 2.44964 4.7827 -7.4
    endloop
  endfacet
  facet normal 0.195122 0.980779 -0
    outer loop
      vertex 3.41074 2.4624 -7.4
      vertex 3.22471 2.49941 1
      vertex 3.41074 2.4624 1
    endloop
  endfacet
  facet normal 0.195122 0.980779 0
    outer loop
      vertex 3.22471 2.49941 1
      vertex 3.41074 2.4624 -7.4
      vertex 3.22471 2.49941 -7.4
    endloop
  endfacet
  facet normal -0.321411 0.94694 0
    outer loop
      vertex 4.15489 2.56037 -7.4
      vertex 3.97529 2.49941 1
      vertex 4.15489 2.56037 1
    endloop
  endfacet
  facet normal -0.321411 0.94694 0
    outer loop
      vertex 3.97529 2.49941 1
      vertex 4.15489 2.56037 -7.4
      vertex 3.97529 2.49941 -7.4
    endloop
  endfacet
  facet normal 0.751881 0.659299 0
    outer loop
      vertex 2.57469 2.87469 1
      vertex 2.44964 3.0173 -7.4
      vertex 2.44964 3.0173 1
    endloop
  endfacet
  facet normal 0.751881 0.659299 0
    outer loop
      vertex 2.44964 3.0173 -7.4
      vertex 2.57469 2.87469 1
      vertex 2.57469 2.87469 -7.4
    endloop
  endfacet
  facet normal -0.5556 -0.83145 0
    outer loop
      vertex 4.325 5.15574 -7.4
      vertex 4.4827 5.05036 1
      vertex 4.325 5.15574 1
    endloop
  endfacet
  facet normal -0.5556 -0.83145 -0
    outer loop
      vertex 4.4827 5.05036 1
      vertex 4.325 5.15574 -7.4
      vertex 4.4827 5.05036 -7.4
    endloop
  endfacet
  facet normal -0.980789 0.195072 0
    outer loop
      vertex 5.00059 3.52471 -7.4
      vertex 5.03759 3.71074 1
      vertex 5.03759 3.71074 -7.4
    endloop
  endfacet
  facet normal -0.980789 0.195072 0
    outer loop
      vertex 5.03759 3.71074 1
      vertex 5.00059 3.52471 -7.4
      vertex 5.00059 3.52471 1
    endloop
  endfacet
  facet normal 0.442251 -0.896891 0
    outer loop
      vertex 2.875 5.15574 -7.4
      vertex 3.04511 5.23962 1
      vertex 2.875 5.15574 1
    endloop
  endfacet
  facet normal 0.442251 -0.896891 0
    outer loop
      vertex 3.04511 5.23962 1
      vertex 2.875 5.15574 -7.4
      vertex 3.04511 5.23962 -7.4
    endloop
  endfacet
  facet normal 0.321458 -0.946924 0
    outer loop
      vertex 3.04511 5.23962 -7.4
      vertex 3.22471 5.30059 1
      vertex 3.04511 5.23962 1
    endloop
  endfacet
  facet normal 0.321458 -0.946924 0
    outer loop
      vertex 3.22471 5.30059 1
      vertex 3.04511 5.23962 -7.4
      vertex 3.22471 5.30059 -7.4
    endloop
  endfacet
  facet normal 0.195072 -0.980789 0
    outer loop
      vertex 3.22471 5.30059 -7.4
      vertex 3.41074 5.33759 1
      vertex 3.22471 5.30059 1
    endloop
  endfacet
  facet normal 0.195072 -0.980789 0
    outer loop
      vertex 3.41074 5.33759 1
      vertex 3.22471 5.30059 -7.4
      vertex 3.41074 5.33759 -7.4
    endloop
  endfacet
  facet normal -0.442251 -0.896891 0
    outer loop
      vertex 4.15489 5.23962 -7.4
      vertex 4.325 5.15574 1
      vertex 4.15489 5.23962 1
    endloop
  endfacet
  facet normal -0.442251 -0.896891 -0
    outer loop
      vertex 4.325 5.15574 1
      vertex 4.15489 5.23962 -7.4
      vertex 4.325 5.15574 -7.4
    endloop
  endfacet
  facet normal 0.980779 0.195122 0
    outer loop
      vertex 2.19941 3.52471 1
      vertex 2.1624 3.71074 -7.4
      vertex 2.1624 3.71074 1
    endloop
  endfacet
  facet normal 0.980779 0.195122 0
    outer loop
      vertex 2.1624 3.71074 -7.4
      vertex 2.19941 3.52471 1
      vertex 2.19941 3.52471 -7.4
    endloop
  endfacet
  facet normal -0.83145 0.5556 0
    outer loop
      vertex 4.75036 3.0173 -7.4
      vertex 4.85574 3.175 1
      vertex 4.85574 3.175 -7.4
    endloop
  endfacet
  facet normal -0.83145 0.5556 0
    outer loop
      vertex 4.85574 3.175 1
      vertex 4.75036 3.0173 -7.4
      vertex 4.75036 3.0173 1
    endloop
  endfacet
  facet normal -0.321458 -0.946924 0
    outer loop
      vertex 3.97529 5.30059 -7.4
      vertex 4.15489 5.23962 1
      vertex 3.97529 5.30059 1
    endloop
  endfacet
  facet normal -0.321458 -0.946924 -0
    outer loop
      vertex 4.15489 5.23962 1
      vertex 3.97529 5.30059 -7.4
      vertex 4.15489 5.23962 -7.4
    endloop
  endfacet
  facet normal 0.5556 -0.83145 0
    outer loop
      vertex 2.7173 5.05036 -7.4
      vertex 2.875 5.15574 1
      vertex 2.7173 5.05036 1
    endloop
  endfacet
  facet normal 0.5556 -0.83145 0
    outer loop
      vertex 2.875 5.15574 1
      vertex 2.7173 5.05036 -7.4
      vertex 2.875 5.15574 -7.4
    endloop
  endfacet
  facet normal -0.946924 0.321458 0
    outer loop
      vertex 4.93962 3.34511 -7.4
      vertex 5.00059 3.52471 1
      vertex 5.00059 3.52471 -7.4
    endloop
  endfacet
  facet normal -0.946924 0.321458 0
    outer loop
      vertex 5.00059 3.52471 1
      vertex 4.93962 3.34511 -7.4
      vertex 4.93962 3.34511 1
    endloop
  endfacet
  facet normal 0.997861 -0.0653782 0
    outer loop
      vertex 2.15 3.9 1
      vertex 2.1624 4.08926 -7.4
      vertex 2.1624 4.08926 1
    endloop
  endfacet
  facet normal 0.997861 -0.0653782 0
    outer loop
      vertex 2.1624 4.08926 -7.4
      vertex 2.15 3.9 1
      vertex 2.15 3.9 -7.4
    endloop
  endfacet
  facet normal -0.195072 -0.980789 0
    outer loop
      vertex 3.78926 5.33759 -7.4
      vertex 3.97529 5.30059 1
      vertex 3.78926 5.33759 1
    endloop
  endfacet
  facet normal -0.195072 -0.980789 -0
    outer loop
      vertex 3.97529 5.30059 1
      vertex 3.78926 5.33759 -7.4
      vertex 3.97529 5.30059 -7.4
    endloop
  endfacet
  facet normal 0.997861 0.0653782 0
    outer loop
      vertex 2.1624 3.71074 1
      vertex 2.15 3.9 -7.4
      vertex 2.15 3.9 1
    endloop
  endfacet
  facet normal 0.997861 0.0653782 0
    outer loop
      vertex 2.15 3.9 -7.4
      vertex 2.1624 3.71074 1
      vertex 2.1624 3.71074 -7.4
    endloop
  endfacet
  facet normal 0.94694 -0.321411 0
    outer loop
      vertex 2.19941 4.27529 1
      vertex 2.26037 4.45489 -7.4
      vertex 2.26037 4.45489 1
    endloop
  endfacet
  facet normal 0.94694 -0.321411 0
    outer loop
      vertex 2.26037 4.45489 -7.4
      vertex 2.19941 4.27529 1
      vertex 2.19941 4.27529 -7.4
    endloop
  endfacet
  facet normal 0.83145 -0.5556 0
    outer loop
      vertex 2.34426 4.625 1
      vertex 2.44964 4.7827 -7.4
      vertex 2.44964 4.7827 1
    endloop
  endfacet
  facet normal 0.83145 -0.5556 0
    outer loop
      vertex 2.44964 4.7827 -7.4
      vertex 2.34426 4.625 1
      vertex 2.34426 4.625 -7.4
    endloop
  endfacet
  facet normal -0.751832 -0.659355 0
    outer loop
      vertex 4.75036 4.7827 -7.4
      vertex 4.6253 4.9253 1
      vertex 4.6253 4.9253 -7.4
    endloop
  endfacet
  facet normal -0.751832 -0.659355 0
    outer loop
      vertex 4.6253 4.9253 1
      vertex 4.75036 4.7827 -7.4
      vertex 4.75036 4.7827 1
    endloop
  endfacet
  facet normal -0.946924 -0.321458 0
    outer loop
      vertex 5.00059 4.27529 -7.4
      vertex 4.93962 4.45489 1
      vertex 4.93962 4.45489 -7.4
    endloop
  endfacet
  facet normal -0.946924 -0.321458 0
    outer loop
      vertex 4.93962 4.45489 1
      vertex 5.00059 4.27529 -7.4
      vertex 5.00059 4.27529 1
    endloop
  endfacet
  facet normal 0.83145 0.5556 0
    outer loop
      vertex 2.44964 3.0173 1
      vertex 2.34426 3.175 -7.4
      vertex 2.34426 3.175 1
    endloop
  endfacet
  facet normal 0.83145 0.5556 0
    outer loop
      vertex 2.34426 3.175 -7.4
      vertex 2.44964 3.0173 1
      vertex 2.44964 3.0173 -7.4
    endloop
  endfacet
  facet normal 0.0653782 0.997861 -0
    outer loop
      vertex 3.6 2.45 -7.4
      vertex 3.41074 2.4624 1
      vertex 3.6 2.45 1
    endloop
  endfacet
  facet normal 0.0653782 0.997861 0
    outer loop
      vertex 3.41074 2.4624 1
      vertex 3.6 2.45 -7.4
      vertex 3.41074 2.4624 -7.4
    endloop
  endfacet
  facet normal 0.980779 -0.195122 0
    outer loop
      vertex 2.1624 4.08926 1
      vertex 2.19941 4.27529 -7.4
      vertex 2.19941 4.27529 1
    endloop
  endfacet
  facet normal 0.980779 -0.195122 0
    outer loop
      vertex 2.19941 4.27529 -7.4
      vertex 2.1624 4.08926 1
      vertex 2.1624 4.08926 -7.4
    endloop
  endfacet
  facet normal 0.321411 0.94694 -0
    outer loop
      vertex 3.22471 2.49941 -7.4
      vertex 3.04511 2.56037 1
      vertex 3.22471 2.49941 1
    endloop
  endfacet
  facet normal 0.321411 0.94694 0
    outer loop
      vertex 3.04511 2.56037 1
      vertex 3.22471 2.49941 -7.4
      vertex 3.04511 2.56037 -7.4
    endloop
  endfacet
  facet normal -0.896891 0.442251 0
    outer loop
      vertex 4.85574 3.175 -7.4
      vertex 4.93962 3.34511 1
      vertex 4.93962 3.34511 -7.4
    endloop
  endfacet
  facet normal -0.896891 0.442251 0
    outer loop
      vertex 4.93962 3.34511 1
      vertex 4.85574 3.175 -7.4
      vertex 4.85574 3.175 1
    endloop
  endfacet
  facet normal 0.442293 0.896871 -0
    outer loop
      vertex 3.04511 2.56037 -7.4
      vertex 2.875 2.64426 1
      vertex 3.04511 2.56037 1
    endloop
  endfacet
  facet normal 0.442293 0.896871 0
    outer loop
      vertex 2.875 2.64426 1
      vertex 3.04511 2.56037 -7.4
      vertex 2.875 2.64426 -7.4
    endloop
  endfacet
  facet normal 0.5556 0.83145 -0
    outer loop
      vertex 2.875 2.64426 -7.4
      vertex 2.7173 2.74964 1
      vertex 2.875 2.64426 1
    endloop
  endfacet
  facet normal 0.5556 0.83145 0
    outer loop
      vertex 2.7173 2.74964 1
      vertex 2.875 2.64426 -7.4
      vertex 2.7173 2.74964 -7.4
    endloop
  endfacet
  facet normal -0.555309 -0.831644 0
    outer loop
      vertex 40.925 28.1557 -7.4
      vertex 41.0827 28.0504 1
      vertex 40.925 28.1557 1
    endloop
  endfacet
  facet normal -0.555309 -0.831644 -0
    outer loop
      vertex 41.0827 28.0504 1
      vertex 40.925 28.1557 -7.4
      vertex 41.0827 28.0504 -7.4
    endloop
  endfacet
  facet normal -0.980783 -0.195102 0
    outer loop
      vertex 41.6376 27.0893 -7.4
      vertex 41.6006 27.2753 1
      vertex 41.6006 27.2753 -7.4
    endloop
  endfacet
  facet normal -0.980783 -0.195102 0
    outer loop
      vertex 41.6006 27.2753 1
      vertex 41.6376 27.0893 -7.4
      vertex 41.6376 27.0893 1
    endloop
  endfacet
  facet normal -0.997861 -0.0653644 0
    outer loop
      vertex 41.65 26.9 -7.4
      vertex 41.6376 27.0893 1
      vertex 41.6376 27.0893 -7.4
    endloop
  endfacet
  facet normal -0.997861 -0.0653644 0
    outer loop
      vertex 41.6376 27.0893 1
      vertex 41.65 26.9 -7.4
      vertex 41.65 26.9 1
    endloop
  endfacet
  facet normal -0.946876 -0.3216 0
    outer loop
      vertex 41.6006 27.2753 -7.4
      vertex 41.5396 27.4549 1
      vertex 41.5396 27.4549 -7.4
    endloop
  endfacet
  facet normal -0.946876 -0.3216 0
    outer loop
      vertex 41.5396 27.4549 1
      vertex 41.6006 27.2753 -7.4
      vertex 41.6006 27.2753 1
    endloop
  endfacet
  facet normal -0.946876 0.3216 0
    outer loop
      vertex 41.5396 26.3451 -7.4
      vertex 41.6006 26.5247 1
      vertex 41.6006 26.5247 -7.4
    endloop
  endfacet
  facet normal -0.946876 0.3216 0
    outer loop
      vertex 41.6006 26.5247 1
      vertex 41.5396 26.3451 -7.4
      vertex 41.5396 26.3451 1
    endloop
  endfacet
  facet normal 0.555309 0.831644 -0
    outer loop
      vertex 39.475 25.6443 -7.4
      vertex 39.3173 25.7496 1
      vertex 39.475 25.6443 1
    endloop
  endfacet
  facet normal 0.555309 0.831644 0
    outer loop
      vertex 39.3173 25.7496 1
      vertex 39.475 25.6443 -7.4
      vertex 39.3173 25.7496 -7.4
    endloop
  endfacet
  facet normal -0.896839 -0.442356 0
    outer loop
      vertex 41.5396 27.4549 -7.4
      vertex 41.4557 27.625 1
      vertex 41.4557 27.625 -7.4
    endloop
  endfacet
  facet normal -0.896839 -0.442356 0
    outer loop
      vertex 41.4557 27.625 1
      vertex 41.5396 27.4549 -7.4
      vertex 41.5396 27.4549 1
    endloop
  endfacet
  facet normal -0.442356 -0.896839 0
    outer loop
      vertex 40.7549 28.2396 -7.4
      vertex 40.925 28.1557 1
      vertex 40.7549 28.2396 1
    endloop
  endfacet
  facet normal -0.442356 -0.896839 -0
    outer loop
      vertex 40.925 28.1557 1
      vertex 40.7549 28.2396 -7.4
      vertex 40.925 28.1557 -7.4
    endloop
  endfacet
  facet normal -0.896839 0.442356 0
    outer loop
      vertex 41.4557 26.175 -7.4
      vertex 41.5396 26.3451 1
      vertex 41.5396 26.3451 -7.4
    endloop
  endfacet
  facet normal -0.896839 0.442356 0
    outer loop
      vertex 41.5396 26.3451 1
      vertex 41.4557 26.175 -7.4
      vertex 41.4557 26.175 1
    endloop
  endfacet
  facet normal 0.896839 -0.442356 0
    outer loop
      vertex 38.8604 27.4549 1
      vertex 38.9443 27.625 -7.4
      vertex 38.9443 27.625 1
    endloop
  endfacet
  facet normal 0.896839 -0.442356 0
    outer loop
      vertex 38.9443 27.625 -7.4
      vertex 38.8604 27.4549 1
      vertex 38.8604 27.4549 -7.4
    endloop
  endfacet
  facet normal -0.195102 0.980783 0
    outer loop
      vertex 40.5753 25.4994 -7.4
      vertex 40.3893 25.4624 1
      vertex 40.5753 25.4994 1
    endloop
  endfacet
  facet normal -0.195102 0.980783 0
    outer loop
      vertex 40.3893 25.4624 1
      vertex 40.5753 25.4994 -7.4
      vertex 40.3893 25.4624 -7.4
    endloop
  endfacet
  facet normal -0.3216 -0.946876 0
    outer loop
      vertex 40.5753 28.3006 -7.4
      vertex 40.7549 28.2396 1
      vertex 40.5753 28.3006 1
    endloop
  endfacet
  facet normal -0.3216 -0.946876 -0
    outer loop
      vertex 40.7549 28.2396 1
      vertex 40.5753 28.3006 -7.4
      vertex 40.7549 28.2396 -7.4
    endloop
  endfacet
  facet normal -0.195102 -0.980783 0
    outer loop
      vertex 40.3893 28.3376 -7.4
      vertex 40.5753 28.3006 1
      vertex 40.3893 28.3376 1
    endloop
  endfacet
  facet normal -0.195102 -0.980783 -0
    outer loop
      vertex 40.5753 28.3006 1
      vertex 40.3893 28.3376 -7.4
      vertex 40.5753 28.3006 -7.4
    endloop
  endfacet
  facet normal 0.555309 -0.831644 0
    outer loop
      vertex 39.3173 28.0504 -7.4
      vertex 39.475 28.1557 1
      vertex 39.3173 28.0504 1
    endloop
  endfacet
  facet normal 0.555309 -0.831644 0
    outer loop
      vertex 39.475 28.1557 1
      vertex 39.3173 28.0504 -7.4
      vertex 39.475 28.1557 -7.4
    endloop
  endfacet
  facet normal 0.980783 -0.195102 0
    outer loop
      vertex 38.7624 27.0893 1
      vertex 38.7994 27.2753 -7.4
      vertex 38.7994 27.2753 1
    endloop
  endfacet
  facet normal 0.980783 -0.195102 0
    outer loop
      vertex 38.7994 27.2753 -7.4
      vertex 38.7624 27.0893 1
      vertex 38.7624 27.0893 -7.4
    endloop
  endfacet
  facet normal 0.195102 0.980783 -0
    outer loop
      vertex 40.0107 25.4624 -7.4
      vertex 39.8247 25.4994 1
      vertex 40.0107 25.4624 1
    endloop
  endfacet
  facet normal 0.195102 0.980783 0
    outer loop
      vertex 39.8247 25.4994 1
      vertex 40.0107 25.4624 -7.4
      vertex 39.8247 25.4994 -7.4
    endloop
  endfacet
  facet normal 0.751727 0.659474 0
    outer loop
      vertex 39.1747 25.8747 1
      vertex 39.0496 26.0173 -7.4
      vertex 39.0496 26.0173 1
    endloop
  endfacet
  facet normal 0.751727 0.659474 0
    outer loop
      vertex 39.0496 26.0173 -7.4
      vertex 39.1747 25.8747 1
      vertex 39.1747 25.8747 -7.4
    endloop
  endfacet
  facet normal 0.946876 0.3216 0
    outer loop
      vertex 38.8604 26.3451 1
      vertex 38.7994 26.5247 -7.4
      vertex 38.7994 26.5247 1
    endloop
  endfacet
  facet normal 0.946876 0.3216 0
    outer loop
      vertex 38.7994 26.5247 -7.4
      vertex 38.8604 26.3451 1
      vertex 38.8604 26.3451 -7.4
    endloop
  endfacet
  facet normal 0.442356 -0.896839 0
    outer loop
      vertex 39.475 28.1557 -7.4
      vertex 39.6451 28.2396 1
      vertex 39.475 28.1557 1
    endloop
  endfacet
  facet normal 0.442356 -0.896839 0
    outer loop
      vertex 39.6451 28.2396 1
      vertex 39.475 28.1557 -7.4
      vertex 39.6451 28.2396 -7.4
    endloop
  endfacet
  facet normal 0.195102 -0.980783 0
    outer loop
      vertex 39.8247 28.3006 -7.4
      vertex 40.0107 28.3376 1
      vertex 39.8247 28.3006 1
    endloop
  endfacet
  facet normal 0.195102 -0.980783 0
    outer loop
      vertex 40.0107 28.3376 1
      vertex 39.8247 28.3006 -7.4
      vertex 40.0107 28.3376 -7.4
    endloop
  endfacet
  facet normal -0.659474 -0.751727 0
    outer loop
      vertex 41.0827 28.0504 -7.4
      vertex 41.2253 27.9253 1
      vertex 41.0827 28.0504 1
    endloop
  endfacet
  facet normal -0.659474 -0.751727 -0
    outer loop
      vertex 41.2253 27.9253 1
      vertex 41.0827 28.0504 -7.4
      vertex 41.2253 27.9253 -7.4
    endloop
  endfacet
  facet normal 0.3216 -0.946876 0
    outer loop
      vertex 39.6451 28.2396 -7.4
      vertex 39.8247 28.3006 1
      vertex 39.6451 28.2396 1
    endloop
  endfacet
  facet normal 0.3216 -0.946876 0
    outer loop
      vertex 39.8247 28.3006 1
      vertex 39.6451 28.2396 -7.4
      vertex 39.8247 28.3006 -7.4
    endloop
  endfacet
  facet normal 0.659474 -0.751727 0
    outer loop
      vertex 39.1747 27.9253 -7.4
      vertex 39.3173 28.0504 1
      vertex 39.1747 27.9253 1
    endloop
  endfacet
  facet normal 0.659474 -0.751727 0
    outer loop
      vertex 39.3173 28.0504 1
      vertex 39.1747 27.9253 -7.4
      vertex 39.3173 28.0504 -7.4
    endloop
  endfacet
  facet normal -0.751727 -0.659474 0
    outer loop
      vertex 41.3504 27.7827 -7.4
      vertex 41.2253 27.9253 1
      vertex 41.2253 27.9253 -7.4
    endloop
  endfacet
  facet normal -0.751727 -0.659474 0
    outer loop
      vertex 41.2253 27.9253 1
      vertex 41.3504 27.7827 -7.4
      vertex 41.3504 27.7827 1
    endloop
  endfacet
  facet normal 0.659474 0.751727 -0
    outer loop
      vertex 39.3173 25.7496 -7.4
      vertex 39.1747 25.8747 1
      vertex 39.3173 25.7496 1
    endloop
  endfacet
  facet normal 0.659474 0.751727 0
    outer loop
      vertex 39.1747 25.8747 1
      vertex 39.3173 25.7496 -7.4
      vertex 39.1747 25.8747 -7.4
    endloop
  endfacet
  facet normal 0.997861 0.0653644 0
    outer loop
      vertex 38.7624 26.7107 1
      vertex 38.75 26.9 -7.4
      vertex 38.75 26.9 1
    endloop
  endfacet
  facet normal 0.997861 0.0653644 0
    outer loop
      vertex 38.75 26.9 -7.4
      vertex 38.7624 26.7107 1
      vertex 38.7624 26.7107 -7.4
    endloop
  endfacet
  facet normal -0.0653644 -0.997861 0
    outer loop
      vertex 40.2 28.35 -7.4
      vertex 40.3893 28.3376 1
      vertex 40.2 28.35 1
    endloop
  endfacet
  facet normal -0.0653644 -0.997861 -0
    outer loop
      vertex 40.3893 28.3376 1
      vertex 40.2 28.35 -7.4
      vertex 40.3893 28.3376 -7.4
    endloop
  endfacet
  facet normal -0.980783 0.195102 0
    outer loop
      vertex 41.6006 26.5247 -7.4
      vertex 41.6376 26.7107 1
      vertex 41.6376 26.7107 -7.4
    endloop
  endfacet
  facet normal -0.980783 0.195102 0
    outer loop
      vertex 41.6376 26.7107 1
      vertex 41.6006 26.5247 -7.4
      vertex 41.6006 26.5247 1
    endloop
  endfacet
  facet normal 0.997861 -0.0653644 0
    outer loop
      vertex 38.75 26.9 1
      vertex 38.7624 27.0893 -7.4
      vertex 38.7624 27.0893 1
    endloop
  endfacet
  facet normal 0.997861 -0.0653644 0
    outer loop
      vertex 38.7624 27.0893 -7.4
      vertex 38.75 26.9 1
      vertex 38.75 26.9 -7.4
    endloop
  endfacet
  facet normal -0.751727 0.659474 0
    outer loop
      vertex 41.2253 25.8747 -7.4
      vertex 41.3504 26.0173 1
      vertex 41.3504 26.0173 -7.4
    endloop
  endfacet
  facet normal -0.751727 0.659474 0
    outer loop
      vertex 41.3504 26.0173 1
      vertex 41.2253 25.8747 -7.4
      vertex 41.2253 25.8747 1
    endloop
  endfacet
  facet normal 0.0653644 -0.997861 0
    outer loop
      vertex 40.0107 28.3376 -7.4
      vertex 40.2 28.35 1
      vertex 40.0107 28.3376 1
    endloop
  endfacet
  facet normal 0.0653644 -0.997861 0
    outer loop
      vertex 40.2 28.35 1
      vertex 40.0107 28.3376 -7.4
      vertex 40.2 28.35 -7.4
    endloop
  endfacet
  facet normal 0.831644 0.555309 0
    outer loop
      vertex 39.0496 26.0173 1
      vertex 38.9443 26.175 -7.4
      vertex 38.9443 26.175 1
    endloop
  endfacet
  facet normal 0.831644 0.555309 0
    outer loop
      vertex 38.9443 26.175 -7.4
      vertex 39.0496 26.0173 1
      vertex 39.0496 26.0173 -7.4
    endloop
  endfacet
  facet normal -0.555309 0.831644 0
    outer loop
      vertex 41.0827 25.7496 -7.4
      vertex 40.925 25.6443 1
      vertex 41.0827 25.7496 1
    endloop
  endfacet
  facet normal -0.555309 0.831644 0
    outer loop
      vertex 40.925 25.6443 1
      vertex 41.0827 25.7496 -7.4
      vertex 40.925 25.6443 -7.4
    endloop
  endfacet
  facet normal 0.980783 0.195102 0
    outer loop
      vertex 38.7994 26.5247 1
      vertex 38.7624 26.7107 -7.4
      vertex 38.7624 26.7107 1
    endloop
  endfacet
  facet normal 0.980783 0.195102 0
    outer loop
      vertex 38.7624 26.7107 -7.4
      vertex 38.7994 26.5247 1
      vertex 38.7994 26.5247 -7.4
    endloop
  endfacet
  facet normal -0.831644 -0.555309 0
    outer loop
      vertex 41.4557 27.625 -7.4
      vertex 41.3504 27.7827 1
      vertex 41.3504 27.7827 -7.4
    endloop
  endfacet
  facet normal -0.831644 -0.555309 0
    outer loop
      vertex 41.3504 27.7827 1
      vertex 41.4557 27.625 -7.4
      vertex 41.4557 27.625 1
    endloop
  endfacet
  facet normal 0.3216 0.946876 -0
    outer loop
      vertex 39.8247 25.4994 -7.4
      vertex 39.6451 25.5604 1
      vertex 39.8247 25.4994 1
    endloop
  endfacet
  facet normal 0.3216 0.946876 0
    outer loop
      vertex 39.6451 25.5604 1
      vertex 39.8247 25.4994 -7.4
      vertex 39.6451 25.5604 -7.4
    endloop
  endfacet
  facet normal 0.946876 -0.3216 0
    outer loop
      vertex 38.7994 27.2753 1
      vertex 38.8604 27.4549 -7.4
      vertex 38.8604 27.4549 1
    endloop
  endfacet
  facet normal 0.946876 -0.3216 0
    outer loop
      vertex 38.8604 27.4549 -7.4
      vertex 38.7994 27.2753 1
      vertex 38.7994 27.2753 -7.4
    endloop
  endfacet
  facet normal -0.997861 0.0653644 0
    outer loop
      vertex 41.6376 26.7107 -7.4
      vertex 41.65 26.9 1
      vertex 41.65 26.9 -7.4
    endloop
  endfacet
  facet normal -0.997861 0.0653644 0
    outer loop
      vertex 41.65 26.9 1
      vertex 41.6376 26.7107 -7.4
      vertex 41.6376 26.7107 1
    endloop
  endfacet
  facet normal -0.831644 0.555309 0
    outer loop
      vertex 41.3504 26.0173 -7.4
      vertex 41.4557 26.175 1
      vertex 41.4557 26.175 -7.4
    endloop
  endfacet
  facet normal -0.831644 0.555309 0
    outer loop
      vertex 41.4557 26.175 1
      vertex 41.3504 26.0173 -7.4
      vertex 41.3504 26.0173 1
    endloop
  endfacet
  facet normal -0.659474 0.751727 0
    outer loop
      vertex 41.2253 25.8747 -7.4
      vertex 41.0827 25.7496 1
      vertex 41.2253 25.8747 1
    endloop
  endfacet
  facet normal -0.659474 0.751727 0
    outer loop
      vertex 41.0827 25.7496 1
      vertex 41.2253 25.8747 -7.4
      vertex 41.0827 25.7496 -7.4
    endloop
  endfacet
  facet normal 0.442356 0.896839 -0
    outer loop
      vertex 39.6451 25.5604 -7.4
      vertex 39.475 25.6443 1
      vertex 39.6451 25.5604 1
    endloop
  endfacet
  facet normal 0.442356 0.896839 0
    outer loop
      vertex 39.475 25.6443 1
      vertex 39.6451 25.5604 -7.4
      vertex 39.475 25.6443 -7.4
    endloop
  endfacet
  facet normal 0.831644 -0.555309 0
    outer loop
      vertex 38.9443 27.625 1
      vertex 39.0496 27.7827 -7.4
      vertex 39.0496 27.7827 1
    endloop
  endfacet
  facet normal 0.831644 -0.555309 0
    outer loop
      vertex 39.0496 27.7827 -7.4
      vertex 38.9443 27.625 1
      vertex 38.9443 27.625 -7.4
    endloop
  endfacet
  facet normal -0.442356 0.896839 0
    outer loop
      vertex 40.925 25.6443 -7.4
      vertex 40.7549 25.5604 1
      vertex 40.925 25.6443 1
    endloop
  endfacet
  facet normal -0.442356 0.896839 0
    outer loop
      vertex 40.7549 25.5604 1
      vertex 40.925 25.6443 -7.4
      vertex 40.7549 25.5604 -7.4
    endloop
  endfacet
  facet normal -0.3216 0.946876 0
    outer loop
      vertex 40.7549 25.5604 -7.4
      vertex 40.5753 25.4994 1
      vertex 40.7549 25.5604 1
    endloop
  endfacet
  facet normal -0.3216 0.946876 0
    outer loop
      vertex 40.5753 25.4994 1
      vertex 40.7549 25.5604 -7.4
      vertex 40.5753 25.4994 -7.4
    endloop
  endfacet
  facet normal 0.751727 -0.659474 0
    outer loop
      vertex 39.0496 27.7827 1
      vertex 39.1747 27.9253 -7.4
      vertex 39.1747 27.9253 1
    endloop
  endfacet
  facet normal 0.751727 -0.659474 0
    outer loop
      vertex 39.1747 27.9253 -7.4
      vertex 39.0496 27.7827 1
      vertex 39.0496 27.7827 -7.4
    endloop
  endfacet
  facet normal -0.0653644 0.997861 0
    outer loop
      vertex 40.3893 25.4624 -7.4
      vertex 40.2 25.45 1
      vertex 40.3893 25.4624 1
    endloop
  endfacet
  facet normal -0.0653644 0.997861 0
    outer loop
      vertex 40.2 25.45 1
      vertex 40.3893 25.4624 -7.4
      vertex 40.2 25.45 -7.4
    endloop
  endfacet
  facet normal 0.896839 0.442356 0
    outer loop
      vertex 38.9443 26.175 1
      vertex 38.8604 26.3451 -7.4
      vertex 38.8604 26.3451 1
    endloop
  endfacet
  facet normal 0.896839 0.442356 0
    outer loop
      vertex 38.8604 26.3451 -7.4
      vertex 38.9443 26.175 1
      vertex 38.9443 26.175 -7.4
    endloop
  endfacet
  facet normal 0.0653644 0.997861 -0
    outer loop
      vertex 40.2 25.45 -7.4
      vertex 40.0107 25.4624 1
      vertex 40.2 25.45 1
    endloop
  endfacet
  facet normal 0.0653644 0.997861 0
    outer loop
      vertex 40.0107 25.4624 1
      vertex 40.2 25.45 -7.4
      vertex 40.0107 25.4624 -7.4
    endloop
  endfacet
endsolid OpenSCAD_Model
